Booking_Status,Vehicle_Type,Booking_Value,day_of_week,hour
Success,Prime SUV,502,Friday,4
Canceled by Customer,Prime Sedan,134,Tuesday,17
Canceled by Customer,Bike,145,Sunday,5
Canceled by Customer,Bike,369,Wednesday,7
Success,Auto,417,Wednesday,19
Success,Prime SUV,604,Friday,21
Success,Auto,210,Thursday,22
Canceled by Driver,Prime Plus,366,Wednesday,4
Canceled by Customer,Prime SUV,624,Sunday,19
Canceled by Driver,Mini,277,Tuesday,3
Success,Mini,230,Sunday,18
Canceled by Driver,Mini,108,Wednesday,22
Canceled by Driver,Prime Sedan,589,Wednesday,7
Canceled by Driver,Prime Plus,2886,Monday,2
Driver Not Found,Bike,459,Monday,23
Success,Prime Plus,2035,Sunday,14
Canceled by Driver,Prime Sedan,852,Saturday,20
Canceled by Driver,eBike,1413,Monday,10
Driver Not Found,Bike,742,Friday,20
Success,eBike,432,Friday,18
Success,Mini,228,Tuesday,18
Canceled by Driver,eBike,209,Saturday,19
Success,Auto,1862,Tuesday,23
Canceled by Customer,Auto,378,Thursday,8
Success,Prime Sedan,414,Monday,0
Success,Auto,406,Monday,4
Success,Mini,389,Wednesday,16
Success,Prime Plus,104,Sunday,14
Driver Not Found,eBike,1413,Saturday,0
Success,eBike,391,Saturday,2
Canceled by Customer,Auto,948,Friday,18
Success,Auto,751,Friday,23
Canceled by Driver,Mini,517,Monday,9
Canceled by Customer,Prime SUV,333,Wednesday,2
Success,Mini,468,Saturday,9
Driver Not Found,Mini,2209,Saturday,22
Success,Bike,212,Sunday,0
Canceled by Customer,Auto,154,Sunday,6
Success,Mini,242,Thursday,0
Canceled by Driver,eBike,302,Monday,18
Success,Bike,418,Monday,16
Canceled by Customer,Auto,962,Friday,9
Driver Not Found,Mini,438,Sunday,11
Success,Prime Sedan,334,Saturday,8
Canceled by Driver,Auto,216,Friday,10
Success,Prime SUV,422,Friday,8
Success,Prime Plus,321,Monday,2
Driver Not Found,Prime SUV,205,Wednesday,4
Success,Auto,209,Tuesday,20
Success,Mini,129,Saturday,16
Canceled by Driver,Mini,226,Wednesday,21
Success,Prime SUV,2718,Saturday,16
Success,Prime Sedan,439,Friday,4
Success,eBike,1546,Monday,11
Success,Prime Plus,889,Wednesday,13
Success,Bike,365,Friday,6
Success,Mini,531,Sunday,2
Driver Not Found,Mini,435,Friday,12
Canceled by Customer,Auto,177,Tuesday,9
Success,eBike,468,Thursday,13
Success,eBike,193,Monday,17
Success,Auto,395,Saturday,14
Success,Prime SUV,478,Thursday,21
Success,Auto,441,Tuesday,4
Canceled by Driver,Prime Plus,1322,Monday,21
Success,Mini,327,Thursday,23
Driver Not Found,Auto,2095,Thursday,12
Success,Prime Sedan,572,Monday,13
Canceled by Driver,Auto,244,Thursday,14
Success,Bike,393,Wednesday,15
Success,Prime Plus,194,Wednesday,15
Success,Bike,262,Friday,12
Canceled by Driver,Auto,172,Thursday,13
Success,Auto,433,Sunday,8
Driver Not Found,Auto,197,Friday,2
Canceled by Customer,Mini,362,Tuesday,4
Canceled by Driver,Prime Sedan,165,Friday,9
Driver Not Found,Prime Plus,2886,Saturday,2
Canceled by Driver,Prime SUV,959,Saturday,0
Driver Not Found,Bike,175,Wednesday,2
Success,Mini,115,Tuesday,22
Success,Bike,308,Monday,3
Success,Prime Plus,370,Monday,22
Success,Prime Sedan,491,Monday,3
Success,Auto,207,Saturday,21
Canceled by Driver,Mini,1978,Monday,17
Canceled by Driver,Prime Plus,357,Wednesday,13
Success,Mini,123,Saturday,4
Success,Prime Plus,337,Tuesday,3
Canceled by Customer,Bike,163,Friday,16
Driver Not Found,Auto,329,Friday,6
Success,Prime SUV,319,Monday,17
Success,Auto,311,Wednesday,12
Canceled by Customer,Auto,144,Wednesday,11
Canceled by Driver,Bike,118,Friday,9
Success,Mini,1343,Wednesday,17
Success,Mini,154,Tuesday,8
Success,eBike,106,Sunday,15
Canceled by Driver,Prime Plus,135,Thursday,20
Success,Mini,1587,Sunday,11
Canceled by Driver,Prime Sedan,232,Thursday,19
Success,Prime Sedan,145,Saturday,11
Success,Mini,438,Friday,10
Canceled by Driver,Bike,137,Tuesday,1
Success,Prime Plus,275,Sunday,21
Canceled by Driver,Auto,307,Sunday,6
Success,Prime SUV,212,Friday,4
Success,Prime SUV,992,Monday,19
Canceled by Customer,Prime Plus,939,Friday,0
Success,Auto,506,Monday,5
Success,Prime Plus,2439,Saturday,8
Success,Auto,1097,Wednesday,15
Canceled by Customer,Prime Sedan,861,Wednesday,4
Success,Mini,2908,Monday,1
Canceled by Driver,Prime Sedan,302,Wednesday,16
Canceled by Customer,Auto,231,Sunday,15
Canceled by Customer,eBike,295,Saturday,8
Driver Not Found,Mini,251,Tuesday,23
Driver Not Found,eBike,941,Wednesday,21
Driver Not Found,Bike,1628,Wednesday,2
Success,Prime Plus,318,Sunday,15
Driver Not Found,Prime Plus,150,Sunday,10
Success,Auto,1555,Wednesday,2
Canceled by Driver,Bike,166,Wednesday,11
Success,Mini,442,Sunday,12
Driver Not Found,eBike,362,Friday,7
Success,eBike,323,Wednesday,12
Success,Prime SUV,244,Sunday,1
Success,Prime Plus,329,Saturday,8
Driver Not Found,Prime Sedan,973,Monday,12
Driver Not Found,Prime Sedan,457,Saturday,4
Canceled by Driver,Prime SUV,111,Thursday,4
Canceled by Driver,Bike,496,Thursday,2
Success,Prime Sedan,532,Saturday,4
Success,eBike,176,Thursday,8
Success,Bike,320,Thursday,6
Success,eBike,581,Monday,13
Success,Prime Sedan,2480,Thursday,6
Success,eBike,154,Thursday,7
Success,Bike,160,Monday,3
Success,Prime Sedan,961,Saturday,1
Success,Auto,315,Thursday,3
Success,Bike,253,Sunday,19
Canceled by Driver,eBike,702,Sunday,20
Success,Prime SUV,969,Thursday,14
Canceled by Driver,Auto,190,Saturday,5
Canceled by Driver,Mini,356,Wednesday,4
Success,Prime Sedan,316,Sunday,2
Success,Prime Sedan,2014,Saturday,12
Driver Not Found,eBike,182,Thursday,1
Success,Auto,546,Monday,12
Success,Prime Sedan,317,Saturday,8
Canceled by Driver,Prime Plus,293,Saturday,20
Canceled by Customer,Prime Plus,135,Monday,23
Success,Prime SUV,155,Tuesday,0
Success,Prime Sedan,277,Thursday,23
Success,Bike,155,Tuesday,21
Success,Bike,204,Monday,14
Success,Mini,346,Friday,4
Success,Auto,631,Tuesday,0
Canceled by Customer,Prime Sedan,1352,Wednesday,19
Success,Bike,398,Wednesday,10
Success,Prime SUV,279,Saturday,18
Success,Mini,255,Saturday,16
Success,Prime Plus,2339,Sunday,11
Driver Not Found,Auto,326,Monday,6
Canceled by Driver,Prime Plus,125,Thursday,16
Success,eBike,242,Wednesday,12
Driver Not Found,Prime Plus,354,Thursday,9
Driver Not Found,eBike,2374,Thursday,15
Success,Mini,174,Sunday,21
Canceled by Driver,Bike,404,Sunday,15
Success,Prime Sedan,351,Tuesday,16
Canceled by Driver,eBike,397,Wednesday,9
Canceled by Driver,Mini,161,Friday,17
Success,eBike,165,Friday,17
Canceled by Customer,Prime SUV,396,Wednesday,10
Canceled by Driver,eBike,232,Thursday,19
Canceled by Driver,Prime Plus,371,Wednesday,15
Success,Prime Sedan,895,Saturday,3
Success,Prime Plus,263,Thursday,14
Success,eBike,427,Saturday,6
Success,Mini,944,Saturday,13
Canceled by Customer,Auto,2174,Sunday,0
Driver Not Found,Mini,788,Monday,3
Canceled by Customer,Prime Sedan,367,Thursday,13
Success,Mini,695,Monday,0
Success,Mini,142,Tuesday,17
Success,Prime Sedan,259,Monday,15
Success,Auto,298,Monday,14
Canceled by Driver,Prime SUV,173,Friday,17
Canceled by Driver,Prime Plus,2878,Monday,3
Success,Mini,466,Friday,13
Success,Prime SUV,1760,Tuesday,6
Success,Prime Sedan,157,Saturday,20
Canceled by Customer,Prime SUV,214,Friday,19
Canceled by Customer,Bike,169,Saturday,22
Success,eBike,418,Wednesday,15
Canceled by Customer,Mini,752,Saturday,1
Canceled by Customer,Prime Plus,485,Wednesday,15
Canceled by Customer,Prime Sedan,196,Wednesday,12
Success,Prime Plus,339,Saturday,5
Canceled by Customer,Prime SUV,789,Tuesday,2
Success,Auto,357,Monday,9
Success,Prime SUV,283,Sunday,20
Driver Not Found,Prime Plus,895,Monday,0
Driver Not Found,Prime Plus,379,Saturday,4
Success,Prime SUV,277,Monday,8
Success,Auto,813,Saturday,20
Success,eBike,195,Saturday,22
Canceled by Driver,Prime Sedan,271,Saturday,15
Canceled by Customer,eBike,296,Thursday,20
Success,Prime Sedan,437,Monday,14
Success,Mini,129,Thursday,18
Success,Auto,399,Sunday,21
Success,Bike,490,Monday,0
Success,eBike,941,Thursday,10
Success,Auto,628,Thursday,14
Success,Bike,280,Tuesday,17
Canceled by Customer,Prime Plus,529,Thursday,14
Success,Auto,327,Tuesday,15
Success,Prime Plus,131,Thursday,6
Success,Prime Sedan,248,Monday,1
Canceled by Driver,Bike,444,Monday,17
Success,Mini,238,Friday,19
Success,Bike,924,Friday,11
Success,Prime Sedan,242,Tuesday,0
Success,Bike,196,Saturday,3
Success,Bike,585,Wednesday,8
Success,Bike,533,Saturday,17
Success,Auto,323,Sunday,17
Canceled by Driver,Auto,467,Thursday,12
Success,Mini,304,Monday,5
Success,Prime Sedan,306,Tuesday,19
Success,Bike,246,Sunday,6
Success,Prime SUV,227,Friday,13
Success,Prime Plus,129,Friday,11
Driver Not Found,Prime Plus,244,Friday,21
Success,Mini,260,Tuesday,6
Success,Mini,262,Saturday,2
Success,eBike,657,Sunday,4
Success,Auto,177,Thursday,17
Success,Bike,711,Monday,1
Success,Prime Sedan,141,Wednesday,16
Driver Not Found,Bike,514,Thursday,2
Canceled by Customer,eBike,372,Tuesday,21
Success,Prime Plus,846,Saturday,1
Success,Prime Sedan,214,Tuesday,3
Success,Mini,392,Sunday,21
Driver Not Found,Mini,512,Saturday,21
Success,Mini,1337,Friday,6
Driver Not Found,Prime Sedan,641,Tuesday,6
Success,eBike,191,Tuesday,14
Success,Mini,860,Friday,17
Success,Prime Sedan,474,Thursday,1
Canceled by Driver,Mini,317,Monday,6
Success,Prime SUV,549,Thursday,6
Canceled by Driver,Prime SUV,298,Saturday,0
Success,Bike,120,Tuesday,1
Driver Not Found,Auto,458,Sunday,10
Success,Prime SUV,329,Thursday,4
Success,Prime SUV,249,Monday,9
Canceled by Driver,Auto,113,Monday,17
Success,Auto,393,Friday,3
Canceled by Driver,Prime Plus,634,Sunday,15
Canceled by Driver,Prime SUV,145,Wednesday,23
Success,Prime Sedan,187,Wednesday,21
Success,Auto,879,Tuesday,23
Success,Auto,182,Monday,17
Canceled by Driver,Mini,2503,Thursday,16
Success,Mini,410,Tuesday,13
Success,Prime Plus,652,Monday,18
Canceled by Customer,Prime Sedan,206,Thursday,10
Success,Prime Sedan,492,Saturday,6
Success,Prime SUV,366,Sunday,1
Success,Auto,184,Wednesday,19
Success,Mini,147,Monday,10
Success,Mini,311,Sunday,10
Success,Prime Sedan,442,Wednesday,5
Success,Prime Plus,383,Saturday,3
Canceled by Customer,Mini,244,Tuesday,2
Success,Prime Plus,215,Monday,20
Canceled by Driver,Mini,442,Thursday,2
Success,Auto,483,Thursday,9
Success,Bike,494,Tuesday,23
Success,eBike,383,Monday,3
Canceled by Driver,Prime Plus,240,Friday,6
Success,Bike,343,Thursday,9
Canceled by Driver,Prime Plus,144,Tuesday,15
Canceled by Driver,Prime Sedan,486,Monday,13
Success,Mini,150,Tuesday,9
Success,Prime SUV,186,Friday,5
Canceled by Customer,Mini,812,Monday,6
Canceled by Driver,Prime Plus,481,Wednesday,7
Success,Prime Sedan,483,Sunday,18
Success,eBike,275,Friday,23
Canceled by Customer,Auto,467,Thursday,9
Success,Prime Sedan,337,Wednesday,4
Driver Not Found,Mini,188,Friday,10
Canceled by Customer,Prime Sedan,987,Saturday,23
Success,eBike,616,Saturday,22
Success,Bike,833,Monday,4
Canceled by Driver,Bike,470,Saturday,10
Canceled by Customer,Mini,233,Tuesday,4
Success,Prime Plus,1554,Wednesday,13
Canceled by Customer,Bike,150,Wednesday,14
Canceled by Driver,Prime Sedan,207,Sunday,8
Success,Bike,128,Wednesday,23
Success,eBike,310,Thursday,3
Success,eBike,193,Wednesday,17
Success,Prime SUV,193,Monday,7
Canceled by Driver,Prime Plus,470,Tuesday,16
Driver Not Found,Prime Sedan,331,Thursday,10
Success,Auto,105,Friday,17
Success,Prime Plus,226,Saturday,18
Canceled by Driver,eBike,476,Saturday,7
Success,Mini,138,Tuesday,1
Canceled by Driver,Auto,250,Thursday,22
Driver Not Found,Prime Plus,231,Thursday,16
Canceled by Driver,Prime Plus,859,Saturday,20
Driver Not Found,Auto,375,Tuesday,8
Driver Not Found,eBike,386,Monday,23
Success,Prime SUV,797,Tuesday,2
Driver Not Found,Prime Plus,142,Thursday,12
Canceled by Driver,Bike,428,Tuesday,18
Success,Prime Plus,827,Friday,16
Success,Prime Sedan,142,Saturday,23
Canceled by Driver,Prime Plus,360,Saturday,15
Success,Mini,325,Friday,22
Canceled by Driver,Prime SUV,289,Saturday,21
Success,Auto,344,Wednesday,20
Success,Auto,348,Friday,6
Success,eBike,865,Friday,3
Success,Mini,168,Monday,8
Driver Not Found,Auto,151,Wednesday,13
Canceled by Driver,Mini,199,Friday,7
Success,Bike,669,Tuesday,1
Success,eBike,342,Monday,16
Success,Prime Sedan,199,Saturday,2
Canceled by Driver,Auto,453,Saturday,22
Driver Not Found,Mini,149,Thursday,23
Canceled by Driver,Mini,276,Monday,13
Success,Auto,171,Wednesday,20
Success,Bike,176,Sunday,1
Driver Not Found,eBike,255,Friday,15
Success,Mini,480,Wednesday,4
Success,Prime SUV,1427,Sunday,13
Canceled by Driver,Prime SUV,382,Sunday,2
Canceled by Driver,Prime SUV,155,Thursday,5
Success,Auto,425,Friday,2
Success,Mini,250,Wednesday,11
Success,Auto,750,Saturday,22
Canceled by Customer,Prime Sedan,455,Tuesday,5
Success,eBike,830,Friday,16
Success,Prime SUV,405,Thursday,18
Success,Prime Sedan,962,Saturday,15
Driver Not Found,Prime SUV,486,Wednesday,10
Success,Prime Sedan,1566,Friday,0
Success,Mini,646,Sunday,4
Canceled by Driver,Mini,127,Tuesday,10
Success,Prime Plus,337,Tuesday,0
Success,Auto,142,Sunday,13
Success,Mini,357,Saturday,1
Success,Auto,951,Saturday,19
Success,Auto,449,Thursday,16
Success,Prime Plus,109,Tuesday,10
Canceled by Customer,eBike,216,Sunday,0
Driver Not Found,Prime Sedan,447,Friday,0
Canceled by Driver,Auto,615,Monday,7
Success,Auto,368,Tuesday,23
Success,Auto,311,Tuesday,3
Canceled by Customer,Prime Sedan,255,Thursday,6
Success,Auto,150,Tuesday,14
Success,Prime Plus,398,Wednesday,9
Success,Prime SUV,858,Wednesday,16
Success,Prime SUV,360,Saturday,0
Success,Bike,238,Saturday,4
Success,Prime Sedan,328,Saturday,18
Success,Prime Sedan,593,Wednesday,3
Canceled by Driver,Bike,226,Saturday,23
Success,Prime SUV,1961,Tuesday,19
Success,Mini,128,Tuesday,10
Success,Prime SUV,874,Monday,2
Success,Prime SUV,427,Tuesday,17
Success,eBike,376,Monday,3
Success,Prime SUV,362,Wednesday,20
Success,Auto,145,Tuesday,0
Success,eBike,2481,Sunday,2
Success,Bike,129,Sunday,6
Success,Bike,967,Monday,21
Success,Auto,355,Monday,15
Success,Prime Plus,385,Monday,1
Success,Mini,172,Tuesday,13
Success,Auto,250,Wednesday,1
Success,eBike,430,Saturday,4
Canceled by Driver,Prime Sedan,214,Sunday,22
Success,Prime Sedan,338,Thursday,15
Success,Bike,249,Saturday,3
Success,Bike,737,Sunday,10
Success,Prime Sedan,414,Sunday,20
Success,Bike,968,Friday,19
Success,Bike,887,Wednesday,14
Success,Prime SUV,255,Friday,4
Success,Auto,460,Friday,17
Success,eBike,362,Friday,1
Success,Mini,313,Monday,21
Canceled by Driver,Prime Sedan,101,Friday,5
Success,eBike,434,Sunday,18
Success,Prime Plus,2860,Wednesday,23
Driver Not Found,Prime Plus,246,Saturday,22
Canceled by Driver,Bike,608,Monday,10
Canceled by Customer,Bike,777,Sunday,21
Success,Prime Sedan,395,Tuesday,21
Driver Not Found,Prime Sedan,339,Wednesday,7
Success,Prime Plus,105,Monday,8
Success,eBike,192,Sunday,14
Success,Bike,188,Thursday,20
Success,eBike,372,Friday,20
Success,Prime Plus,270,Monday,11
Success,Prime Sedan,2428,Friday,21
Driver Not Found,eBike,767,Thursday,15
Success,Prime SUV,332,Monday,18
Canceled by Customer,Prime Sedan,2279,Wednesday,6
Canceled by Driver,Auto,1491,Sunday,9
Success,Prime Sedan,216,Monday,5
Success,Mini,272,Wednesday,2
Success,Prime SUV,131,Monday,9
Canceled by Driver,Mini,365,Tuesday,15
Success,eBike,305,Friday,4
Canceled by Driver,Auto,226,Thursday,17
Canceled by Driver,Mini,466,Thursday,10
Success,Prime Sedan,648,Thursday,20
Canceled by Driver,Auto,126,Wednesday,1
Success,eBike,475,Thursday,0
Success,Auto,240,Friday,16
Canceled by Driver,Prime Sedan,662,Friday,7
Success,eBike,254,Friday,9
Success,Prime Plus,356,Monday,14
Success,Prime SUV,227,Sunday,16
Canceled by Customer,Prime Sedan,2404,Sunday,6
Canceled by Customer,Auto,250,Wednesday,10
Canceled by Driver,Prime Plus,301,Wednesday,6
Canceled by Customer,Bike,304,Wednesday,0
Success,eBike,1868,Wednesday,0
Success,eBike,232,Wednesday,14
Driver Not Found,Auto,318,Tuesday,1
Success,Auto,436,Saturday,12
Success,Prime Plus,613,Sunday,3
Success,Auto,2604,Monday,7
Success,Auto,814,Friday,8
Success,eBike,309,Saturday,1
Canceled by Driver,Prime Sedan,230,Wednesday,2
Success,Bike,251,Sunday,2
Success,Prime Sedan,387,Sunday,11
Success,Auto,160,Tuesday,15
Success,Auto,512,Wednesday,14
Canceled by Customer,Prime Plus,791,Monday,18
Success,Mini,256,Monday,12
Success,eBike,852,Monday,4
Driver Not Found,eBike,255,Friday,14
Canceled by Customer,Bike,103,Monday,19
Success,Prime Sedan,108,Thursday,12
Success,Prime Sedan,306,Thursday,1
Canceled by Customer,Prime SUV,459,Thursday,0
Driver Not Found,Prime Sedan,2615,Tuesday,3
Success,Bike,356,Saturday,10
Canceled by Customer,eBike,517,Saturday,2
Success,Prime Sedan,908,Tuesday,17
Success,Mini,327,Sunday,22
Success,Mini,298,Friday,0
Driver Not Found,Prime Plus,2773,Wednesday,22
Success,Mini,1656,Wednesday,1
Canceled by Customer,eBike,207,Thursday,1
Success,eBike,437,Tuesday,5
Canceled by Driver,Prime Plus,1018,Friday,22
Success,Prime Plus,495,Thursday,9
Canceled by Driver,Prime SUV,347,Tuesday,19
Success,Prime Plus,1948,Friday,20
Success,Auto,869,Wednesday,8
Success,Prime Plus,768,Tuesday,0
Success,Auto,451,Wednesday,18
Canceled by Driver,Mini,254,Sunday,14
Success,eBike,792,Thursday,19
Canceled by Customer,Bike,304,Friday,0
Success,Bike,429,Wednesday,3
Success,Bike,174,Wednesday,15
Success,Prime Sedan,167,Saturday,23
Success,Mini,189,Monday,22
Driver Not Found,Prime Sedan,249,Wednesday,17
Canceled by Customer,Prime SUV,429,Saturday,10
Canceled by Customer,Prime Sedan,426,Thursday,21
Success,Prime Plus,405,Monday,16
Success,Prime SUV,386,Tuesday,11
Success,Prime SUV,460,Tuesday,12
Success,Bike,485,Tuesday,4
Success,Prime Sedan,1136,Saturday,14
Success,Prime Sedan,2780,Monday,11
Success,Prime Plus,303,Friday,13
Success,Prime Sedan,594,Friday,9
Success,Bike,120,Wednesday,4
Canceled by Customer,eBike,688,Monday,17
Driver Not Found,Prime Plus,418,Monday,15
Success,Prime Sedan,130,Wednesday,21
Driver Not Found,eBike,879,Friday,12
Driver Not Found,Mini,174,Wednesday,2
Success,Bike,478,Monday,6
Driver Not Found,eBike,129,Tuesday,4
Canceled by Driver,Auto,262,Saturday,5
Success,Prime Plus,267,Saturday,14
Canceled by Driver,eBike,365,Tuesday,2
Canceled by Customer,Auto,367,Friday,10
Success,Prime Plus,114,Wednesday,17
Success,Mini,351,Monday,2
Canceled by Driver,Prime SUV,182,Sunday,12
Canceled by Driver,Prime SUV,423,Saturday,17
Success,Bike,180,Friday,21
Success,Mini,235,Wednesday,21
Success,Bike,198,Tuesday,5
Success,Mini,442,Wednesday,23
Success,Prime Sedan,211,Thursday,12
Success,Prime SUV,147,Tuesday,7
Driver Not Found,Bike,953,Wednesday,11
Success,Bike,261,Wednesday,13
Success,Bike,141,Sunday,9
Success,Auto,559,Monday,3
Success,Prime SUV,533,Monday,20
Success,Prime Sedan,248,Monday,10
Success,Prime SUV,150,Tuesday,17
Success,Prime SUV,444,Monday,17
Canceled by Driver,Auto,244,Tuesday,12
Success,Bike,849,Sunday,16
Success,Bike,2858,Monday,6
Driver Not Found,Auto,307,Monday,21
Canceled by Customer,Bike,500,Thursday,17
Success,Auto,210,Saturday,4
Canceled by Driver,Auto,128,Tuesday,13
Canceled by Customer,Prime Plus,334,Wednesday,11
Success,Mini,2285,Monday,10
Canceled by Customer,eBike,170,Tuesday,10
Success,eBike,286,Wednesday,18
Canceled by Driver,Prime Sedan,496,Wednesday,13
Canceled by Customer,Mini,869,Wednesday,10
Success,eBike,649,Tuesday,17
Success,Prime Sedan,272,Sunday,4
Success,Bike,186,Friday,12
Canceled by Driver,Prime SUV,528,Saturday,14
Success,Auto,283,Monday,23
Success,Bike,946,Tuesday,12
Success,Prime SUV,271,Thursday,17
Driver Not Found,Bike,1848,Thursday,18
Success,Mini,1304,Sunday,15
Success,Prime SUV,387,Saturday,0
Success,Bike,1137,Tuesday,13
Success,Prime Plus,240,Sunday,12
Success,Auto,351,Thursday,11
Canceled by Driver,Prime Plus,698,Thursday,21
Success,Bike,847,Sunday,15
Success,eBike,186,Tuesday,19
Driver Not Found,Prime Plus,266,Wednesday,12
Success,Auto,219,Friday,16
Success,Prime SUV,2517,Wednesday,16
Success,Bike,167,Wednesday,19
Canceled by Driver,Auto,350,Monday,19
Success,Prime Plus,308,Sunday,21
Success,Bike,694,Wednesday,12
Canceled by Driver,eBike,393,Wednesday,8
Success,Prime Sedan,429,Thursday,9
Success,Prime SUV,277,Wednesday,20
Canceled by Customer,Mini,342,Thursday,2
Success,Bike,764,Sunday,11
Success,Prime Plus,424,Saturday,6
Canceled by Driver,Prime Sedan,409,Saturday,22
Success,Auto,223,Monday,23
Success,Prime Plus,151,Saturday,20
Success,Mini,318,Wednesday,1
Canceled by Driver,Auto,483,Thursday,9
Success,Prime Plus,245,Friday,15
Success,Bike,322,Saturday,15
Success,Prime SUV,307,Thursday,4
Success,Prime SUV,640,Friday,9
Canceled by Customer,Auto,729,Monday,19
Canceled by Customer,Bike,241,Thursday,21
Success,Bike,208,Thursday,15
Driver Not Found,Auto,448,Wednesday,19
Success,Prime Plus,391,Wednesday,19
Success,Prime Sedan,998,Thursday,9
Success,Prime Sedan,820,Thursday,14
Canceled by Driver,eBike,614,Wednesday,9
Canceled by Driver,Prime Sedan,313,Thursday,15
Success,Bike,361,Friday,20
Success,Prime Sedan,365,Wednesday,18
Success,Mini,453,Friday,9
Success,eBike,374,Sunday,2
Success,Prime Plus,402,Wednesday,10
Success,Prime Plus,421,Monday,21
Success,Prime Plus,191,Monday,23
Success,Bike,447,Monday,14
Canceled by Driver,Prime SUV,594,Sunday,20
Success,Bike,900,Friday,19
Success,Bike,419,Thursday,13
Success,Prime Plus,367,Sunday,6
Success,Auto,464,Saturday,5
Success,Prime Sedan,124,Wednesday,18
Canceled by Driver,Prime Sedan,717,Monday,22
Canceled by Customer,Prime Plus,328,Monday,12
Canceled by Customer,Bike,148,Monday,1
Canceled by Driver,Prime Plus,318,Tuesday,0
Success,Prime Sedan,2568,Wednesday,22
Success,Auto,480,Tuesday,14
Success,Mini,2073,Wednesday,1
Canceled by Driver,Prime SUV,799,Saturday,6
Success,Prime Sedan,216,Thursday,22
Canceled by Driver,Prime Sedan,1237,Thursday,10
Success,Prime Plus,2208,Wednesday,8
Success,Bike,406,Wednesday,5
Success,Mini,710,Tuesday,3
Driver Not Found,Prime SUV,647,Tuesday,10
Canceled by Driver,Prime Plus,149,Monday,11
Success,Auto,228,Saturday,10
Success,Prime SUV,139,Wednesday,5
Success,Prime Plus,293,Saturday,1
Success,Auto,401,Thursday,2
Canceled by Driver,Prime Sedan,298,Saturday,8
Success,Prime Plus,183,Monday,18
Success,Auto,179,Thursday,4
Success,Prime Sedan,411,Tuesday,1
Success,Prime Sedan,1653,Wednesday,12
Canceled by Driver,Auto,691,Saturday,21
Success,Mini,555,Thursday,6
Success,Bike,796,Tuesday,17
Canceled by Driver,Prime SUV,191,Sunday,1
Success,Prime SUV,213,Monday,18
Success,Auto,1842,Monday,10
Canceled by Driver,Auto,301,Wednesday,4
Success,Prime Plus,526,Saturday,4
Canceled by Customer,Bike,618,Saturday,15
Success,Mini,724,Wednesday,6
Success,eBike,2129,Wednesday,20
Canceled by Customer,Prime SUV,429,Friday,11
Success,Mini,643,Monday,16
Success,Mini,2451,Sunday,11
Canceled by Driver,Prime Sedan,763,Wednesday,8
Canceled by Driver,Prime SUV,2997,Saturday,19
Canceled by Driver,eBike,214,Monday,18
Success,Mini,653,Tuesday,20
Canceled by Customer,Auto,168,Thursday,23
Success,Auto,801,Friday,13
Canceled by Customer,eBike,127,Monday,13
Success,Prime Sedan,503,Tuesday,7
Success,Bike,492,Friday,6
Success,Prime Sedan,219,Tuesday,3
Success,Prime Plus,145,Saturday,15
Success,eBike,605,Tuesday,22
Success,Bike,680,Sunday,0
Success,Mini,255,Thursday,6
Success,Bike,2277,Sunday,1
Success,Prime Sedan,379,Tuesday,3
Success,Prime SUV,110,Friday,3
Success,Auto,526,Saturday,1
Canceled by Customer,Prime Sedan,442,Thursday,4
Success,Bike,282,Thursday,21
Driver Not Found,Prime SUV,191,Friday,18
Canceled by Driver,eBike,634,Saturday,16
Success,Auto,184,Monday,1
Success,Prime Sedan,470,Tuesday,0
Success,Auto,559,Thursday,17
Success,Prime Plus,201,Wednesday,4
Success,Prime Sedan,433,Sunday,15
Driver Not Found,Prime Sedan,156,Thursday,0
Success,Auto,410,Wednesday,17
Canceled by Customer,Mini,351,Saturday,1
Driver Not Found,Bike,2906,Monday,7
Canceled by Driver,Prime Sedan,1755,Saturday,4
Success,Prime SUV,434,Tuesday,22
Canceled by Customer,eBike,109,Friday,3
Success,Bike,191,Saturday,12
Success,eBike,401,Wednesday,2
Canceled by Customer,Prime Sedan,356,Saturday,2
Success,Bike,453,Saturday,22
Success,Auto,954,Wednesday,18
Success,Prime Sedan,592,Thursday,12
Success,eBike,236,Sunday,21
Success,Auto,405,Saturday,9
Canceled by Driver,eBike,2466,Wednesday,13
Success,Mini,278,Tuesday,3
Driver Not Found,eBike,438,Monday,21
Canceled by Driver,Auto,128,Friday,23
Driver Not Found,Prime SUV,407,Sunday,2
Success,eBike,621,Wednesday,21
Canceled by Customer,Bike,521,Wednesday,23
Success,Prime Sedan,156,Saturday,19
Success,Mini,194,Tuesday,7
Success,Bike,288,Tuesday,21
Success,Auto,264,Saturday,4
Success,Prime SUV,389,Friday,22
Success,eBike,193,Sunday,23
Success,Mini,202,Saturday,15
Success,Prime Sedan,324,Wednesday,18
Success,Bike,518,Thursday,17
Success,Prime Plus,1884,Saturday,3
Driver Not Found,eBike,419,Monday,21
Canceled by Driver,Prime Plus,984,Wednesday,10
Success,Prime Plus,477,Monday,1
Canceled by Driver,Prime SUV,762,Monday,4
Success,Prime SUV,462,Friday,8
Success,Bike,120,Saturday,10
Success,Prime Sedan,455,Saturday,9
Success,Mini,957,Tuesday,15
Success,Bike,326,Friday,2
Success,eBike,204,Tuesday,6
Success,Bike,369,Friday,20
Success,Prime SUV,213,Tuesday,18
Driver Not Found,Auto,722,Saturday,18
Success,Prime Sedan,366,Wednesday,10
Success,Prime Plus,143,Sunday,16
Driver Not Found,eBike,109,Sunday,20
Canceled by Customer,eBike,287,Tuesday,12
Success,Auto,366,Wednesday,10
Canceled by Driver,Prime Plus,293,Thursday,23
Canceled by Driver,Bike,793,Monday,1
Success,Prime Plus,139,Thursday,20
Success,Bike,280,Tuesday,17
Success,Prime Sedan,320,Wednesday,14
Success,eBike,2230,Tuesday,20
Success,Bike,1298,Wednesday,21
Success,Prime Plus,151,Sunday,12
Success,Mini,134,Tuesday,8
Driver Not Found,Bike,312,Thursday,9
Success,Prime SUV,387,Wednesday,23
Canceled by Driver,Prime Sedan,179,Thursday,20
Success,Mini,291,Friday,21
Success,Prime SUV,482,Monday,6
Success,Prime Plus,960,Sunday,19
Success,Prime Plus,566,Friday,5
Canceled by Driver,Prime Plus,357,Monday,5
Canceled by Driver,Prime Plus,773,Monday,5
Success,Bike,159,Monday,12
Canceled by Customer,Bike,192,Tuesday,22
Success,Mini,761,Thursday,15
Driver Not Found,Mini,523,Thursday,15
Canceled by Driver,Bike,321,Wednesday,14
Success,Mini,222,Monday,9
Success,Bike,1582,Tuesday,21
Success,eBike,182,Thursday,19
Driver Not Found,eBike,300,Sunday,8
Driver Not Found,Bike,741,Wednesday,2
Canceled by Driver,Prime SUV,527,Monday,12
Success,eBike,1732,Tuesday,18
Driver Not Found,Prime SUV,436,Wednesday,10
Success,Auto,220,Tuesday,13
Success,Prime Plus,294,Wednesday,10
Success,Auto,141,Wednesday,6
Success,Prime Plus,661,Monday,0
Success,Mini,187,Monday,14
Canceled by Customer,Prime Sedan,223,Monday,2
Success,Prime Plus,1058,Wednesday,20
Success,Prime Plus,712,Saturday,19
Success,Auto,2851,Wednesday,17
Success,Prime Plus,994,Wednesday,1
Driver Not Found,Prime Sedan,290,Wednesday,5
Success,Prime Plus,644,Friday,3
Success,Prime Plus,164,Friday,19
Success,Auto,227,Thursday,18
Canceled by Customer,Prime SUV,500,Thursday,2
Driver Not Found,Mini,120,Thursday,1
Success,Prime Sedan,452,Tuesday,8
Success,eBike,373,Sunday,3
Success,Mini,957,Thursday,23
Success,Bike,800,Friday,4
Success,Prime Plus,1679,Saturday,6
Success,Auto,794,Saturday,2
Success,Prime SUV,265,Thursday,18
Success,Bike,2263,Saturday,0
Success,Prime Sedan,244,Saturday,14
Success,Prime Plus,953,Wednesday,3
Success,Auto,334,Sunday,17
Success,Prime Plus,906,Wednesday,23
Success,Auto,579,Wednesday,8
Success,Mini,459,Saturday,5
Canceled by Customer,Prime SUV,318,Friday,5
Success,eBike,173,Friday,21
Success,Prime SUV,486,Wednesday,19
Success,eBike,457,Saturday,8
Success,Bike,169,Wednesday,11
Canceled by Driver,Prime Plus,489,Monday,1
Success,Prime SUV,950,Saturday,2
Success,Mini,252,Sunday,19
Success,Prime SUV,218,Wednesday,8
Success,Prime SUV,440,Monday,12
Success,Mini,903,Thursday,19
Success,Prime Plus,446,Friday,9
Canceled by Driver,Prime SUV,1145,Friday,22
Success,eBike,225,Thursday,20
Canceled by Customer,eBike,356,Tuesday,7
Success,Bike,823,Tuesday,0
Success,Auto,307,Tuesday,9
Success,Auto,114,Wednesday,3
Success,Bike,385,Wednesday,1
Success,Auto,1040,Thursday,9
Canceled by Driver,Prime SUV,396,Wednesday,17
Success,Prime Plus,132,Saturday,9
Canceled by Driver,eBike,182,Sunday,0
Driver Not Found,eBike,368,Wednesday,16
Success,eBike,261,Wednesday,14
Success,Auto,331,Tuesday,7
Success,Prime SUV,341,Wednesday,1
Success,Prime Plus,384,Monday,9
Success,Prime SUV,568,Saturday,9
Driver Not Found,Bike,850,Monday,11
Success,Bike,805,Monday,15
Success,Mini,484,Monday,0
Success,Prime SUV,144,Wednesday,23
Success,Bike,444,Friday,21
Success,Prime SUV,102,Friday,5
Success,Prime Plus,992,Saturday,6
Canceled by Customer,Bike,491,Monday,13
Canceled by Driver,eBike,256,Monday,21
Driver Not Found,Prime Sedan,333,Wednesday,14
Success,Prime Plus,363,Saturday,17
Driver Not Found,Auto,113,Tuesday,22
Canceled by Driver,Prime SUV,173,Thursday,7
Canceled by Customer,Prime Sedan,967,Friday,16
Success,Prime SUV,1880,Friday,6
Canceled by Customer,Prime Plus,1378,Tuesday,3
Success,Mini,225,Saturday,17
Success,Prime Plus,368,Sunday,6
Success,Prime Sedan,297,Sunday,12
Canceled by Customer,Auto,858,Wednesday,5
Success,eBike,434,Wednesday,1
Success,Auto,284,Saturday,7
Success,eBike,155,Thursday,1
Success,Mini,272,Wednesday,12
Canceled by Customer,Prime SUV,636,Monday,12
Canceled by Customer,Bike,336,Monday,6
Success,Auto,304,Saturday,15
Success,Prime SUV,636,Sunday,5
Canceled by Customer,Prime Plus,469,Wednesday,21
Success,Auto,496,Friday,16
Success,Prime Sedan,1308,Tuesday,21
Success,Prime SUV,436,Monday,14
Success,Prime Plus,113,Wednesday,6
Success,Prime SUV,721,Friday,15
Canceled by Driver,Bike,136,Thursday,16
Success,Prime Plus,124,Saturday,6
Canceled by Driver,eBike,240,Sunday,12
Canceled by Customer,Prime SUV,213,Wednesday,23
Canceled by Driver,Mini,242,Wednesday,17
Success,Prime Plus,387,Wednesday,19
Success,Prime Sedan,245,Wednesday,23
Success,Auto,342,Thursday,6
Success,Auto,279,Sunday,23
Success,Mini,312,Tuesday,15
Success,Prime SUV,339,Wednesday,23
Canceled by Driver,Bike,198,Monday,21
Driver Not Found,Prime Plus,444,Wednesday,4
Success,eBike,822,Friday,8
Canceled by Driver,Bike,155,Monday,4
Success,Prime Plus,447,Tuesday,14
Success,eBike,805,Thursday,12
Canceled by Customer,Prime SUV,464,Wednesday,15
Success,Prime Plus,851,Tuesday,16
Canceled by Driver,Prime Plus,737,Sunday,16
Success,Prime SUV,227,Monday,10
Canceled by Driver,Bike,446,Thursday,1
Success,Bike,707,Saturday,20
Success,Prime SUV,294,Monday,2
Success,Auto,984,Friday,22
Canceled by Customer,Auto,409,Tuesday,16
Canceled by Customer,Prime Sedan,814,Friday,4
Success,Prime SUV,519,Sunday,18
Success,Auto,2977,Sunday,21
Success,Mini,2030,Friday,12
Success,Prime SUV,145,Thursday,19
Canceled by Customer,eBike,474,Tuesday,2
Success,Prime SUV,1344,Saturday,16
Canceled by Driver,Bike,215,Wednesday,15
Canceled by Driver,Bike,453,Saturday,9
Success,Prime Plus,2346,Saturday,18
Canceled by Customer,Auto,244,Saturday,21
Canceled by Driver,Auto,437,Tuesday,23
Canceled by Driver,Prime Plus,108,Saturday,4
Success,Prime SUV,111,Wednesday,9
Canceled by Driver,Prime Plus,226,Saturday,17
Canceled by Driver,Prime Sedan,323,Friday,21
Success,Prime Sedan,885,Wednesday,11
Canceled by Customer,Prime Plus,1733,Friday,6
Success,Bike,506,Wednesday,12
Canceled by Driver,Auto,473,Wednesday,23
Success,Bike,372,Friday,8
Success,Prime SUV,124,Monday,3
Success,Auto,113,Sunday,5
Success,Mini,947,Sunday,3
Success,Mini,294,Thursday,13
Canceled by Customer,Auto,164,Friday,17
Success,eBike,309,Thursday,16
Success,Prime Sedan,492,Sunday,6
Canceled by Driver,eBike,302,Wednesday,14
Canceled by Customer,Prime Plus,568,Friday,6
Success,eBike,209,Friday,14
Success,Prime SUV,118,Friday,20
Success,eBike,247,Sunday,5
Success,Auto,177,Saturday,17
Success,eBike,395,Monday,15
Success,Bike,679,Thursday,8
Canceled by Driver,Prime Plus,861,Tuesday,14
Success,Prime Plus,474,Tuesday,8
Success,Prime SUV,2506,Monday,22
Success,Prime SUV,571,Sunday,13
Success,Prime Plus,179,Friday,16
Success,Auto,840,Wednesday,12
Canceled by Customer,Prime SUV,523,Saturday,16
Success,Auto,370,Saturday,7
Success,Mini,352,Friday,14
Success,Prime Sedan,206,Sunday,11
Success,eBike,370,Friday,16
Canceled by Driver,eBike,404,Tuesday,23
Success,Prime Plus,449,Thursday,9
Success,Prime Sedan,226,Monday,2
Canceled by Driver,Prime SUV,284,Tuesday,16
Success,Prime Plus,831,Saturday,15
Success,Prime Plus,237,Thursday,2
Success,Prime SUV,214,Wednesday,2
Success,Auto,478,Sunday,5
Success,Prime Sedan,385,Sunday,14
Success,Mini,183,Wednesday,9
Canceled by Customer,Auto,2889,Monday,23
Success,Prime Sedan,165,Sunday,19
Success,Auto,786,Thursday,1
Success,Bike,256,Tuesday,10
Canceled by Driver,Prime SUV,357,Wednesday,11
Canceled by Driver,Auto,181,Monday,8
Success,eBike,453,Sunday,0
Driver Not Found,Mini,458,Monday,22
Success,Bike,144,Friday,22
Success,Mini,379,Sunday,6
Success,Auto,384,Friday,18
Success,eBike,319,Wednesday,21
Success,Prime Plus,165,Monday,15
Canceled by Driver,Prime Sedan,1649,Monday,0
Canceled by Driver,Mini,904,Thursday,9
Canceled by Driver,Auto,2019,Friday,15
Success,Prime Plus,125,Monday,0
Success,Prime Sedan,197,Sunday,13
Canceled by Driver,Mini,111,Tuesday,5
Driver Not Found,Prime Plus,569,Tuesday,2
Canceled by Driver,Auto,894,Sunday,21
Canceled by Customer,Mini,138,Wednesday,8
Success,Prime Sedan,342,Tuesday,13
Canceled by Customer,Prime Plus,260,Sunday,11
Success,Bike,231,Sunday,16
Canceled by Driver,Auto,2138,Saturday,17
Success,Auto,110,Saturday,7
Success,Bike,264,Monday,16
Canceled by Driver,Prime Sedan,476,Sunday,14
Canceled by Customer,eBike,367,Saturday,19
Success,eBike,223,Tuesday,5
Canceled by Driver,eBike,464,Thursday,5
Success,Bike,290,Thursday,15
Canceled by Driver,eBike,205,Tuesday,19
Success,Prime Plus,349,Wednesday,13
Success,Prime Plus,369,Friday,15
Success,Bike,154,Sunday,11
Canceled by Driver,Auto,414,Saturday,0
Success,Prime Plus,269,Friday,4
Success,eBike,981,Tuesday,16
Success,Prime SUV,431,Friday,16
Success,eBike,431,Tuesday,4
Success,Prime SUV,970,Tuesday,16
Success,Auto,124,Friday,0
Success,Prime Sedan,458,Friday,4
Success,Prime SUV,179,Friday,19
Canceled by Driver,Mini,792,Monday,14
Canceled by Customer,Mini,164,Saturday,20
Success,Prime Plus,176,Tuesday,5
Success,Mini,709,Tuesday,5
Success,Bike,318,Friday,6
Success,Mini,2263,Friday,5
Driver Not Found,Prime Plus,287,Tuesday,10
Success,Auto,467,Saturday,15
Success,Bike,355,Tuesday,6
Success,Auto,413,Thursday,23
Success,Prime Plus,290,Saturday,6
Success,Bike,388,Monday,10
Success,Prime Sedan,772,Saturday,18
Success,Mini,166,Monday,4
Canceled by Driver,eBike,162,Thursday,16
Success,Mini,266,Monday,18
Success,Mini,304,Thursday,0
Canceled by Driver,Mini,628,Monday,10
Success,Prime Plus,916,Friday,17
Success,Mini,367,Tuesday,3
Success,Auto,2630,Monday,20
Success,Mini,969,Friday,23
Success,Mini,187,Wednesday,12
Canceled by Driver,Mini,1640,Monday,20
Success,Prime Sedan,996,Sunday,5
Success,Bike,345,Wednesday,0
Canceled by Driver,Prime SUV,208,Thursday,7
Canceled by Driver,eBike,737,Sunday,4
Success,eBike,824,Wednesday,2
Canceled by Driver,eBike,2298,Thursday,4
Success,Auto,848,Sunday,16
Canceled by Driver,Prime Plus,382,Tuesday,15
Success,Bike,291,Saturday,19
Success,Prime SUV,311,Tuesday,11
Success,Bike,736,Tuesday,21
Success,Prime SUV,280,Thursday,8
Success,eBike,296,Saturday,1
Canceled by Customer,Prime Plus,418,Sunday,17
Success,Prime Plus,539,Friday,4
Success,Bike,578,Thursday,13
Success,Prime SUV,846,Saturday,14
Success,Prime SUV,542,Sunday,12
Success,Auto,205,Wednesday,18
Canceled by Driver,Bike,156,Thursday,4
Canceled by Driver,Prime Plus,594,Thursday,16
Canceled by Customer,Auto,198,Wednesday,23
Success,Auto,131,Thursday,2
Success,eBike,504,Thursday,4
Success,Prime SUV,485,Sunday,22
Canceled by Driver,Prime Plus,278,Thursday,23
Canceled by Driver,Mini,615,Monday,5
Success,Auto,255,Thursday,0
Success,Bike,865,Tuesday,22
Success,Auto,316,Friday,18
Canceled by Customer,Prime Plus,390,Sunday,17
Success,Prime SUV,1843,Thursday,2
Success,eBike,167,Monday,1
Driver Not Found,Prime Sedan,165,Thursday,3
Canceled by Driver,Prime Sedan,713,Wednesday,22
Success,eBike,396,Tuesday,2
Success,Prime Sedan,260,Friday,21
Success,Prime Plus,451,Saturday,22
Canceled by Driver,Bike,2240,Sunday,1
Success,Prime SUV,321,Tuesday,19
Success,Mini,256,Wednesday,19
Success,Mini,201,Thursday,8
Driver Not Found,Prime SUV,431,Tuesday,11
Driver Not Found,Bike,143,Friday,8
Canceled by Customer,Prime Plus,136,Wednesday,10
Canceled by Customer,eBike,353,Saturday,4
Success,eBike,2849,Sunday,1
Driver Not Found,Prime Sedan,1706,Sunday,1
Success,Prime Plus,331,Wednesday,9
Canceled by Customer,Prime SUV,459,Sunday,0
Success,Prime Plus,121,Sunday,19
Success,Bike,144,Thursday,1
Success,Auto,947,Thursday,16
Success,Mini,2595,Tuesday,19
Success,Prime SUV,366,Thursday,7
Success,Prime SUV,606,Friday,10
Success,Prime Plus,452,Friday,8
Success,Prime SUV,179,Sunday,6
Success,Prime SUV,365,Monday,22
Success,Prime Plus,311,Sunday,19
Canceled by Driver,eBike,285,Tuesday,21
Canceled by Customer,Prime Plus,491,Tuesday,22
Driver Not Found,eBike,1156,Monday,17
Success,Prime Sedan,491,Friday,6
Success,Prime Sedan,362,Monday,9
Success,Prime SUV,343,Friday,3
Canceled by Driver,eBike,786,Saturday,20
Success,Prime Sedan,433,Monday,16
Success,Prime Sedan,300,Thursday,18
Success,Auto,322,Wednesday,0
Success,Auto,474,Saturday,23
Canceled by Driver,Bike,155,Monday,20
Canceled by Customer,Mini,179,Saturday,0
Driver Not Found,Prime Plus,165,Tuesday,21
Success,Prime Sedan,425,Thursday,18
Success,Prime Plus,240,Thursday,0
Canceled by Driver,eBike,534,Tuesday,12
Success,Mini,334,Tuesday,8
Driver Not Found,Mini,1770,Thursday,22
Success,eBike,230,Tuesday,7
Success,Bike,614,Wednesday,7
Success,Prime Plus,231,Monday,6
Success,Prime SUV,244,Tuesday,3
Success,Bike,276,Thursday,10
Success,eBike,953,Tuesday,7
Success,Auto,242,Thursday,1
Success,Bike,131,Tuesday,18
Success,Prime SUV,330,Thursday,16
Canceled by Driver,Prime Sedan,176,Sunday,9
Success,eBike,111,Tuesday,0
Success,Bike,368,Thursday,6
Canceled by Driver,Prime Plus,118,Monday,11
Canceled by Driver,Bike,431,Monday,4
Success,Prime Plus,225,Sunday,7
Success,Prime SUV,973,Friday,4
Canceled by Customer,Prime Plus,229,Sunday,1
Success,Bike,565,Wednesday,1
Success,Prime Plus,207,Sunday,5
Success,eBike,130,Saturday,16
Canceled by Driver,Prime Plus,627,Monday,7
Canceled by Driver,eBike,206,Wednesday,22
Success,eBike,339,Thursday,10
Success,Auto,109,Wednesday,20
Success,Prime Plus,442,Wednesday,10
Driver Not Found,eBike,455,Wednesday,8
Success,eBike,381,Friday,20
Canceled by Customer,Mini,380,Friday,1
Driver Not Found,Prime SUV,520,Sunday,23
Success,Prime SUV,159,Tuesday,0
Canceled by Driver,Auto,939,Sunday,4
Success,Auto,231,Friday,18
Driver Not Found,Mini,259,Friday,11
Success,Auto,252,Tuesday,19
Success,eBike,411,Sunday,13
Canceled by Driver,Auto,113,Thursday,20
Canceled by Driver,Prime SUV,1587,Wednesday,10
Success,eBike,484,Friday,0
Canceled by Driver,Bike,724,Tuesday,20
Canceled by Customer,eBike,936,Saturday,9
Success,Auto,163,Thursday,6
Canceled by Customer,eBike,131,Thursday,23
Canceled by Driver,Prime Sedan,197,Tuesday,15
Success,Mini,335,Tuesday,15
Canceled by Driver,Prime SUV,114,Monday,4
Driver Not Found,Prime SUV,612,Tuesday,18
Success,Mini,459,Wednesday,19
Canceled by Customer,Bike,2951,Thursday,23
Success,Auto,154,Saturday,12
Success,Prime SUV,950,Sunday,18
Driver Not Found,Auto,484,Monday,20
Success,Prime Sedan,230,Saturday,23
Canceled by Customer,Prime SUV,655,Monday,6
Success,Prime SUV,368,Monday,22
Success,Prime Sedan,194,Saturday,5
Success,Bike,133,Wednesday,18
Driver Not Found,Bike,714,Monday,12
Success,Prime Sedan,442,Wednesday,6
Success,Prime Plus,271,Friday,13
Success,Auto,246,Monday,15
Success,Prime Plus,406,Monday,6
Success,Prime Sedan,392,Wednesday,14
Success,Bike,353,Thursday,23
Success,Prime Sedan,259,Wednesday,11
Success,eBike,713,Tuesday,20
Success,Auto,2442,Friday,13
Canceled by Customer,Prime SUV,432,Monday,0
Success,Prime Plus,847,Thursday,16
Success,Mini,205,Saturday,5
Success,Auto,232,Sunday,4
Success,Auto,185,Thursday,17
Canceled by Driver,Bike,184,Tuesday,20
Success,Auto,337,Tuesday,15
Success,eBike,522,Monday,13
Success,Prime SUV,373,Saturday,10
Canceled by Driver,Bike,437,Monday,18
Success,eBike,426,Monday,14
Success,Prime Sedan,223,Tuesday,18
Canceled by Customer,Bike,283,Thursday,12
Canceled by Customer,Mini,217,Tuesday,18
Success,eBike,461,Friday,23
Canceled by Driver,eBike,120,Monday,0
Canceled by Driver,Prime SUV,430,Tuesday,4
Driver Not Found,eBike,231,Friday,4
Success,Prime Sedan,163,Monday,12
Canceled by Customer,Bike,1412,Monday,15
Canceled by Driver,eBike,246,Tuesday,12
Success,Prime SUV,469,Thursday,18
Driver Not Found,Prime Sedan,397,Monday,1
Success,eBike,614,Tuesday,2
Canceled by Driver,eBike,389,Tuesday,2
Success,Bike,253,Thursday,0
Success,Bike,424,Tuesday,1
Driver Not Found,Mini,372,Tuesday,2
Success,Prime Sedan,158,Saturday,19
Success,Prime Sedan,207,Saturday,23
Success,Prime SUV,270,Friday,2
Canceled by Driver,Auto,550,Monday,5
Success,Bike,947,Saturday,22
Success,Prime Sedan,446,Thursday,7
Driver Not Found,eBike,237,Thursday,11
Success,Prime Plus,159,Saturday,23
Canceled by Driver,Mini,150,Friday,4
Driver Not Found,eBike,832,Sunday,6
Success,Prime Plus,772,Thursday,0
Success,eBike,281,Sunday,23
Canceled by Customer,Bike,448,Tuesday,20
Success,Prime SUV,595,Tuesday,7
Canceled by Driver,Auto,478,Tuesday,20
Success,Mini,989,Wednesday,11
Canceled by Driver,Auto,464,Monday,22
Canceled by Customer,eBike,442,Tuesday,5
Success,Bike,236,Thursday,17
Success,Mini,415,Friday,2
Driver Not Found,Prime Sedan,247,Monday,1
Success,eBike,254,Friday,10
Success,eBike,179,Wednesday,11
Success,Prime SUV,284,Tuesday,11
Success,eBike,480,Friday,6
Success,Bike,415,Friday,0
Success,Auto,414,Tuesday,5
Canceled by Driver,eBike,207,Wednesday,0
Success,Bike,556,Friday,9
Success,Auto,773,Monday,5
Canceled by Customer,Prime Sedan,199,Monday,6
Success,Mini,642,Thursday,9
Success,Prime Sedan,926,Friday,15
Canceled by Driver,Bike,267,Friday,14
Success,Prime Sedan,2385,Monday,15
Success,eBike,105,Wednesday,21
Canceled by Driver,Bike,352,Friday,21
Success,Mini,481,Monday,6
Success,Bike,339,Tuesday,2
Success,Auto,879,Wednesday,12
Success,Prime Plus,622,Thursday,21
Success,Prime Plus,219,Tuesday,13
Success,Mini,493,Saturday,21
Success,Mini,615,Monday,9
Success,Prime Sedan,341,Saturday,7
Canceled by Customer,Prime SUV,145,Wednesday,23
Canceled by Customer,Prime Plus,389,Wednesday,7
Success,Mini,348,Friday,15
Success,Auto,659,Saturday,8
Success,Auto,181,Saturday,8
Driver Not Found,Prime Plus,125,Friday,7
Success,Mini,118,Wednesday,3
Success,Prime Plus,2820,Wednesday,16
Canceled by Driver,eBike,689,Wednesday,13
Driver Not Found,Bike,914,Sunday,22
Success,Auto,439,Monday,4
Success,Mini,247,Saturday,3
Success,Prime Sedan,2047,Wednesday,16
Canceled by Driver,Mini,145,Thursday,12
Canceled by Driver,Auto,123,Monday,3
Driver Not Found,Prime SUV,195,Tuesday,20
Success,Bike,380,Sunday,15
Success,eBike,501,Friday,18
Canceled by Driver,eBike,123,Friday,6
Driver Not Found,Prime Sedan,110,Wednesday,11
Success,Prime Plus,227,Monday,22
Success,Prime Sedan,352,Saturday,22
Driver Not Found,Bike,942,Monday,21
Driver Not Found,Prime Sedan,305,Thursday,20
Success,Mini,287,Saturday,19
Success,Prime Plus,228,Monday,12
Success,Prime Plus,426,Sunday,13
Canceled by Customer,Mini,396,Wednesday,7
Success,Auto,183,Saturday,19
Success,Prime Sedan,845,Friday,3
Canceled by Customer,Prime SUV,470,Thursday,1
Success,Prime Sedan,496,Tuesday,14
Canceled by Driver,Prime SUV,103,Friday,19
Success,Bike,785,Wednesday,0
Success,Prime SUV,159,Thursday,19
Success,eBike,363,Saturday,19
Success,Auto,461,Wednesday,17
Success,Auto,132,Friday,18
Success,eBike,472,Sunday,9
Canceled by Driver,Auto,130,Saturday,8
Success,eBike,417,Tuesday,14
Canceled by Driver,Auto,411,Thursday,9
Success,Prime Plus,685,Thursday,8
Success,Auto,519,Monday,16
Success,Bike,475,Saturday,11
Success,Mini,304,Thursday,23
Canceled by Driver,eBike,2203,Wednesday,13
Success,Bike,349,Wednesday,14
Success,eBike,296,Wednesday,14
Success,eBike,914,Tuesday,10
Success,Prime SUV,226,Wednesday,16
Success,Bike,1570,Sunday,13
Success,Prime Plus,530,Thursday,8
Success,Mini,382,Sunday,19
Canceled by Customer,Mini,469,Friday,7
Success,Auto,1487,Tuesday,4
Success,Prime Sedan,401,Friday,14
Success,Mini,274,Sunday,6
Driver Not Found,Prime Plus,299,Wednesday,15
Canceled by Customer,Auto,230,Saturday,8
Canceled by Driver,Prime SUV,408,Friday,1
Canceled by Driver,Prime Sedan,423,Tuesday,1
Success,eBike,264,Monday,21
Success,Prime Plus,474,Tuesday,18
Canceled by Customer,Prime Sedan,1472,Sunday,2
Success,Auto,212,Tuesday,21
Driver Not Found,Prime Plus,476,Monday,1
Success,Bike,374,Saturday,5
Success,Auto,440,Saturday,17
Canceled by Customer,eBike,488,Monday,8
Success,eBike,812,Thursday,3
Success,Prime SUV,261,Saturday,10
Driver Not Found,Mini,243,Tuesday,8
Success,Auto,227,Friday,4
Success,Prime Plus,331,Saturday,19
Canceled by Driver,Auto,467,Wednesday,14
Canceled by Driver,Auto,901,Wednesday,1
Driver Not Found,eBike,624,Wednesday,5
Success,Bike,429,Sunday,23
Success,Bike,581,Thursday,16
Success,eBike,784,Sunday,2
Canceled by Driver,Mini,339,Monday,8
Canceled by Driver,Mini,494,Sunday,21
Success,Bike,156,Wednesday,8
Success,Prime Plus,209,Saturday,5
Canceled by Customer,eBike,444,Monday,18
Canceled by Customer,Prime Plus,114,Thursday,12
Canceled by Driver,Mini,428,Wednesday,18
Canceled by Customer,Mini,290,Sunday,15
Success,Prime Plus,201,Saturday,21
Success,Auto,189,Sunday,4
Success,Bike,113,Saturday,14
Success,Prime SUV,212,Tuesday,3
Success,Auto,430,Sunday,21
Success,eBike,497,Monday,10
Success,Auto,944,Saturday,18
Canceled by Driver,Auto,778,Sunday,21
Success,eBike,494,Tuesday,10
Canceled by Customer,Prime SUV,252,Wednesday,7
Success,eBike,101,Saturday,6
Canceled by Driver,eBike,1443,Monday,13
Success,eBike,768,Monday,19
Success,Prime Plus,382,Friday,13
Success,eBike,421,Friday,18
Success,Bike,801,Monday,4
Success,Auto,369,Sunday,20
Canceled by Customer,Prime Plus,275,Tuesday,1
Canceled by Driver,Prime Sedan,285,Monday,13
Canceled by Customer,Bike,182,Monday,21
Success,eBike,139,Tuesday,0
Driver Not Found,Prime Plus,269,Tuesday,11
Success,Prime Plus,666,Saturday,16
Canceled by Customer,Prime SUV,230,Monday,0
Success,Bike,181,Tuesday,20
Success,Prime Plus,448,Thursday,14
Canceled by Driver,Prime Sedan,2210,Sunday,7
Success,Prime Sedan,473,Sunday,2
Success,Auto,446,Sunday,13
Success,Bike,171,Wednesday,2
Canceled by Customer,Prime Sedan,461,Monday,19
Canceled by Driver,eBike,123,Tuesday,15
Canceled by Driver,eBike,478,Friday,13
Driver Not Found,Prime Sedan,769,Tuesday,5
Success,Mini,155,Sunday,6
Canceled by Driver,Bike,122,Tuesday,17
Success,Prime Plus,308,Monday,10
Success,Auto,447,Saturday,13
Canceled by Driver,Prime SUV,456,Sunday,17
Success,Prime Sedan,960,Friday,18
Canceled by Driver,eBike,103,Tuesday,7
Success,Auto,144,Monday,6
Success,eBike,106,Sunday,14
Canceled by Customer,Auto,827,Monday,11
Success,Prime Sedan,143,Tuesday,6
Canceled by Customer,Mini,365,Monday,7
Canceled by Driver,Prime Sedan,1080,Monday,17
Success,Mini,383,Monday,10
Success,Auto,358,Monday,20
Success,Prime SUV,2695,Thursday,20
Success,Prime Plus,255,Friday,8
Canceled by Customer,Prime Sedan,262,Saturday,4
Success,Bike,734,Wednesday,7
Success,Prime Sedan,431,Friday,12
Canceled by Customer,Auto,127,Tuesday,12
Driver Not Found,Mini,143,Tuesday,4
Success,Auto,144,Tuesday,18
Driver Not Found,Auto,346,Thursday,0
Success,eBike,750,Sunday,1
Canceled by Driver,Mini,454,Friday,16
Success,Prime Plus,551,Tuesday,12
Canceled by Driver,Auto,415,Wednesday,21
Success,Prime Plus,1437,Friday,14
Success,eBike,474,Tuesday,4
Success,Prime Sedan,607,Monday,14
Success,eBike,849,Wednesday,22
Success,Bike,260,Thursday,16
Success,Bike,675,Monday,4
Success,Prime Sedan,145,Sunday,1
Canceled by Driver,Prime Sedan,588,Thursday,12
Success,Bike,227,Friday,2
Success,Prime Plus,313,Friday,13
Canceled by Customer,eBike,282,Saturday,14
Canceled by Customer,Prime SUV,414,Wednesday,6
Canceled by Driver,Bike,352,Wednesday,7
Canceled by Driver,Prime Sedan,217,Monday,9
Driver Not Found,Mini,157,Friday,18
Driver Not Found,Mini,311,Friday,12
Driver Not Found,Auto,909,Friday,5
Success,Prime SUV,736,Wednesday,1
Success,Bike,458,Friday,2
Driver Not Found,Mini,458,Thursday,2
Success,Prime SUV,221,Tuesday,6
Success,Auto,372,Tuesday,7
Success,Prime Plus,363,Friday,8
Success,Auto,401,Wednesday,15
Success,Prime Plus,180,Monday,10
Driver Not Found,Prime Plus,1047,Thursday,20
Driver Not Found,Prime Sedan,443,Wednesday,20
Driver Not Found,Bike,137,Monday,10
Success,Prime Plus,474,Thursday,0
Success,Mini,361,Wednesday,11
Success,Prime Plus,162,Monday,20
Canceled by Driver,Mini,323,Thursday,3
Success,Auto,923,Friday,16
Success,Prime SUV,288,Friday,22
Success,Auto,719,Saturday,12
Success,Prime Plus,392,Monday,20
Driver Not Found,Prime SUV,473,Friday,21
Canceled by Driver,Mini,356,Wednesday,15
Success,Prime Plus,338,Sunday,8
Canceled by Customer,Prime SUV,378,Friday,3
Success,eBike,863,Monday,18
Success,Prime Sedan,417,Tuesday,12
Success,eBike,457,Tuesday,6
Success,Prime Plus,591,Sunday,20
Canceled by Driver,Prime Sedan,353,Sunday,7
Driver Not Found,Mini,493,Thursday,21
Canceled by Driver,Prime Sedan,237,Saturday,18
Success,Mini,485,Friday,2
Success,Auto,380,Monday,15
Success,eBike,112,Thursday,6
Success,Prime Plus,116,Sunday,17
Driver Not Found,Auto,1461,Friday,2
Driver Not Found,Mini,782,Monday,15
Success,Prime Plus,754,Sunday,13
Driver Not Found,Prime Plus,520,Tuesday,0
Success,Prime Sedan,432,Tuesday,15
Canceled by Customer,Prime Sedan,834,Saturday,21
Success,Mini,717,Thursday,13
Success,Mini,303,Sunday,1
Canceled by Driver,Prime Sedan,1891,Saturday,16
Success,Auto,913,Saturday,9
Success,Mini,1803,Friday,23
Driver Not Found,Mini,294,Friday,1
Success,Auto,425,Saturday,21
Success,Prime SUV,256,Wednesday,21
Success,Mini,325,Monday,19
Canceled by Customer,eBike,299,Wednesday,5
Success,Prime Sedan,211,Wednesday,17
Driver Not Found,Prime Plus,309,Sunday,0
Success,Mini,474,Thursday,6
Success,Mini,230,Wednesday,22
Success,Auto,430,Thursday,16
Success,Prime Sedan,653,Saturday,12
Success,Prime SUV,967,Wednesday,15
Driver Not Found,Auto,564,Sunday,20
Success,Prime Plus,216,Wednesday,12
Success,Prime Plus,604,Sunday,10
Success,Bike,432,Wednesday,7
Driver Not Found,Auto,2857,Wednesday,21
Canceled by Driver,Prime Plus,788,Thursday,14
Success,Prime Plus,371,Wednesday,1
Canceled by Customer,Prime Plus,397,Thursday,14
Canceled by Driver,Prime Plus,423,Saturday,3
Success,Bike,315,Wednesday,5
Canceled by Customer,Prime Plus,135,Friday,3
Canceled by Driver,Prime Sedan,435,Sunday,7
Driver Not Found,Prime Sedan,201,Saturday,2
Canceled by Driver,Prime Sedan,131,Wednesday,9
Driver Not Found,Prime Sedan,480,Sunday,9
Success,Bike,182,Friday,5
Canceled by Customer,Auto,371,Monday,11
Success,Auto,134,Friday,21
Success,Prime SUV,397,Saturday,4
Success,Prime SUV,137,Sunday,16
Canceled by Driver,Prime Plus,413,Thursday,15
Success,Bike,103,Tuesday,3
Canceled by Customer,Bike,757,Friday,18
Success,Prime Sedan,234,Tuesday,5
Success,eBike,341,Thursday,21
Success,Mini,220,Wednesday,7
Driver Not Found,Bike,981,Monday,10
Driver Not Found,Mini,227,Wednesday,4
Success,Prime Plus,2630,Thursday,16
Canceled by Customer,Prime SUV,395,Tuesday,7
Success,Bike,2973,Sunday,18
Driver Not Found,Prime SUV,344,Monday,9
Success,eBike,497,Thursday,5
Success,Auto,614,Sunday,16
Success,Prime Plus,681,Friday,8
Success,Prime SUV,2009,Tuesday,15
Success,Auto,489,Wednesday,11
Canceled by Driver,Prime Plus,601,Saturday,21
Success,eBike,362,Saturday,10
Success,eBike,192,Sunday,3
Canceled by Driver,Prime Plus,417,Saturday,3
Success,Prime Sedan,341,Monday,15
Success,eBike,119,Monday,23
Success,Prime Plus,306,Monday,12
Canceled by Customer,Prime Sedan,259,Friday,0
Success,Auto,540,Sunday,4
Canceled by Customer,Prime Sedan,321,Monday,3
Success,eBike,571,Monday,15
Success,Prime SUV,464,Tuesday,11
Success,Auto,191,Wednesday,6
Driver Not Found,eBike,488,Wednesday,8
Canceled by Driver,Auto,673,Monday,19
Success,Bike,233,Tuesday,20
Canceled by Driver,Prime SUV,397,Monday,7
Canceled by Driver,Mini,417,Monday,13
Success,Prime SUV,120,Wednesday,15
Canceled by Customer,Bike,153,Saturday,15
Success,Prime SUV,209,Tuesday,11
Success,Bike,464,Saturday,19
Success,Prime SUV,407,Thursday,23
Success,Bike,533,Monday,9
Success,Bike,323,Saturday,9
Success,eBike,128,Wednesday,12
Success,eBike,346,Tuesday,21
Canceled by Driver,Bike,227,Sunday,18
Canceled by Customer,eBike,592,Friday,7
Canceled by Customer,Prime Sedan,267,Wednesday,12
Success,Bike,327,Friday,18
Success,Auto,976,Saturday,4
Success,Prime Sedan,167,Saturday,2
Success,Prime SUV,626,Tuesday,11
Success,Prime SUV,141,Monday,20
Canceled by Driver,eBike,408,Saturday,14
Success,Auto,442,Tuesday,7
Success,Prime Plus,386,Sunday,21
Success,Bike,2432,Monday,14
Success,Mini,967,Saturday,3
Canceled by Driver,Prime Plus,788,Friday,20
Canceled by Customer,Bike,974,Sunday,5
Canceled by Driver,Bike,924,Monday,23
Canceled by Customer,Bike,186,Sunday,21
Canceled by Customer,Auto,719,Friday,21
Success,Prime SUV,124,Friday,19
Driver Not Found,Bike,438,Saturday,3
Canceled by Customer,Mini,2244,Sunday,20
Success,eBike,558,Saturday,11
Success,Mini,628,Friday,10
Success,Prime Sedan,218,Tuesday,4
Success,Bike,231,Tuesday,7
Canceled by Driver,eBike,379,Tuesday,21
Success,Prime Sedan,335,Wednesday,16
Success,Prime SUV,379,Tuesday,7
Canceled by Driver,Prime Plus,427,Thursday,14
Success,Auto,497,Thursday,6
Canceled by Driver,Prime Plus,114,Wednesday,12
Canceled by Driver,Bike,190,Monday,22
Driver Not Found,eBike,283,Wednesday,6
Success,Mini,357,Monday,18
Success,Prime Sedan,140,Sunday,19
Success,Prime SUV,693,Monday,14
Success,Prime SUV,275,Saturday,14
Success,Prime Sedan,165,Tuesday,10
Canceled by Driver,eBike,663,Tuesday,3
Canceled by Customer,Bike,102,Thursday,16
Canceled by Driver,eBike,127,Friday,16
Success,eBike,352,Sunday,0
Success,Auto,223,Monday,14
Success,Prime SUV,321,Monday,8
Success,Mini,146,Tuesday,10
Driver Not Found,Auto,405,Tuesday,8
Canceled by Customer,Prime Plus,829,Tuesday,15
Success,Prime SUV,289,Saturday,5
Canceled by Customer,Prime SUV,347,Sunday,20
Success,Mini,341,Thursday,3
Driver Not Found,Mini,397,Wednesday,7
Canceled by Customer,eBike,251,Friday,15
Success,eBike,441,Friday,6
Success,Prime SUV,417,Monday,17
Success,Prime SUV,209,Thursday,16
Success,eBike,137,Thursday,22
Success,Auto,658,Wednesday,3
Success,Prime Sedan,1739,Wednesday,1
Canceled by Driver,eBike,127,Tuesday,2
Canceled by Driver,Prime Sedan,402,Wednesday,21
Driver Not Found,Mini,367,Thursday,0
Canceled by Customer,eBike,105,Wednesday,14
Success,Prime SUV,408,Friday,14
Success,Prime Sedan,326,Sunday,14
Canceled by Driver,eBike,172,Tuesday,19
Success,Prime SUV,250,Monday,4
Success,Mini,452,Saturday,12
Canceled by Driver,Mini,136,Tuesday,2
Success,Mini,516,Sunday,5
Success,Mini,317,Thursday,4
Canceled by Customer,Bike,294,Monday,12
Success,Prime SUV,792,Friday,20
Success,Bike,157,Tuesday,14
Driver Not Found,Auto,473,Tuesday,9
Success,eBike,482,Tuesday,16
Success,Prime Plus,430,Tuesday,11
Success,Mini,422,Thursday,8
Canceled by Driver,eBike,791,Wednesday,0
Canceled by Customer,Prime Sedan,328,Sunday,19
Success,Bike,296,Wednesday,21
Success,Prime Plus,264,Saturday,10
Success,Prime SUV,106,Friday,6
Canceled by Customer,Prime Sedan,265,Sunday,17
Success,Prime Plus,1427,Wednesday,19
Success,Prime Sedan,984,Friday,3
Success,eBike,104,Wednesday,6
Success,Prime SUV,269,Wednesday,9
Success,Prime Sedan,274,Friday,0
Success,eBike,1110,Tuesday,16
Canceled by Driver,Bike,782,Saturday,16
Success,eBike,2176,Thursday,6
Success,Auto,340,Tuesday,7
Success,eBike,591,Thursday,19
Canceled by Driver,Prime Plus,212,Monday,4
Success,Bike,458,Wednesday,10
Canceled by Driver,Mini,350,Sunday,10
Driver Not Found,eBike,327,Friday,6
Success,Prime SUV,593,Monday,19
Canceled by Driver,Auto,127,Sunday,9
Driver Not Found,Bike,256,Wednesday,14
Success,Mini,419,Monday,11
Canceled by Customer,Auto,2068,Sunday,11
Canceled by Driver,Bike,985,Saturday,9
Success,Mini,758,Friday,3
Success,Prime Sedan,392,Saturday,21
Success,Auto,659,Wednesday,8
Canceled by Customer,Mini,409,Wednesday,0
Success,Mini,343,Sunday,19
Success,Auto,212,Tuesday,8
Success,eBike,303,Wednesday,15
Success,Prime Plus,961,Saturday,13
Success,Auto,434,Monday,5
Canceled by Driver,Prime Sedan,159,Monday,7
Canceled by Customer,Mini,345,Tuesday,22
Success,Prime SUV,364,Wednesday,4
Canceled by Customer,Prime Plus,238,Monday,14
Canceled by Customer,Bike,411,Friday,6
Success,Prime Sedan,682,Sunday,7
Success,Bike,1388,Saturday,18
Canceled by Driver,Prime Sedan,2285,Tuesday,5
Canceled by Driver,Prime Sedan,278,Friday,19
Success,Auto,284,Friday,19
Success,eBike,764,Monday,0
Success,eBike,440,Wednesday,4
Driver Not Found,Bike,158,Monday,0
Success,Prime SUV,313,Tuesday,22
Canceled by Driver,Mini,437,Friday,22
Success,eBike,464,Friday,17
Driver Not Found,Bike,373,Saturday,13
Success,Mini,105,Monday,16
Success,Bike,338,Wednesday,17
Success,Prime Plus,483,Monday,20
Success,Prime Sedan,1880,Wednesday,23
Success,Bike,442,Thursday,13
Canceled by Driver,Bike,448,Sunday,10
Success,Auto,220,Saturday,20
Success,Auto,316,Saturday,21
Canceled by Driver,Auto,986,Friday,2
Canceled by Driver,Prime Sedan,743,Wednesday,22
Success,Prime Plus,845,Thursday,16
Success,Mini,527,Tuesday,16
Success,Prime Sedan,1759,Monday,15
Success,Prime SUV,328,Monday,16
Driver Not Found,eBike,479,Thursday,23
Success,Auto,1191,Wednesday,6
Success,Prime Sedan,635,Monday,20
Success,Bike,281,Sunday,6
Canceled by Customer,Prime Plus,583,Tuesday,22
Success,Bike,484,Tuesday,1
Success,Auto,491,Wednesday,2
Success,Prime Sedan,1133,Wednesday,11
Success,Mini,424,Thursday,0
Success,Prime Sedan,270,Sunday,19
Canceled by Driver,Prime Plus,218,Friday,2
Canceled by Driver,Prime Plus,171,Thursday,17
Success,Prime Plus,208,Tuesday,22
Canceled by Driver,eBike,148,Thursday,0
Success,eBike,494,Friday,12
Success,Prime SUV,266,Thursday,16
Success,Prime Plus,220,Thursday,18
Canceled by Customer,Bike,1653,Tuesday,12
Success,Prime Plus,544,Sunday,4
Driver Not Found,Prime SUV,1175,Sunday,12
Driver Not Found,Bike,397,Monday,20
Success,Bike,486,Sunday,5
Canceled by Driver,Auto,877,Thursday,14
Success,Prime Plus,308,Thursday,16
Success,Prime SUV,767,Monday,6
Success,Mini,458,Sunday,3
Success,eBike,396,Monday,8
Success,Prime Sedan,266,Sunday,11
Driver Not Found,Prime SUV,306,Sunday,0
Success,Prime Sedan,453,Friday,8
Success,Mini,2085,Thursday,13
Success,eBike,498,Thursday,17
Success,Mini,111,Friday,23
Driver Not Found,Prime Plus,598,Saturday,8
Canceled by Customer,eBike,136,Tuesday,12
Canceled by Driver,Prime Plus,647,Friday,0
Success,Mini,976,Saturday,7
Driver Not Found,Prime Sedan,337,Sunday,16
Canceled by Driver,Auto,281,Friday,14
Canceled by Driver,eBike,351,Friday,21
Success,Bike,496,Tuesday,17
Driver Not Found,Bike,389,Tuesday,20
Canceled by Driver,Bike,124,Monday,11
Success,Prime Sedan,435,Saturday,4
Success,Mini,216,Wednesday,7
Canceled by Driver,Mini,290,Monday,3
Success,Bike,610,Tuesday,3
Canceled by Driver,Prime SUV,898,Saturday,6
Success,eBike,352,Tuesday,6
Canceled by Customer,eBike,187,Sunday,17
Canceled by Driver,Prime Sedan,132,Monday,19
Success,Prime SUV,183,Monday,8
Success,Prime Sedan,463,Wednesday,10
Success,Mini,2339,Thursday,4
Success,Prime SUV,399,Friday,4
Success,Prime Plus,480,Monday,14
Driver Not Found,Prime Plus,1312,Monday,18
Success,eBike,638,Sunday,19
Success,Prime Plus,169,Monday,21
Driver Not Found,Auto,941,Saturday,10
Success,Auto,631,Friday,6
Success,Bike,206,Tuesday,12
Driver Not Found,eBike,655,Wednesday,23
Success,Prime SUV,360,Wednesday,22
Success,Auto,299,Sunday,13
Success,Prime Plus,294,Monday,16
Success,Bike,183,Sunday,18
Driver Not Found,Prime Sedan,234,Saturday,0
Canceled by Customer,Prime Sedan,264,Monday,19
Success,Bike,164,Wednesday,14
Canceled by Driver,Mini,856,Thursday,23
Success,Auto,428,Thursday,7
Success,Prime Sedan,145,Monday,13
Success,Prime Plus,868,Wednesday,10
Success,Prime Sedan,2159,Wednesday,3
Success,Bike,976,Thursday,14
Success,eBike,172,Wednesday,11
Success,eBike,374,Tuesday,23
Canceled by Driver,Prime SUV,180,Wednesday,4
Success,eBike,337,Sunday,6
Canceled by Customer,Mini,323,Wednesday,6
Success,Prime SUV,241,Thursday,23
Success,eBike,2372,Friday,2
Success,Prime Plus,252,Monday,4
Success,eBike,1637,Wednesday,10
Canceled by Driver,Bike,320,Friday,17
Success,Bike,692,Tuesday,17
Success,eBike,402,Monday,5
Success,Prime SUV,313,Thursday,2
Success,Prime Plus,113,Sunday,1
Success,eBike,450,Wednesday,9
Success,Prime Sedan,154,Monday,21
Driver Not Found,Mini,158,Sunday,20
Success,Prime SUV,161,Tuesday,15
Success,Prime Sedan,292,Monday,18
Success,Bike,377,Monday,8
Success,Prime SUV,359,Thursday,6
Success,Prime Plus,543,Monday,17
Canceled by Driver,Mini,473,Tuesday,16
Canceled by Driver,Prime SUV,799,Monday,21
Canceled by Driver,Bike,170,Wednesday,17
Canceled by Driver,Prime Sedan,2935,Wednesday,21
Driver Not Found,Bike,236,Monday,21
Driver Not Found,Prime Plus,530,Friday,16
Canceled by Driver,Prime SUV,819,Monday,19
Success,Auto,128,Thursday,5
Success,Prime Plus,213,Saturday,17
Canceled by Customer,Prime SUV,483,Monday,14
Success,Auto,426,Sunday,10
Canceled by Customer,Prime Plus,179,Thursday,1
Canceled by Customer,Bike,116,Thursday,3
Canceled by Customer,Mini,191,Monday,15
Driver Not Found,Bike,307,Friday,8
Canceled by Customer,eBike,320,Wednesday,9
Success,Prime Sedan,511,Monday,22
Canceled by Driver,Prime Sedan,584,Saturday,10
Driver Not Found,Prime Plus,963,Monday,2
Success,Bike,132,Wednesday,3
Success,Prime Sedan,363,Sunday,23
Canceled by Driver,Prime Sedan,279,Tuesday,21
Driver Not Found,Prime Sedan,130,Friday,7
Driver Not Found,Bike,122,Monday,19
Canceled by Customer,Auto,308,Thursday,21
Canceled by Driver,eBike,151,Wednesday,23
Success,Prime Plus,401,Monday,14
Canceled by Driver,Prime Plus,989,Saturday,19
Canceled by Driver,Auto,316,Wednesday,5
Success,Auto,824,Friday,9
Canceled by Driver,Mini,186,Monday,8
Success,Auto,104,Wednesday,18
Success,Auto,480,Friday,17
Success,eBike,236,Monday,4
Success,Auto,349,Monday,21
Success,Prime Sedan,487,Thursday,20
Success,Bike,367,Wednesday,3
Success,Prime Plus,412,Monday,17
Success,Prime SUV,250,Wednesday,17
Canceled by Customer,Bike,434,Friday,15
Canceled by Driver,Prime Sedan,485,Sunday,7
Canceled by Customer,Mini,442,Monday,17
Success,Bike,189,Monday,12
Success,eBike,953,Wednesday,7
Success,Bike,118,Sunday,12
Canceled by Customer,Prime SUV,191,Monday,5
Success,Prime Plus,2271,Saturday,1
Success,Prime Plus,104,Tuesday,0
Success,Bike,381,Monday,13
Success,Prime Plus,217,Sunday,3
Success,Mini,467,Saturday,22
Canceled by Customer,Bike,168,Tuesday,11
Success,Prime SUV,493,Friday,14
Success,Prime Sedan,249,Tuesday,9
Canceled by Driver,Auto,248,Thursday,11
Success,Auto,826,Monday,3
Driver Not Found,eBike,306,Saturday,22
Canceled by Driver,Bike,880,Tuesday,0
Canceled by Driver,Prime Plus,699,Tuesday,1
Canceled by Customer,Prime Plus,324,Tuesday,0
Success,Auto,436,Monday,18
Success,Mini,550,Monday,14
Canceled by Driver,Mini,223,Monday,15
Canceled by Customer,Bike,1133,Friday,19
Canceled by Driver,Auto,872,Friday,7
Success,Prime Plus,439,Monday,20
Success,Auto,277,Saturday,9
Success,Auto,127,Thursday,10
Success,Prime SUV,1467,Wednesday,21
Success,Prime Plus,902,Monday,5
Canceled by Driver,Mini,308,Thursday,0
Canceled by Driver,Mini,428,Tuesday,10
Canceled by Driver,Prime SUV,663,Monday,22
Success,Prime Sedan,152,Friday,9
Driver Not Found,Prime SUV,207,Friday,8
Success,Prime Sedan,421,Tuesday,1
Success,Bike,256,Monday,9
Canceled by Customer,Mini,446,Friday,0
Driver Not Found,Bike,399,Tuesday,19
Success,Prime Plus,461,Thursday,6
Canceled by Driver,Auto,326,Thursday,18
Success,Auto,625,Tuesday,9
Success,Prime Sedan,260,Friday,22
Success,eBike,396,Thursday,17
Success,Auto,386,Tuesday,13
Success,Prime Plus,981,Friday,9
Success,Prime Sedan,320,Sunday,12
Canceled by Driver,Bike,2068,Thursday,19
Success,Prime Plus,972,Wednesday,17
Canceled by Driver,Prime Sedan,2017,Wednesday,21
Success,Prime Sedan,296,Wednesday,20
Success,Mini,545,Thursday,11
Success,Prime SUV,315,Thursday,23
Success,Prime SUV,338,Sunday,0
Success,Prime SUV,938,Thursday,18
Canceled by Driver,eBike,119,Wednesday,0
Canceled by Driver,Mini,305,Friday,15
Canceled by Driver,Prime Sedan,991,Saturday,12
Driver Not Found,Prime Sedan,329,Saturday,9
Canceled by Customer,Prime SUV,468,Sunday,23
Success,eBike,340,Thursday,23
Canceled by Driver,Prime SUV,203,Tuesday,17
Canceled by Driver,Auto,439,Tuesday,23
Success,Bike,753,Thursday,17
Canceled by Customer,eBike,496,Thursday,16
Canceled by Driver,Prime Sedan,102,Friday,13
Success,Auto,328,Thursday,17
Canceled by Driver,Prime Plus,395,Tuesday,12
Success,Prime Plus,706,Sunday,18
Success,eBike,190,Tuesday,2
Success,Bike,508,Wednesday,15
Success,Bike,296,Saturday,6
Success,Auto,199,Monday,17
Success,Auto,396,Tuesday,2
Success,Bike,1888,Friday,8
Canceled by Driver,Bike,110,Monday,2
Success,Prime SUV,491,Sunday,1
Canceled by Driver,eBike,260,Tuesday,0
Canceled by Driver,Bike,316,Saturday,8
Success,Prime SUV,945,Monday,18
Canceled by Driver,Mini,481,Tuesday,15
Success,Mini,685,Monday,7
Success,Prime Sedan,420,Monday,8
Success,Mini,414,Sunday,16
Canceled by Customer,Auto,320,Friday,4
Driver Not Found,Prime Plus,880,Tuesday,1
Canceled by Driver,Mini,979,Thursday,7
Canceled by Customer,Prime SUV,368,Sunday,10
Success,Prime Sedan,1708,Wednesday,6
Success,Prime SUV,957,Thursday,10
Canceled by Driver,Prime Sedan,516,Friday,9
Success,Prime Plus,291,Monday,5
Canceled by Customer,Prime Plus,200,Friday,23
Success,Mini,118,Saturday,15
Canceled by Driver,Prime Sedan,117,Monday,11
Driver Not Found,Bike,579,Sunday,5
Success,eBike,416,Thursday,21
Canceled by Driver,eBike,146,Friday,19
Driver Not Found,Prime Sedan,798,Monday,21
Success,Prime Sedan,496,Thursday,6
Canceled by Driver,eBike,492,Sunday,20
Success,eBike,640,Tuesday,12
Success,Prime Sedan,368,Wednesday,6
Success,Auto,228,Friday,21
Success,Prime Sedan,252,Thursday,14
Canceled by Customer,Auto,496,Wednesday,15
Success,Auto,809,Friday,12
Success,Prime SUV,337,Tuesday,20
Success,Prime Plus,258,Monday,7
Canceled by Driver,Prime Sedan,376,Monday,15
Canceled by Customer,Prime Sedan,103,Wednesday,23
Canceled by Driver,Auto,619,Friday,0
Driver Not Found,Prime SUV,445,Tuesday,2
Success,Prime Plus,340,Saturday,14
Success,Auto,529,Wednesday,5
Success,Prime Plus,412,Wednesday,10
Success,Prime SUV,145,Monday,10
Success,eBike,808,Wednesday,17
Success,Mini,364,Friday,2
Success,Prime SUV,236,Monday,15
Canceled by Driver,Auto,312,Friday,20
Success,Prime Sedan,137,Monday,18
Success,Bike,462,Tuesday,1
Canceled by Driver,Mini,404,Thursday,19
Canceled by Driver,eBike,165,Thursday,13
Canceled by Driver,Bike,260,Tuesday,4
Driver Not Found,Prime SUV,251,Friday,10
Success,Prime SUV,227,Friday,18
Canceled by Customer,Prime Sedan,307,Monday,4
Canceled by Driver,Bike,220,Wednesday,13
Success,Mini,339,Saturday,8
Canceled by Customer,Bike,120,Monday,20
Success,Auto,266,Saturday,0
Success,Mini,293,Monday,14
Success,eBike,498,Friday,6
Canceled by Driver,eBike,357,Tuesday,23
Success,Prime Sedan,561,Wednesday,5
Success,Mini,246,Friday,21
Success,Bike,390,Wednesday,16
Success,Mini,141,Tuesday,17
Success,Prime Sedan,814,Thursday,8
Canceled by Driver,Bike,142,Saturday,20
Driver Not Found,Mini,348,Wednesday,8
Success,Auto,250,Wednesday,3
Driver Not Found,Bike,288,Saturday,15
Success,Prime Sedan,387,Tuesday,16
Success,Prime Plus,357,Friday,17
Success,Bike,143,Saturday,15
Success,eBike,185,Friday,17
Success,Prime SUV,2345,Monday,2
Success,Prime SUV,1932,Thursday,8
Success,Auto,494,Monday,1
Success,Mini,767,Monday,9
Canceled by Driver,Auto,212,Friday,16
Canceled by Customer,Prime SUV,372,Tuesday,16
Success,Prime Sedan,147,Tuesday,12
Success,Auto,159,Friday,4
Canceled by Driver,Bike,183,Thursday,4
Canceled by Customer,Auto,220,Saturday,11
Driver Not Found,eBike,187,Sunday,9
Success,Bike,238,Friday,14
Canceled by Customer,Prime Plus,137,Wednesday,2
Success,Auto,201,Wednesday,6
Success,Mini,2685,Thursday,17
Canceled by Customer,Prime SUV,456,Sunday,10
Success,Bike,172,Monday,11
Success,Prime Plus,348,Friday,5
Driver Not Found,Prime Plus,453,Sunday,9
Success,Bike,2494,Sunday,21
Canceled by Driver,Mini,337,Saturday,10
Success,Auto,490,Thursday,23
Success,Auto,165,Friday,19
Success,Prime SUV,607,Friday,5
Success,Prime Plus,422,Sunday,18
Success,eBike,392,Saturday,14
Success,Bike,356,Wednesday,9
Success,Auto,221,Sunday,8
Success,Prime Sedan,686,Thursday,0
Success,Prime Plus,176,Monday,6
Success,Prime Sedan,411,Monday,17
Canceled by Customer,eBike,339,Thursday,8
Success,Prime Sedan,310,Wednesday,17
Success,eBike,454,Friday,14
Success,Prime Sedan,227,Tuesday,3
Success,Prime Plus,462,Wednesday,5
Success,Prime SUV,1722,Tuesday,11
Success,eBike,277,Wednesday,5
Driver Not Found,Auto,214,Wednesday,3
Success,Prime Plus,468,Thursday,14
Success,Auto,175,Friday,12
Success,Bike,699,Monday,3
Success,Mini,1247,Friday,15
Canceled by Driver,Prime Sedan,132,Sunday,15
Canceled by Driver,Prime SUV,585,Tuesday,5
Success,Bike,1001,Sunday,19
Success,eBike,311,Tuesday,9
Driver Not Found,eBike,225,Wednesday,2
Success,Bike,295,Thursday,21
Success,eBike,446,Sunday,14
Canceled by Driver,Prime Sedan,344,Friday,23
Success,Bike,346,Friday,6
Success,Prime Plus,616,Thursday,5
Success,Auto,429,Saturday,13
Success,Prime Sedan,418,Sunday,17
Success,Prime Plus,419,Sunday,5
Driver Not Found,Prime Sedan,371,Monday,4
Canceled by Customer,Mini,510,Wednesday,23
Success,Prime SUV,474,Saturday,19
Success,Prime Sedan,137,Sunday,2
Success,Mini,756,Monday,16
Success,Bike,1666,Saturday,5
Success,Bike,467,Sunday,12
Success,eBike,420,Sunday,13
Driver Not Found,Prime Plus,215,Wednesday,2
Success,Auto,252,Thursday,1
Success,Bike,301,Monday,14
Canceled by Driver,Prime Plus,792,Friday,4
Canceled by Customer,eBike,334,Tuesday,16
Success,Prime Plus,164,Monday,5
Success,Bike,227,Tuesday,22
Success,Auto,400,Friday,7
Success,Auto,277,Thursday,23
Success,Bike,100,Thursday,8
Success,Prime Sedan,1180,Thursday,8
Success,eBike,154,Thursday,9
Success,Bike,399,Thursday,20
Canceled by Customer,Bike,169,Tuesday,17
Success,eBike,218,Wednesday,4
Canceled by Driver,Auto,671,Tuesday,9
Canceled by Driver,eBike,604,Thursday,19
Canceled by Customer,Bike,322,Friday,0
Success,Prime Sedan,382,Sunday,19
Canceled by Driver,Auto,206,Monday,3
Success,Mini,435,Monday,21
Success,Prime Plus,274,Friday,12
Success,Mini,458,Tuesday,11
Success,Prime Sedan,479,Tuesday,7
Success,eBike,399,Saturday,8
Canceled by Driver,Prime Plus,523,Thursday,23
Success,Prime Sedan,487,Saturday,0
Success,Bike,349,Friday,10
Success,Bike,451,Wednesday,6
Success,Mini,2198,Wednesday,7
Success,Prime SUV,876,Saturday,17
Success,eBike,149,Thursday,14
Success,eBike,2904,Tuesday,17
Success,Prime Sedan,719,Sunday,0
Canceled by Driver,Prime Sedan,426,Monday,7
Success,Mini,679,Saturday,5
Success,Prime Sedan,393,Tuesday,4
Success,Prime Plus,582,Sunday,13
Success,Prime Plus,1581,Friday,6
Success,Mini,513,Monday,7
Canceled by Driver,Auto,243,Monday,22
Success,Mini,479,Wednesday,2
Canceled by Driver,Bike,799,Sunday,12
Success,Auto,811,Saturday,16
Canceled by Customer,Prime Plus,1566,Tuesday,12
Success,Bike,188,Sunday,20
Success,Prime Plus,251,Saturday,2
Success,Prime SUV,434,Friday,13
Canceled by Customer,Prime Plus,874,Monday,0
Canceled by Driver,Mini,407,Thursday,21
Success,eBike,172,Friday,17
Success,Auto,2959,Thursday,20
Canceled by Customer,Prime Plus,386,Friday,5
Success,Prime Plus,403,Monday,16
Driver Not Found,Prime Sedan,198,Thursday,21
Success,Prime Plus,479,Sunday,21
Driver Not Found,Prime Sedan,284,Thursday,21
Success,Auto,468,Thursday,12
Canceled by Driver,Auto,796,Wednesday,1
Canceled by Driver,Prime Sedan,1405,Monday,13
Canceled by Customer,Bike,424,Wednesday,21
Success,Prime Sedan,339,Wednesday,5
Success,Auto,283,Saturday,16
Success,Prime SUV,483,Tuesday,17
Canceled by Driver,eBike,280,Wednesday,10
Success,Prime Sedan,376,Monday,19
Success,Prime SUV,464,Tuesday,20
Success,Auto,774,Thursday,19
Canceled by Customer,Prime Sedan,344,Thursday,0
Success,Prime SUV,157,Thursday,7
Canceled by Driver,Bike,973,Saturday,14
Canceled by Driver,Auto,479,Sunday,18
Driver Not Found,Prime SUV,646,Sunday,5
Success,Mini,286,Wednesday,15
Driver Not Found,Bike,665,Tuesday,5
Success,Auto,1289,Monday,1
Success,Prime Sedan,487,Monday,18
Canceled by Driver,Prime SUV,311,Saturday,18
Success,Auto,502,Sunday,17
Canceled by Customer,Mini,250,Friday,6
Success,Prime Sedan,497,Sunday,6
Success,Mini,420,Monday,18
Success,Prime Plus,906,Thursday,4
Canceled by Driver,Bike,338,Thursday,19
Canceled by Driver,Prime SUV,130,Monday,17
Success,Prime Sedan,764,Saturday,15
Success,Prime SUV,254,Friday,17
Success,Bike,297,Saturday,3
Canceled by Driver,Prime Plus,132,Friday,4
Success,eBike,102,Saturday,6
Success,Bike,487,Sunday,0
Success,Bike,289,Monday,16
Driver Not Found,Auto,467,Saturday,0
Success,Bike,128,Friday,1
Success,Prime SUV,1826,Saturday,8
Success,Auto,923,Saturday,19
Success,Auto,393,Tuesday,10
Canceled by Driver,Bike,140,Wednesday,17
Success,Mini,1179,Thursday,22
Success,Bike,349,Thursday,16
Success,Mini,438,Wednesday,12
Canceled by Driver,Prime SUV,337,Thursday,8
Success,Prime Plus,866,Sunday,8
Success,Bike,348,Saturday,9
Success,Prime SUV,817,Monday,18
Canceled by Customer,Auto,403,Sunday,4
Success,Prime SUV,414,Friday,0
Canceled by Driver,Auto,319,Tuesday,23
Driver Not Found,eBike,2025,Saturday,20
Canceled by Customer,Bike,257,Saturday,4
Success,Prime Sedan,242,Friday,2
Success,Prime Sedan,489,Monday,17
Success,Mini,413,Friday,18
Success,Auto,223,Sunday,0
Success,Prime SUV,448,Wednesday,14
Canceled by Driver,Auto,391,Sunday,1
Success,Mini,666,Wednesday,11
Canceled by Driver,Prime Sedan,371,Tuesday,22
Canceled by Driver,eBike,924,Thursday,11
Canceled by Customer,Prime Plus,171,Thursday,8
Success,Mini,186,Wednesday,13
Success,Auto,295,Friday,3
Success,eBike,104,Monday,17
Success,eBike,2689,Saturday,5
Success,Bike,499,Tuesday,15
Success,Mini,194,Monday,0
Success,Prime Sedan,271,Saturday,8
Canceled by Driver,Auto,240,Wednesday,9
Success,Prime Plus,785,Saturday,17
Success,Auto,232,Tuesday,4
Success,eBike,482,Thursday,22
Success,Prime Plus,288,Saturday,5
Canceled by Customer,Mini,152,Friday,15
Success,Bike,121,Saturday,15
Success,Prime Plus,230,Saturday,0
Success,Prime SUV,790,Wednesday,9
Success,Prime Plus,499,Saturday,18
Success,eBike,826,Monday,1
Success,Prime Sedan,257,Tuesday,14
Success,Auto,2791,Thursday,3
Canceled by Driver,Prime Plus,332,Sunday,4
Success,Prime Sedan,1678,Saturday,8
Success,Prime Plus,217,Friday,5
Success,Prime Plus,260,Tuesday,12
Success,Auto,913,Friday,9
Success,Auto,2160,Sunday,17
Success,Mini,137,Wednesday,5
Success,Bike,401,Wednesday,10
Success,Bike,463,Monday,17
Canceled by Driver,Prime Sedan,440,Tuesday,15
Success,Auto,255,Monday,20
Success,Auto,260,Sunday,10
Success,Prime Sedan,316,Saturday,22
Canceled by Driver,eBike,409,Tuesday,20
Success,Prime Plus,628,Sunday,13
Success,Prime Plus,450,Thursday,12
Success,Bike,1557,Tuesday,1
Success,Mini,300,Sunday,16
Success,Prime Plus,433,Monday,14
Canceled by Driver,Mini,322,Friday,13
Canceled by Customer,Prime SUV,467,Wednesday,5
Success,Prime Plus,926,Thursday,3
Canceled by Customer,Prime SUV,2345,Friday,7
Driver Not Found,Prime SUV,468,Monday,3
Success,Mini,738,Saturday,22
Canceled by Driver,Prime Sedan,362,Wednesday,17
Success,Auto,404,Tuesday,17
Canceled by Driver,Prime SUV,264,Wednesday,14
Success,Prime SUV,104,Tuesday,15
Canceled by Customer,Auto,455,Friday,3
Driver Not Found,Mini,830,Tuesday,3
Success,Bike,176,Saturday,8
Success,Auto,235,Thursday,12
Success,Mini,265,Monday,13
Success,eBike,198,Sunday,20
Success,Prime Plus,431,Monday,5
Success,Prime Sedan,243,Wednesday,3
Success,Prime Sedan,846,Sunday,7
Driver Not Found,Bike,297,Saturday,20
Success,Auto,984,Saturday,18
Canceled by Driver,Prime Sedan,365,Monday,17
Driver Not Found,Bike,189,Monday,17
Driver Not Found,Prime SUV,902,Monday,11
Canceled by Driver,Mini,2543,Thursday,7
Success,Prime SUV,294,Thursday,22
Success,Prime Sedan,306,Thursday,7
Success,Mini,395,Saturday,22
Canceled by Customer,Prime Plus,1157,Friday,20
Success,Auto,111,Wednesday,9
Success,Auto,345,Wednesday,5
Success,eBike,960,Tuesday,11
Canceled by Customer,eBike,423,Saturday,1
Success,Prime SUV,204,Thursday,19
Success,Prime Plus,387,Thursday,17
Success,Prime Plus,683,Sunday,11
Success,Auto,337,Friday,20
Driver Not Found,Prime Sedan,309,Sunday,23
Success,Prime Sedan,2361,Saturday,7
Success,Prime SUV,928,Monday,18
Success,Auto,816,Friday,0
Success,Mini,176,Saturday,17
Canceled by Driver,Prime Plus,256,Saturday,7
Canceled by Driver,eBike,257,Thursday,19
Success,Mini,1560,Sunday,21
Success,Auto,493,Friday,22
Success,Prime SUV,467,Monday,14
Canceled by Driver,Prime SUV,479,Saturday,22
Success,Bike,163,Tuesday,6
Success,Auto,863,Friday,18
Success,Prime Sedan,2226,Wednesday,10
Canceled by Customer,Prime Sedan,149,Thursday,13
Success,Prime SUV,163,Saturday,10
Success,Bike,112,Thursday,23
Canceled by Driver,eBike,470,Friday,13
Canceled by Customer,Prime Sedan,682,Thursday,12
Canceled by Driver,eBike,1311,Saturday,9
Driver Not Found,Prime SUV,557,Sunday,17
Canceled by Driver,Prime Sedan,281,Thursday,12
Success,Bike,355,Friday,4
Success,eBike,447,Sunday,2
Canceled by Driver,eBike,291,Wednesday,19
Success,Prime SUV,2861,Thursday,13
Success,Prime SUV,166,Thursday,10
Success,eBike,123,Saturday,4
Canceled by Customer,Prime Plus,308,Tuesday,1
Driver Not Found,Prime Sedan,369,Monday,19
Driver Not Found,Prime SUV,106,Sunday,11
Driver Not Found,Mini,348,Thursday,5
Success,Mini,954,Saturday,16
Canceled by Driver,Auto,1585,Thursday,14
Canceled by Driver,Mini,126,Tuesday,2
Canceled by Driver,Auto,111,Saturday,17
Canceled by Customer,Bike,343,Friday,9
Canceled by Driver,Prime Plus,390,Monday,10
Canceled by Driver,Mini,887,Thursday,19
Success,eBike,417,Monday,9
Success,Auto,384,Thursday,0
Success,Prime SUV,142,Friday,21
Success,Prime Sedan,233,Tuesday,23
Success,Bike,280,Saturday,9
Success,Prime Sedan,431,Monday,10
Canceled by Driver,Bike,238,Saturday,6
Success,Prime Sedan,296,Saturday,22
Driver Not Found,Prime Sedan,107,Friday,3
Canceled by Driver,Prime Plus,813,Thursday,19
Success,Bike,217,Saturday,17
Success,Prime Sedan,488,Thursday,6
Success,Prime SUV,262,Saturday,15
Success,Bike,2647,Friday,10
Driver Not Found,Prime SUV,372,Tuesday,21
Success,Prime Sedan,460,Sunday,9
Canceled by Customer,eBike,151,Thursday,19
Success,Bike,101,Thursday,11
Driver Not Found,Prime Sedan,213,Tuesday,23
Success,Prime Plus,460,Monday,17
Success,Prime SUV,375,Tuesday,19
Canceled by Customer,Auto,2286,Thursday,18
Success,Bike,896,Monday,23
Success,Bike,118,Wednesday,5
Success,Mini,411,Saturday,4
Canceled by Driver,eBike,985,Tuesday,8
Success,Mini,221,Saturday,5
Driver Not Found,Mini,470,Saturday,16
Success,Prime SUV,717,Sunday,8
Success,Prime Plus,141,Thursday,9
Success,Prime Sedan,707,Tuesday,3
Success,Bike,294,Tuesday,7
Driver Not Found,Prime Sedan,623,Friday,13
Success,Prime Plus,954,Wednesday,5
Success,Bike,418,Sunday,11
Success,Bike,424,Sunday,3
Canceled by Driver,Mini,179,Friday,15
Success,Prime Plus,487,Saturday,15
Success,Mini,441,Thursday,11
Success,eBike,2912,Monday,22
Canceled by Driver,Bike,370,Saturday,6
Success,Prime Plus,285,Saturday,10
Success,eBike,115,Wednesday,19
Success,Bike,103,Monday,0
Driver Not Found,eBike,856,Friday,21
Canceled by Customer,Prime Sedan,400,Friday,20
Success,Prime Sedan,456,Friday,5
Success,Auto,936,Wednesday,17
Canceled by Customer,Prime Sedan,280,Monday,12
Success,eBike,264,Wednesday,0
Success,Auto,477,Saturday,9
Success,Prime Sedan,878,Wednesday,16
Success,Prime SUV,250,Tuesday,5
Success,Mini,101,Tuesday,4
Success,Prime Sedan,122,Sunday,10
Success,Auto,2024,Saturday,21
Success,Prime Plus,361,Wednesday,22
Canceled by Customer,Bike,121,Wednesday,2
Canceled by Driver,Mini,2190,Saturday,15
Success,Auto,253,Friday,18
Success,Prime Plus,464,Friday,8
Canceled by Customer,Auto,230,Wednesday,18
Canceled by Customer,eBike,145,Friday,23
Success,Mini,428,Saturday,12
Canceled by Driver,Bike,395,Wednesday,16
Canceled by Driver,Bike,223,Sunday,0
Success,eBike,242,Thursday,22
Success,Bike,1998,Sunday,13
Success,Mini,231,Wednesday,21
Driver Not Found,Prime Sedan,369,Wednesday,6
Success,Bike,177,Sunday,9
Success,eBike,192,Thursday,5
Success,Bike,250,Monday,13
Success,Bike,132,Saturday,21
Success,Prime Plus,391,Monday,10
Success,Prime SUV,158,Monday,15
Success,Bike,144,Wednesday,18
Canceled by Driver,Auto,362,Tuesday,1
Success,Prime SUV,305,Friday,2
Success,eBike,465,Tuesday,4
Success,Prime SUV,222,Tuesday,20
Driver Not Found,Prime SUV,198,Monday,16
Success,eBike,414,Monday,8
Canceled by Driver,Prime Plus,119,Thursday,3
Success,Mini,255,Wednesday,8
Success,Prime SUV,149,Thursday,2
Success,Prime SUV,423,Thursday,14
Success,eBike,107,Wednesday,23
Success,Prime SUV,461,Wednesday,19
Driver Not Found,Mini,2739,Friday,20
Canceled by Driver,Auto,648,Wednesday,4
Success,eBike,306,Monday,6
Canceled by Driver,Prime Plus,2259,Friday,8
Canceled by Customer,Bike,453,Saturday,9
Canceled by Driver,Prime SUV,479,Friday,12
Success,Prime SUV,431,Saturday,13
Success,Mini,2214,Sunday,17
Success,eBike,174,Thursday,21
Success,Prime SUV,184,Monday,23
Success,Auto,385,Friday,20
Success,Prime Plus,859,Sunday,18
Success,Prime Plus,286,Saturday,20
Success,Mini,191,Wednesday,17
Success,Prime Plus,475,Monday,8
Canceled by Driver,Mini,779,Tuesday,8
Canceled by Customer,Prime SUV,2658,Sunday,8
Success,Prime Plus,370,Sunday,17
Success,Bike,999,Monday,18
Canceled by Driver,Prime Plus,449,Wednesday,7
Driver Not Found,Bike,443,Monday,23
Driver Not Found,Prime Plus,155,Thursday,10
Success,Mini,196,Wednesday,13
Success,Prime SUV,497,Saturday,10
Success,Prime Sedan,322,Wednesday,19
Success,eBike,157,Thursday,11
Success,Prime Plus,376,Wednesday,0
Canceled by Driver,Auto,193,Monday,12
Success,Prime SUV,262,Monday,16
Success,Prime Plus,210,Monday,8
Success,Prime SUV,327,Saturday,19
Success,Prime SUV,494,Monday,16
Canceled by Driver,Prime SUV,848,Friday,20
Success,eBike,305,Wednesday,16
Canceled by Driver,Prime SUV,464,Thursday,15
Canceled by Driver,Prime Plus,123,Saturday,11
Success,Bike,477,Tuesday,3
Success,Prime Sedan,140,Friday,13
Canceled by Driver,Bike,336,Tuesday,13
Canceled by Customer,Prime Plus,539,Thursday,3
Success,Auto,1838,Monday,17
Driver Not Found,Mini,293,Sunday,1
Success,Mini,315,Wednesday,10
Driver Not Found,eBike,295,Sunday,19
Success,Auto,494,Saturday,15
Success,Mini,499,Thursday,21
Success,Bike,128,Tuesday,3
Success,eBike,782,Thursday,21
Canceled by Driver,Auto,733,Saturday,23
Canceled by Driver,Prime SUV,572,Wednesday,19
Canceled by Driver,Mini,184,Sunday,8
Success,Prime Plus,172,Tuesday,15
Success,Prime Sedan,663,Wednesday,17
Driver Not Found,Auto,443,Monday,14
Success,Prime Plus,331,Monday,1
Success,eBike,122,Saturday,7
Canceled by Driver,Prime Sedan,206,Tuesday,9
Success,Mini,595,Saturday,10
Canceled by Customer,Prime Sedan,229,Thursday,11
Canceled by Customer,Bike,300,Sunday,6
Success,Bike,339,Wednesday,12
Success,Prime SUV,135,Saturday,11
Success,Bike,950,Wednesday,1
Canceled by Driver,Prime SUV,383,Wednesday,9
Success,Bike,2010,Tuesday,18
Success,Bike,476,Friday,23
Driver Not Found,Prime Plus,385,Monday,13
Canceled by Driver,Bike,166,Monday,19
Canceled by Customer,Bike,367,Monday,17
Success,Mini,341,Tuesday,9
Canceled by Driver,Mini,928,Wednesday,2
Success,Prime Plus,411,Wednesday,20
Success,Prime Sedan,1454,Saturday,7
Canceled by Driver,Prime SUV,2976,Saturday,21
Driver Not Found,Prime Sedan,224,Saturday,5
Success,Auto,160,Monday,9
Success,Prime Plus,439,Thursday,3
Success,eBike,2183,Sunday,21
Driver Not Found,Bike,272,Thursday,18
Driver Not Found,Bike,150,Friday,3
Canceled by Driver,Bike,906,Sunday,4
Success,Bike,222,Tuesday,0
Driver Not Found,Mini,160,Saturday,5
Canceled by Customer,Bike,819,Wednesday,22
Canceled by Driver,Bike,1735,Thursday,21
Canceled by Driver,eBike,933,Tuesday,10
Success,Prime SUV,225,Friday,13
Success,Bike,196,Sunday,9
Success,Prime SUV,411,Wednesday,9
Success,Mini,131,Saturday,12
Canceled by Customer,Auto,743,Wednesday,21
Canceled by Driver,Bike,281,Saturday,17
Success,Auto,278,Saturday,18
Success,Bike,291,Tuesday,11
Success,Prime Sedan,821,Sunday,14
Success,eBike,173,Wednesday,14
Success,Prime SUV,419,Monday,22
Success,Prime Plus,731,Saturday,8
Canceled by Driver,Prime SUV,280,Monday,8
Canceled by Customer,Auto,387,Wednesday,13
Driver Not Found,Prime SUV,245,Friday,10
Canceled by Driver,Auto,717,Sunday,5
Driver Not Found,Prime SUV,474,Tuesday,14
Success,eBike,640,Friday,18
Success,Auto,388,Wednesday,7
Success,Prime Sedan,945,Wednesday,0
Driver Not Found,eBike,416,Sunday,6
Success,Prime SUV,290,Sunday,0
Canceled by Driver,Prime SUV,386,Monday,6
Driver Not Found,eBike,360,Friday,0
Canceled by Driver,eBike,182,Wednesday,14
Success,Prime SUV,271,Friday,20
Success,eBike,354,Saturday,16
Success,eBike,246,Wednesday,8
Success,Prime Plus,934,Sunday,4
Success,Prime SUV,470,Monday,21
Success,Prime Plus,476,Friday,4
Success,eBike,491,Thursday,16
Success,eBike,273,Friday,15
Canceled by Driver,Mini,117,Sunday,21
Success,Mini,280,Friday,6
Driver Not Found,Bike,2541,Thursday,12
Success,Prime Sedan,190,Friday,16
Driver Not Found,Mini,419,Thursday,21
Canceled by Driver,Prime Sedan,471,Wednesday,2
Success,Auto,119,Thursday,20
Success,Mini,422,Sunday,9
Canceled by Driver,Auto,775,Thursday,9
Canceled by Customer,Auto,718,Wednesday,8
Success,Auto,390,Sunday,18
Canceled by Customer,eBike,122,Monday,8
Success,eBike,255,Friday,13
Canceled by Customer,Bike,182,Sunday,18
Canceled by Driver,Mini,498,Thursday,6
Canceled by Driver,eBike,1744,Wednesday,20
Canceled by Driver,Prime Sedan,803,Sunday,7
Success,Auto,446,Wednesday,9
Success,Mini,360,Tuesday,17
Success,eBike,306,Tuesday,1
Success,eBike,2847,Saturday,3
Driver Not Found,Prime Sedan,322,Wednesday,13
Canceled by Driver,Bike,442,Saturday,7
Success,Prime Sedan,313,Wednesday,10
Canceled by Customer,Prime Sedan,408,Saturday,13
Success,Prime SUV,316,Thursday,15
Driver Not Found,Mini,385,Thursday,7
Driver Not Found,Prime Sedan,974,Monday,19
Canceled by Customer,Prime Plus,2874,Friday,22
Success,Prime Sedan,599,Thursday,20
Success,Bike,249,Tuesday,20
Success,Mini,295,Monday,1
Canceled by Driver,Auto,552,Tuesday,21
Success,Bike,382,Saturday,19
Success,Auto,539,Tuesday,8
Success,eBike,478,Thursday,19
Success,Mini,205,Thursday,5
Success,Prime Sedan,268,Sunday,18
Success,Prime Sedan,847,Friday,5
Driver Not Found,Prime Sedan,247,Friday,15
Driver Not Found,eBike,360,Wednesday,2
Canceled by Driver,Mini,258,Friday,10
Success,Bike,765,Thursday,14
Success,Prime SUV,643,Tuesday,22
Canceled by Driver,Prime Plus,129,Tuesday,8
Driver Not Found,Mini,267,Monday,8
Success,Auto,445,Monday,7
Success,Bike,468,Tuesday,9
Success,Prime Plus,445,Tuesday,18
Canceled by Customer,Prime Sedan,210,Sunday,17
Canceled by Customer,Auto,183,Monday,17
Success,Prime Sedan,212,Thursday,11
Canceled by Driver,eBike,804,Wednesday,22
Canceled by Customer,Prime SUV,176,Monday,11
Canceled by Driver,eBike,248,Tuesday,22
Success,Bike,265,Saturday,15
Driver Not Found,Auto,160,Monday,4
Canceled by Driver,Mini,412,Wednesday,18
Canceled by Driver,Prime SUV,189,Wednesday,13
Canceled by Driver,Prime SUV,972,Wednesday,11
Success,Prime SUV,222,Thursday,16
Success,Prime SUV,418,Tuesday,3
Driver Not Found,Auto,810,Friday,1
Success,Prime Plus,469,Sunday,11
Success,Mini,489,Friday,1
Canceled by Driver,Prime Sedan,195,Wednesday,19
Success,Prime SUV,337,Wednesday,20
Success,Prime SUV,318,Sunday,0
Success,eBike,567,Tuesday,5
Success,eBike,789,Thursday,11
Canceled by Driver,Auto,377,Sunday,9
Success,Mini,315,Tuesday,9
Canceled by Customer,eBike,112,Saturday,23
Canceled by Driver,Auto,176,Tuesday,17
Canceled by Driver,Bike,900,Thursday,21
Canceled by Driver,Prime SUV,350,Wednesday,11
Success,Mini,330,Monday,23
Success,Prime Sedan,337,Tuesday,19
Success,Prime SUV,104,Sunday,3
Canceled by Customer,Prime SUV,724,Thursday,8
Canceled by Driver,eBike,290,Monday,6
Success,Prime Plus,341,Sunday,8
Driver Not Found,Auto,905,Wednesday,17
Canceled by Driver,Prime Sedan,1084,Saturday,23
Canceled by Driver,Prime Plus,440,Monday,10
Canceled by Customer,Auto,198,Sunday,2
Success,Prime SUV,100,Sunday,12
Success,Prime Sedan,360,Thursday,11
Success,Prime Sedan,504,Tuesday,15
Success,Prime Plus,495,Sunday,20
Success,Auto,2062,Thursday,5
Success,Mini,329,Wednesday,23
Success,Mini,590,Tuesday,4
Success,Prime SUV,410,Wednesday,19
Success,Prime SUV,347,Tuesday,22
Success,Auto,259,Monday,12
Success,eBike,272,Tuesday,11
Success,Prime Sedan,280,Tuesday,12
Success,Prime Sedan,2609,Monday,22
Canceled by Customer,Prime Plus,249,Wednesday,20
Driver Not Found,Prime Sedan,638,Thursday,19
Canceled by Customer,Prime Sedan,681,Thursday,6
Success,Prime SUV,747,Sunday,7
Success,eBike,285,Monday,13
Success,Prime Sedan,213,Tuesday,14
Driver Not Found,Mini,210,Monday,12
Canceled by Driver,Prime SUV,477,Monday,16
Success,Prime Plus,2807,Saturday,18
Success,eBike,624,Tuesday,17
Success,Auto,615,Thursday,13
Success,Prime Sedan,263,Sunday,14
Success,Bike,322,Monday,1
Success,Prime Sedan,336,Saturday,13
Success,Prime Plus,296,Thursday,16
Driver Not Found,Bike,601,Sunday,3
Success,Auto,409,Friday,9
Canceled by Driver,Prime Sedan,143,Monday,15
Driver Not Found,Mini,315,Wednesday,22
Driver Not Found,Prime SUV,887,Saturday,23
Canceled by Driver,Prime Plus,443,Tuesday,20
Canceled by Customer,Auto,194,Wednesday,21
Success,Bike,587,Monday,4
Canceled by Driver,eBike,184,Sunday,6
Canceled by Customer,Prime Sedan,326,Saturday,14
Success,Bike,462,Friday,9
Success,Prime SUV,368,Wednesday,14
Success,eBike,2900,Saturday,23
Driver Not Found,Mini,816,Tuesday,3
Success,Auto,1317,Wednesday,6
Success,Prime Plus,809,Tuesday,13
Canceled by Driver,Prime Sedan,309,Thursday,7
Driver Not Found,Prime Plus,408,Monday,16
Canceled by Customer,Prime SUV,525,Tuesday,13
Success,Prime Plus,175,Sunday,9
Success,Prime Sedan,713,Sunday,7
Driver Not Found,Mini,257,Thursday,15
Canceled by Customer,Auto,451,Thursday,3
Success,Prime Plus,782,Monday,2
Success,Prime Plus,329,Tuesday,2
Success,Prime SUV,2277,Thursday,2
Success,eBike,979,Monday,11
Success,Mini,2529,Saturday,14
Driver Not Found,Prime Sedan,490,Thursday,10
Success,Bike,2856,Friday,13
Driver Not Found,Bike,252,Sunday,5
Success,eBike,144,Monday,14
Driver Not Found,Prime Plus,346,Thursday,2
Success,Prime Plus,367,Friday,6
Success,Mini,438,Monday,11
Driver Not Found,Prime Plus,189,Tuesday,23
Success,Mini,127,Sunday,22
Success,Bike,262,Saturday,1
Success,eBike,2869,Tuesday,4
Success,Mini,190,Monday,0
Success,Mini,862,Tuesday,1
Canceled by Driver,Bike,365,Saturday,4
Success,Bike,272,Tuesday,14
Success,Prime SUV,905,Saturday,1
Success,Auto,455,Tuesday,6
Success,Bike,334,Thursday,21
Canceled by Customer,Prime Plus,810,Friday,1
Driver Not Found,Mini,448,Tuesday,19
Driver Not Found,Prime SUV,167,Sunday,22
Success,Prime Sedan,244,Monday,9
Success,Prime Plus,395,Monday,16
Success,Auto,394,Monday,16
Success,Prime Sedan,820,Wednesday,22
Success,eBike,354,Saturday,10
Success,Prime Plus,719,Monday,18
Success,eBike,367,Tuesday,1
Success,Mini,2640,Wednesday,1
Success,eBike,280,Monday,21
Canceled by Driver,Mini,205,Wednesday,8
Success,Auto,152,Monday,4
Success,Prime Plus,414,Thursday,0
Canceled by Driver,Auto,232,Tuesday,1
Canceled by Driver,Auto,160,Monday,23
Success,Mini,821,Saturday,23
Success,Mini,495,Thursday,0
Canceled by Driver,Mini,1796,Saturday,12
Canceled by Driver,eBike,197,Monday,14
Success,Auto,350,Saturday,23
Canceled by Driver,eBike,276,Sunday,22
Success,Prime Sedan,380,Sunday,23
Driver Not Found,Auto,695,Thursday,0
Canceled by Driver,Auto,208,Tuesday,22
Canceled by Driver,Mini,550,Monday,0
Canceled by Driver,Prime Plus,450,Friday,21
Success,Prime SUV,2006,Friday,8
Success,Prime SUV,475,Sunday,23
Success,Bike,631,Sunday,23
Success,Prime Sedan,371,Thursday,14
Canceled by Driver,Prime Sedan,719,Wednesday,5
Success,Bike,410,Friday,5
Driver Not Found,Bike,217,Thursday,3
Success,Bike,1926,Thursday,18
Canceled by Customer,Auto,830,Monday,18
Success,Prime Sedan,774,Thursday,9
Canceled by Driver,Mini,674,Wednesday,15
Success,eBike,479,Thursday,5
Success,eBike,749,Monday,17
Canceled by Driver,Prime Plus,128,Sunday,13
Success,Prime Plus,488,Friday,23
Driver Not Found,Auto,238,Friday,9
Success,eBike,169,Wednesday,15
Success,Prime Sedan,400,Saturday,22
Success,Bike,201,Sunday,20
Success,Mini,167,Wednesday,15
Canceled by Driver,Prime SUV,210,Friday,23
Driver Not Found,Mini,121,Saturday,9
Success,Prime Sedan,501,Wednesday,19
Canceled by Customer,eBike,827,Saturday,9
Success,Bike,592,Wednesday,3
Canceled by Customer,Prime Sedan,720,Tuesday,16
Success,Mini,310,Wednesday,15
Driver Not Found,Prime SUV,208,Tuesday,0
Driver Not Found,Mini,115,Sunday,9
Success,Prime SUV,1398,Saturday,11
Success,Prime SUV,390,Monday,17
Canceled by Customer,eBike,989,Saturday,18
Success,Prime Plus,381,Wednesday,14
Success,Prime SUV,218,Saturday,12
Success,Auto,142,Friday,5
Success,Bike,242,Sunday,22
Canceled by Customer,Prime SUV,1084,Tuesday,17
Success,Prime SUV,492,Sunday,16
Success,Auto,387,Wednesday,16
Success,eBike,135,Monday,18
Driver Not Found,Mini,205,Tuesday,12
Success,Mini,409,Saturday,10
Success,Prime SUV,297,Monday,5
Success,Auto,327,Thursday,21
Success,eBike,399,Wednesday,2
Driver Not Found,eBike,636,Saturday,21
Canceled by Driver,Prime Sedan,831,Wednesday,2
Success,Prime Plus,382,Monday,22
Canceled by Driver,Mini,273,Tuesday,11
Canceled by Customer,Prime SUV,196,Sunday,4
Canceled by Driver,Auto,247,Tuesday,2
Canceled by Customer,Bike,316,Thursday,17
Success,Bike,106,Saturday,0
Success,Auto,137,Tuesday,7
Success,Bike,133,Thursday,22
Success,Bike,427,Wednesday,4
Success,eBike,419,Wednesday,19
Success,Bike,294,Sunday,20
Canceled by Driver,Mini,2816,Friday,0
Success,eBike,499,Tuesday,6
Driver Not Found,eBike,352,Wednesday,22
Success,Auto,468,Friday,3
Canceled by Customer,Prime Plus,756,Friday,10
Success,Prime Plus,423,Friday,23
Success,Bike,312,Friday,19
Canceled by Driver,Prime Plus,489,Sunday,5
Success,Prime Plus,410,Monday,1
Canceled by Driver,Auto,451,Saturday,5
Success,eBike,917,Thursday,17
Success,Mini,406,Monday,5
Canceled by Driver,Prime SUV,758,Thursday,9
Success,Mini,110,Saturday,1
Success,Prime Sedan,212,Sunday,12
Success,Prime SUV,220,Saturday,22
Success,Mini,262,Sunday,13
Success,Prime Sedan,336,Saturday,22
Canceled by Driver,Bike,456,Saturday,4
Success,Mini,230,Monday,11
Canceled by Driver,Prime Sedan,327,Wednesday,1
Success,Prime Sedan,248,Tuesday,6
Success,eBike,583,Thursday,9
Success,Prime Sedan,812,Thursday,17
Success,Prime Sedan,158,Saturday,1
Driver Not Found,Prime Sedan,436,Tuesday,13
Success,Mini,249,Tuesday,17
Success,Prime Plus,383,Wednesday,2
Driver Not Found,eBike,339,Tuesday,9
Canceled by Driver,Prime SUV,1609,Sunday,6
Success,Mini,355,Saturday,0
Canceled by Driver,Prime Plus,429,Tuesday,9
Success,eBike,230,Monday,22
Success,Prime Plus,889,Monday,13
Success,Mini,321,Saturday,1
Success,Prime SUV,717,Saturday,10
Success,Auto,286,Sunday,0
Canceled by Driver,Prime Plus,130,Wednesday,23
Success,Bike,236,Friday,7
Success,Bike,140,Saturday,0
Canceled by Customer,eBike,438,Tuesday,13
Success,Prime Plus,207,Sunday,12
Canceled by Customer,Mini,358,Thursday,19
Canceled by Driver,Prime Sedan,186,Friday,9
Success,Prime Plus,778,Sunday,7
Success,Prime SUV,203,Wednesday,21
Canceled by Driver,Prime SUV,354,Tuesday,7
Canceled by Driver,eBike,473,Friday,6
Success,Auto,363,Monday,22
Driver Not Found,Auto,1218,Saturday,10
Canceled by Driver,Prime Plus,297,Wednesday,22
Success,Mini,286,Monday,23
Canceled by Driver,Prime Plus,969,Sunday,14
Driver Not Found,Mini,211,Saturday,10
Success,Prime SUV,457,Saturday,3
Canceled by Customer,Auto,1165,Saturday,19
Success,Prime SUV,525,Thursday,15
Success,Prime Plus,959,Friday,4
Success,Prime SUV,387,Sunday,3
Canceled by Driver,Bike,467,Saturday,14
Success,Prime Sedan,322,Monday,3
Success,Prime Sedan,1659,Sunday,21
Success,eBike,263,Monday,7
Driver Not Found,Prime SUV,269,Saturday,10
Success,Auto,262,Sunday,6
Success,eBike,176,Wednesday,7
Canceled by Driver,Auto,630,Thursday,21
Success,Mini,181,Monday,15
Success,Prime Plus,335,Saturday,19
Success,Prime SUV,751,Saturday,11
Canceled by Customer,Prime Sedan,857,Tuesday,16
Success,Bike,910,Friday,21
Canceled by Driver,Auto,208,Monday,0
Success,Prime SUV,455,Sunday,14
Canceled by Driver,eBike,902,Thursday,7
Success,eBike,205,Tuesday,8
Driver Not Found,eBike,397,Friday,12
Canceled by Driver,Bike,326,Thursday,15
Canceled by Driver,eBike,257,Saturday,0
Success,Prime Plus,131,Sunday,14
Success,eBike,158,Wednesday,11
Success,eBike,971,Wednesday,2
Canceled by Driver,Prime Plus,190,Thursday,15
Success,Bike,307,Friday,11
Success,Bike,468,Wednesday,18
Canceled by Driver,Mini,459,Tuesday,1
Success,Prime SUV,1973,Saturday,8
Success,Prime SUV,285,Saturday,11
Canceled by Customer,Prime Plus,447,Sunday,5
Success,eBike,272,Wednesday,1
Success,Prime SUV,272,Friday,5
Success,Bike,104,Saturday,19
Success,Prime Sedan,237,Wednesday,20
Canceled by Driver,Auto,481,Monday,20
Success,eBike,343,Sunday,4
Success,eBike,420,Monday,3
Success,Prime Sedan,396,Wednesday,2
Success,Mini,297,Wednesday,14
Canceled by Driver,eBike,642,Tuesday,7
Success,eBike,845,Saturday,20
Success,Prime Plus,319,Sunday,6
Success,Mini,131,Friday,14
Success,eBike,412,Friday,6
Success,Bike,307,Thursday,11
Success,Prime Plus,319,Tuesday,15
Success,Prime SUV,716,Sunday,19
Success,Auto,421,Friday,17
Success,Prime SUV,463,Wednesday,9
Success,eBike,1136,Wednesday,18
Success,Bike,104,Friday,21
Success,Prime SUV,192,Sunday,14
Success,Prime Sedan,864,Saturday,12
Canceled by Customer,Prime Plus,106,Sunday,14
Canceled by Customer,Prime Plus,439,Monday,5
Canceled by Driver,Bike,977,Tuesday,18
Canceled by Customer,Prime SUV,713,Sunday,22
Canceled by Driver,Bike,385,Saturday,10
Success,Mini,238,Saturday,6
Success,Prime SUV,809,Thursday,14
Success,Bike,904,Monday,3
Success,eBike,403,Monday,23
Canceled by Driver,Bike,289,Saturday,19
Success,Prime SUV,178,Monday,6
Canceled by Driver,Auto,421,Tuesday,14
Success,Prime SUV,450,Friday,12
Success,Prime SUV,281,Saturday,15
Success,Prime SUV,549,Monday,6
Canceled by Driver,Prime Sedan,198,Wednesday,14
Canceled by Customer,eBike,494,Thursday,6
Success,Mini,1527,Thursday,7
Driver Not Found,Auto,174,Sunday,1
Success,Prime Plus,1360,Saturday,12
Success,Bike,499,Wednesday,19
Success,Bike,121,Saturday,2
Success,Auto,439,Friday,23
Success,Auto,419,Tuesday,16
Success,Auto,424,Sunday,11
Canceled by Driver,Prime Sedan,431,Thursday,6
Canceled by Driver,Prime Plus,805,Friday,11
Canceled by Customer,eBike,226,Saturday,11
Driver Not Found,Auto,550,Thursday,8
Success,Bike,486,Wednesday,22
Canceled by Driver,Auto,272,Saturday,16
Success,Prime SUV,310,Thursday,18
Driver Not Found,Prime Sedan,180,Sunday,22
Success,Prime Plus,777,Saturday,16
Canceled by Customer,Prime Sedan,468,Thursday,18
Success,Mini,282,Saturday,22
Success,Bike,263,Wednesday,3
Success,Prime Sedan,851,Thursday,7
Canceled by Driver,Prime Sedan,146,Saturday,4
Driver Not Found,Auto,935,Tuesday,4
Success,Mini,266,Thursday,2
Driver Not Found,Auto,330,Sunday,23
Success,Mini,219,Monday,11
Canceled by Driver,Prime Plus,297,Wednesday,21
Success,eBike,285,Saturday,5
Canceled by Driver,Prime Sedan,2282,Tuesday,6
Success,Prime Sedan,371,Thursday,8
Success,eBike,122,Tuesday,16
Driver Not Found,Mini,417,Wednesday,8
Canceled by Driver,eBike,463,Sunday,0
Canceled by Driver,Mini,412,Monday,22
Canceled by Driver,Prime Plus,192,Monday,14
Success,Prime SUV,765,Monday,12
Success,Bike,320,Monday,14
Success,Bike,574,Tuesday,5
Success,eBike,850,Tuesday,5
Success,Prime SUV,698,Monday,14
Canceled by Customer,Prime SUV,754,Monday,23
Driver Not Found,eBike,202,Monday,20
Success,Prime Plus,168,Saturday,0
Success,Bike,261,Thursday,14
Success,Bike,111,Wednesday,8
Canceled by Customer,eBike,257,Wednesday,8
Success,Mini,346,Monday,11
Canceled by Driver,Bike,157,Monday,4
Canceled by Driver,Mini,375,Thursday,19
Success,eBike,329,Thursday,13
Success,Prime Sedan,257,Thursday,13
Success,Bike,927,Tuesday,18
Canceled by Driver,Mini,367,Saturday,7
Canceled by Customer,Auto,1443,Monday,20
Canceled by Driver,eBike,870,Tuesday,10
Canceled by Driver,Prime Plus,160,Friday,8
Success,Prime Sedan,267,Friday,14
Canceled by Driver,Prime SUV,617,Friday,16
Success,eBike,494,Wednesday,11
Success,Prime SUV,313,Saturday,13
Success,Prime Plus,209,Tuesday,12
Success,Mini,316,Tuesday,3
Canceled by Customer,Prime Sedan,111,Thursday,18
Success,Prime Sedan,448,Saturday,18
Success,Bike,624,Thursday,2
Success,Bike,142,Monday,8
Canceled by Driver,Prime Plus,344,Thursday,21
Success,Bike,180,Thursday,18
Canceled by Driver,Prime Sedan,151,Saturday,6
Canceled by Customer,Auto,220,Friday,7
Success,Prime Plus,680,Friday,20
Success,Prime SUV,108,Wednesday,11
Driver Not Found,Prime SUV,207,Monday,12
Canceled by Driver,Prime SUV,526,Wednesday,17
Canceled by Customer,Prime Plus,956,Tuesday,11
Success,eBike,186,Wednesday,9
Canceled by Driver,Mini,402,Sunday,19
Canceled by Driver,Mini,134,Friday,10
Canceled by Customer,Prime Plus,152,Thursday,20
Success,eBike,328,Tuesday,19
Canceled by Customer,Prime SUV,276,Saturday,2
Success,Auto,446,Monday,7
Canceled by Driver,Auto,118,Tuesday,20
Success,Bike,262,Monday,17
Success,eBike,483,Tuesday,20
Success,Prime Sedan,586,Wednesday,19
Success,Auto,2504,Saturday,8
Success,Prime Sedan,682,Sunday,6
Canceled by Driver,eBike,475,Monday,22
Success,Prime Sedan,850,Sunday,8
Success,Prime Plus,398,Wednesday,3
Success,eBike,773,Tuesday,16
Success,Prime Sedan,369,Tuesday,2
Success,Bike,203,Friday,15
Success,Mini,202,Wednesday,1
Canceled by Driver,Auto,382,Friday,2
Success,eBike,369,Monday,17
Success,Mini,797,Saturday,20
Canceled by Driver,Prime Sedan,264,Monday,12
Success,Prime Plus,201,Friday,15
Success,eBike,309,Wednesday,6
Success,Prime Plus,900,Friday,5
Success,Mini,381,Wednesday,17
Success,Auto,406,Sunday,4
Success,Auto,179,Friday,1
Success,Bike,215,Thursday,15
Success,Mini,497,Monday,3
Success,eBike,334,Wednesday,15
Success,Prime Plus,205,Tuesday,13
Canceled by Driver,eBike,842,Monday,13
Canceled by Driver,Auto,1197,Thursday,8
Driver Not Found,Prime SUV,679,Sunday,9
Driver Not Found,eBike,1105,Monday,22
Success,Prime Plus,301,Tuesday,16
Canceled by Customer,Prime Plus,497,Monday,23
Success,eBike,461,Sunday,5
Canceled by Driver,Prime Sedan,350,Sunday,4
Success,Mini,200,Tuesday,0
Success,Prime Sedan,423,Sunday,14
Success,Auto,2430,Monday,8
Success,Prime SUV,410,Monday,7
Success,Bike,450,Sunday,20
Success,Mini,299,Monday,1
Success,Auto,493,Friday,0
Success,Prime SUV,395,Wednesday,13
Driver Not Found,Prime Plus,298,Sunday,15
Success,Prime Sedan,286,Tuesday,19
Success,Prime Plus,336,Sunday,6
Success,Bike,320,Tuesday,16
Success,Prime Plus,232,Sunday,22
Success,Prime SUV,259,Friday,22
Success,Bike,433,Tuesday,12
Success,eBike,156,Thursday,11
Driver Not Found,Prime Plus,993,Friday,16
Success,Auto,214,Monday,10
Driver Not Found,Bike,581,Tuesday,1
Driver Not Found,Mini,344,Friday,18
Success,Prime Plus,216,Sunday,2
Canceled by Driver,Prime Plus,202,Saturday,5
Success,Prime Plus,390,Wednesday,15
Driver Not Found,eBike,405,Friday,17
Driver Not Found,Prime Plus,175,Wednesday,23
Success,Mini,776,Saturday,22
Canceled by Driver,eBike,204,Monday,6
Canceled by Driver,eBike,1762,Sunday,8
Canceled by Customer,Prime Sedan,446,Tuesday,19
Success,Bike,472,Monday,22
Success,Prime Plus,861,Friday,4
Canceled by Driver,Mini,471,Saturday,12
Success,Prime SUV,250,Wednesday,16
Success,Auto,142,Tuesday,11
Success,Bike,2873,Tuesday,5
Success,Mini,389,Tuesday,21
Success,Prime Sedan,494,Wednesday,7
Canceled by Driver,eBike,323,Friday,9
Success,eBike,409,Wednesday,18
Canceled by Driver,Mini,456,Wednesday,20
Success,Auto,1305,Wednesday,4
Canceled by Customer,Mini,2602,Thursday,3
Success,Prime SUV,197,Sunday,12
Driver Not Found,Prime Plus,446,Wednesday,9
Driver Not Found,Bike,414,Monday,10
Canceled by Driver,Prime Sedan,154,Thursday,19
Success,Prime SUV,264,Friday,18
Success,Mini,432,Monday,13
Canceled by Customer,Mini,541,Saturday,6
Canceled by Driver,Prime SUV,374,Wednesday,17
Success,Prime Plus,929,Thursday,14
Canceled by Driver,Mini,376,Wednesday,0
Success,Prime Plus,697,Monday,10
Success,Prime Plus,184,Thursday,17
Driver Not Found,Bike,193,Thursday,7
Driver Not Found,Prime Sedan,353,Monday,10
Success,Prime Plus,249,Friday,15
Driver Not Found,Prime SUV,798,Friday,3
Success,Bike,615,Wednesday,7
Driver Not Found,Bike,148,Monday,1
Success,Prime SUV,209,Wednesday,7
Success,Bike,739,Friday,13
Success,Prime Sedan,453,Friday,17
Success,eBike,740,Wednesday,14
Success,Prime Sedan,394,Sunday,7
Driver Not Found,Mini,527,Friday,7
Driver Not Found,Prime Sedan,288,Monday,7
Success,eBike,463,Thursday,14
Success,Prime SUV,182,Saturday,6
Canceled by Driver,Bike,105,Tuesday,8
Success,eBike,189,Friday,16
Success,Auto,122,Friday,18
Success,eBike,320,Thursday,22
Success,Auto,475,Thursday,12
Canceled by Driver,Prime Plus,380,Saturday,21
Success,eBike,1199,Tuesday,2
Canceled by Driver,Bike,167,Thursday,21
Canceled by Driver,Auto,278,Wednesday,13
Canceled by Customer,Auto,216,Wednesday,13
Success,Prime Sedan,305,Saturday,15
Canceled by Driver,Bike,2749,Friday,23
Success,Bike,330,Tuesday,22
Success,Prime SUV,430,Monday,6
Canceled by Driver,Bike,320,Friday,22
Success,Bike,1573,Tuesday,21
Success,Prime Plus,489,Thursday,7
Success,Auto,605,Monday,19
Driver Not Found,Mini,423,Monday,7
Driver Not Found,Prime Sedan,354,Wednesday,3
Canceled by Driver,Prime SUV,283,Tuesday,2
Canceled by Driver,Bike,1869,Wednesday,8
Success,Prime Sedan,273,Saturday,6
Canceled by Customer,eBike,935,Friday,0
Success,Mini,186,Friday,7
Success,Prime SUV,197,Sunday,19
Canceled by Driver,Prime Plus,396,Tuesday,13
Success,Prime Sedan,157,Sunday,20
Success,Auto,146,Monday,8
Success,Prime SUV,358,Thursday,1
Success,Prime Sedan,899,Sunday,12
Success,Prime Sedan,313,Monday,0
Canceled by Driver,eBike,451,Saturday,4
Canceled by Driver,Bike,198,Monday,17
Canceled by Driver,eBike,858,Thursday,9
Driver Not Found,Prime Plus,348,Sunday,18
Success,Bike,958,Thursday,5
Success,eBike,134,Tuesday,4
Success,Prime SUV,347,Tuesday,6
Success,Prime Sedan,383,Monday,14
Success,Prime SUV,193,Wednesday,18
Canceled by Driver,Mini,163,Monday,14
Canceled by Driver,Prime SUV,178,Tuesday,17
Success,Prime Sedan,352,Saturday,17
Canceled by Driver,Bike,220,Friday,11
Canceled by Driver,eBike,330,Wednesday,8
Success,Mini,217,Sunday,18
Success,Prime Sedan,332,Friday,15
Canceled by Driver,Auto,342,Wednesday,14
Success,Mini,813,Wednesday,5
Success,eBike,102,Wednesday,8
Success,eBike,1856,Monday,11
Canceled by Driver,Mini,803,Friday,0
Driver Not Found,Prime SUV,598,Sunday,2
Canceled by Customer,eBike,216,Friday,14
Driver Not Found,Prime Plus,562,Wednesday,14
Canceled by Driver,Bike,816,Monday,18
Success,Prime SUV,272,Monday,17
Success,Bike,405,Monday,22
Success,Prime SUV,464,Monday,21
Canceled by Driver,Auto,226,Wednesday,17
Canceled by Driver,Prime Plus,222,Friday,17
Driver Not Found,Prime Sedan,119,Thursday,19
Success,Prime SUV,578,Friday,3
Success,Prime Sedan,213,Sunday,14
Success,Prime Plus,305,Tuesday,11
Success,eBike,608,Tuesday,0
Driver Not Found,eBike,114,Tuesday,19
Success,Prime Plus,156,Wednesday,21
Success,Mini,119,Tuesday,12
Driver Not Found,Prime SUV,139,Tuesday,18
Success,eBike,810,Monday,20
Success,Bike,450,Thursday,11
Success,Auto,256,Wednesday,1
Canceled by Customer,Prime SUV,2111,Thursday,9
Canceled by Customer,Prime Plus,470,Wednesday,6
Success,Prime Sedan,139,Saturday,8
Canceled by Driver,Prime Plus,651,Monday,23
Success,Prime SUV,1558,Sunday,14
Canceled by Customer,Prime SUV,249,Monday,13
Success,Prime SUV,508,Saturday,15
Canceled by Driver,Prime Plus,384,Friday,16
Driver Not Found,Prime SUV,350,Saturday,23
Success,eBike,210,Saturday,20
Success,eBike,906,Friday,17
Success,Mini,496,Sunday,5
Success,Auto,157,Saturday,8
Success,eBike,957,Saturday,11
Driver Not Found,Prime SUV,496,Saturday,21
Canceled by Driver,eBike,139,Tuesday,20
Success,Prime Plus,431,Monday,14
Success,Auto,176,Saturday,14
Success,Prime Plus,363,Monday,16
Driver Not Found,Prime Plus,440,Sunday,12
Success,Mini,368,Sunday,1
Canceled by Customer,Prime Sedan,490,Monday,0
Canceled by Driver,Mini,339,Monday,3
Success,Auto,277,Monday,4
Success,Prime Sedan,716,Sunday,11
Success,Prime SUV,1242,Sunday,21
Success,Prime Sedan,918,Sunday,2
Success,Auto,327,Wednesday,21
Success,Mini,163,Thursday,3
Success,Prime SUV,271,Thursday,18
Success,Prime SUV,495,Wednesday,19
Success,Auto,702,Monday,14
Success,Prime SUV,989,Wednesday,16
Success,Prime Plus,492,Sunday,1
Success,Bike,2728,Saturday,9
Success,eBike,741,Monday,20
Success,Mini,657,Thursday,14
Success,Mini,475,Tuesday,20
Driver Not Found,Prime SUV,352,Saturday,12
Success,Prime Plus,200,Monday,6
Driver Not Found,Prime Sedan,391,Friday,18
Success,Prime Plus,314,Monday,9
Canceled by Customer,Auto,171,Saturday,19
Success,Prime Plus,540,Thursday,10
Success,Prime SUV,744,Saturday,12
Success,Bike,291,Monday,10
Success,Prime SUV,490,Wednesday,3
Canceled by Customer,Mini,244,Tuesday,0
Canceled by Driver,Prime Plus,329,Monday,9
Canceled by Customer,Mini,467,Wednesday,14
Success,Auto,172,Monday,18
Canceled by Driver,eBike,532,Tuesday,22
Success,Mini,158,Friday,17
Driver Not Found,Prime Plus,204,Saturday,7
Canceled by Driver,Mini,171,Sunday,16
Canceled by Driver,Bike,267,Friday,5
Canceled by Driver,eBike,645,Monday,19
Success,Mini,335,Tuesday,7
Canceled by Driver,Prime Sedan,973,Saturday,17
Canceled by Customer,Prime Plus,806,Friday,12
Success,Auto,163,Monday,11
Canceled by Driver,Prime Plus,429,Wednesday,13
Success,Bike,230,Monday,9
Success,Auto,489,Saturday,3
Driver Not Found,Prime SUV,471,Saturday,21
Canceled by Customer,Prime Plus,1976,Saturday,1
Canceled by Customer,eBike,208,Friday,22
Success,eBike,417,Sunday,13
Success,Mini,1032,Tuesday,4
Success,Prime Plus,362,Tuesday,2
Success,Bike,320,Wednesday,4
Success,Prime SUV,265,Tuesday,21
Success,Bike,382,Thursday,14
Success,Mini,228,Tuesday,15
Success,eBike,1124,Friday,5
Success,Bike,1159,Monday,16
Driver Not Found,eBike,945,Wednesday,14
Success,Prime Plus,929,Sunday,7
Success,Mini,435,Thursday,21
Success,Bike,399,Sunday,21
Success,Mini,400,Friday,17
Canceled by Driver,Mini,452,Wednesday,11
Canceled by Driver,Prime Plus,372,Friday,11
Canceled by Customer,Prime Sedan,823,Wednesday,15
Success,Auto,422,Thursday,12
Success,Mini,500,Saturday,3
Success,Mini,374,Friday,7
Canceled by Customer,Prime SUV,380,Thursday,11
Canceled by Driver,eBike,387,Sunday,12
Success,Auto,2924,Thursday,5
Canceled by Driver,Prime Sedan,435,Wednesday,4
Canceled by Driver,eBike,878,Saturday,1
Success,Prime SUV,339,Monday,2
Success,eBike,470,Monday,13
Canceled by Driver,Auto,138,Saturday,6
Success,Mini,497,Thursday,15
Canceled by Driver,Bike,859,Wednesday,11
Success,Mini,173,Sunday,6
Canceled by Driver,Bike,486,Sunday,8
Success,eBike,447,Saturday,9
Success,Prime SUV,499,Saturday,7
Success,Bike,235,Thursday,7
Success,Prime SUV,486,Sunday,21
Canceled by Customer,Prime Sedan,374,Tuesday,2
Success,Prime Plus,589,Saturday,4
Success,Prime Plus,817,Saturday,8
Success,Auto,170,Thursday,22
Success,eBike,324,Sunday,21
Success,eBike,169,Thursday,18
Canceled by Driver,Prime Plus,216,Tuesday,14
Success,Bike,457,Tuesday,20
Canceled by Customer,eBike,359,Friday,21
Success,Prime SUV,424,Thursday,15
Success,Prime Sedan,306,Friday,17
Canceled by Driver,Auto,919,Wednesday,17
Success,Prime Sedan,2830,Sunday,6
Success,Prime Sedan,291,Sunday,2
Success,eBike,163,Saturday,14
Success,Bike,404,Thursday,13
Canceled by Driver,Mini,180,Thursday,23
Success,eBike,196,Saturday,11
Success,Bike,2938,Sunday,17
Canceled by Customer,Mini,360,Monday,2
Success,Prime Sedan,363,Friday,15
Success,Auto,304,Wednesday,1
Canceled by Customer,eBike,174,Tuesday,9
Success,Prime Sedan,361,Tuesday,7
Success,Prime Sedan,403,Monday,23
Success,Mini,2081,Wednesday,0
Success,Prime Sedan,117,Thursday,18
Canceled by Driver,Prime SUV,194,Friday,8
Success,Prime SUV,337,Tuesday,13
Canceled by Driver,Auto,907,Thursday,3
Success,Mini,453,Wednesday,0
Success,Bike,794,Tuesday,12
Driver Not Found,Auto,199,Monday,13
Canceled by Driver,Mini,336,Saturday,5
Driver Not Found,eBike,350,Wednesday,23
Success,eBike,2212,Thursday,15
Success,eBike,113,Friday,17
Success,Prime SUV,161,Monday,15
Success,Mini,900,Friday,19
Canceled by Customer,Auto,2198,Saturday,7
Canceled by Driver,Mini,990,Sunday,18
Success,Prime SUV,2436,Monday,23
Canceled by Driver,eBike,1372,Wednesday,5
Success,Prime SUV,926,Monday,11
Success,eBike,389,Friday,0
Success,Prime Plus,371,Monday,6
Canceled by Driver,Mini,135,Sunday,16
Success,Bike,835,Monday,13
Canceled by Customer,Prime Plus,431,Wednesday,22
Success,Prime Sedan,348,Monday,14
Canceled by Driver,Auto,341,Wednesday,8
Success,Prime Plus,137,Sunday,22
Success,Bike,339,Tuesday,18
Success,Bike,674,Tuesday,3
Success,Prime SUV,1214,Tuesday,14
Success,Auto,2683,Tuesday,16
Success,Auto,311,Friday,7
Driver Not Found,Prime SUV,119,Tuesday,1
Canceled by Driver,Bike,416,Thursday,23
Success,Prime SUV,109,Wednesday,2
Success,Prime Sedan,1429,Tuesday,11
Success,Prime SUV,101,Saturday,1
Success,Auto,305,Monday,0
Canceled by Customer,Bike,1528,Saturday,4
Success,Bike,271,Friday,16
Driver Not Found,Prime SUV,152,Sunday,10
Success,Prime Sedan,645,Saturday,16
Success,Bike,705,Saturday,15
Canceled by Customer,Prime SUV,512,Saturday,7
Success,eBike,639,Monday,9
Success,Prime SUV,385,Friday,7
Canceled by Driver,Mini,155,Tuesday,13
Success,Prime SUV,863,Saturday,12
Success,Prime Sedan,678,Wednesday,12
Success,Prime SUV,107,Friday,9
Success,eBike,431,Sunday,5
Success,eBike,727,Tuesday,16
Success,Bike,326,Sunday,20
Success,eBike,415,Tuesday,18
Success,Auto,300,Wednesday,2
Success,Prime Plus,333,Wednesday,1
Success,Auto,409,Friday,21
Canceled by Driver,Prime Sedan,1677,Wednesday,1
Canceled by Customer,Prime Sedan,711,Thursday,7
Success,eBike,844,Saturday,14
Canceled by Customer,Bike,225,Thursday,6
Success,Mini,486,Thursday,7
Success,Prime Sedan,1180,Wednesday,17
Success,Mini,111,Saturday,23
Success,Auto,754,Saturday,8
Success,Prime Sedan,384,Saturday,9
Canceled by Customer,Bike,493,Wednesday,22
Success,Prime SUV,118,Monday,14
Canceled by Driver,Auto,107,Monday,15
Success,Auto,546,Friday,7
Success,Bike,397,Wednesday,19
Success,Prime Plus,253,Wednesday,7
Driver Not Found,Prime SUV,296,Wednesday,8
Success,eBike,193,Tuesday,13
Success,Mini,854,Saturday,2
Canceled by Driver,eBike,923,Monday,15
Driver Not Found,Bike,397,Saturday,16
Success,Auto,2458,Thursday,15
Canceled by Driver,Mini,1680,Tuesday,6
Canceled by Customer,Bike,942,Thursday,22
Canceled by Driver,Bike,105,Thursday,11
Canceled by Customer,eBike,336,Wednesday,15
Canceled by Customer,Auto,969,Thursday,13
Canceled by Customer,Prime SUV,944,Monday,7
Canceled by Driver,Auto,524,Friday,5
Success,Prime Sedan,446,Sunday,6
Driver Not Found,Prime Sedan,335,Monday,2
Success,Prime SUV,362,Sunday,17
Canceled by Driver,Prime Plus,101,Thursday,2
Success,Prime SUV,497,Sunday,18
Canceled by Driver,Prime Plus,221,Friday,11
Success,Prime Plus,2494,Friday,3
Success,Mini,250,Tuesday,6
Canceled by Customer,Prime Plus,225,Sunday,4
Canceled by Driver,Auto,293,Tuesday,22
Success,Prime Sedan,325,Thursday,17
Success,Prime Plus,394,Friday,22
Success,Prime Plus,295,Wednesday,4
Canceled by Driver,Prime Sedan,386,Sunday,14
Success,Prime Plus,1801,Thursday,7
Canceled by Driver,Auto,131,Sunday,18
Success,Bike,197,Tuesday,1
Success,Bike,473,Tuesday,10
Success,Mini,365,Wednesday,18
Canceled by Customer,Prime Sedan,976,Wednesday,12
Success,Auto,191,Friday,2
Canceled by Customer,Mini,470,Thursday,9
Success,Bike,947,Tuesday,19
Success,Prime SUV,398,Thursday,11
Success,Bike,219,Sunday,2
Success,Mini,459,Sunday,16
Success,Mini,242,Monday,7
Success,Mini,488,Wednesday,5
Success,Mini,880,Saturday,16
Canceled by Customer,Auto,452,Tuesday,6
Canceled by Driver,Prime Plus,179,Wednesday,18
Success,Mini,494,Thursday,2
Canceled by Driver,Auto,190,Thursday,10
Success,Prime Plus,334,Saturday,8
Canceled by Driver,Bike,188,Monday,13
Success,Bike,434,Tuesday,23
Success,Prime Sedan,297,Sunday,8
Success,Bike,227,Friday,20
Canceled by Customer,Bike,109,Sunday,6
Success,eBike,999,Sunday,6
Success,eBike,153,Tuesday,14
Success,Prime Plus,163,Sunday,6
Canceled by Driver,Mini,681,Wednesday,21
Success,Auto,459,Thursday,3
Success,Auto,321,Thursday,17
Canceled by Customer,Bike,699,Saturday,13
Success,Prime SUV,384,Monday,21
Success,Prime Plus,467,Wednesday,23
Canceled by Customer,Prime Sedan,242,Tuesday,12
Success,Auto,738,Monday,15
Success,Bike,158,Friday,18
Success,Bike,138,Wednesday,22
Success,Bike,266,Friday,21
Driver Not Found,Prime Plus,288,Saturday,20
Success,Mini,328,Wednesday,2
Canceled by Customer,Mini,272,Tuesday,6
Canceled by Driver,Mini,150,Sunday,19
Canceled by Driver,Mini,544,Tuesday,21
Canceled by Driver,Bike,548,Tuesday,18
Success,eBike,278,Thursday,3
Success,Mini,156,Sunday,11
Canceled by Driver,Prime Sedan,2266,Thursday,21
Success,Prime SUV,679,Sunday,23
Canceled by Customer,Auto,700,Saturday,15
Canceled by Customer,Mini,208,Monday,1
Success,Bike,1196,Sunday,6
Driver Not Found,Bike,324,Tuesday,22
Success,eBike,270,Tuesday,8
Success,Mini,433,Tuesday,19
Success,Mini,376,Tuesday,15
Success,Auto,793,Sunday,16
Success,Prime SUV,439,Wednesday,4
Canceled by Driver,Bike,337,Friday,3
Canceled by Driver,eBike,480,Monday,8
Canceled by Customer,Mini,2101,Saturday,14
Success,Prime Plus,1538,Saturday,7
Success,eBike,2326,Wednesday,21
Driver Not Found,Mini,266,Saturday,12
Canceled by Driver,eBike,240,Tuesday,7
Canceled by Driver,Mini,1086,Monday,20
Success,Prime Sedan,176,Thursday,22
Canceled by Customer,Prime SUV,305,Wednesday,9
Driver Not Found,Prime Sedan,394,Saturday,13
Success,Bike,349,Tuesday,14
Driver Not Found,Prime Plus,307,Wednesday,11
Success,Prime Plus,361,Thursday,23
Success,eBike,445,Friday,14
Success,Mini,483,Thursday,23
Success,Bike,114,Monday,14
Success,Prime Sedan,992,Thursday,0
Success,Prime Plus,349,Saturday,6
Success,eBike,342,Friday,22
Canceled by Customer,eBike,1238,Friday,18
Canceled by Customer,Auto,964,Wednesday,14
Canceled by Customer,Bike,1181,Monday,19
Success,Mini,443,Wednesday,19
Success,Auto,483,Monday,19
Driver Not Found,eBike,137,Sunday,9
Canceled by Driver,Bike,223,Wednesday,4
Success,Auto,231,Sunday,14
Canceled by Driver,Prime SUV,646,Saturday,12
Success,Prime SUV,179,Wednesday,21
Success,Prime Plus,675,Tuesday,22
Success,Mini,199,Sunday,3
Success,Mini,311,Tuesday,23
Success,eBike,332,Monday,1
Success,Auto,1037,Sunday,12
Driver Not Found,Auto,680,Monday,18
Canceled by Customer,Mini,252,Saturday,3
Success,Prime Plus,314,Sunday,21
Success,eBike,2493,Sunday,11
Success,Prime Plus,309,Monday,20
Success,Prime Plus,138,Saturday,7
Canceled by Driver,Prime SUV,1219,Saturday,16
Success,Prime Plus,155,Thursday,15
Success,eBike,460,Wednesday,4
Success,Prime Sedan,2067,Saturday,22
Driver Not Found,eBike,497,Wednesday,21
Canceled by Customer,Prime SUV,2041,Saturday,13
Success,Prime Plus,224,Thursday,2
Success,Auto,383,Sunday,19
Canceled by Driver,Prime Plus,769,Saturday,11
Canceled by Driver,Prime Plus,405,Thursday,22
Canceled by Driver,Bike,312,Monday,18
Canceled by Driver,Auto,781,Wednesday,19
Success,eBike,906,Wednesday,2
Canceled by Driver,Prime Plus,270,Monday,3
Success,Prime Sedan,865,Thursday,20
Success,Auto,391,Wednesday,6
Canceled by Customer,Auto,1537,Sunday,0
Canceled by Customer,Prime Plus,139,Wednesday,10
Canceled by Driver,Auto,420,Wednesday,20
Canceled by Customer,Bike,143,Friday,7
Success,Bike,384,Thursday,7
Canceled by Driver,Bike,628,Wednesday,10
Success,Auto,329,Saturday,1
Success,Bike,126,Tuesday,5
Canceled by Driver,Prime SUV,137,Saturday,0
Success,Auto,307,Tuesday,10
Success,Bike,496,Friday,3
Success,eBike,488,Saturday,21
Driver Not Found,Prime SUV,334,Monday,20
Canceled by Customer,Prime Sedan,837,Monday,18
Success,Prime SUV,281,Friday,8
Success,Auto,478,Saturday,22
Success,Auto,377,Tuesday,3
Canceled by Customer,eBike,421,Thursday,17
Success,Prime SUV,436,Friday,17
Canceled by Driver,Prime SUV,856,Sunday,1
Canceled by Driver,Prime Sedan,1609,Tuesday,2
Driver Not Found,Mini,419,Wednesday,12
Canceled by Customer,Mini,322,Thursday,5
Success,Mini,177,Thursday,21
Driver Not Found,Bike,139,Thursday,2
Canceled by Driver,Auto,887,Wednesday,14
Canceled by Driver,eBike,320,Saturday,11
Success,Auto,452,Saturday,23
Driver Not Found,Auto,899,Friday,12
Driver Not Found,Prime SUV,443,Wednesday,12
Success,Prime Plus,142,Sunday,13
Success,Bike,360,Friday,1
Canceled by Driver,Prime SUV,438,Sunday,0
Success,Mini,103,Friday,20
Canceled by Driver,Prime Plus,1473,Sunday,17
Canceled by Customer,Prime SUV,175,Wednesday,23
Canceled by Customer,Bike,196,Wednesday,17
Success,Prime Sedan,302,Sunday,23
Success,Mini,442,Sunday,21
Success,Bike,192,Thursday,10
Success,Auto,246,Thursday,11
Canceled by Driver,eBike,1902,Friday,14
Success,Prime Plus,786,Monday,21
Success,Prime SUV,412,Saturday,11
Canceled by Driver,Prime Plus,139,Saturday,9
Success,Prime Plus,431,Monday,19
Success,eBike,269,Thursday,10
Canceled by Customer,Prime Sedan,189,Thursday,5
Success,Prime Plus,791,Monday,0
Success,Prime SUV,301,Friday,14
Success,Bike,1944,Wednesday,18
Success,Auto,1922,Saturday,15
Success,Prime Sedan,953,Saturday,17
Success,Prime Plus,462,Tuesday,21
Success,Prime Plus,208,Thursday,19
Canceled by Driver,eBike,199,Saturday,18
Success,Auto,499,Sunday,21
Success,Prime SUV,149,Friday,1
Success,Prime Plus,773,Sunday,11
Success,Prime Sedan,487,Monday,0
Canceled by Customer,Prime Plus,343,Tuesday,16
Canceled by Customer,Bike,664,Saturday,7
Canceled by Driver,Bike,471,Friday,23
Success,Bike,400,Monday,11
Success,Prime Sedan,433,Saturday,9
Driver Not Found,Prime Plus,286,Sunday,12
Canceled by Driver,Auto,474,Saturday,17
Canceled by Driver,eBike,178,Wednesday,10
Driver Not Found,Prime Plus,144,Monday,22
Success,Prime SUV,348,Tuesday,17
Success,Bike,398,Monday,16
Canceled by Customer,Prime Plus,707,Tuesday,6
Success,Mini,420,Tuesday,13
Success,Bike,484,Monday,17
Canceled by Customer,eBike,746,Tuesday,17
Success,Prime SUV,183,Saturday,5
Canceled by Driver,Prime Plus,406,Tuesday,22
Success,Prime Plus,335,Wednesday,8
Canceled by Customer,eBike,461,Sunday,0
Success,Prime SUV,662,Wednesday,5
Success,Prime Plus,325,Saturday,1
Success,Prime SUV,249,Thursday,4
Canceled by Driver,Bike,1520,Wednesday,19
Success,Mini,248,Friday,3
Success,eBike,326,Tuesday,21
Canceled by Driver,Prime Plus,231,Thursday,14
Success,Bike,368,Wednesday,16
Success,eBike,160,Saturday,6
Canceled by Customer,Prime SUV,371,Tuesday,11
Success,Prime Sedan,456,Monday,19
Success,Prime Plus,125,Saturday,14
Canceled by Driver,Prime Plus,550,Thursday,23
Driver Not Found,Prime Sedan,491,Monday,23
Success,Prime Plus,157,Saturday,2
Driver Not Found,Mini,263,Tuesday,14
Driver Not Found,Prime Sedan,109,Tuesday,1
Driver Not Found,Mini,863,Wednesday,9
Success,Prime SUV,304,Wednesday,8
Success,Prime SUV,193,Tuesday,21
Success,Prime SUV,299,Tuesday,15
Success,Prime SUV,523,Friday,14
Success,Prime Plus,464,Thursday,16
Canceled by Customer,eBike,813,Tuesday,1
Canceled by Customer,Prime Sedan,1740,Thursday,4
Canceled by Driver,Auto,168,Friday,14
Success,Bike,486,Monday,15
Canceled by Customer,Prime Plus,392,Monday,4
Success,Prime Plus,272,Saturday,0
Success,Prime Plus,423,Tuesday,20
Success,Prime Sedan,477,Saturday,11
Success,Prime SUV,453,Wednesday,5
Success,Prime Plus,100,Tuesday,3
Driver Not Found,eBike,251,Tuesday,7
Success,Prime Plus,296,Monday,17
Success,Prime Sedan,1357,Thursday,10
Canceled by Driver,Prime Plus,161,Saturday,22
Success,Auto,227,Sunday,7
Canceled by Driver,Bike,590,Wednesday,1
Canceled by Customer,Prime SUV,490,Thursday,22
Canceled by Customer,Prime Sedan,107,Wednesday,17
Canceled by Driver,Prime Plus,113,Thursday,20
Canceled by Driver,Prime Plus,432,Monday,9
Success,Auto,113,Wednesday,11
Canceled by Driver,Bike,338,Sunday,19
Canceled by Driver,Prime Sedan,425,Friday,21
Success,Prime Sedan,984,Monday,12
Canceled by Driver,Prime SUV,443,Monday,0
Success,eBike,1772,Friday,17
Canceled by Customer,Prime Plus,167,Sunday,10
Success,Bike,302,Thursday,0
Success,Auto,1739,Tuesday,13
Canceled by Driver,Prime SUV,426,Wednesday,2
Canceled by Driver,Prime SUV,255,Wednesday,21
Success,Auto,460,Tuesday,22
Success,eBike,482,Sunday,14
Success,eBike,349,Saturday,23
Canceled by Driver,Prime SUV,414,Wednesday,23
Success,Prime SUV,910,Tuesday,9
Success,Prime SUV,312,Wednesday,5
Canceled by Driver,Mini,244,Monday,4
Success,eBike,149,Sunday,17
Canceled by Driver,Prime SUV,473,Monday,17
Success,Bike,2112,Friday,18
Success,Bike,424,Tuesday,3
Success,eBike,1643,Tuesday,21
Success,eBike,233,Wednesday,18
Canceled by Driver,Auto,1793,Tuesday,13
Success,Prime Sedan,270,Tuesday,2
Success,Prime SUV,140,Saturday,1
Success,eBike,456,Sunday,8
Success,Prime Plus,813,Tuesday,0
Canceled by Customer,eBike,127,Sunday,21
Driver Not Found,Auto,807,Thursday,12
Driver Not Found,Prime Plus,658,Sunday,21
Success,Bike,404,Friday,10
Success,Prime SUV,328,Friday,23
Canceled by Customer,eBike,115,Friday,18
Success,Prime Plus,491,Sunday,2
Success,Bike,262,Tuesday,4
Canceled by Customer,eBike,339,Wednesday,19
Canceled by Customer,Mini,263,Thursday,14
Driver Not Found,Mini,131,Tuesday,8
Canceled by Driver,Prime Plus,822,Wednesday,9
Success,Prime Plus,2038,Sunday,14
Canceled by Driver,Mini,305,Monday,12
Success,Auto,423,Saturday,23
Driver Not Found,eBike,470,Monday,20
Success,Bike,460,Tuesday,20
Canceled by Customer,Mini,116,Wednesday,16
Success,Mini,669,Thursday,10
Canceled by Customer,Auto,461,Sunday,22
Success,Bike,582,Monday,6
Canceled by Customer,Mini,112,Monday,4
Success,eBike,153,Sunday,17
Success,Bike,2728,Friday,23
Success,Prime SUV,491,Wednesday,19
Success,Prime SUV,2423,Tuesday,12
Success,Prime Sedan,999,Thursday,18
Canceled by Driver,Prime Plus,1407,Thursday,22
Success,Bike,473,Sunday,9
Driver Not Found,Prime Sedan,435,Friday,21
Success,Prime Plus,132,Tuesday,16
Success,Prime SUV,884,Saturday,6
Success,Prime Plus,203,Saturday,11
Success,eBike,518,Saturday,13
Success,Prime Sedan,526,Wednesday,16
Driver Not Found,Prime Sedan,182,Monday,18
Canceled by Customer,Prime Plus,475,Tuesday,19
Success,Mini,387,Sunday,10
Driver Not Found,Prime Plus,402,Wednesday,16
Success,Prime Sedan,638,Wednesday,8
Canceled by Driver,Bike,155,Thursday,8
Success,Prime Sedan,866,Friday,19
Success,Prime Plus,479,Friday,21
Canceled by Driver,Bike,313,Saturday,2
Success,Bike,1567,Wednesday,9
Success,eBike,346,Monday,17
Canceled by Driver,Prime Plus,422,Thursday,16
Success,Prime Plus,495,Monday,9
Success,Mini,810,Friday,21
Canceled by Driver,Prime SUV,950,Thursday,18
Success,Bike,136,Friday,8
Success,Mini,236,Monday,4
Canceled by Driver,Prime SUV,149,Tuesday,22
Success,Bike,289,Friday,3
Driver Not Found,eBike,143,Thursday,8
Success,Auto,332,Saturday,20
Success,Prime Plus,272,Sunday,18
Canceled by Driver,Bike,105,Wednesday,14
Success,Bike,806,Monday,10
Success,Prime Sedan,516,Tuesday,16
Success,Bike,580,Friday,21
Driver Not Found,eBike,279,Wednesday,20
Driver Not Found,Mini,317,Monday,21
Canceled by Driver,Auto,992,Tuesday,0
Success,Auto,149,Monday,3
Success,Bike,167,Saturday,22
Success,Prime Sedan,350,Monday,17
Canceled by Customer,eBike,204,Sunday,8
Canceled by Customer,Mini,140,Tuesday,17
Success,Auto,838,Tuesday,9
Success,Prime Plus,704,Saturday,0
Success,eBike,142,Sunday,2
Success,eBike,691,Saturday,11
Success,Prime Plus,200,Monday,22
Success,Prime Plus,632,Saturday,11
Success,eBike,420,Wednesday,10
Success,Bike,423,Tuesday,2
Success,Prime SUV,274,Thursday,3
Success,Mini,855,Saturday,23
Driver Not Found,Prime Plus,422,Friday,16
Canceled by Customer,Prime SUV,335,Saturday,0
Success,Mini,399,Tuesday,1
Success,Prime SUV,830,Wednesday,2
Driver Not Found,Bike,431,Monday,12
Success,Mini,1155,Saturday,6
Success,Auto,955,Thursday,5
Driver Not Found,Auto,1043,Sunday,5
Driver Not Found,eBike,217,Tuesday,8
Driver Not Found,Auto,223,Monday,1
Success,Bike,242,Wednesday,12
Canceled by Driver,Auto,970,Thursday,21
Success,Prime Plus,151,Tuesday,2
Success,Prime Plus,163,Sunday,3
Canceled by Driver,Mini,269,Wednesday,12
Canceled by Driver,Prime Sedan,451,Wednesday,16
Success,eBike,1032,Wednesday,8
Canceled by Driver,Mini,419,Sunday,9
Success,Prime SUV,137,Thursday,22
Success,Prime SUV,348,Tuesday,17
Success,Auto,414,Saturday,5
Driver Not Found,Auto,398,Thursday,5
Canceled by Driver,Prime SUV,221,Wednesday,6
Success,Prime Plus,340,Saturday,0
Canceled by Customer,Mini,315,Wednesday,11
Canceled by Driver,Prime SUV,292,Monday,22
Success,Prime Sedan,632,Tuesday,18
Success,Prime Plus,175,Sunday,0
Success,Prime Sedan,314,Monday,10
Success,Bike,1141,Wednesday,9
Success,Prime Sedan,440,Wednesday,6
Success,Prime Plus,359,Tuesday,9
Success,eBike,406,Sunday,19
Success,Prime SUV,428,Tuesday,20
Success,Bike,480,Thursday,20
Success,Prime SUV,621,Monday,18
Driver Not Found,Prime Sedan,379,Tuesday,21
Success,Bike,859,Wednesday,11
Success,Prime Plus,574,Monday,18
Success,Bike,450,Saturday,14
Success,Bike,2800,Wednesday,6
Success,Auto,131,Thursday,6
Success,Prime Plus,853,Thursday,0
Success,Prime Sedan,512,Tuesday,0
Canceled by Customer,Mini,162,Monday,14
Driver Not Found,eBike,244,Saturday,8
Driver Not Found,Auto,518,Sunday,16
Success,Prime Plus,1335,Sunday,23
Success,Prime Plus,350,Monday,6
Canceled by Driver,Prime Plus,683,Friday,22
Driver Not Found,Mini,391,Tuesday,21
Canceled by Driver,Auto,189,Monday,6
Success,Prime Sedan,231,Sunday,12
Canceled by Customer,Auto,238,Thursday,21
Success,eBike,325,Friday,8
Success,eBike,439,Sunday,4
Driver Not Found,Mini,153,Thursday,22
Driver Not Found,Prime Plus,418,Wednesday,23
Canceled by Driver,Prime SUV,520,Tuesday,16
Driver Not Found,Prime SUV,142,Tuesday,6
Driver Not Found,Prime Plus,366,Tuesday,13
Success,Prime SUV,576,Saturday,17
Success,Prime Sedan,339,Tuesday,19
Success,Prime Sedan,275,Friday,18
Success,Bike,972,Monday,18
Success,Prime SUV,174,Sunday,9
Canceled by Driver,eBike,1303,Wednesday,12
Canceled by Customer,Auto,137,Wednesday,3
Success,Prime SUV,313,Monday,5
Canceled by Customer,eBike,412,Monday,22
Canceled by Driver,Prime SUV,372,Sunday,18
Success,Prime Sedan,302,Sunday,11
Driver Not Found,Prime Sedan,314,Monday,15
Success,Mini,460,Sunday,4
Canceled by Customer,Prime Plus,350,Saturday,13
Canceled by Customer,Prime Sedan,306,Saturday,16
Driver Not Found,Auto,397,Wednesday,16
Canceled by Driver,Prime Sedan,123,Sunday,11
Driver Not Found,Auto,469,Thursday,3
Success,Auto,244,Thursday,16
Success,Bike,421,Wednesday,8
Canceled by Driver,Bike,117,Tuesday,16
Driver Not Found,Prime Plus,289,Tuesday,11
Success,Prime Plus,277,Thursday,11
Success,Prime SUV,209,Friday,6
Success,Prime Sedan,433,Thursday,23
Success,eBike,314,Sunday,5
Driver Not Found,Prime Plus,393,Tuesday,1
Driver Not Found,Bike,666,Monday,3
Success,Mini,451,Saturday,5
Success,Prime Sedan,436,Wednesday,2
Canceled by Customer,Prime Sedan,209,Friday,15
Canceled by Driver,Mini,408,Tuesday,6
Success,Mini,100,Tuesday,5
Canceled by Driver,Prime Plus,440,Monday,0
Success,Mini,795,Friday,17
Canceled by Customer,eBike,483,Wednesday,13
Success,Prime SUV,144,Saturday,23
Success,eBike,1194,Tuesday,21
Success,Bike,263,Saturday,8
Success,Auto,165,Thursday,12
Success,Auto,156,Monday,12
Success,Bike,865,Wednesday,13
Success,eBike,312,Wednesday,16
Success,eBike,410,Saturday,8
Driver Not Found,Auto,476,Tuesday,17
Success,Mini,187,Wednesday,14
Success,Mini,132,Wednesday,2
Success,Prime SUV,2848,Wednesday,2
Success,Bike,430,Friday,8
Driver Not Found,Bike,631,Wednesday,19
Success,Prime SUV,361,Thursday,22
Success,Prime SUV,503,Thursday,22
Driver Not Found,Bike,214,Sunday,21
Success,eBike,602,Saturday,17
Success,Mini,552,Thursday,19
Canceled by Driver,Mini,391,Thursday,15
Success,Auto,674,Tuesday,19
Success,Prime Plus,787,Friday,5
Success,Prime SUV,377,Monday,4
Success,Bike,405,Saturday,16
Success,Prime Plus,1480,Monday,15
Canceled by Customer,Prime Plus,2488,Tuesday,6
Success,Prime SUV,402,Tuesday,4
Success,eBike,251,Sunday,11
Canceled by Driver,Prime SUV,143,Tuesday,8
Success,eBike,195,Friday,12
Success,Bike,370,Thursday,19
Success,Prime Sedan,852,Friday,8
Canceled by Driver,Prime SUV,2322,Monday,17
Success,Prime Plus,483,Tuesday,19
Driver Not Found,eBike,994,Sunday,1
Success,Mini,309,Monday,12
Canceled by Driver,Auto,140,Friday,12
Driver Not Found,Prime SUV,258,Saturday,12
Success,Bike,984,Thursday,19
Success,Auto,713,Sunday,2
Success,eBike,339,Sunday,15
Success,eBike,2766,Tuesday,11
Success,Bike,906,Monday,17
Driver Not Found,eBike,490,Sunday,7
Driver Not Found,Mini,2785,Tuesday,2
Canceled by Customer,Auto,1681,Sunday,23
Success,Mini,456,Tuesday,14
Success,Mini,923,Thursday,6
Success,Prime Sedan,662,Thursday,8
Success,Prime Plus,651,Monday,0
Success,Bike,839,Monday,4
Canceled by Driver,Prime Sedan,269,Wednesday,9
Success,Prime Plus,244,Wednesday,7
Success,Prime Sedan,345,Wednesday,4
Success,Prime Plus,217,Monday,23
Canceled by Driver,Auto,194,Thursday,17
Success,Prime Sedan,470,Friday,16
Success,Mini,381,Wednesday,4
Success,Prime Sedan,312,Thursday,9
Success,Mini,590,Wednesday,19
Canceled by Driver,Auto,205,Wednesday,1
Driver Not Found,Bike,262,Tuesday,10
Success,Bike,437,Thursday,20
Canceled by Customer,eBike,190,Friday,22
Success,eBike,398,Wednesday,2
Canceled by Driver,Prime Plus,174,Tuesday,1
Success,eBike,942,Friday,11
Canceled by Driver,Bike,399,Wednesday,3
Success,Prime Plus,374,Monday,15
Success,Prime Sedan,871,Friday,13
Driver Not Found,Prime SUV,153,Thursday,14
Success,Bike,215,Thursday,12
Success,Auto,445,Tuesday,0
Driver Not Found,Bike,153,Thursday,23
Success,Bike,373,Tuesday,17
Success,Prime SUV,804,Sunday,21
Success,Mini,707,Sunday,5
Canceled by Customer,Mini,351,Wednesday,12
Success,Prime Sedan,347,Monday,8
Success,eBike,183,Sunday,1
Success,Bike,323,Tuesday,21
Success,Bike,235,Thursday,23
Success,Bike,816,Wednesday,12
Success,Prime Plus,359,Wednesday,6
Canceled by Driver,Prime Sedan,225,Tuesday,17
Canceled by Customer,Prime SUV,1723,Wednesday,17
Success,Bike,507,Saturday,20
Success,Prime Plus,2467,Wednesday,11
Canceled by Driver,eBike,320,Sunday,16
Success,Prime SUV,173,Friday,23
Canceled by Driver,Prime SUV,799,Sunday,18
Canceled by Customer,Mini,368,Friday,6
Canceled by Driver,Mini,197,Thursday,13
Success,Prime Plus,283,Friday,21
Success,eBike,273,Saturday,4
Success,Mini,917,Thursday,8
Canceled by Driver,Bike,267,Sunday,21
Success,eBike,934,Tuesday,19
Success,Auto,403,Wednesday,23
Success,Auto,393,Monday,19
Success,Bike,152,Friday,13
Success,Bike,103,Saturday,5
Success,Auto,401,Monday,14
Success,Prime Sedan,484,Sunday,6
Canceled by Driver,Prime Plus,131,Tuesday,9
Success,Prime SUV,1185,Friday,5
Success,Prime Sedan,2680,Thursday,0
Success,Bike,2383,Saturday,18
Driver Not Found,Prime Sedan,113,Wednesday,11
Success,Prime Plus,904,Tuesday,14
Success,Prime Plus,341,Wednesday,17
Success,Prime Plus,941,Monday,3
Canceled by Driver,Prime Sedan,456,Sunday,6
Success,Prime SUV,394,Friday,22
Success,Bike,242,Wednesday,20
Success,eBike,481,Monday,13
Success,eBike,179,Tuesday,11
Success,eBike,367,Monday,21
Success,Bike,673,Tuesday,10
Success,Auto,1391,Thursday,10
Success,eBike,805,Monday,14
Success,Auto,206,Friday,5
Canceled by Customer,eBike,1491,Sunday,12
Success,Auto,249,Sunday,5
Success,eBike,248,Tuesday,6
Success,Prime SUV,454,Tuesday,4
Canceled by Driver,Prime SUV,755,Saturday,6
Success,Prime Sedan,370,Saturday,2
Success,Prime SUV,660,Thursday,20
Success,Bike,455,Saturday,22
Success,Prime Sedan,432,Friday,15
Driver Not Found,Mini,823,Wednesday,18
Success,Mini,465,Sunday,3
Success,Prime Plus,450,Wednesday,10
Success,Prime Plus,909,Saturday,14
Canceled by Driver,Mini,466,Wednesday,4
Driver Not Found,Bike,459,Wednesday,22
Canceled by Driver,Prime SUV,468,Thursday,23
Success,Prime Sedan,912,Saturday,8
Success,Prime SUV,267,Wednesday,4
Success,Prime Sedan,169,Thursday,18
Success,Prime SUV,324,Tuesday,4
Success,Prime Plus,401,Tuesday,5
Success,Prime SUV,2149,Thursday,8
Canceled by Customer,eBike,357,Tuesday,23
Success,Prime Sedan,379,Friday,15
Canceled by Driver,Mini,1040,Saturday,11
Canceled by Driver,Mini,264,Wednesday,10
Success,Auto,106,Tuesday,2
Driver Not Found,Prime SUV,935,Wednesday,16
Success,Bike,452,Wednesday,7
Driver Not Found,Prime Plus,290,Wednesday,3
Success,Prime Sedan,505,Monday,8
Success,Prime SUV,367,Saturday,22
Success,Prime Plus,208,Thursday,15
Success,Auto,694,Monday,9
Success,Prime SUV,251,Thursday,13
Canceled by Driver,Mini,431,Tuesday,4
Success,Mini,1941,Monday,0
Success,Auto,138,Thursday,12
Success,Bike,491,Wednesday,17
Canceled by Driver,eBike,1569,Wednesday,10
Success,Bike,2202,Friday,8
Success,Auto,244,Sunday,22
Canceled by Driver,eBike,184,Wednesday,22
Success,Prime Plus,699,Friday,9
Driver Not Found,Prime SUV,285,Thursday,2
Success,Prime Sedan,2145,Saturday,12
Canceled by Driver,eBike,359,Friday,8
Canceled by Customer,Mini,814,Monday,15
Success,eBike,1289,Wednesday,10
Canceled by Driver,Prime SUV,931,Friday,4
Canceled by Driver,Mini,898,Monday,22
Success,Prime SUV,190,Wednesday,15
Success,eBike,403,Saturday,12
Canceled by Driver,Prime SUV,441,Wednesday,22
Success,Auto,473,Sunday,20
Success,Mini,387,Tuesday,2
Canceled by Driver,eBike,220,Monday,19
Canceled by Customer,eBike,324,Saturday,12
Driver Not Found,Prime Plus,420,Tuesday,18
Success,Prime Sedan,751,Tuesday,15
Success,Prime Plus,270,Monday,4
Canceled by Driver,eBike,258,Thursday,21
Canceled by Driver,eBike,226,Wednesday,3
Success,Auto,387,Friday,7
Success,Prime Sedan,393,Monday,6
Success,Prime Plus,974,Monday,5
Success,Mini,363,Friday,12
Success,Prime SUV,895,Thursday,20
Canceled by Driver,Mini,906,Wednesday,2
Success,Auto,196,Saturday,11
Success,Prime Sedan,139,Wednesday,11
Success,Mini,150,Monday,11
Canceled by Customer,Auto,204,Saturday,16
Success,Bike,419,Tuesday,20
Success,Prime Plus,970,Wednesday,2
Canceled by Customer,Prime Plus,220,Saturday,7
Success,Mini,263,Sunday,4
Success,eBike,213,Thursday,16
Success,Mini,842,Wednesday,12
Success,Mini,335,Monday,7
Canceled by Customer,Prime SUV,284,Friday,20
Success,Prime SUV,1402,Monday,16
Canceled by Driver,Mini,411,Monday,20
Success,Prime Plus,339,Tuesday,7
Success,Prime Sedan,368,Wednesday,15
Success,Prime Sedan,327,Monday,7
Success,Bike,331,Wednesday,19
Driver Not Found,Prime Sedan,984,Wednesday,16
Canceled by Customer,Prime Sedan,1210,Monday,19
Success,eBike,235,Friday,18
Canceled by Driver,eBike,192,Friday,7
Canceled by Driver,Prime Plus,378,Monday,18
Canceled by Driver,eBike,1859,Sunday,12
Success,Mini,150,Saturday,2
Canceled by Driver,Prime Plus,310,Tuesday,15
Canceled by Driver,Mini,466,Thursday,8
Success,Auto,1283,Wednesday,21
Success,Mini,177,Saturday,15
Success,Mini,870,Monday,2
Success,Prime Plus,380,Tuesday,18
Success,Prime Sedan,2733,Sunday,11
Canceled by Customer,Prime Sedan,487,Friday,9
Canceled by Driver,Auto,111,Wednesday,22
Success,Prime Sedan,232,Monday,19
Success,Mini,308,Thursday,13
Success,eBike,185,Wednesday,3
Canceled by Customer,eBike,444,Thursday,21
Success,Prime Sedan,179,Wednesday,3
Driver Not Found,Prime SUV,2718,Tuesday,11
Canceled by Customer,Bike,198,Sunday,4
Canceled by Customer,Mini,230,Saturday,13
Success,Auto,291,Sunday,9
Success,eBike,291,Tuesday,5
Success,Prime Plus,440,Friday,7
Success,Bike,943,Wednesday,9
Success,Mini,827,Sunday,0
Canceled by Driver,Auto,172,Sunday,21
Canceled by Customer,Prime Plus,131,Saturday,6
Success,Auto,733,Wednesday,1
Driver Not Found,Auto,328,Monday,16
Canceled by Driver,Bike,351,Tuesday,13
Success,Bike,891,Tuesday,13
Success,Prime SUV,397,Sunday,6
Canceled by Driver,Prime Plus,381,Friday,8
Driver Not Found,Prime SUV,460,Saturday,19
Success,Bike,2355,Monday,7
Success,Prime Plus,334,Tuesday,3
Success,Auto,271,Wednesday,2
Success,Prime Sedan,318,Tuesday,7
Canceled by Driver,Auto,1419,Tuesday,11
Success,Bike,474,Thursday,19
Success,Auto,1121,Saturday,19
Success,Prime SUV,1534,Saturday,13
Driver Not Found,Prime SUV,2164,Friday,11
Success,Prime Sedan,1220,Thursday,6
Success,Prime Plus,325,Thursday,8
Canceled by Customer,eBike,2047,Saturday,19
Canceled by Customer,eBike,316,Friday,3
Canceled by Driver,Prime SUV,881,Monday,2
Canceled by Customer,Mini,416,Tuesday,3
Success,Prime Plus,395,Sunday,6
Success,Auto,1696,Thursday,6
Success,Prime Plus,169,Friday,9
Canceled by Driver,Prime Plus,267,Sunday,7
Success,Prime Sedan,827,Friday,2
Success,Prime Sedan,193,Sunday,22
Success,Bike,283,Monday,11
Success,Mini,227,Tuesday,23
Success,Mini,427,Tuesday,6
Success,Mini,197,Sunday,17
Success,eBike,496,Wednesday,17
Success,Prime Plus,158,Wednesday,14
Canceled by Driver,Prime Plus,629,Tuesday,15
Success,Prime Sedan,756,Thursday,15
Canceled by Customer,Prime Sedan,477,Thursday,21
Canceled by Driver,Mini,254,Monday,20
Success,Prime SUV,2557,Saturday,15
Canceled by Driver,Prime SUV,101,Sunday,18
Success,Prime Sedan,391,Friday,20
Canceled by Driver,Mini,382,Thursday,9
Success,eBike,435,Tuesday,5
Success,Auto,595,Sunday,10
Success,eBike,655,Tuesday,16
Canceled by Driver,Auto,406,Wednesday,11
Canceled by Driver,Prime Sedan,246,Friday,19
Success,Auto,349,Wednesday,14
Canceled by Driver,eBike,498,Tuesday,13
Canceled by Driver,Prime SUV,468,Sunday,22
Canceled by Driver,Bike,445,Tuesday,11
Canceled by Customer,eBike,698,Sunday,0
Canceled by Driver,Prime SUV,495,Wednesday,16
Success,Mini,765,Monday,21
Canceled by Driver,eBike,247,Tuesday,19
Success,Prime Sedan,304,Monday,16
Success,Prime Plus,269,Friday,19
Canceled by Customer,Prime SUV,318,Saturday,8
Success,Bike,2180,Thursday,0
Success,eBike,409,Saturday,14
Success,Prime Sedan,865,Wednesday,20
Canceled by Driver,Mini,480,Tuesday,7
Success,eBike,435,Saturday,7
Success,Prime SUV,203,Thursday,20
Success,eBike,527,Tuesday,14
Driver Not Found,Prime Plus,335,Tuesday,16
Success,Prime SUV,898,Friday,9
Success,Prime Sedan,423,Saturday,2
Success,eBike,498,Sunday,12
Canceled by Driver,Prime Sedan,322,Thursday,5
Success,Prime Sedan,128,Thursday,23
Driver Not Found,Auto,1735,Tuesday,6
Canceled by Driver,Prime SUV,754,Saturday,21
Canceled by Driver,eBike,226,Friday,5
Success,Auto,350,Thursday,7
Success,Prime Plus,437,Wednesday,21
Success,Prime Plus,171,Friday,10
Success,eBike,318,Saturday,12
Success,eBike,462,Sunday,14
Success,Bike,551,Wednesday,17
Success,Prime Plus,229,Tuesday,16
Driver Not Found,eBike,437,Sunday,12
Success,Prime SUV,247,Monday,7
Success,Mini,215,Friday,23
Driver Not Found,Prime Sedan,438,Monday,16
Canceled by Driver,Mini,253,Saturday,9
Success,Auto,533,Saturday,20
Canceled by Driver,Auto,476,Thursday,8
Success,Prime SUV,220,Thursday,13
Success,eBike,408,Thursday,4
Canceled by Driver,Prime Sedan,227,Tuesday,6
Canceled by Driver,eBike,516,Thursday,15
Success,Mini,343,Friday,13
Canceled by Driver,eBike,961,Tuesday,12
Driver Not Found,Mini,470,Thursday,18
Canceled by Driver,Prime Plus,1789,Friday,23
Canceled by Driver,Auto,232,Tuesday,5
Canceled by Customer,Mini,479,Monday,17
Success,Prime SUV,618,Sunday,18
Success,eBike,806,Tuesday,10
Driver Not Found,eBike,122,Thursday,18
Canceled by Customer,Prime SUV,710,Friday,19
Success,Prime Sedan,438,Friday,0
Success,Prime Plus,244,Thursday,6
Canceled by Driver,Prime SUV,136,Monday,4
Canceled by Customer,Bike,175,Saturday,8
Success,Prime Sedan,203,Wednesday,9
Canceled by Customer,Prime SUV,314,Tuesday,19
Success,Auto,411,Thursday,8
Success,eBike,460,Thursday,15
Success,Prime SUV,226,Sunday,11
Driver Not Found,Prime SUV,299,Thursday,6
Canceled by Driver,Auto,425,Monday,12
Canceled by Driver,eBike,459,Wednesday,21
Success,Auto,406,Friday,4
Success,Prime Plus,2133,Saturday,3
Success,Auto,137,Thursday,22
Success,Auto,756,Thursday,18
Driver Not Found,Bike,2590,Wednesday,11
Success,eBike,370,Wednesday,4
Success,Bike,229,Monday,22
Canceled by Driver,Prime SUV,332,Saturday,5
Canceled by Driver,Mini,104,Wednesday,23
Success,eBike,238,Sunday,2
Canceled by Customer,Prime Sedan,960,Thursday,22
Canceled by Customer,Auto,183,Tuesday,5
Canceled by Driver,Prime SUV,457,Monday,10
Success,Auto,717,Sunday,18
Canceled by Customer,Prime Sedan,438,Friday,13
Success,Mini,181,Thursday,10
Driver Not Found,Prime Sedan,764,Thursday,3
Success,Prime Plus,433,Thursday,21
Canceled by Driver,eBike,190,Monday,3
Success,Prime SUV,226,Monday,13
Success,eBike,122,Wednesday,19
Success,Auto,443,Monday,6
Canceled by Customer,Mini,251,Monday,6
Success,Prime Plus,444,Saturday,7
Success,Prime Plus,172,Saturday,1
Driver Not Found,Prime Plus,534,Tuesday,21
Success,Prime Plus,416,Wednesday,12
Driver Not Found,Prime Plus,393,Saturday,19
Success,Auto,341,Friday,12
Canceled by Driver,Mini,1842,Friday,0
Success,eBike,198,Saturday,14
Success,Bike,200,Tuesday,21
Success,Auto,1229,Saturday,15
Success,eBike,172,Wednesday,5
Success,Auto,2738,Monday,13
Success,Auto,134,Friday,3
Success,Prime Plus,1102,Wednesday,0
Canceled by Driver,Prime Sedan,126,Friday,2
Success,Prime Sedan,299,Wednesday,12
Success,eBike,304,Wednesday,19
Success,Auto,2809,Saturday,10
Success,Bike,473,Sunday,3
Success,eBike,324,Tuesday,8
Driver Not Found,Prime SUV,2512,Wednesday,11
Success,Bike,412,Thursday,9
Success,Mini,1907,Thursday,3
Success,Auto,2094,Saturday,6
Success,eBike,142,Saturday,22
Success,eBike,187,Tuesday,8
Driver Not Found,Prime SUV,106,Friday,10
Success,Prime SUV,390,Sunday,12
Success,Prime Sedan,389,Monday,17
Success,Auto,127,Thursday,15
Success,Prime SUV,170,Tuesday,8
Success,Prime Sedan,755,Wednesday,21
Success,Auto,223,Tuesday,3
Canceled by Customer,Mini,945,Saturday,16
Driver Not Found,Mini,133,Thursday,9
Driver Not Found,Prime SUV,272,Thursday,18
Success,Prime Plus,196,Friday,11
Success,Prime Plus,811,Monday,23
Canceled by Driver,Prime SUV,178,Sunday,12
Canceled by Driver,Prime Sedan,614,Tuesday,12
Driver Not Found,Prime Sedan,195,Sunday,18
Canceled by Driver,Auto,241,Sunday,14
Success,Prime Plus,439,Saturday,18
Driver Not Found,Auto,132,Saturday,13
Success,Auto,446,Thursday,2
Success,Prime SUV,693,Friday,6
Canceled by Driver,Bike,298,Monday,9
Success,Bike,167,Thursday,14
Success,Prime Plus,805,Friday,11
Canceled by Customer,eBike,107,Monday,19
Success,Prime Sedan,930,Wednesday,6
Success,Mini,324,Tuesday,0
Success,Mini,373,Friday,3
Driver Not Found,Bike,191,Monday,9
Success,Bike,278,Monday,20
Success,Auto,152,Friday,13
Success,Prime SUV,145,Saturday,21
Canceled by Driver,Prime SUV,988,Monday,16
Success,Prime Sedan,117,Friday,1
Canceled by Customer,Auto,400,Tuesday,2
Success,Prime SUV,196,Wednesday,5
Success,Bike,232,Thursday,22
Canceled by Driver,Prime SUV,2203,Wednesday,8
Success,Mini,1592,Saturday,11
Success,eBike,2515,Saturday,7
Success,Mini,455,Friday,5
Success,Prime SUV,418,Sunday,1
Canceled by Driver,Prime SUV,458,Saturday,0
Success,Prime Plus,2562,Thursday,11
Success,Bike,1955,Thursday,15
Success,eBike,336,Monday,3
Success,Auto,216,Tuesday,17
Success,Bike,398,Friday,22
Success,Bike,127,Saturday,21
Success,eBike,343,Monday,16
Success,eBike,608,Saturday,9
Success,Auto,643,Monday,5
Canceled by Driver,Auto,357,Saturday,12
Success,Auto,473,Wednesday,0
Success,Prime Plus,392,Monday,16
Success,Prime Plus,787,Friday,12
Canceled by Customer,Bike,187,Wednesday,11
Success,Prime Sedan,1491,Friday,22
Success,Mini,922,Friday,23
Success,eBike,413,Friday,17
Canceled by Customer,Prime SUV,391,Tuesday,18
Canceled by Driver,eBike,261,Friday,23
Success,eBike,387,Wednesday,16
Success,eBike,245,Wednesday,5
Success,Prime SUV,451,Wednesday,15
Canceled by Customer,Auto,385,Monday,17
Success,Prime SUV,119,Tuesday,8
Success,Prime Sedan,382,Thursday,17
Canceled by Driver,Bike,218,Thursday,16
Success,eBike,363,Monday,13
Driver Not Found,Prime Sedan,957,Thursday,12
Canceled by Driver,Prime SUV,202,Saturday,17
Success,Prime Sedan,1806,Friday,5
Success,Prime SUV,160,Tuesday,15
Driver Not Found,eBike,278,Friday,14
Success,Prime Sedan,797,Monday,20
Canceled by Customer,eBike,464,Wednesday,0
Canceled by Driver,Mini,358,Tuesday,1
Canceled by Customer,Prime Plus,234,Wednesday,4
Canceled by Customer,Auto,263,Saturday,11
Success,Auto,173,Monday,17
Success,Prime Plus,392,Thursday,15
Success,Prime SUV,2366,Tuesday,16
Success,Bike,468,Monday,11
Canceled by Driver,Mini,222,Friday,11
Success,Mini,464,Tuesday,7
Success,Prime Plus,323,Thursday,0
Canceled by Customer,Bike,1204,Tuesday,2
Success,Mini,266,Sunday,18
Success,Prime SUV,342,Friday,6
Success,eBike,118,Friday,10
Success,Prime Sedan,170,Friday,23
Canceled by Driver,eBike,467,Sunday,22
Canceled by Driver,Prime Plus,586,Monday,16
Success,Prime Plus,113,Saturday,0
Success,Bike,194,Thursday,23
Canceled by Driver,Prime Sedan,285,Sunday,13
Success,Prime SUV,552,Wednesday,9
Canceled by Driver,Auto,848,Saturday,11
Success,Mini,1884,Monday,16
Success,Auto,793,Friday,11
Driver Not Found,Mini,781,Tuesday,20
Driver Not Found,Prime Plus,750,Sunday,14
Success,Bike,354,Monday,3
Success,eBike,328,Sunday,5
Success,Prime Sedan,292,Wednesday,20
Success,Mini,411,Thursday,13
Driver Not Found,Mini,218,Saturday,15
Success,Prime SUV,135,Tuesday,23
Success,Mini,297,Wednesday,12
Success,Prime Plus,153,Tuesday,1
Success,Prime Plus,153,Monday,9
Driver Not Found,Prime SUV,362,Tuesday,14
Success,Bike,235,Thursday,11
Success,Bike,491,Friday,6
Canceled by Driver,eBike,458,Friday,4
Success,Prime Plus,370,Saturday,12
Success,eBike,346,Wednesday,21
Canceled by Customer,eBike,654,Thursday,6
Success,Prime Plus,285,Thursday,11
Success,Prime Sedan,374,Monday,12
Success,Auto,391,Tuesday,16
Success,eBike,182,Monday,4
Driver Not Found,Mini,478,Friday,7
Success,Prime SUV,202,Saturday,7
Success,Prime Plus,702,Sunday,2
Success,Prime Plus,477,Wednesday,4
Driver Not Found,Prime Sedan,176,Monday,1
Success,Mini,470,Thursday,21
Success,Prime SUV,623,Tuesday,20
Canceled by Driver,Auto,460,Friday,23
Canceled by Customer,Prime SUV,382,Wednesday,2
Canceled by Driver,Auto,362,Sunday,9
Success,eBike,106,Sunday,18
Canceled by Driver,Bike,185,Friday,20
Success,Mini,508,Wednesday,2
Success,Auto,268,Monday,23
Success,Prime Plus,366,Monday,17
Success,Prime SUV,152,Sunday,22
Success,Prime SUV,549,Tuesday,17
Success,Prime SUV,280,Wednesday,12
Success,Prime Plus,471,Friday,17
Success,Prime Plus,326,Wednesday,15
Success,eBike,184,Monday,10
Canceled by Driver,eBike,1958,Tuesday,2
Success,Auto,477,Tuesday,10
Success,Mini,145,Saturday,1
Canceled by Driver,Auto,764,Tuesday,23
Success,Auto,316,Friday,9
Success,Mini,450,Wednesday,8
Success,Prime Sedan,395,Sunday,20
Canceled by Driver,Prime SUV,360,Wednesday,15
Success,Bike,171,Monday,2
Success,eBike,326,Friday,22
Success,Auto,969,Monday,5
Success,Auto,170,Tuesday,12
Success,Prime SUV,357,Wednesday,18
Success,Prime Sedan,333,Thursday,0
Driver Not Found,Bike,173,Tuesday,2
Canceled by Customer,Prime Sedan,120,Wednesday,18
Success,Auto,879,Saturday,13
Success,eBike,146,Thursday,15
Canceled by Driver,Prime Sedan,211,Saturday,12
Success,Prime Sedan,125,Sunday,6
Canceled by Customer,eBike,102,Wednesday,8
Success,eBike,212,Thursday,16
Success,Prime SUV,263,Monday,8
Success,Bike,187,Monday,13
Success,Prime Sedan,489,Friday,15
Canceled by Driver,Bike,313,Thursday,9
Canceled by Driver,Prime Sedan,2176,Friday,16
Success,Prime SUV,1057,Tuesday,1
Canceled by Customer,Auto,120,Saturday,17
Success,Bike,2838,Sunday,21
Success,eBike,337,Saturday,21
Success,Prime Plus,250,Friday,14
Driver Not Found,Mini,298,Thursday,19
Success,Bike,688,Thursday,22
Success,Bike,2161,Thursday,21
Success,Bike,882,Monday,19
Canceled by Customer,Prime Plus,233,Monday,12
Canceled by Driver,Prime Sedan,149,Saturday,15
Driver Not Found,eBike,256,Tuesday,13
Success,Auto,2598,Monday,11
Success,eBike,525,Monday,14
Canceled by Driver,Mini,567,Wednesday,16
Driver Not Found,Mini,888,Wednesday,19
Success,Prime SUV,196,Wednesday,5
Driver Not Found,Auto,613,Thursday,8
Canceled by Driver,Prime SUV,162,Sunday,20
Success,Bike,369,Tuesday,1
Success,Bike,201,Friday,13
Success,Prime Plus,253,Tuesday,14
Success,eBike,409,Monday,1
Success,Prime Sedan,1566,Tuesday,11
Driver Not Found,Bike,132,Wednesday,23
Canceled by Driver,Mini,232,Thursday,5
Success,Mini,435,Saturday,5
Canceled by Driver,eBike,230,Tuesday,7
Success,Auto,259,Thursday,13
Success,eBike,427,Sunday,8
Success,Bike,749,Thursday,23
Canceled by Driver,Prime Sedan,930,Sunday,17
Success,Bike,249,Tuesday,12
Success,Auto,258,Wednesday,16
Success,Mini,296,Saturday,21
Driver Not Found,Prime SUV,762,Friday,23
Success,Mini,2085,Wednesday,6
Driver Not Found,Auto,487,Tuesday,19
Success,Prime SUV,146,Saturday,10
Canceled by Customer,Auto,2044,Monday,14
Driver Not Found,Prime SUV,542,Sunday,12
Success,Prime SUV,354,Wednesday,5
Success,Prime SUV,150,Monday,13
Success,Auto,395,Saturday,16
Success,Mini,205,Saturday,22
Success,Prime Sedan,1729,Tuesday,0
Success,Prime Plus,306,Monday,2
Success,Prime SUV,316,Friday,0
Success,Prime SUV,329,Monday,21
Canceled by Customer,Prime Sedan,463,Wednesday,3
Success,Prime SUV,286,Thursday,8
Driver Not Found,eBike,582,Thursday,0
Success,Mini,361,Saturday,20
Driver Not Found,Prime SUV,324,Sunday,3
Driver Not Found,Prime SUV,192,Thursday,11
Canceled by Driver,Bike,208,Sunday,1
Success,Prime SUV,557,Wednesday,9
Success,Prime SUV,293,Monday,15
Success,Prime Plus,210,Sunday,5
Success,Mini,520,Wednesday,8
Success,Prime SUV,186,Friday,12
Success,Prime Sedan,205,Thursday,9
Canceled by Driver,Prime Sedan,374,Wednesday,21
Success,Prime Plus,2274,Thursday,12
Canceled by Customer,Bike,471,Saturday,7
Success,Prime SUV,294,Sunday,5
Driver Not Found,Prime SUV,2005,Friday,18
Success,Prime Plus,272,Tuesday,0
Canceled by Driver,Auto,857,Wednesday,12
Success,Bike,123,Tuesday,2
Canceled by Driver,Bike,510,Wednesday,7
Driver Not Found,eBike,123,Monday,8
Canceled by Customer,Prime Sedan,179,Friday,3
Success,Mini,972,Wednesday,21
Canceled by Driver,Prime SUV,314,Monday,22
Success,Mini,2219,Wednesday,16
Success,Bike,397,Monday,13
Success,eBike,349,Tuesday,19
Success,Mini,337,Sunday,23
Success,Prime SUV,295,Wednesday,3
Success,Mini,363,Tuesday,7
Success,Prime Plus,167,Friday,6
Success,Prime Plus,226,Wednesday,22
Success,Mini,275,Monday,22
Success,Prime SUV,292,Tuesday,12
Success,Mini,333,Wednesday,19
Canceled by Driver,Bike,370,Tuesday,22
Success,Mini,1810,Sunday,6
Canceled by Driver,Prime Sedan,464,Friday,21
Canceled by Driver,eBike,140,Wednesday,10
Success,Bike,718,Thursday,5
Canceled by Driver,Mini,2010,Wednesday,1
Canceled by Customer,Auto,2727,Wednesday,22
Success,Auto,241,Saturday,3
Canceled by Driver,Prime Sedan,365,Tuesday,6
Success,Auto,233,Thursday,10
Success,Auto,2613,Tuesday,15
Canceled by Driver,Bike,419,Monday,17
Success,Auto,492,Saturday,6
Canceled by Driver,Mini,156,Friday,12
Canceled by Driver,eBike,125,Monday,0
Success,Auto,161,Monday,3
Success,Auto,475,Tuesday,1
Success,eBike,118,Monday,17
Canceled by Driver,eBike,190,Thursday,5
Success,Bike,165,Wednesday,12
Success,Auto,2975,Saturday,21
Success,Prime SUV,408,Friday,6
Success,Auto,195,Monday,4
Success,Bike,464,Wednesday,16
Success,eBike,306,Wednesday,17
Success,Mini,226,Thursday,0
Canceled by Customer,eBike,220,Friday,19
Success,Prime SUV,351,Sunday,22
Canceled by Customer,Auto,150,Wednesday,14
Success,Prime Sedan,509,Sunday,6
Success,eBike,586,Thursday,7
Canceled by Customer,Prime SUV,565,Friday,12
Success,Prime SUV,166,Monday,17
Success,Prime Sedan,208,Monday,3
Success,Prime Sedan,238,Sunday,16
Canceled by Customer,Prime Sedan,195,Sunday,13
Canceled by Customer,Bike,163,Thursday,0
Success,Prime Plus,167,Thursday,16
Success,Prime Plus,505,Monday,20
Driver Not Found,Prime Sedan,1236,Tuesday,6
Canceled by Driver,Prime Plus,248,Monday,2
Success,Prime Plus,1024,Wednesday,4
Success,Mini,1227,Wednesday,0
Success,Mini,639,Sunday,17
Success,Prime SUV,780,Tuesday,15
Success,eBike,310,Saturday,3
Success,Prime Plus,927,Sunday,23
Canceled by Driver,Prime SUV,107,Friday,10
Canceled by Driver,eBike,107,Friday,16
Success,Auto,102,Thursday,15
Driver Not Found,Mini,604,Tuesday,3
Success,Prime Plus,282,Saturday,4
Success,Prime Plus,2710,Wednesday,16
Canceled by Driver,Auto,155,Saturday,10
Success,Prime SUV,330,Sunday,21
Canceled by Driver,Prime Sedan,479,Friday,7
Canceled by Driver,Mini,946,Wednesday,3
Success,Bike,838,Tuesday,8
Success,eBike,167,Wednesday,6
Success,eBike,586,Tuesday,18
Success,Prime Sedan,100,Friday,2
Canceled by Customer,Bike,1599,Sunday,13
Success,Bike,510,Sunday,0
Canceled by Driver,Bike,384,Tuesday,0
Success,Mini,493,Friday,11
Success,Prime Plus,644,Sunday,23
Success,Auto,2721,Saturday,14
Canceled by Customer,Bike,959,Thursday,1
Success,Mini,266,Sunday,14
Canceled by Driver,Prime Sedan,408,Saturday,9
Success,Prime Sedan,525,Tuesday,7
Canceled by Customer,Prime Sedan,366,Monday,7
Canceled by Driver,Auto,467,Saturday,13
Success,Mini,624,Monday,8
Canceled by Driver,Prime Plus,493,Saturday,10
Success,Bike,132,Saturday,6
Success,Mini,225,Tuesday,16
Canceled by Driver,Bike,379,Sunday,5
Canceled by Driver,Mini,485,Monday,16
Canceled by Customer,eBike,984,Monday,2
Canceled by Driver,Prime SUV,916,Saturday,14
Success,Prime SUV,608,Thursday,19
Success,Prime SUV,428,Sunday,5
Success,Prime Sedan,414,Tuesday,3
Canceled by Driver,Prime Sedan,2767,Saturday,17
Canceled by Driver,Prime Sedan,323,Saturday,23
Canceled by Driver,Prime Plus,213,Friday,3
Success,eBike,389,Wednesday,7
Success,Prime Sedan,658,Wednesday,7
Success,Mini,852,Sunday,20
Driver Not Found,Prime Plus,2085,Tuesday,5
Success,eBike,174,Wednesday,1
Success,Prime SUV,205,Friday,18
Success,Prime Plus,850,Monday,17
Driver Not Found,Bike,385,Sunday,18
Success,eBike,238,Wednesday,13
Success,Mini,129,Wednesday,14
Success,eBike,318,Tuesday,4
Success,Mini,319,Thursday,3
Success,Bike,102,Wednesday,3
Canceled by Customer,Bike,426,Wednesday,7
Canceled by Customer,Bike,125,Wednesday,8
Driver Not Found,Prime SUV,351,Wednesday,21
Success,Auto,145,Tuesday,4
Success,Mini,264,Monday,5
Success,Prime Sedan,491,Thursday,12
Driver Not Found,Prime Plus,154,Wednesday,11
Canceled by Driver,Auto,365,Saturday,22
Success,Mini,544,Friday,14
Canceled by Customer,Prime Plus,398,Wednesday,23
Canceled by Customer,eBike,251,Sunday,19
Canceled by Driver,Mini,343,Monday,23
Success,Prime SUV,329,Sunday,18
Driver Not Found,Auto,253,Wednesday,10
Success,Mini,175,Sunday,22
Success,Auto,288,Monday,7
Success,Prime SUV,253,Friday,18
Driver Not Found,Prime Sedan,2302,Monday,6
Driver Not Found,eBike,219,Monday,1
Canceled by Customer,Prime Plus,912,Friday,21
Success,Prime Plus,459,Tuesday,3
Success,Prime SUV,782,Friday,19
Canceled by Customer,eBike,455,Friday,1
Driver Not Found,Bike,222,Tuesday,13
Canceled by Driver,Prime Sedan,535,Tuesday,4
Success,Bike,460,Saturday,5
Canceled by Driver,Mini,104,Thursday,17
Success,Bike,265,Tuesday,14
Success,Bike,838,Wednesday,9
Canceled by Driver,Prime Sedan,184,Sunday,21
Success,Bike,466,Monday,4
Success,Prime Plus,446,Friday,21
Canceled by Driver,Auto,473,Wednesday,16
Canceled by Driver,Auto,250,Thursday,14
Success,Prime Plus,368,Friday,7
Canceled by Customer,Bike,343,Wednesday,1
Success,Prime Plus,120,Thursday,14
Success,Auto,441,Saturday,13
Success,Prime Sedan,118,Monday,23
Success,Auto,2437,Monday,4
Canceled by Driver,Mini,275,Saturday,22
Driver Not Found,Mini,352,Friday,14
Success,Prime Plus,336,Tuesday,7
Success,Bike,141,Friday,22
Success,Mini,112,Thursday,5
Success,Prime Sedan,130,Tuesday,22
Success,Auto,421,Saturday,15
Success,Prime Sedan,704,Sunday,18
Canceled by Customer,Prime Plus,224,Sunday,1
Success,Mini,1002,Friday,8
Success,Prime Plus,703,Saturday,2
Canceled by Customer,Prime Sedan,462,Thursday,9
Success,Bike,139,Friday,22
Success,eBike,171,Sunday,4
Canceled by Customer,Auto,136,Monday,18
Success,eBike,1281,Tuesday,16
Success,Auto,155,Monday,4
Canceled by Customer,Mini,2447,Thursday,23
Success,Bike,462,Monday,8
Driver Not Found,Auto,394,Tuesday,16
Canceled by Driver,eBike,1500,Tuesday,7
Success,Mini,423,Monday,11
Canceled by Driver,Prime Plus,314,Thursday,13
Canceled by Customer,Prime SUV,653,Friday,10
Success,Prime Plus,896,Sunday,1
Success,Prime Plus,128,Monday,3
Success,eBike,993,Thursday,19
Success,Prime Plus,373,Sunday,20
Success,Auto,873,Friday,4
Success,Prime Sedan,499,Saturday,8
Success,Mini,119,Sunday,8
Success,Bike,280,Tuesday,15
Success,Prime Plus,362,Saturday,18
Success,Mini,461,Tuesday,22
Canceled by Driver,Prime Sedan,331,Wednesday,5
Success,eBike,295,Wednesday,4
Success,Prime Plus,210,Monday,8
Success,Prime Plus,160,Friday,18
Success,Prime SUV,448,Tuesday,19
Success,Bike,683,Monday,20
Success,Prime SUV,478,Thursday,15
Driver Not Found,Prime Plus,549,Wednesday,1
Canceled by Driver,Bike,453,Thursday,1
Success,Prime Sedan,239,Monday,12
Driver Not Found,Prime SUV,379,Friday,17
Driver Not Found,Prime Plus,1688,Sunday,14
Success,Auto,370,Sunday,0
Success,Bike,301,Thursday,10
Success,Auto,238,Friday,21
Canceled by Driver,eBike,340,Friday,11
Success,eBike,373,Monday,6
Canceled by Driver,Bike,218,Thursday,21
Success,Auto,1493,Saturday,17
Success,eBike,133,Tuesday,16
Success,eBike,450,Sunday,16
Canceled by Driver,eBike,347,Monday,15
Success,eBike,128,Monday,6
Success,Prime SUV,279,Saturday,11
Success,Mini,382,Sunday,8
Driver Not Found,Bike,371,Sunday,5
Success,eBike,442,Tuesday,20
Success,Prime SUV,163,Friday,16
Success,Bike,486,Sunday,3
Success,Prime Sedan,938,Sunday,16
Canceled by Driver,Bike,203,Tuesday,0
Canceled by Driver,Prime Sedan,362,Friday,9
Success,eBike,294,Tuesday,3
Canceled by Driver,Bike,202,Sunday,14
Success,Prime SUV,300,Wednesday,10
Canceled by Driver,Prime Sedan,340,Monday,13
Driver Not Found,Prime SUV,434,Saturday,21
Driver Not Found,Auto,258,Friday,13
Success,Prime SUV,178,Tuesday,12
Success,eBike,240,Tuesday,5
Canceled by Customer,Prime Plus,268,Sunday,1
Canceled by Driver,Mini,235,Monday,1
Success,Prime Sedan,251,Friday,11
Success,Prime SUV,496,Saturday,4
Success,Mini,320,Thursday,9
Success,Prime SUV,335,Wednesday,3
Success,Prime Plus,904,Saturday,3
Success,Bike,468,Tuesday,14
Success,Prime Plus,253,Monday,20
Success,Prime SUV,765,Friday,7
Success,Prime Sedan,151,Wednesday,3
Success,Prime Sedan,384,Saturday,2
Canceled by Customer,Prime SUV,246,Friday,21
Success,Bike,245,Wednesday,11
Success,Bike,121,Tuesday,14
Driver Not Found,Prime SUV,366,Friday,7
Canceled by Driver,Prime Plus,299,Sunday,2
Success,Mini,1113,Tuesday,9
Success,eBike,240,Saturday,9
Success,eBike,2769,Thursday,3
Canceled by Driver,eBike,1367,Wednesday,6
Success,Auto,766,Tuesday,7
Driver Not Found,Prime Plus,196,Saturday,11
Success,Prime SUV,369,Saturday,13
Success,Bike,414,Thursday,18
Success,Bike,2022,Monday,21
Success,Prime Plus,111,Wednesday,13
Driver Not Found,Prime Sedan,422,Sunday,9
Success,eBike,315,Monday,3
Success,Prime Plus,769,Wednesday,3
Canceled by Customer,Prime Plus,217,Thursday,18
Success,Mini,1998,Friday,12
Success,Auto,156,Tuesday,2
Canceled by Driver,Bike,474,Thursday,10
Success,Prime Sedan,276,Wednesday,8
Success,eBike,488,Saturday,14
Driver Not Found,Prime Sedan,325,Sunday,3
Success,Bike,156,Monday,2
Success,Mini,961,Monday,12
Success,Prime SUV,257,Monday,17
Canceled by Driver,Prime SUV,675,Saturday,0
Success,Auto,932,Monday,17
Success,Bike,120,Tuesday,21
Success,Mini,907,Saturday,3
Success,Mini,292,Monday,11
Canceled by Driver,Prime Sedan,338,Wednesday,8
Canceled by Driver,Bike,199,Thursday,17
Success,Auto,127,Saturday,9
Driver Not Found,Auto,482,Monday,18
Canceled by Driver,Bike,100,Tuesday,12
Canceled by Customer,Prime Plus,431,Friday,4
Success,Bike,185,Thursday,7
Canceled by Customer,Prime Sedan,315,Monday,5
Canceled by Driver,Mini,349,Thursday,3
Canceled by Driver,Prime SUV,278,Thursday,8
Success,Auto,394,Tuesday,3
Success,Prime SUV,1760,Monday,5
Success,Bike,440,Tuesday,9
Success,Bike,392,Sunday,3
Success,Prime Plus,181,Friday,0
Canceled by Driver,Mini,255,Saturday,2
Canceled by Driver,Mini,1100,Wednesday,6
Success,Mini,182,Wednesday,5
Success,eBike,278,Monday,5
Success,Prime SUV,463,Thursday,9
Success,Prime Plus,453,Monday,9
Canceled by Driver,Prime Sedan,428,Sunday,9
Driver Not Found,Bike,233,Saturday,18
Success,Prime Plus,398,Thursday,6
Driver Not Found,Prime Sedan,431,Monday,12
Canceled by Customer,Auto,266,Saturday,10
Canceled by Driver,Bike,380,Tuesday,5
Canceled by Driver,Bike,697,Saturday,16
Success,Auto,940,Wednesday,12
Success,Bike,418,Wednesday,0
Success,Auto,356,Sunday,16
Success,Auto,665,Sunday,13
Success,eBike,1004,Thursday,8
Success,Bike,349,Saturday,16
Success,Mini,491,Tuesday,0
Success,Mini,298,Saturday,21
Success,Mini,795,Monday,2
Success,eBike,450,Friday,3
Canceled by Driver,Mini,303,Friday,2
Canceled by Driver,Mini,411,Friday,16
Canceled by Driver,Bike,477,Saturday,19
Success,Prime Plus,726,Friday,23
Canceled by Driver,Mini,402,Monday,2
Canceled by Driver,Prime SUV,116,Thursday,19
Success,Prime Plus,341,Saturday,7
Success,Mini,366,Thursday,19
Driver Not Found,Bike,132,Wednesday,5
Success,Prime Sedan,383,Tuesday,10
Canceled by Customer,Auto,2017,Tuesday,20
Driver Not Found,Prime Plus,277,Tuesday,0
Driver Not Found,eBike,445,Tuesday,4
Success,Prime Sedan,280,Friday,4
Success,Prime Sedan,164,Thursday,0
Success,Mini,304,Saturday,8
Success,Auto,358,Monday,6
Success,eBike,127,Monday,0
Canceled by Driver,Auto,161,Thursday,13
Canceled by Driver,Prime Sedan,1906,Tuesday,10
Success,eBike,177,Tuesday,10
Success,Prime Plus,117,Tuesday,12
Canceled by Customer,Mini,855,Wednesday,22
Success,Auto,917,Friday,7
Canceled by Customer,Prime Sedan,183,Monday,20
Success,Prime Sedan,487,Friday,20
Canceled by Driver,Prime SUV,339,Monday,7
Success,Prime Sedan,457,Tuesday,6
Success,Auto,848,Monday,17
Canceled by Driver,Prime Plus,649,Tuesday,14
Driver Not Found,Auto,300,Monday,12
Success,Bike,181,Friday,21
Canceled by Customer,Auto,181,Monday,5
Success,eBike,760,Thursday,5
Canceled by Customer,eBike,443,Saturday,1
Driver Not Found,Prime SUV,459,Wednesday,2
Driver Not Found,Auto,141,Monday,10
Canceled by Driver,Auto,2727,Saturday,21
Success,Bike,201,Tuesday,11
Success,Prime SUV,333,Friday,21
Canceled by Driver,Prime SUV,181,Thursday,21
Success,Prime SUV,458,Wednesday,11
Success,Auto,523,Wednesday,12
Success,Prime SUV,339,Thursday,21
Success,eBike,138,Sunday,17
Success,Prime SUV,315,Monday,6
Canceled by Driver,Prime SUV,447,Thursday,14
Driver Not Found,eBike,417,Wednesday,7
Success,Bike,2589,Tuesday,12
Canceled by Driver,Prime Sedan,476,Monday,5
Success,Mini,166,Tuesday,9
Success,Bike,677,Sunday,12
Driver Not Found,Auto,146,Saturday,4
Success,eBike,295,Tuesday,15
Success,Prime SUV,269,Saturday,7
Success,Auto,188,Wednesday,11
Canceled by Driver,Prime Sedan,267,Sunday,10
Success,Bike,736,Tuesday,5
Success,Auto,161,Tuesday,4
Canceled by Driver,Prime SUV,148,Saturday,2
Success,Mini,624,Saturday,7
Canceled by Driver,Prime Plus,404,Friday,19
Canceled by Customer,Prime SUV,309,Monday,12
Success,Bike,365,Wednesday,7
Success,eBike,442,Tuesday,5
Success,Prime Plus,490,Wednesday,13
Success,Bike,411,Wednesday,20
Success,eBike,916,Saturday,23
Success,Mini,103,Monday,19
Success,Mini,854,Monday,2
Canceled by Driver,Bike,480,Tuesday,9
Success,Prime SUV,450,Saturday,16
Canceled by Customer,Prime Plus,710,Sunday,10
Driver Not Found,Auto,111,Saturday,9
Canceled by Driver,Prime SUV,2533,Wednesday,7
Driver Not Found,Prime SUV,239,Tuesday,12
Canceled by Driver,Prime Plus,574,Sunday,3
Success,Prime SUV,336,Thursday,22
Success,eBike,768,Saturday,3
Canceled by Driver,Prime Plus,174,Wednesday,1
Success,Prime Plus,1249,Wednesday,18
Driver Not Found,Mini,239,Monday,18
Success,Auto,369,Tuesday,15
Success,Auto,201,Sunday,5
Success,Auto,298,Sunday,19
Canceled by Driver,Bike,498,Tuesday,10
Success,Prime SUV,2145,Monday,8
Success,Bike,573,Thursday,4
Success,Prime Plus,1219,Thursday,20
Canceled by Customer,Prime Sedan,135,Tuesday,15
Success,Bike,259,Friday,13
Success,Prime Sedan,181,Thursday,21
Canceled by Driver,Bike,231,Sunday,23
Success,Auto,437,Sunday,9
Canceled by Driver,Mini,225,Saturday,12
Success,Prime Plus,233,Monday,22
Canceled by Customer,Prime Plus,838,Friday,16
Success,Prime Plus,753,Thursday,20
Success,Prime Plus,118,Wednesday,11
Canceled by Driver,Prime Plus,441,Thursday,18
Canceled by Driver,Prime Sedan,370,Sunday,14
Canceled by Driver,Bike,210,Monday,3
Success,Prime Plus,221,Thursday,2
Driver Not Found,Prime SUV,262,Wednesday,10
Canceled by Driver,Prime Sedan,889,Friday,8
Success,Auto,233,Friday,17
Success,Mini,407,Monday,10
Driver Not Found,Bike,1542,Friday,3
Success,Prime Plus,942,Friday,13
Canceled by Customer,Prime Plus,133,Wednesday,3
Success,Bike,960,Monday,23
Success,eBike,877,Wednesday,15
Success,Prime SUV,2164,Thursday,0
Driver Not Found,Mini,249,Friday,22
Canceled by Customer,Bike,184,Monday,12
Success,Prime Plus,186,Friday,14
Driver Not Found,Bike,476,Friday,20
Success,Mini,202,Sunday,4
Success,Prime Sedan,413,Thursday,5
Driver Not Found,Prime SUV,933,Saturday,7
Driver Not Found,Prime SUV,244,Friday,22
Canceled by Driver,Auto,980,Monday,2
Success,Prime Plus,290,Friday,7
Canceled by Driver,eBike,195,Tuesday,4
Driver Not Found,Prime Sedan,368,Thursday,15
Success,Prime Plus,244,Monday,10
Success,Bike,366,Thursday,0
Driver Not Found,Prime Sedan,192,Wednesday,22
Success,Prime Plus,480,Saturday,8
Canceled by Driver,Auto,905,Monday,15
Success,Prime Sedan,185,Saturday,5
Success,Prime Plus,186,Thursday,4
Success,Prime Plus,470,Sunday,14
Success,Prime Sedan,462,Monday,9
Success,Prime Sedan,130,Thursday,5
Success,Prime Plus,410,Thursday,11
Success,Prime Sedan,272,Tuesday,4
Success,Prime Sedan,315,Sunday,11
Success,Prime Sedan,743,Wednesday,20
Success,Prime SUV,1055,Wednesday,0
Canceled by Driver,Prime Sedan,2400,Thursday,17
Canceled by Driver,Prime Plus,377,Monday,14
Canceled by Driver,Prime Sedan,667,Saturday,10
Success,Prime Sedan,356,Tuesday,10
Driver Not Found,Auto,251,Wednesday,16
Success,Prime Plus,124,Tuesday,16
Success,eBike,462,Wednesday,16
Success,eBike,324,Sunday,21
Success,Mini,396,Sunday,11
Success,Mini,460,Thursday,2
Success,Prime Sedan,361,Thursday,2
Success,Prime Plus,492,Saturday,4
Canceled by Driver,Prime SUV,101,Wednesday,18
Success,Auto,644,Thursday,17
Driver Not Found,Prime Plus,507,Tuesday,13
Success,Prime Plus,450,Sunday,1
Success,eBike,520,Thursday,0
Canceled by Driver,Prime Sedan,213,Monday,9
Success,Auto,104,Monday,17
Canceled by Driver,Bike,1210,Monday,21
Success,Prime Sedan,302,Wednesday,7
Canceled by Customer,Prime Sedan,132,Thursday,3
Success,Mini,154,Sunday,23
Canceled by Driver,Prime Sedan,301,Sunday,19
Canceled by Driver,eBike,189,Friday,21
Success,Bike,209,Wednesday,19
Canceled by Driver,Prime Sedan,415,Sunday,23
Driver Not Found,Bike,425,Friday,9
Success,Mini,342,Tuesday,16
Success,Auto,648,Sunday,8
Canceled by Customer,Prime SUV,439,Monday,14
Success,eBike,280,Wednesday,5
Success,Mini,254,Friday,18
Canceled by Driver,Bike,257,Wednesday,4
Canceled by Customer,Prime Sedan,324,Saturday,20
Success,Prime Plus,786,Tuesday,8
Success,Prime SUV,574,Sunday,14
Success,Prime SUV,133,Sunday,18
Success,Prime Sedan,886,Sunday,22
Canceled by Driver,eBike,554,Wednesday,20
Canceled by Driver,Prime Plus,375,Saturday,5
Success,Mini,241,Friday,22
Success,Prime Plus,280,Thursday,13
Success,Bike,383,Friday,16
Canceled by Driver,Auto,455,Friday,15
Success,eBike,239,Friday,2
Success,eBike,2553,Monday,13
Driver Not Found,Prime Sedan,131,Sunday,14
Success,Mini,209,Saturday,3
Success,eBike,145,Wednesday,16
Driver Not Found,Bike,1326,Friday,0
Canceled by Driver,Mini,369,Sunday,10
Success,Prime SUV,476,Wednesday,11
Canceled by Driver,Mini,625,Thursday,5
Canceled by Driver,eBike,467,Tuesday,14
Canceled by Driver,Mini,495,Friday,10
Success,Prime Sedan,159,Wednesday,19
Driver Not Found,Prime SUV,211,Saturday,21
Driver Not Found,Auto,401,Sunday,15
Success,Prime SUV,373,Saturday,14
Success,Auto,349,Sunday,23
Success,Auto,362,Tuesday,8
Success,Prime SUV,533,Wednesday,10
Success,Prime Sedan,212,Friday,14
Success,Prime Sedan,494,Wednesday,1
Success,Auto,475,Tuesday,21
Canceled by Customer,Auto,642,Tuesday,9
Canceled by Customer,Bike,452,Monday,12
Canceled by Driver,Bike,1982,Saturday,7
Driver Not Found,Bike,256,Sunday,17
Success,Auto,1581,Monday,20
Success,Prime SUV,873,Tuesday,19
Success,Prime Sedan,325,Monday,9
Success,Auto,122,Saturday,9
Success,eBike,581,Friday,0
Success,Mini,103,Tuesday,3
Success,Auto,253,Thursday,21
Success,Auto,213,Wednesday,7
Success,Prime Sedan,257,Sunday,3
Driver Not Found,Prime SUV,331,Thursday,15
Driver Not Found,eBike,880,Tuesday,5
Canceled by Driver,Prime Plus,438,Friday,23
Success,Prime Plus,2072,Tuesday,15
Success,Prime Plus,145,Monday,23
Canceled by Driver,Bike,183,Tuesday,0
Success,Prime Sedan,617,Friday,14
Success,Prime Sedan,461,Wednesday,10
Success,Bike,132,Thursday,14
Canceled by Driver,Prime SUV,461,Thursday,21
Success,Auto,809,Thursday,18
Success,Prime SUV,517,Monday,0
Success,eBike,220,Sunday,21
Canceled by Driver,Mini,938,Monday,5
Canceled by Customer,Mini,561,Wednesday,10
Driver Not Found,Prime Plus,381,Thursday,8
Success,eBike,329,Thursday,16
Success,Auto,230,Wednesday,19
Canceled by Driver,Prime Sedan,217,Tuesday,1
Success,Prime Plus,479,Sunday,11
Canceled by Driver,eBike,319,Tuesday,23
Success,Bike,338,Monday,5
Canceled by Driver,Mini,2461,Saturday,10
Success,Prime Plus,184,Friday,14
Success,Bike,312,Sunday,14
Success,eBike,320,Thursday,19
Success,Auto,224,Sunday,7
Canceled by Driver,Auto,284,Friday,1
Success,Prime Plus,875,Friday,21
Success,Prime Plus,137,Sunday,18
Success,Prime Plus,2599,Tuesday,6
Success,Mini,232,Saturday,18
Success,eBike,494,Friday,0
Success,Bike,141,Wednesday,9
Success,Prime SUV,440,Friday,12
Canceled by Driver,Prime SUV,135,Thursday,18
Driver Not Found,Prime Sedan,296,Saturday,18
Success,Prime Sedan,766,Friday,5
Canceled by Driver,Bike,330,Monday,11
Driver Not Found,Bike,2804,Monday,14
Success,Bike,477,Friday,4
Canceled by Driver,Bike,175,Thursday,10
Success,Mini,922,Wednesday,2
Success,Prime Sedan,808,Sunday,1
Canceled by Customer,Auto,284,Friday,17
Success,Mini,171,Tuesday,3
Success,Mini,497,Tuesday,8
Success,eBike,398,Tuesday,5
Canceled by Driver,Auto,255,Thursday,5
Success,Auto,344,Saturday,22
Success,Prime Plus,317,Tuesday,5
Success,eBike,235,Saturday,12
Canceled by Customer,Mini,299,Sunday,4
Driver Not Found,eBike,317,Saturday,0
Canceled by Driver,Prime Sedan,204,Monday,16
Success,Auto,455,Monday,15
Success,eBike,441,Sunday,7
Success,Prime Plus,122,Friday,20
Driver Not Found,Prime SUV,225,Friday,16
Canceled by Driver,eBike,804,Tuesday,12
Success,Prime SUV,194,Thursday,1
Canceled by Driver,Prime Sedan,913,Tuesday,1
Success,Prime Sedan,132,Friday,14
Success,Auto,204,Tuesday,19
Success,Prime Sedan,170,Friday,2
Canceled by Driver,Auto,148,Monday,22
Success,Prime Sedan,449,Friday,1
Success,Mini,191,Wednesday,7
Success,Prime Sedan,163,Wednesday,10
Success,Prime Plus,2504,Sunday,8
Canceled by Driver,eBike,364,Saturday,16
Success,Mini,334,Friday,18
Canceled by Driver,Prime SUV,209,Tuesday,3
Success,Prime Sedan,638,Monday,22
Success,Prime Sedan,285,Friday,12
Success,Prime Plus,316,Sunday,6
Success,eBike,316,Saturday,20
Driver Not Found,Mini,953,Wednesday,4
Canceled by Customer,Prime Plus,153,Thursday,11
Success,Auto,228,Sunday,3
Success,Prime Plus,616,Monday,17
Success,Bike,2047,Friday,11
Success,Bike,456,Friday,6
Success,eBike,370,Monday,9
Success,Prime SUV,1551,Saturday,8
Canceled by Driver,Bike,321,Saturday,11
Canceled by Customer,Mini,131,Thursday,13
Success,Prime Plus,295,Wednesday,2
Success,Prime SUV,1175,Tuesday,3
Success,Prime Plus,2296,Thursday,20
Canceled by Driver,Prime Plus,888,Sunday,10
Canceled by Customer,Prime Sedan,443,Saturday,12
Success,Prime Sedan,146,Saturday,12
Success,eBike,104,Saturday,11
Success,Prime SUV,1722,Thursday,1
Canceled by Customer,eBike,147,Friday,3
Canceled by Customer,Bike,406,Monday,12
Canceled by Driver,Auto,274,Saturday,22
Canceled by Customer,eBike,774,Sunday,11
Success,Bike,237,Monday,13
Success,Prime Plus,498,Saturday,7
Canceled by Customer,Bike,332,Tuesday,11
Driver Not Found,Prime SUV,260,Friday,6
Canceled by Driver,Prime Sedan,139,Friday,2
Driver Not Found,Bike,195,Wednesday,11
Success,eBike,228,Wednesday,17
Success,Mini,2441,Monday,17
Success,Prime Sedan,342,Saturday,3
Canceled by Customer,Bike,464,Sunday,13
Success,Mini,2988,Saturday,17
Driver Not Found,Prime Sedan,333,Monday,9
Success,Prime Sedan,146,Sunday,2
Success,Bike,2692,Thursday,14
Canceled by Customer,Auto,280,Sunday,22
Success,Bike,406,Tuesday,8
Canceled by Driver,Bike,207,Monday,19
Success,Prime SUV,424,Tuesday,16
Success,Mini,232,Thursday,4
Success,eBike,278,Thursday,3
Driver Not Found,Mini,491,Wednesday,5
Success,Prime Sedan,305,Wednesday,3
Success,Prime Sedan,870,Friday,5
Success,Auto,175,Sunday,20
Success,Prime SUV,457,Friday,2
Success,Bike,271,Friday,1
Canceled by Customer,eBike,356,Wednesday,21
Driver Not Found,Mini,408,Saturday,11
Success,Prime Plus,689,Tuesday,9
Success,Bike,224,Saturday,2
Success,Mini,492,Sunday,19
Success,eBike,300,Friday,7
Success,Prime Sedan,239,Tuesday,11
Success,Prime Sedan,2540,Monday,20
Success,Prime SUV,284,Friday,20
Success,Prime Sedan,474,Sunday,9
Success,Mini,494,Saturday,4
Success,Prime Sedan,262,Tuesday,1
Success,eBike,337,Saturday,8
Success,Prime SUV,979,Friday,4
Success,Prime Sedan,292,Saturday,3
Canceled by Driver,Prime Plus,213,Saturday,15
Canceled by Driver,eBike,108,Monday,4
Success,eBike,1235,Friday,0
Canceled by Driver,Mini,327,Thursday,15
Canceled by Driver,Auto,2577,Wednesday,23
Canceled by Driver,Mini,297,Thursday,12
Success,Prime Sedan,481,Tuesday,20
Success,Auto,748,Saturday,5
Success,Prime Plus,219,Wednesday,21
Canceled by Driver,Prime Plus,312,Friday,21
Success,Prime SUV,2320,Monday,16
Canceled by Customer,Mini,832,Friday,13
Success,eBike,705,Thursday,9
Driver Not Found,eBike,258,Saturday,10
Success,Prime Plus,465,Thursday,17
Success,Prime SUV,289,Tuesday,17
Canceled by Driver,Bike,258,Friday,23
Success,eBike,478,Wednesday,21
Success,eBike,1243,Sunday,4
Success,Bike,995,Thursday,23
Canceled by Driver,Auto,328,Monday,17
Success,Prime SUV,489,Tuesday,2
Success,Mini,804,Friday,17
Success,Prime Sedan,173,Tuesday,10
Driver Not Found,Prime Sedan,238,Sunday,19
Success,Auto,404,Wednesday,15
Canceled by Driver,Prime Plus,2588,Sunday,23
Success,Mini,532,Tuesday,4
Success,Auto,347,Friday,17
Success,eBike,351,Friday,3
Canceled by Driver,Prime SUV,365,Sunday,16
Canceled by Driver,eBike,354,Monday,13
Driver Not Found,Prime Plus,374,Thursday,13
Canceled by Driver,Prime SUV,895,Friday,19
Success,Prime Plus,218,Monday,3
Success,Prime SUV,422,Tuesday,5
Success,Bike,227,Monday,10
Success,Prime SUV,1247,Tuesday,3
Success,eBike,892,Tuesday,23
Success,Prime SUV,402,Tuesday,21
Driver Not Found,Prime SUV,475,Monday,9
Success,Prime Plus,110,Saturday,18
Success,Mini,346,Thursday,7
Success,Prime SUV,234,Friday,0
Success,Prime Plus,903,Tuesday,14
Canceled by Driver,Bike,246,Sunday,3
Success,Prime Plus,233,Wednesday,23
Success,Prime Sedan,858,Wednesday,1
Canceled by Driver,Prime Plus,111,Thursday,19
Success,Prime SUV,173,Wednesday,5
Success,Auto,134,Thursday,2
Canceled by Driver,Prime Plus,346,Wednesday,15
Success,Bike,482,Friday,21
Driver Not Found,Prime SUV,529,Wednesday,23
Success,Bike,270,Sunday,2
Success,eBike,802,Tuesday,18
Success,Prime Sedan,1523,Friday,12
Success,Bike,256,Wednesday,5
Success,Prime SUV,443,Saturday,4
Canceled by Driver,eBike,741,Wednesday,10
Driver Not Found,Prime Plus,412,Thursday,14
Canceled by Driver,Prime Sedan,600,Friday,2
Success,Auto,388,Friday,7
Success,Prime Plus,138,Wednesday,0
Canceled by Driver,Mini,2096,Tuesday,13
Canceled by Driver,Bike,895,Thursday,18
Canceled by Driver,Mini,1918,Friday,5
Canceled by Customer,Mini,284,Monday,7
Success,Auto,429,Wednesday,3
Success,Prime SUV,379,Wednesday,18
Success,Prime SUV,529,Thursday,6
Canceled by Driver,Prime Sedan,179,Monday,15
Driver Not Found,Prime SUV,105,Monday,6
Success,Prime SUV,190,Sunday,5
Success,Prime Plus,881,Saturday,22
Success,Prime Plus,797,Wednesday,18
Driver Not Found,Prime SUV,512,Saturday,15
Success,Prime Plus,435,Sunday,18
Success,eBike,678,Wednesday,10
Success,Mini,126,Sunday,7
Canceled by Customer,Mini,1018,Sunday,22
Success,eBike,176,Tuesday,12
Canceled by Driver,Bike,310,Wednesday,5
Driver Not Found,Prime SUV,524,Sunday,2
Canceled by Driver,Prime SUV,258,Friday,2
Success,Bike,568,Saturday,3
Driver Not Found,eBike,853,Sunday,14
Success,eBike,805,Monday,0
Canceled by Driver,Bike,167,Wednesday,13
Canceled by Driver,Bike,298,Friday,1
Driver Not Found,Auto,326,Sunday,21
Success,Prime Plus,325,Wednesday,16
Driver Not Found,Mini,581,Friday,12
Canceled by Driver,eBike,1599,Friday,16
Success,Auto,863,Wednesday,17
Canceled by Driver,Bike,115,Thursday,6
Canceled by Customer,Mini,1516,Monday,6
Canceled by Customer,Prime SUV,748,Saturday,3
Success,Prime SUV,245,Wednesday,17
Success,Prime Plus,376,Sunday,18
Success,Prime Sedan,322,Monday,20
Canceled by Customer,Auto,339,Tuesday,11
Success,Mini,2881,Thursday,11
Success,Auto,911,Sunday,20
Success,Bike,303,Sunday,16
Success,eBike,163,Wednesday,5
Success,Bike,713,Wednesday,1
Driver Not Found,Auto,483,Monday,10
Success,Mini,412,Wednesday,4
Driver Not Found,Prime Sedan,122,Saturday,6
Success,Prime Plus,195,Wednesday,16
Success,eBike,270,Sunday,22
Success,Mini,774,Sunday,12
Success,Prime Plus,300,Friday,2
Driver Not Found,Mini,130,Friday,16
Success,Bike,605,Friday,0
Success,Bike,1458,Saturday,9
Success,Auto,169,Wednesday,10
Driver Not Found,Auto,430,Sunday,2
Success,Prime SUV,980,Wednesday,9
Canceled by Customer,Mini,1904,Friday,9
Success,Prime SUV,138,Thursday,1
Success,Prime SUV,429,Wednesday,4
Success,Prime Sedan,417,Thursday,19
Success,Prime SUV,1211,Saturday,22
Canceled by Driver,eBike,346,Friday,13
Success,Bike,742,Thursday,16
Success,Prime Plus,249,Tuesday,7
Success,Prime Plus,292,Saturday,11
Canceled by Driver,Prime SUV,729,Saturday,23
Success,eBike,441,Tuesday,11
Success,eBike,1299,Sunday,15
Canceled by Driver,eBike,665,Saturday,5
Canceled by Customer,Mini,376,Tuesday,1
Success,Prime Sedan,719,Tuesday,21
Canceled by Customer,Auto,427,Thursday,12
Success,Prime SUV,342,Monday,0
Canceled by Customer,Mini,666,Monday,10
Success,eBike,228,Saturday,0
Success,Prime Plus,293,Monday,1
Success,Bike,744,Monday,19
Success,Prime SUV,781,Sunday,23
Success,Prime SUV,676,Wednesday,9
Success,Bike,129,Saturday,1
Canceled by Customer,Prime Plus,296,Monday,20
Success,Prime SUV,262,Tuesday,23
Canceled by Customer,Prime SUV,1746,Saturday,8
Success,Bike,142,Saturday,20
Success,Bike,141,Tuesday,2
Success,Prime Sedan,821,Sunday,21
Success,Prime Sedan,268,Thursday,0
Success,Auto,2582,Friday,2
Success,Auto,2840,Sunday,19
Canceled by Driver,Prime Plus,472,Sunday,3
Success,Auto,369,Sunday,4
Success,Mini,360,Wednesday,18
Success,Bike,2824,Tuesday,0
Success,Mini,347,Monday,10
Success,Prime Plus,749,Friday,19
Success,Auto,2345,Thursday,1
Driver Not Found,Prime Sedan,1958,Tuesday,13
Driver Not Found,Prime Plus,955,Thursday,3
Success,Prime Plus,786,Thursday,23
Success,Bike,653,Sunday,9
Canceled by Customer,Bike,564,Saturday,15
Success,Prime Plus,415,Wednesday,15
Success,Prime Sedan,1833,Saturday,0
Success,Prime Plus,212,Wednesday,7
Canceled by Driver,Prime Plus,569,Monday,15
Success,Prime Sedan,1122,Wednesday,23
Canceled by Driver,Auto,892,Sunday,20
Driver Not Found,Prime SUV,386,Friday,4
Canceled by Customer,eBike,983,Monday,13
Success,Bike,238,Thursday,2
Success,Mini,214,Wednesday,15
Canceled by Driver,Prime Plus,201,Tuesday,18
Canceled by Driver,eBike,641,Thursday,21
Driver Not Found,Bike,2766,Tuesday,3
Success,Bike,626,Saturday,18
Success,Bike,368,Saturday,9
Canceled by Driver,Prime Plus,368,Monday,21
Success,Prime Plus,419,Tuesday,2
Success,Prime Sedan,311,Thursday,11
Success,eBike,368,Tuesday,6
Success,Bike,517,Saturday,17
Success,Prime Plus,230,Saturday,16
Canceled by Customer,Mini,802,Friday,12
Canceled by Customer,eBike,161,Thursday,11
Canceled by Driver,Prime Sedan,475,Monday,15
Canceled by Customer,Prime Plus,317,Monday,4
Success,Prime SUV,281,Thursday,12
Canceled by Driver,Prime Sedan,194,Monday,8
Canceled by Customer,Prime SUV,695,Monday,8
Success,Bike,2069,Sunday,17
Driver Not Found,Prime SUV,621,Wednesday,15
Success,Prime Plus,407,Sunday,3
Success,Auto,342,Saturday,15
Driver Not Found,Prime SUV,185,Tuesday,7
Success,Mini,418,Friday,11
Success,Mini,232,Friday,4
Success,Prime Sedan,104,Monday,21
Success,Mini,107,Friday,4
Success,Mini,794,Tuesday,13
Success,Prime Sedan,397,Friday,15
Canceled by Driver,Prime SUV,1851,Thursday,1
Canceled by Customer,Auto,139,Tuesday,5
Success,Prime Sedan,739,Sunday,18
Success,Prime Sedan,462,Wednesday,10
Canceled by Customer,Mini,152,Saturday,22
Success,Prime Plus,805,Saturday,4
Success,Mini,450,Friday,16
Success,eBike,305,Sunday,0
Success,Prime Plus,365,Tuesday,7
Driver Not Found,eBike,428,Friday,23
Driver Not Found,Prime Plus,943,Wednesday,13
Success,Mini,456,Saturday,5
Success,Prime SUV,637,Monday,20
Success,Bike,115,Saturday,19
Canceled by Customer,Prime Sedan,488,Tuesday,8
Canceled by Customer,Bike,1492,Sunday,22
Success,Mini,346,Tuesday,2
Driver Not Found,Bike,231,Friday,5
Canceled by Customer,Prime Plus,811,Tuesday,18
Success,Prime Sedan,417,Saturday,21
Success,Prime Sedan,470,Monday,17
Canceled by Driver,Prime SUV,704,Monday,21
Driver Not Found,Auto,278,Sunday,14
Canceled by Customer,Auto,2089,Wednesday,20
Canceled by Customer,eBike,271,Monday,18
Success,Prime Plus,254,Thursday,9
Success,Auto,780,Thursday,13
Success,eBike,235,Wednesday,7
Canceled by Driver,Mini,345,Thursday,16
Canceled by Driver,Prime Sedan,461,Monday,1
Canceled by Customer,Prime Sedan,417,Saturday,2
Success,Prime Plus,483,Tuesday,20
Success,Bike,443,Wednesday,18
Success,Auto,298,Wednesday,7
Canceled by Customer,Prime SUV,338,Thursday,23
Success,eBike,383,Wednesday,6
Success,Prime Plus,223,Monday,4
Success,Prime Sedan,974,Friday,13
Canceled by Driver,Mini,158,Tuesday,10
Success,eBike,117,Thursday,19
Success,Bike,486,Friday,15
Success,Auto,242,Thursday,4
Driver Not Found,Prime Sedan,1268,Monday,19
Success,eBike,105,Friday,12
Success,Bike,524,Saturday,7
Success,Auto,998,Sunday,9
Success,eBike,687,Saturday,17
Success,Prime SUV,245,Tuesday,13
Canceled by Customer,Prime SUV,410,Saturday,10
Success,Prime Sedan,2660,Wednesday,9
Canceled by Driver,Auto,734,Wednesday,13
Canceled by Driver,Prime Sedan,250,Saturday,23
Canceled by Driver,Mini,249,Friday,23
Driver Not Found,Prime Plus,2599,Thursday,7
Canceled by Driver,Bike,113,Sunday,10
Canceled by Driver,eBike,468,Monday,10
Success,Prime Sedan,661,Sunday,11
Success,Prime Plus,265,Monday,20
Success,Prime SUV,392,Wednesday,2
Success,Prime SUV,412,Friday,23
Success,Auto,196,Monday,4
Success,Mini,284,Wednesday,20
Success,Prime SUV,464,Thursday,10
Canceled by Driver,Auto,316,Friday,18
Success,Prime Plus,130,Tuesday,12
Success,Prime Plus,246,Monday,12
Success,Prime Plus,812,Monday,1
Canceled by Driver,eBike,348,Wednesday,23
Success,eBike,291,Wednesday,16
Driver Not Found,Prime Sedan,174,Thursday,10
Success,Prime Sedan,453,Thursday,4
Success,Mini,186,Tuesday,0
Success,eBike,104,Wednesday,20
Success,Auto,486,Sunday,6
Success,Prime Sedan,2493,Saturday,15
Canceled by Driver,Bike,144,Monday,19
Success,Auto,105,Friday,13
Driver Not Found,Mini,865,Friday,11
Success,Auto,420,Tuesday,15
Success,Prime Sedan,309,Monday,9
Success,Prime Sedan,281,Thursday,1
Canceled by Driver,Prime Sedan,434,Friday,21
Canceled by Customer,eBike,769,Monday,9
Success,Prime Plus,582,Friday,23
Success,Prime Plus,218,Thursday,7
Success,Prime Plus,330,Wednesday,3
Driver Not Found,Prime SUV,212,Wednesday,21
Success,Prime Plus,272,Monday,1
Success,Prime SUV,314,Wednesday,6
Driver Not Found,Prime Sedan,367,Friday,13
Driver Not Found,Prime Sedan,238,Tuesday,12
Success,eBike,363,Friday,20
Success,Prime Plus,465,Wednesday,7
Success,Prime Sedan,286,Thursday,9
Canceled by Driver,Prime Sedan,956,Wednesday,22
Driver Not Found,Prime Plus,308,Tuesday,12
Canceled by Driver,Prime Plus,167,Wednesday,20
Driver Not Found,Prime Plus,1808,Wednesday,10
Success,Prime Sedan,362,Tuesday,6
Canceled by Customer,Prime Sedan,928,Friday,23
Canceled by Driver,Bike,733,Wednesday,1
Canceled by Customer,Auto,986,Monday,0
Canceled by Driver,Bike,473,Wednesday,20
Driver Not Found,Mini,596,Sunday,23
Canceled by Customer,Mini,385,Sunday,22
Success,Prime SUV,2094,Thursday,4
Success,Mini,311,Monday,8
Canceled by Driver,Prime Plus,137,Tuesday,23
Canceled by Customer,Prime Sedan,578,Wednesday,22
Success,Mini,385,Wednesday,17
Driver Not Found,Auto,139,Wednesday,2
Success,Mini,361,Friday,5
Success,Prime Sedan,287,Saturday,23
Canceled by Customer,eBike,401,Monday,17
Success,Prime Plus,912,Monday,20
Canceled by Driver,Prime Sedan,443,Saturday,7
Success,eBike,152,Wednesday,5
Success,Mini,963,Sunday,6
Success,Prime SUV,335,Friday,21
Success,Prime Plus,145,Tuesday,17
Success,Mini,205,Monday,20
Canceled by Driver,Bike,119,Sunday,11
Success,eBike,254,Thursday,6
Success,Prime SUV,309,Tuesday,15
Canceled by Driver,Bike,581,Thursday,21
Success,Prime Sedan,736,Friday,19
Canceled by Customer,Mini,283,Friday,10
Success,Mini,179,Saturday,4
Canceled by Driver,Auto,390,Monday,21
Canceled by Customer,Auto,2288,Wednesday,13
Canceled by Driver,Prime Sedan,553,Thursday,3
Success,Prime Sedan,229,Monday,23
Canceled by Driver,Prime Sedan,251,Sunday,6
Success,Mini,474,Wednesday,7
Canceled by Driver,Auto,216,Sunday,17
Success,Prime Plus,814,Friday,4
Success,Mini,940,Friday,23
Canceled by Driver,Prime Plus,125,Saturday,12
Success,Prime Sedan,401,Tuesday,11
Success,Prime Sedan,167,Tuesday,13
Success,Prime Sedan,537,Thursday,7
Driver Not Found,Auto,172,Wednesday,19
Driver Not Found,Prime SUV,779,Wednesday,7
Driver Not Found,Mini,792,Wednesday,2
Success,Auto,820,Thursday,18
Success,Auto,122,Friday,8
Driver Not Found,Prime Plus,372,Tuesday,6
Success,Mini,184,Wednesday,1
Success,Prime Plus,189,Wednesday,15
Canceled by Customer,Prime SUV,167,Sunday,22
Success,Mini,455,Friday,19
Success,Auto,516,Sunday,20
Success,Prime Plus,442,Tuesday,5
Driver Not Found,Prime Sedan,402,Friday,10
Canceled by Driver,Auto,427,Monday,16
Success,Bike,278,Tuesday,15
Success,Prime Sedan,657,Sunday,4
Canceled by Driver,Prime Sedan,2783,Sunday,4
Canceled by Driver,eBike,326,Sunday,8
Success,Prime Plus,2428,Thursday,18
Success,Prime Plus,412,Thursday,12
Driver Not Found,eBike,410,Thursday,1
Canceled by Customer,Bike,907,Monday,14
Success,eBike,274,Friday,5
Canceled by Driver,eBike,138,Sunday,9
Success,Prime Plus,204,Wednesday,9
Success,eBike,210,Monday,16
Success,Bike,445,Friday,4
Success,Mini,385,Thursday,1
Success,Bike,446,Sunday,19
Success,Prime Sedan,498,Wednesday,1
Success,Prime Plus,924,Monday,22
Success,eBike,534,Tuesday,12
Success,Prime Plus,292,Saturday,15
Success,Prime Sedan,425,Tuesday,17
Success,Bike,410,Friday,15
Success,Prime SUV,344,Friday,7
Canceled by Driver,Bike,133,Tuesday,18
Driver Not Found,Prime SUV,835,Saturday,6
Success,Mini,375,Tuesday,2
Success,Prime Sedan,445,Monday,0
Driver Not Found,Auto,174,Tuesday,11
Canceled by Driver,Prime SUV,362,Tuesday,3
Success,eBike,398,Wednesday,5
Success,Auto,1962,Thursday,14
Canceled by Customer,Prime Sedan,437,Wednesday,17
Driver Not Found,Prime SUV,338,Thursday,10
Canceled by Driver,Mini,304,Wednesday,10
Success,Auto,179,Wednesday,16
Success,Prime Sedan,341,Friday,10
Driver Not Found,Bike,1813,Wednesday,11
Success,Prime SUV,149,Sunday,14
Canceled by Driver,Bike,263,Monday,2
Success,Bike,278,Friday,1
Success,Prime Plus,971,Tuesday,23
Success,Prime Plus,384,Friday,11
Success,Bike,382,Wednesday,8
Success,Auto,711,Thursday,14
Success,Auto,722,Sunday,7
Success,Prime Sedan,172,Friday,5
Canceled by Driver,Mini,483,Tuesday,15
Driver Not Found,Prime Sedan,176,Wednesday,17
Canceled by Customer,eBike,496,Wednesday,18
Driver Not Found,Prime Plus,405,Sunday,23
Driver Not Found,Auto,395,Monday,15
Success,Prime SUV,290,Monday,19
Success,Prime SUV,341,Tuesday,23
Canceled by Customer,Prime Sedan,2002,Thursday,9
Success,Prime Sedan,399,Saturday,1
Success,Prime SUV,343,Saturday,16
Canceled by Driver,Mini,211,Tuesday,14
Canceled by Driver,eBike,494,Monday,12
Success,Mini,285,Friday,8
Driver Not Found,Bike,1402,Tuesday,21
Success,Auto,309,Monday,1
Success,eBike,293,Sunday,5
Success,Prime Plus,573,Saturday,6
Success,Prime Plus,195,Tuesday,7
Success,Prime Plus,399,Thursday,23
Canceled by Customer,Mini,241,Tuesday,22
Canceled by Customer,eBike,478,Monday,4
Canceled by Driver,Auto,308,Friday,15
Success,Prime Plus,593,Saturday,22
Success,Prime Plus,2287,Saturday,4
Driver Not Found,Auto,678,Monday,20
Canceled by Driver,eBike,321,Wednesday,14
Success,eBike,310,Sunday,2
Success,Auto,275,Thursday,17
Success,Prime Plus,209,Monday,23
Driver Not Found,Auto,490,Friday,17
Success,Prime Plus,204,Sunday,11
Success,Prime SUV,207,Thursday,6
Canceled by Driver,Prime SUV,229,Tuesday,8
Canceled by Customer,eBike,410,Thursday,14
Success,Bike,1126,Tuesday,6
Success,Bike,947,Tuesday,2
Success,Prime Sedan,300,Friday,18
Canceled by Driver,Auto,432,Wednesday,6
Success,Prime Plus,420,Friday,23
Canceled by Driver,Prime Sedan,145,Monday,8
Success,Prime Sedan,2175,Monday,0
Driver Not Found,Mini,478,Wednesday,8
Success,Bike,155,Friday,23
Success,eBike,445,Sunday,11
Success,Prime Plus,423,Tuesday,14
Canceled by Driver,Auto,221,Friday,19
Success,eBike,406,Monday,20
Canceled by Driver,Prime Sedan,409,Sunday,13
Success,eBike,213,Monday,0
Success,Auto,416,Monday,22
Success,Prime SUV,491,Sunday,17
Canceled by Customer,Auto,130,Saturday,21
Success,eBike,328,Friday,0
Success,eBike,206,Saturday,19
Success,Mini,2596,Tuesday,8
Driver Not Found,Mini,405,Monday,18
Success,Prime Plus,342,Saturday,15
Success,Prime Plus,409,Wednesday,4
Success,Prime Sedan,1112,Thursday,14
Success,Prime Sedan,290,Tuesday,13
Success,Bike,231,Saturday,8
Success,Auto,624,Monday,22
Success,Prime Plus,2165,Wednesday,3
Driver Not Found,Prime Sedan,796,Tuesday,3
Canceled by Customer,Auto,995,Sunday,19
Success,eBike,161,Tuesday,19
Success,Prime SUV,869,Wednesday,1
Canceled by Driver,Bike,357,Tuesday,20
Canceled by Driver,eBike,941,Monday,22
Canceled by Customer,Auto,580,Sunday,16
Driver Not Found,Prime Sedan,480,Wednesday,9
Success,Auto,680,Tuesday,23
Success,Prime SUV,788,Wednesday,19
Success,Prime Sedan,436,Thursday,5
Driver Not Found,Prime SUV,922,Tuesday,6
Success,Prime Plus,438,Saturday,7
Canceled by Driver,eBike,199,Monday,2
Success,Prime Plus,369,Wednesday,3
Driver Not Found,Prime Sedan,133,Wednesday,9
Success,Bike,440,Monday,21
Success,Prime Plus,981,Saturday,0
Success,Prime SUV,586,Monday,7
Success,Auto,468,Wednesday,7
Success,Mini,144,Friday,3
Success,Mini,344,Friday,11
Success,Bike,465,Tuesday,17
Driver Not Found,Prime Plus,232,Friday,22
Success,Auto,878,Saturday,1
Success,Prime Sedan,288,Friday,13
Success,eBike,945,Wednesday,9
Success,Auto,404,Friday,21
Success,Mini,434,Saturday,8
Success,eBike,517,Friday,11
Success,eBike,733,Thursday,23
Driver Not Found,Prime SUV,639,Tuesday,14
Success,Prime SUV,2104,Monday,10
Success,eBike,1085,Monday,5
Success,Auto,560,Friday,2
Success,Prime SUV,334,Wednesday,1
Success,Prime Plus,433,Thursday,9
Driver Not Found,Auto,433,Thursday,21
Success,Prime SUV,615,Wednesday,22
Success,Mini,426,Friday,11
Success,Auto,171,Monday,0
Canceled by Driver,Auto,1588,Saturday,5
Driver Not Found,Prime Plus,213,Friday,16
Canceled by Driver,Bike,170,Wednesday,0
Success,eBike,232,Monday,9
Success,Bike,186,Saturday,13
Canceled by Driver,Mini,392,Wednesday,0
Canceled by Customer,Prime Plus,291,Friday,15
Success,Mini,1865,Wednesday,11
Success,Prime Plus,158,Tuesday,11
Canceled by Driver,Prime SUV,2764,Wednesday,22
Success,Prime Sedan,430,Thursday,9
Success,Auto,353,Sunday,5
Canceled by Driver,Prime Plus,101,Sunday,13
Canceled by Driver,eBike,147,Wednesday,21
Canceled by Driver,Bike,188,Wednesday,6
Canceled by Driver,Bike,164,Thursday,0
Success,Auto,478,Friday,17
Success,Prime Plus,183,Saturday,20
Success,Bike,219,Friday,13
Driver Not Found,Auto,183,Friday,17
Success,Mini,253,Tuesday,14
Success,Auto,250,Sunday,18
Driver Not Found,Prime Sedan,498,Wednesday,19
Success,Prime Plus,219,Sunday,1
Success,eBike,769,Wednesday,12
Canceled by Driver,Auto,400,Monday,10
Driver Not Found,Bike,605,Thursday,1
Success,Prime SUV,330,Saturday,0
Success,Auto,756,Wednesday,7
Success,Prime Plus,275,Tuesday,5
Canceled by Driver,Prime Plus,233,Monday,16
Success,Prime SUV,479,Saturday,13
Driver Not Found,Auto,279,Saturday,9
Success,Auto,131,Friday,5
Success,Auto,168,Sunday,21
Success,Prime Sedan,487,Wednesday,8
Canceled by Customer,Mini,291,Sunday,9
Driver Not Found,eBike,194,Monday,4
Success,Auto,808,Friday,19
Success,Prime Plus,351,Tuesday,0
Canceled by Driver,Mini,813,Wednesday,2
Success,eBike,137,Monday,8
Success,Prime Plus,403,Sunday,13
Canceled by Driver,Prime SUV,147,Tuesday,18
Success,Prime Sedan,220,Saturday,0
Success,Bike,223,Wednesday,10
Success,eBike,260,Tuesday,0
Success,Prime SUV,909,Tuesday,14
Canceled by Driver,Auto,173,Tuesday,2
Success,Prime SUV,696,Sunday,16
Success,Mini,140,Wednesday,5
Success,Auto,691,Tuesday,4
Success,Prime SUV,147,Tuesday,18
Success,eBike,249,Wednesday,12
Success,Auto,361,Saturday,22
Success,Prime Plus,183,Saturday,22
Canceled by Customer,Bike,910,Friday,7
Canceled by Driver,Prime SUV,414,Tuesday,8
Success,Prime Plus,202,Saturday,1
Driver Not Found,Bike,436,Saturday,10
Success,Prime SUV,209,Wednesday,1
Canceled by Customer,eBike,1138,Friday,7
Canceled by Customer,Prime SUV,443,Monday,9
Canceled by Customer,Mini,857,Monday,13
Success,Bike,540,Saturday,19
Canceled by Customer,Auto,347,Friday,17
Canceled by Customer,Prime Plus,267,Tuesday,16
Success,Prime Sedan,105,Saturday,8
Success,eBike,256,Wednesday,3
Success,Prime Plus,430,Friday,0
Success,Bike,292,Saturday,6
Success,Bike,583,Monday,23
Success,Auto,658,Saturday,17
Driver Not Found,Auto,671,Monday,17
Driver Not Found,Bike,466,Tuesday,15
Canceled by Driver,Prime Sedan,559,Monday,9
Success,Auto,410,Thursday,10
Success,Auto,107,Wednesday,7
Success,Prime Sedan,495,Thursday,10
Success,Prime SUV,640,Saturday,7
Canceled by Driver,Prime Sedan,318,Friday,20
Success,Prime Sedan,353,Thursday,23
Canceled by Driver,Prime SUV,1410,Monday,0
Canceled by Driver,Prime Sedan,280,Monday,2
Success,eBike,492,Friday,7
Canceled by Driver,Prime Plus,591,Wednesday,20
Success,Prime Plus,441,Sunday,22
Success,Prime Plus,105,Wednesday,2
Success,Prime SUV,827,Friday,21
Success,Prime Plus,950,Tuesday,17
Success,Prime Plus,278,Friday,16
Success,Auto,490,Friday,20
Success,eBike,295,Tuesday,8
Canceled by Driver,Prime Plus,293,Wednesday,10
Canceled by Driver,Bike,379,Thursday,13
Success,eBike,255,Saturday,4
Driver Not Found,Bike,2399,Tuesday,9
Canceled by Driver,Prime Sedan,673,Friday,20
Success,Bike,617,Friday,13
Canceled by Driver,Auto,245,Monday,12
Canceled by Customer,Prime Plus,390,Saturday,18
Success,Prime Plus,2742,Tuesday,2
Success,Prime Sedan,459,Tuesday,17
Success,Bike,417,Wednesday,1
Success,Prime Plus,733,Sunday,12
Success,Prime Plus,485,Wednesday,6
Success,eBike,171,Saturday,12
Success,Prime Sedan,122,Wednesday,21
Success,eBike,489,Thursday,5
Driver Not Found,Bike,357,Saturday,6
Success,eBike,313,Sunday,3
Success,Prime SUV,484,Tuesday,14
Success,eBike,432,Wednesday,4
Success,eBike,784,Thursday,9
Canceled by Driver,Prime Plus,196,Wednesday,13
Canceled by Driver,Prime Sedan,395,Sunday,3
Success,Prime Sedan,207,Wednesday,12
Success,Auto,1997,Friday,23
Success,Prime SUV,347,Monday,4
Canceled by Driver,Prime Plus,491,Monday,23
Success,Auto,701,Tuesday,22
Canceled by Driver,eBike,469,Tuesday,7
Canceled by Driver,eBike,388,Friday,10
Success,Bike,438,Tuesday,23
Canceled by Driver,Prime Sedan,334,Wednesday,16
Driver Not Found,Prime SUV,443,Saturday,15
Canceled by Driver,Bike,1059,Thursday,20
Success,Auto,537,Wednesday,23
Success,Bike,364,Sunday,16
Success,Prime Sedan,693,Friday,15
Driver Not Found,Prime SUV,187,Wednesday,2
Success,Bike,749,Tuesday,10
Canceled by Customer,eBike,376,Thursday,10
Success,eBike,472,Thursday,16
Canceled by Driver,eBike,690,Wednesday,7
Canceled by Customer,eBike,818,Monday,9
Success,Bike,469,Monday,5
Canceled by Driver,eBike,331,Monday,9
Canceled by Driver,eBike,878,Tuesday,14
Success,Auto,474,Tuesday,3
Success,Auto,131,Monday,22
Success,Prime Sedan,257,Tuesday,12
Success,eBike,126,Thursday,16
Canceled by Driver,Mini,470,Wednesday,11
Success,eBike,443,Thursday,0
Success,eBike,279,Wednesday,8
Success,Prime Sedan,319,Sunday,20
Success,Bike,946,Friday,7
Canceled by Driver,Bike,105,Friday,7
Success,Prime SUV,288,Thursday,19
Success,Mini,258,Wednesday,18
Success,eBike,818,Monday,4
Canceled by Driver,Auto,1085,Tuesday,1
Canceled by Customer,Prime Plus,661,Saturday,4
Success,eBike,2594,Sunday,7
Success,Auto,213,Monday,18
Canceled by Driver,Bike,765,Sunday,13
Canceled by Driver,Prime Plus,893,Saturday,11
Success,Auto,360,Saturday,7
Success,Auto,183,Wednesday,4
Success,Prime SUV,318,Saturday,20
Success,Prime Plus,305,Wednesday,6
Success,Prime Sedan,319,Sunday,8
Success,eBike,426,Sunday,18
Success,Auto,886,Friday,0
Success,Prime Sedan,418,Thursday,22
Success,Prime Plus,272,Sunday,4
Success,Prime SUV,2299,Wednesday,19
Success,eBike,633,Wednesday,6
Success,Prime Plus,440,Wednesday,10
Canceled by Customer,Bike,264,Saturday,23
Success,Prime Plus,489,Thursday,0
Success,Bike,228,Tuesday,11
Success,Auto,315,Friday,13
Success,Prime Sedan,344,Friday,21
Success,Auto,987,Monday,23
Success,eBike,2543,Monday,12
Success,Prime SUV,1094,Monday,0
Success,Mini,304,Wednesday,8
Success,Prime SUV,541,Saturday,11
Success,eBike,116,Thursday,10
Success,Mini,293,Tuesday,16
Success,Prime Sedan,157,Sunday,19
Success,Bike,147,Monday,13
Success,eBike,302,Sunday,14
Success,Prime SUV,136,Sunday,14
Success,Mini,476,Tuesday,11
Success,eBike,217,Tuesday,12
Driver Not Found,Prime Plus,300,Friday,4
Canceled by Driver,Prime Plus,749,Tuesday,22
Success,Prime Sedan,1277,Tuesday,5
Canceled by Driver,eBike,447,Friday,16
Success,Mini,1685,Sunday,21
Canceled by Customer,Prime SUV,827,Saturday,18
Driver Not Found,Prime Plus,149,Saturday,12
Success,Auto,125,Thursday,17
Success,Auto,220,Friday,15
Canceled by Driver,Auto,253,Sunday,0
Canceled by Driver,Auto,652,Saturday,17
Canceled by Customer,Prime Sedan,213,Tuesday,8
Success,Prime Sedan,617,Wednesday,21
Success,Prime Plus,240,Wednesday,1
Success,Auto,123,Saturday,12
Canceled by Customer,eBike,752,Friday,13
Driver Not Found,Prime Plus,948,Monday,5
Success,Bike,182,Tuesday,16
Success,Mini,324,Monday,1
Success,Prime Plus,481,Monday,11
Canceled by Driver,Prime Plus,452,Wednesday,4
Success,Prime Sedan,281,Friday,1
Success,Auto,380,Wednesday,11
Success,Auto,115,Saturday,23
Success,Prime Plus,331,Saturday,4
Canceled by Driver,Prime Plus,569,Wednesday,11
Success,Prime Sedan,910,Saturday,1
Success,Bike,694,Thursday,7
Success,Prime Sedan,313,Sunday,3
Driver Not Found,Auto,297,Tuesday,22
Canceled by Customer,Bike,104,Wednesday,0
Success,Auto,708,Sunday,9
Success,Mini,454,Friday,4
Success,eBike,160,Saturday,18
Canceled by Customer,Prime Sedan,478,Thursday,19
Canceled by Customer,Prime SUV,102,Sunday,6
Success,Prime Sedan,392,Tuesday,10
Success,Mini,322,Saturday,17
Success,Prime Sedan,934,Saturday,2
Success,Prime Sedan,355,Tuesday,10
Driver Not Found,Bike,454,Friday,8
Success,eBike,358,Sunday,14
Canceled by Customer,Prime Plus,268,Monday,18
Success,eBike,248,Wednesday,19
Success,Prime SUV,223,Tuesday,23
Success,Prime Sedan,679,Sunday,18
Canceled by Customer,eBike,404,Monday,21
Canceled by Driver,Prime Plus,463,Wednesday,10
Canceled by Customer,Mini,406,Thursday,17
Success,Prime SUV,638,Sunday,0
Success,Prime Sedan,296,Friday,17
Driver Not Found,Bike,607,Wednesday,12
Driver Not Found,Prime SUV,417,Thursday,0
Canceled by Driver,Prime Plus,190,Sunday,19
Success,Prime Sedan,305,Wednesday,5
Driver Not Found,Prime Sedan,1464,Tuesday,18
Success,Prime Sedan,780,Thursday,8
Success,Auto,275,Sunday,16
Success,Prime Plus,322,Sunday,21
Canceled by Driver,Mini,290,Friday,10
Success,Mini,195,Friday,13
Success,Prime Sedan,330,Saturday,9
Canceled by Customer,Bike,446,Friday,4
Success,Bike,291,Tuesday,18
Canceled by Customer,Prime Plus,294,Wednesday,9
Driver Not Found,Mini,2863,Sunday,10
Success,Bike,426,Thursday,12
Success,Prime Plus,161,Tuesday,21
Canceled by Driver,Bike,144,Tuesday,9
Canceled by Driver,Prime Plus,420,Tuesday,19
Success,Bike,483,Tuesday,15
Canceled by Driver,Bike,359,Tuesday,11
Canceled by Driver,Prime Sedan,108,Friday,19
Canceled by Driver,eBike,558,Saturday,3
Canceled by Driver,Prime Sedan,402,Wednesday,22
Success,Prime SUV,228,Tuesday,18
Success,Prime SUV,1128,Friday,23
Success,Auto,464,Saturday,18
Canceled by Driver,Prime Plus,715,Wednesday,13
Canceled by Driver,Auto,408,Monday,10
Success,Bike,637,Monday,11
Canceled by Customer,Auto,452,Saturday,17
Driver Not Found,Bike,742,Wednesday,23
Driver Not Found,Auto,2030,Sunday,4
Success,Bike,757,Wednesday,22
Success,Mini,272,Thursday,19
Success,Mini,471,Saturday,18
Canceled by Customer,Bike,915,Saturday,16
Success,Mini,203,Wednesday,23
Canceled by Driver,Auto,309,Saturday,7
Canceled by Driver,Mini,426,Friday,21
Driver Not Found,Mini,2956,Friday,1
Canceled by Customer,Prime SUV,314,Thursday,1
Canceled by Driver,Prime Plus,354,Thursday,17
Success,Prime Sedan,428,Thursday,18
Success,Prime Plus,375,Wednesday,6
Canceled by Customer,Mini,161,Thursday,4
Canceled by Driver,Bike,2354,Thursday,6
Success,Prime Plus,790,Tuesday,9
Success,Prime Sedan,817,Friday,19
Success,Prime Sedan,422,Saturday,16
Canceled by Customer,Bike,110,Saturday,23
Success,Bike,133,Thursday,18
Success,Bike,241,Friday,4
Canceled by Driver,Prime Plus,199,Monday,6
Success,Bike,372,Friday,22
Success,Prime Plus,584,Wednesday,8
Success,Mini,218,Sunday,18
Driver Not Found,Prime Sedan,298,Tuesday,11
Success,Prime SUV,330,Sunday,20
Success,Mini,108,Wednesday,1
Canceled by Customer,eBike,204,Tuesday,5
Canceled by Customer,Bike,196,Tuesday,2
Success,Bike,460,Thursday,14
Success,Prime Plus,341,Wednesday,10
Success,Prime SUV,345,Sunday,21
Success,Auto,415,Monday,18
Canceled by Driver,Prime Plus,124,Monday,20
Success,Prime Plus,199,Saturday,12
Canceled by Driver,Prime Sedan,271,Monday,9
Success,Prime Sedan,2798,Monday,17
Success,Prime Sedan,284,Friday,1
Canceled by Driver,Mini,248,Saturday,23
Canceled by Customer,eBike,215,Thursday,18
Success,Prime Sedan,810,Saturday,1
Success,Prime SUV,208,Sunday,4
Canceled by Driver,Prime SUV,832,Monday,16
Canceled by Customer,Mini,442,Wednesday,18
Success,eBike,1415,Saturday,22
Success,Prime SUV,427,Sunday,10
Canceled by Customer,Prime SUV,341,Friday,3
Success,Bike,361,Friday,19
Success,Bike,805,Wednesday,13
Driver Not Found,Mini,468,Sunday,2
Canceled by Driver,Prime Plus,302,Tuesday,4
Canceled by Customer,Auto,304,Wednesday,12
Success,Auto,212,Monday,4
Canceled by Driver,Auto,233,Thursday,6
Success,Auto,963,Saturday,0
Canceled by Driver,Bike,261,Saturday,20
Canceled by Customer,Auto,1752,Sunday,17
Success,Bike,920,Sunday,3
Success,eBike,362,Friday,11
Canceled by Customer,Prime Sedan,324,Monday,21
Driver Not Found,Bike,104,Wednesday,2
Driver Not Found,Mini,167,Tuesday,4
Success,Prime Sedan,326,Tuesday,6
Success,Prime Plus,817,Friday,17
Canceled by Driver,Auto,388,Saturday,20
Success,Prime SUV,288,Monday,19
Success,Mini,466,Thursday,3
Success,Bike,493,Sunday,18
Success,Bike,261,Tuesday,7
Success,Prime Sedan,143,Monday,3
Success,Prime SUV,104,Tuesday,4
Success,Prime SUV,324,Saturday,2
Canceled by Driver,Mini,452,Friday,11
Success,Prime Plus,2923,Thursday,13
Success,Prime Plus,667,Tuesday,2
Success,Prime Plus,177,Monday,6
Canceled by Driver,Auto,587,Friday,2
Success,Bike,147,Friday,14
Success,Prime Sedan,1724,Sunday,4
Success,Mini,383,Monday,11
Canceled by Driver,Mini,225,Tuesday,18
Success,Prime SUV,885,Sunday,7
Canceled by Driver,Bike,215,Monday,14
Canceled by Customer,eBike,748,Thursday,14
Success,Bike,375,Thursday,3
Success,Prime Plus,109,Sunday,23
Success,Prime Plus,214,Tuesday,12
Canceled by Customer,Prime Plus,259,Monday,23
Canceled by Driver,Prime Plus,789,Thursday,20
Success,Auto,162,Friday,14
Success,Prime Plus,107,Tuesday,16
Success,Bike,279,Saturday,8
Canceled by Driver,Mini,341,Monday,14
Canceled by Driver,Bike,457,Sunday,19
Canceled by Customer,Mini,146,Friday,7
Canceled by Driver,Bike,492,Sunday,20
Success,Mini,398,Monday,2
Success,Prime Plus,822,Monday,9
Success,Prime Plus,382,Thursday,1
Success,Prime Plus,508,Wednesday,4
Canceled by Driver,Prime SUV,170,Saturday,13
Driver Not Found,Prime Sedan,461,Sunday,15
Success,Auto,431,Thursday,1
Canceled by Driver,Prime Plus,327,Thursday,7
Success,Prime SUV,271,Sunday,19
Success,Prime Sedan,407,Thursday,12
Canceled by Driver,Bike,455,Tuesday,19
Canceled by Driver,Mini,298,Monday,6
Canceled by Customer,Bike,490,Wednesday,8
Canceled by Driver,Prime Plus,773,Wednesday,16
Success,Prime Sedan,346,Saturday,2
Success,Mini,496,Tuesday,18
Success,Prime Plus,108,Tuesday,11
Success,Auto,166,Thursday,23
Driver Not Found,Prime Plus,1722,Sunday,7
Success,Auto,370,Friday,7
Canceled by Driver,Mini,902,Saturday,9
Success,Auto,1047,Thursday,5
Success,Mini,218,Monday,11
Success,eBike,184,Sunday,17
Success,Prime Sedan,145,Saturday,2
Success,Auto,888,Friday,1
Success,Bike,385,Tuesday,9
Success,Bike,279,Monday,23
Canceled by Customer,Prime SUV,439,Monday,22
Success,Bike,401,Sunday,5
Success,eBike,110,Wednesday,21
Success,Mini,590,Wednesday,12
Success,Auto,290,Tuesday,4
Canceled by Driver,Auto,329,Friday,23
Driver Not Found,Bike,1226,Wednesday,14
Success,Bike,483,Wednesday,4
Success,Bike,215,Friday,19
Success,Mini,890,Thursday,12
Success,Prime SUV,353,Thursday,19
Canceled by Driver,Prime Sedan,306,Tuesday,13
Canceled by Driver,eBike,178,Thursday,4
Canceled by Driver,Auto,509,Monday,16
Success,Mini,226,Wednesday,2
Success,Mini,169,Sunday,14
Success,Prime Plus,234,Monday,15
Driver Not Found,Auto,282,Tuesday,4
Success,Prime SUV,416,Sunday,18
Success,Prime SUV,438,Friday,16
Driver Not Found,Bike,149,Wednesday,17
Success,Prime SUV,487,Tuesday,14
Success,Prime Plus,213,Thursday,23
Driver Not Found,eBike,1909,Thursday,17
Success,Prime SUV,814,Wednesday,9
Canceled by Driver,Mini,163,Tuesday,11
Success,eBike,434,Thursday,2
Canceled by Customer,Prime Sedan,468,Tuesday,4
Driver Not Found,Bike,505,Sunday,17
Success,Auto,108,Monday,23
Success,Prime Sedan,118,Monday,16
Success,Bike,208,Thursday,14
Success,eBike,804,Sunday,23
Canceled by Customer,eBike,189,Friday,1
Success,eBike,175,Friday,13
Success,Prime SUV,986,Wednesday,0
Canceled by Customer,Prime Sedan,479,Saturday,15
Success,Bike,365,Monday,23
Success,Mini,287,Friday,19
Canceled by Customer,Mini,448,Wednesday,21
Success,Prime SUV,307,Tuesday,7
Success,Prime Plus,916,Thursday,2
Canceled by Driver,Bike,311,Wednesday,6
Success,Prime Sedan,287,Monday,11
Success,Bike,587,Monday,17
Canceled by Customer,Prime SUV,107,Wednesday,12
Success,Prime Plus,542,Tuesday,0
Driver Not Found,Prime Sedan,715,Thursday,8
Success,Mini,492,Tuesday,20
Success,Prime SUV,1676,Tuesday,7
Success,Prime SUV,364,Saturday,22
Success,Prime SUV,593,Friday,9
Canceled by Driver,Prime SUV,245,Wednesday,17
Driver Not Found,Auto,826,Monday,2
Success,Prime Sedan,433,Thursday,3
Success,Prime Sedan,1824,Wednesday,1
Success,Prime Plus,443,Wednesday,19
Success,eBike,472,Monday,17
Success,Auto,341,Sunday,8
Success,eBike,110,Monday,19
Success,Mini,843,Tuesday,11
Success,Prime SUV,420,Wednesday,12
Success,eBike,813,Thursday,4
Driver Not Found,Prime Plus,809,Monday,23
Success,Prime Sedan,183,Wednesday,20
Success,Prime SUV,424,Friday,3
Driver Not Found,Mini,115,Wednesday,4
Canceled by Driver,Mini,181,Monday,21
Canceled by Customer,eBike,402,Thursday,23
Success,Prime SUV,140,Saturday,18
Canceled by Driver,Prime Plus,184,Saturday,1
Driver Not Found,eBike,2957,Saturday,3
Success,eBike,129,Monday,7
Canceled by Driver,Bike,153,Wednesday,5
Canceled by Driver,Prime SUV,129,Monday,20
Canceled by Customer,Prime SUV,255,Friday,7
Success,Prime Plus,809,Monday,5
Driver Not Found,Mini,247,Monday,4
Success,Prime Plus,492,Monday,16
Success,Prime Sedan,286,Tuesday,3
Canceled by Driver,Prime SUV,122,Thursday,9
Success,Bike,147,Tuesday,17
Canceled by Driver,Bike,366,Wednesday,8
Success,Prime Sedan,181,Friday,7
Canceled by Driver,Prime Plus,231,Monday,4
Success,Prime Plus,416,Friday,6
Driver Not Found,eBike,174,Thursday,20
Success,Prime SUV,321,Friday,11
Success,Prime SUV,688,Saturday,14
Canceled by Driver,Mini,353,Wednesday,11
Success,eBike,352,Saturday,14
Canceled by Driver,Prime Sedan,745,Wednesday,4
Driver Not Found,Prime Plus,343,Wednesday,4
Canceled by Driver,Prime Sedan,218,Sunday,19
Success,Prime Sedan,281,Wednesday,14
Success,eBike,122,Sunday,23
Success,Prime Plus,333,Monday,14
Canceled by Driver,Prime Plus,947,Tuesday,19
Driver Not Found,Prime Plus,646,Sunday,16
Driver Not Found,Auto,223,Thursday,19
Canceled by Driver,Prime Sedan,443,Wednesday,23
Success,Mini,482,Monday,18
Canceled by Driver,Prime SUV,324,Thursday,7
Success,Prime Sedan,187,Thursday,12
Canceled by Driver,Prime SUV,919,Monday,10
Success,eBike,245,Monday,5
Success,Auto,271,Sunday,4
Success,eBike,349,Friday,9
Success,Bike,604,Tuesday,10
Canceled by Customer,Prime Plus,699,Wednesday,5
Canceled by Customer,eBike,186,Saturday,20
Success,Prime SUV,153,Sunday,18
Success,Bike,861,Wednesday,16
Success,Prime Sedan,227,Tuesday,14
Success,Prime SUV,266,Monday,16
Success,Bike,297,Sunday,4
Driver Not Found,Prime Plus,827,Thursday,2
Canceled by Driver,Mini,477,Wednesday,2
Success,Prime Sedan,1147,Sunday,10
Success,eBike,2973,Thursday,11
Success,Prime SUV,277,Monday,0
Success,Prime SUV,1613,Friday,8
Success,Prime Sedan,123,Friday,3
Success,Bike,924,Thursday,20
Success,Prime Sedan,584,Wednesday,18
Driver Not Found,Prime Plus,374,Friday,17
Success,Prime Sedan,234,Friday,2
Success,Prime SUV,446,Sunday,4
Success,Prime Sedan,695,Saturday,20
Success,Prime Sedan,532,Thursday,6
Driver Not Found,Prime Sedan,944,Thursday,2
Driver Not Found,Prime Plus,2922,Tuesday,23
Success,Prime SUV,282,Saturday,15
Canceled by Driver,Mini,425,Thursday,18
Success,Prime Sedan,474,Tuesday,20
Canceled by Driver,Mini,405,Sunday,17
Success,eBike,202,Friday,6
Success,Mini,2675,Sunday,18
Success,Mini,509,Sunday,12
Success,Prime SUV,328,Thursday,10
Canceled by Driver,Mini,223,Monday,20
Success,Prime SUV,141,Thursday,18
Success,Auto,227,Thursday,12
Canceled by Customer,Mini,623,Thursday,18
Success,eBike,870,Monday,17
Success,Mini,938,Friday,5
Success,Prime Sedan,687,Wednesday,5
Success,Mini,975,Wednesday,14
Success,Auto,2001,Tuesday,1
Success,Mini,109,Wednesday,1
Success,Mini,615,Friday,13
Success,Prime Sedan,166,Tuesday,13
Canceled by Driver,Prime Sedan,351,Thursday,10
Success,Bike,313,Friday,0
Canceled by Customer,Mini,215,Friday,16
Driver Not Found,Prime SUV,214,Tuesday,0
Success,Mini,908,Wednesday,15
Success,Prime Sedan,490,Sunday,2
Canceled by Customer,Mini,366,Sunday,23
Success,eBike,573,Monday,23
Canceled by Driver,Bike,286,Saturday,20
Driver Not Found,eBike,948,Saturday,22
Success,Prime SUV,617,Wednesday,23
Success,Mini,1462,Friday,2
Driver Not Found,Mini,378,Monday,2
Success,Auto,405,Wednesday,16
Success,Prime Plus,332,Tuesday,7
Canceled by Customer,Bike,253,Monday,22
Success,Prime SUV,725,Sunday,11
Success,Prime Sedan,352,Wednesday,7
Canceled by Driver,Mini,315,Thursday,1
Success,Mini,1836,Sunday,8
Success,Auto,275,Wednesday,8
Success,Prime Plus,411,Tuesday,4
Canceled by Customer,Prime SUV,554,Tuesday,23
Success,eBike,300,Saturday,23
Success,Prime Sedan,543,Monday,19
Canceled by Customer,Prime Sedan,140,Sunday,0
Success,Prime Sedan,361,Monday,2
Canceled by Driver,eBike,405,Saturday,1
Success,Prime SUV,840,Saturday,20
Canceled by Driver,Mini,552,Saturday,0
Success,Prime Plus,289,Monday,16
Canceled by Driver,Auto,483,Wednesday,11
Success,Prime Plus,477,Tuesday,13
Success,Prime Sedan,130,Saturday,13
Success,Prime Sedan,311,Thursday,5
Success,Mini,295,Saturday,4
Success,Mini,583,Wednesday,0
Canceled by Customer,Mini,133,Sunday,18
Success,Auto,554,Wednesday,23
Success,Auto,298,Sunday,21
Success,eBike,453,Friday,17
Canceled by Driver,Mini,171,Friday,4
Canceled by Customer,eBike,400,Monday,3
Canceled by Driver,Auto,186,Sunday,3
Canceled by Driver,Prime Plus,146,Thursday,7
Canceled by Customer,Mini,305,Wednesday,10
Success,Bike,131,Thursday,14
Success,Prime Sedan,209,Tuesday,16
Success,Prime SUV,370,Wednesday,9
Success,eBike,788,Wednesday,16
Success,Mini,143,Wednesday,16
Success,eBike,225,Saturday,18
Driver Not Found,Auto,464,Wednesday,3
Canceled by Driver,Prime Sedan,327,Tuesday,15
Success,Prime Plus,313,Wednesday,13
Success,Bike,350,Monday,22
Success,Prime Plus,200,Sunday,15
Success,Prime Sedan,695,Friday,10
Success,Bike,187,Monday,15
Canceled by Driver,eBike,197,Friday,23
Canceled by Driver,Prime Plus,371,Tuesday,6
Driver Not Found,Bike,116,Monday,6
Success,Prime SUV,320,Thursday,14
Success,Prime SUV,388,Wednesday,1
Canceled by Customer,Auto,315,Tuesday,6
Success,eBike,336,Wednesday,13
Success,Prime SUV,434,Tuesday,1
Canceled by Driver,Prime Sedan,885,Sunday,4
Success,Mini,261,Friday,20
Canceled by Customer,Prime Plus,448,Wednesday,0
Success,Prime Sedan,151,Friday,8
Success,Prime Sedan,186,Tuesday,22
Driver Not Found,Bike,432,Thursday,19
Canceled by Driver,eBike,396,Saturday,15
Canceled by Driver,eBike,257,Tuesday,12
Success,Prime Sedan,507,Thursday,1
Canceled by Driver,Bike,229,Saturday,9
Success,eBike,472,Saturday,21
Success,Mini,131,Tuesday,15
Success,eBike,970,Saturday,2
Canceled by Customer,Auto,461,Wednesday,4
Success,Prime Sedan,541,Friday,14
Success,Prime Sedan,295,Sunday,5
Success,Prime Plus,440,Tuesday,8
Success,Prime Sedan,489,Monday,11
Success,Mini,346,Friday,19
Canceled by Driver,Bike,189,Friday,12
Canceled by Driver,Mini,260,Saturday,23
Canceled by Driver,Prime Sedan,280,Tuesday,10
Success,Auto,123,Sunday,23
Success,Bike,121,Thursday,6
Success,Prime Plus,307,Friday,22
Canceled by Driver,Bike,388,Friday,19
Canceled by Driver,eBike,493,Monday,17
Success,Auto,452,Saturday,22
Success,Mini,137,Thursday,13
Success,eBike,310,Wednesday,3
Success,Bike,560,Wednesday,12
Success,Auto,127,Wednesday,20
Driver Not Found,eBike,143,Wednesday,1
Canceled by Customer,Bike,243,Saturday,15
Success,Mini,172,Friday,20
Success,Mini,133,Tuesday,18
Success,Mini,287,Wednesday,16
Success,Mini,415,Tuesday,4
Success,Auto,162,Wednesday,15
Success,Bike,476,Wednesday,7
Success,Bike,2167,Monday,21
Success,Mini,212,Sunday,11
Canceled by Driver,eBike,326,Tuesday,8
Success,Prime Sedan,172,Thursday,17
Canceled by Customer,eBike,118,Wednesday,11
Canceled by Driver,Mini,320,Monday,11
Success,eBike,421,Tuesday,2
Canceled by Driver,Auto,412,Thursday,21
Success,Bike,252,Sunday,17
Success,Prime SUV,721,Saturday,7
Driver Not Found,Prime Sedan,955,Tuesday,20
Success,Auto,833,Thursday,15
Success,Prime SUV,268,Sunday,22
Success,Prime Plus,356,Wednesday,23
Success,Prime Sedan,448,Monday,18
Success,Bike,688,Tuesday,11
Canceled by Driver,Auto,465,Sunday,5
Success,Prime Plus,179,Saturday,3
Success,Auto,869,Tuesday,17
Success,Prime Sedan,354,Monday,3
Success,Mini,164,Wednesday,7
Success,Prime Plus,169,Tuesday,18
Success,Prime SUV,279,Tuesday,10
Canceled by Driver,Mini,267,Tuesday,17
Driver Not Found,Auto,870,Friday,1
Success,Prime Plus,428,Thursday,22
Success,Prime Plus,137,Thursday,9
Success,Prime SUV,260,Monday,13
Success,Mini,400,Sunday,15
Success,Prime SUV,265,Wednesday,14
Success,Mini,571,Thursday,8
Success,Auto,828,Sunday,4
Success,Prime Sedan,447,Monday,20
Success,Bike,101,Wednesday,3
Driver Not Found,Prime SUV,326,Tuesday,21
Success,Bike,422,Sunday,8
Driver Not Found,Prime Plus,211,Tuesday,0
Success,Prime SUV,351,Friday,22
Success,Bike,109,Tuesday,0
Success,Prime SUV,116,Thursday,20
Success,Bike,721,Saturday,4
Driver Not Found,Prime Plus,158,Monday,12
Canceled by Driver,Prime Sedan,817,Thursday,22
Canceled by Driver,Bike,182,Monday,20
Success,Prime SUV,2362,Tuesday,7
Canceled by Driver,Prime Plus,945,Monday,5
Success,eBike,269,Monday,11
Success,Prime SUV,146,Friday,0
Success,Bike,352,Sunday,19
Success,Prime Plus,401,Thursday,1
Success,Auto,2528,Saturday,5
Success,Prime SUV,247,Thursday,21
Canceled by Driver,Prime Sedan,419,Wednesday,1
Success,Mini,106,Sunday,9
Success,Bike,620,Wednesday,21
Canceled by Customer,Auto,265,Wednesday,14
Success,Auto,436,Friday,0
Driver Not Found,Prime SUV,807,Thursday,14
Success,Auto,574,Friday,18
Success,Mini,378,Wednesday,6
Canceled by Driver,Prime Sedan,927,Wednesday,18
Success,Mini,195,Monday,8
Success,Prime SUV,682,Monday,16
Success,Bike,450,Thursday,6
Success,Prime SUV,700,Wednesday,2
Success,Prime Plus,323,Sunday,20
Canceled by Driver,eBike,188,Sunday,13
Success,Prime Sedan,292,Saturday,17
Success,Prime Plus,461,Saturday,14
Canceled by Driver,eBike,1278,Saturday,18
Success,Prime Sedan,464,Saturday,18
Success,Prime Plus,231,Saturday,18
Driver Not Found,Auto,180,Monday,3
Driver Not Found,Auto,434,Sunday,7
Success,Prime Sedan,309,Thursday,9
Success,Prime SUV,359,Saturday,18
Success,Auto,685,Monday,19
Success,Auto,150,Sunday,12
Canceled by Driver,Prime Sedan,375,Monday,12
Success,Bike,483,Tuesday,12
Success,Auto,318,Friday,2
Success,Prime SUV,234,Monday,13
Success,Prime Plus,404,Sunday,7
Driver Not Found,Prime SUV,299,Saturday,3
Success,Prime SUV,854,Sunday,0
Success,Prime Sedan,398,Monday,1
Success,Bike,262,Saturday,6
Driver Not Found,Mini,2443,Thursday,21
Canceled by Customer,Auto,218,Thursday,9
Canceled by Driver,Bike,230,Friday,19
Canceled by Customer,eBike,1181,Tuesday,15
Canceled by Customer,Prime Sedan,367,Thursday,2
Success,Mini,401,Monday,0
Success,Prime Plus,106,Saturday,8
Canceled by Customer,Prime Sedan,462,Tuesday,19
Success,Bike,421,Thursday,16
Canceled by Driver,Auto,297,Monday,22
Success,Prime Plus,244,Monday,8
Success,Auto,241,Tuesday,9
Canceled by Driver,Mini,176,Friday,19
Success,Prime SUV,361,Monday,4
Success,Bike,217,Wednesday,16
Success,Mini,2337,Monday,9
Canceled by Driver,Mini,349,Friday,22
Success,eBike,684,Monday,9
Success,Auto,215,Friday,14
Success,Bike,996,Saturday,12
Success,Prime Plus,144,Tuesday,9
Canceled by Driver,Bike,156,Wednesday,13
Success,Auto,726,Wednesday,12
Success,eBike,243,Thursday,14
Driver Not Found,Mini,212,Wednesday,16
Success,Prime Sedan,444,Friday,6
Success,eBike,163,Friday,14
Success,Prime Plus,459,Monday,20
Canceled by Customer,Bike,503,Tuesday,10
Success,Mini,272,Thursday,21
Success,Prime Plus,417,Friday,15
Success,Prime SUV,350,Saturday,11
Success,Bike,141,Monday,11
Success,Auto,298,Friday,1
Success,Mini,962,Thursday,8
Canceled by Customer,Mini,451,Tuesday,13
Canceled by Driver,Mini,422,Tuesday,6
Success,Prime SUV,673,Sunday,18
Driver Not Found,Prime SUV,219,Tuesday,4
Success,Mini,572,Tuesday,9
Success,Prime Sedan,338,Saturday,16
Success,Mini,884,Sunday,12
Canceled by Driver,Mini,284,Monday,21
Canceled by Customer,Prime Plus,145,Thursday,23
Canceled by Driver,Bike,184,Saturday,10
Success,Bike,159,Wednesday,7
Success,Prime Sedan,606,Sunday,19
Canceled by Customer,Bike,405,Saturday,9
Success,Bike,124,Monday,16
Success,eBike,431,Monday,20
Canceled by Driver,Prime SUV,302,Friday,7
Canceled by Driver,eBike,999,Tuesday,23
Success,Prime Sedan,140,Tuesday,7
Canceled by Customer,Auto,290,Monday,6
Canceled by Customer,eBike,756,Thursday,11
Success,Prime SUV,1345,Thursday,7
Success,Auto,809,Wednesday,18
Canceled by Driver,eBike,838,Tuesday,22
Canceled by Customer,Bike,262,Saturday,17
Driver Not Found,Prime Plus,372,Monday,10
Success,Mini,199,Thursday,12
Success,Bike,1554,Saturday,22
Success,Prime SUV,623,Sunday,13
Canceled by Driver,Prime Plus,124,Tuesday,8
Canceled by Customer,Prime SUV,149,Monday,18
Success,Bike,825,Tuesday,9
Success,Mini,663,Wednesday,21
Driver Not Found,Prime Plus,397,Saturday,17
Driver Not Found,Prime Plus,414,Saturday,1
Canceled by Driver,Prime Plus,279,Tuesday,20
Success,Prime Plus,193,Tuesday,2
Canceled by Customer,eBike,948,Sunday,6
Canceled by Driver,Auto,434,Monday,2
Success,Prime SUV,113,Friday,5
Success,Mini,196,Tuesday,20
Success,Bike,2797,Friday,17
Success,Bike,500,Monday,23
Canceled by Customer,Mini,395,Sunday,1
Success,eBike,298,Wednesday,17
Success,Prime Sedan,336,Sunday,3
Driver Not Found,Prime Plus,336,Thursday,22
Canceled by Driver,eBike,456,Tuesday,12
Success,Bike,2528,Saturday,15
Canceled by Customer,eBike,930,Tuesday,7
Driver Not Found,Prime Sedan,438,Wednesday,16
Canceled by Driver,Auto,332,Monday,7
Success,Prime Sedan,108,Tuesday,13
Success,Prime SUV,1528,Sunday,0
Canceled by Customer,Prime SUV,782,Tuesday,1
Success,Prime SUV,2705,Monday,23
Canceled by Driver,Mini,662,Tuesday,9
Driver Not Found,Prime SUV,2286,Tuesday,9
Success,Prime SUV,209,Thursday,2
Success,eBike,182,Thursday,7
Canceled by Customer,eBike,2617,Wednesday,14
Success,eBike,189,Monday,18
Success,Prime SUV,210,Thursday,18
Driver Not Found,Prime Plus,178,Sunday,8
Success,Auto,129,Saturday,12
Success,eBike,415,Saturday,22
Success,Auto,137,Friday,10
Success,Prime Plus,264,Wednesday,22
Success,Auto,444,Wednesday,13
Success,eBike,346,Friday,20
Canceled by Driver,Prime SUV,495,Thursday,18
Success,Mini,894,Tuesday,21
Canceled by Customer,eBike,437,Thursday,7
Canceled by Customer,Auto,690,Monday,15
Canceled by Driver,Bike,155,Monday,10
Driver Not Found,Prime Sedan,308,Friday,18
Success,Mini,284,Tuesday,23
Canceled by Driver,Prime SUV,499,Tuesday,13
Success,eBike,281,Sunday,15
Success,Bike,182,Friday,9
Canceled by Customer,Prime Sedan,540,Wednesday,11
Success,eBike,456,Tuesday,20
Success,Auto,167,Tuesday,12
Success,Prime Plus,460,Monday,3
Success,Auto,162,Sunday,23
Success,eBike,2690,Friday,23
Success,Mini,330,Thursday,4
Success,Prime Plus,696,Sunday,11
Canceled by Driver,eBike,335,Tuesday,11
Driver Not Found,Mini,149,Wednesday,2
Success,eBike,102,Sunday,12
Driver Not Found,Bike,1908,Monday,16
Success,Prime Sedan,300,Saturday,4
Success,Prime Plus,606,Friday,17
Driver Not Found,Prime Plus,2990,Tuesday,7
Success,Prime SUV,387,Saturday,8
Success,eBike,151,Monday,4
Canceled by Driver,eBike,378,Monday,23
Success,Prime SUV,125,Friday,19
Canceled by Customer,Prime Plus,2002,Monday,18
Driver Not Found,Prime Plus,348,Thursday,3
Success,Mini,281,Sunday,9
Success,Bike,571,Tuesday,22
Canceled by Driver,eBike,337,Saturday,3
Success,Prime SUV,472,Thursday,0
Driver Not Found,eBike,189,Tuesday,5
Canceled by Customer,Prime Plus,119,Wednesday,18
Success,Mini,448,Saturday,8
Canceled by Customer,Prime SUV,655,Tuesday,8
Success,Prime SUV,213,Saturday,17
Canceled by Customer,Prime SUV,271,Friday,11
Success,Prime Sedan,157,Sunday,3
Success,Prime SUV,203,Saturday,16
Success,Prime Plus,496,Wednesday,4
Success,Auto,167,Tuesday,1
Success,Auto,973,Thursday,15
Success,Prime Sedan,343,Tuesday,15
Canceled by Driver,Bike,196,Tuesday,16
Canceled by Driver,Bike,139,Saturday,14
Success,Auto,102,Sunday,10
Success,Prime SUV,150,Saturday,13
Success,Prime Plus,433,Thursday,14
Success,eBike,1373,Wednesday,16
Canceled by Driver,Prime Plus,464,Saturday,2
Success,Prime SUV,281,Saturday,17
Success,Bike,353,Tuesday,4
Driver Not Found,Auto,380,Wednesday,4
Success,Mini,247,Friday,11
Success,Prime Sedan,473,Monday,7
Success,Bike,324,Tuesday,5
Canceled by Customer,Prime SUV,139,Friday,16
Success,Mini,355,Wednesday,3
Canceled by Driver,Mini,494,Sunday,11
Success,Bike,441,Tuesday,13
Success,Mini,468,Sunday,21
Success,Mini,2711,Wednesday,9
Success,Bike,211,Wednesday,18
Canceled by Customer,Prime SUV,694,Thursday,13
Success,Bike,163,Thursday,16
Success,Bike,313,Monday,17
Driver Not Found,Prime Plus,450,Saturday,14
Success,Prime Plus,449,Tuesday,2
Success,eBike,137,Saturday,23
Success,Auto,364,Sunday,8
Canceled by Customer,eBike,1234,Monday,3
Success,Auto,205,Sunday,17
Success,Prime Plus,1466,Monday,9
Success,Auto,422,Monday,11
Success,Auto,138,Tuesday,1
Success,Auto,328,Wednesday,16
Canceled by Driver,Prime SUV,183,Wednesday,14
Driver Not Found,Mini,292,Wednesday,1
Success,Prime Plus,178,Sunday,3
Canceled by Driver,eBike,466,Saturday,19
Success,Auto,688,Monday,0
Success,Prime Sedan,639,Thursday,16
Success,Prime Sedan,486,Tuesday,3
Success,Prime SUV,498,Sunday,15
Success,Auto,478,Tuesday,20
Canceled by Driver,Auto,178,Monday,18
Canceled by Customer,Prime Plus,126,Sunday,23
Success,Bike,501,Saturday,10
Success,Prime SUV,466,Thursday,21
Success,Mini,276,Saturday,10
Success,Mini,450,Saturday,19
Success,Mini,101,Tuesday,3
Canceled by Customer,eBike,145,Monday,12
Success,Auto,182,Sunday,22
Canceled by Driver,Auto,182,Saturday,15
Canceled by Customer,Bike,903,Wednesday,10
Success,Auto,206,Wednesday,20
Canceled by Customer,Mini,1011,Sunday,11
Canceled by Customer,Auto,229,Monday,15
Driver Not Found,Auto,444,Monday,8
Driver Not Found,Auto,468,Thursday,5
Success,Auto,486,Sunday,3
Success,Prime Plus,318,Sunday,19
Success,Bike,236,Wednesday,13
Success,Prime Plus,496,Monday,3
Success,Prime Plus,427,Thursday,19
Success,Prime SUV,440,Wednesday,7
Canceled by Driver,eBike,529,Tuesday,2
Canceled by Driver,eBike,135,Friday,9
Success,Mini,174,Sunday,4
Canceled by Driver,Prime Sedan,695,Sunday,19
Success,Auto,330,Friday,16
Success,Mini,495,Saturday,20
Canceled by Customer,Mini,317,Tuesday,15
Canceled by Customer,Prime SUV,984,Saturday,6
Canceled by Driver,Prime Sedan,307,Sunday,5
Success,Prime Sedan,2596,Tuesday,14
Canceled by Driver,Auto,442,Wednesday,12
Success,Prime Sedan,321,Wednesday,12
Success,Mini,352,Sunday,14
Success,Mini,361,Monday,18
Canceled by Driver,Bike,846,Saturday,20
Success,Prime Plus,339,Sunday,23
Driver Not Found,Prime SUV,880,Sunday,18
Success,Prime Plus,2634,Friday,14
Success,Auto,136,Tuesday,17
Success,Bike,2618,Wednesday,4
Success,eBike,499,Saturday,16
Success,eBike,237,Monday,8
Success,Mini,2334,Friday,18
Canceled by Driver,Bike,452,Tuesday,12
Driver Not Found,Prime SUV,1146,Wednesday,6
Driver Not Found,Prime Sedan,411,Saturday,14
Success,Auto,325,Tuesday,18
Canceled by Driver,Prime Sedan,346,Tuesday,17
Canceled by Driver,Prime SUV,141,Monday,16
Success,Bike,371,Wednesday,22
Driver Not Found,Prime SUV,957,Friday,6
Canceled by Driver,Bike,449,Thursday,9
Success,Prime SUV,2433,Tuesday,0
Success,Bike,674,Saturday,0
Success,Bike,120,Saturday,11
Success,Prime SUV,484,Tuesday,8
Success,Prime Plus,793,Wednesday,18
Canceled by Driver,Auto,147,Saturday,10
Success,eBike,224,Tuesday,17
Success,Bike,450,Sunday,19
Canceled by Driver,Prime SUV,300,Monday,17
Canceled by Driver,Prime SUV,244,Wednesday,7
Success,Mini,329,Sunday,1
Canceled by Driver,Prime SUV,271,Monday,3
Driver Not Found,Auto,203,Friday,23
Canceled by Driver,Prime SUV,699,Monday,3
Canceled by Customer,Prime Sedan,408,Friday,6
Success,Auto,488,Tuesday,11
Canceled by Driver,Bike,839,Saturday,17
Success,Bike,303,Saturday,1
Canceled by Driver,Prime Sedan,211,Thursday,12
Driver Not Found,Prime Sedan,132,Wednesday,10
Success,Auto,150,Friday,19
Success,Prime SUV,321,Tuesday,17
Success,Mini,349,Saturday,4
Success,eBike,141,Friday,5
Success,Prime Sedan,837,Monday,3
Success,Mini,2013,Monday,11
Success,Auto,510,Wednesday,4
Canceled by Customer,Prime Plus,176,Thursday,4
Success,Auto,196,Tuesday,23
Success,Prime Sedan,209,Tuesday,0
Canceled by Driver,Prime Plus,411,Thursday,22
Success,Bike,752,Monday,5
Success,Auto,767,Sunday,7
Success,eBike,203,Wednesday,15
Canceled by Driver,Auto,363,Sunday,8
Success,Prime SUV,113,Tuesday,20
Canceled by Driver,eBike,448,Monday,22
Success,Bike,169,Tuesday,8
Canceled by Driver,Bike,188,Tuesday,12
Driver Not Found,Auto,233,Wednesday,8
Success,Prime Sedan,121,Thursday,10
Success,Bike,297,Wednesday,2
Canceled by Driver,Bike,1074,Thursday,20
Success,Prime Sedan,488,Thursday,0
Success,Prime Sedan,170,Saturday,20
Success,Prime Plus,503,Friday,23
Canceled by Driver,Prime Plus,943,Friday,2
Canceled by Driver,Prime SUV,253,Monday,2
Success,Prime Plus,368,Monday,1
Success,Bike,466,Sunday,5
Success,Auto,473,Friday,0
Success,eBike,341,Monday,9
Success,Prime Sedan,359,Tuesday,15
Success,Prime Sedan,518,Monday,17
Canceled by Customer,Mini,324,Wednesday,1
Success,eBike,345,Tuesday,8
Success,Prime Plus,153,Monday,11
Success,Auto,2509,Friday,10
Canceled by Customer,Prime Plus,137,Tuesday,20
Success,Bike,343,Thursday,12
Success,eBike,1049,Wednesday,9
Success,Mini,212,Monday,2
Canceled by Driver,Prime Plus,366,Tuesday,10
Canceled by Driver,eBike,170,Tuesday,3
Success,Prime Plus,457,Thursday,16
Success,Prime Sedan,401,Wednesday,2
Success,Prime Plus,2333,Sunday,5
Canceled by Driver,Prime SUV,902,Monday,10
Success,Prime Plus,227,Tuesday,4
Canceled by Driver,Mini,376,Wednesday,4
Success,Prime SUV,495,Tuesday,13
Success,Prime Plus,789,Saturday,17
Canceled by Customer,Mini,175,Monday,4
Canceled by Customer,Prime Plus,481,Sunday,7
Driver Not Found,Prime Sedan,273,Friday,0
Success,Prime SUV,213,Thursday,9
Canceled by Customer,Auto,1337,Friday,22
Success,Prime Sedan,205,Friday,6
Success,Prime SUV,115,Wednesday,19
Driver Not Found,Bike,346,Thursday,1
Success,Prime Plus,376,Monday,20
Success,eBike,117,Sunday,1
Success,Prime SUV,1878,Saturday,7
Success,Mini,440,Thursday,19
Canceled by Driver,Auto,135,Wednesday,4
Success,Prime Plus,314,Saturday,9
Success,Prime Sedan,243,Monday,12
Success,Mini,476,Tuesday,3
Canceled by Driver,Prime Plus,329,Thursday,9
Success,Prime Plus,393,Friday,12
Success,Prime SUV,333,Wednesday,22
Success,Prime SUV,340,Monday,11
Driver Not Found,Prime SUV,471,Friday,12
Success,eBike,182,Monday,22
Success,eBike,260,Wednesday,0
Success,Bike,2074,Monday,2
Success,Prime Sedan,552,Monday,15
Canceled by Driver,Auto,1832,Tuesday,21
Success,Prime Sedan,237,Tuesday,6
Success,Bike,312,Tuesday,23
Canceled by Driver,Prime Plus,114,Sunday,16
Success,Bike,265,Thursday,11
Success,Mini,525,Tuesday,0
Success,Auto,493,Monday,0
Success,Prime SUV,441,Tuesday,6
Success,Prime Sedan,760,Friday,16
Success,Prime Plus,166,Saturday,5
Success,Prime Sedan,149,Tuesday,9
Success,Prime SUV,138,Friday,3
Success,Auto,211,Thursday,13
Success,Auto,473,Friday,8
Canceled by Customer,Prime SUV,162,Monday,5
Success,Bike,967,Monday,10
Success,Bike,344,Saturday,10
Canceled by Customer,Auto,387,Saturday,15
Success,Bike,662,Sunday,4
Success,Bike,370,Thursday,8
Canceled by Driver,Auto,333,Thursday,15
Success,eBike,112,Saturday,23
Success,Prime SUV,979,Thursday,20
Canceled by Customer,Prime Plus,394,Tuesday,15
Success,Prime Plus,103,Sunday,7
Success,Auto,347,Wednesday,4
Success,Prime Sedan,302,Friday,8
Canceled by Customer,Bike,1114,Sunday,17
Success,Prime SUV,518,Tuesday,10
Success,Prime Sedan,131,Tuesday,6
Canceled by Driver,Mini,206,Thursday,10
Success,Prime Plus,171,Saturday,10
Success,Bike,431,Saturday,11
Canceled by Driver,eBike,377,Monday,23
Canceled by Driver,Prime Plus,469,Friday,10
Canceled by Driver,Bike,400,Thursday,8
Canceled by Driver,Prime SUV,200,Tuesday,21
Canceled by Driver,Bike,2045,Tuesday,8
Canceled by Driver,Prime Sedan,140,Sunday,23
Canceled by Driver,Prime SUV,127,Monday,23
Success,Auto,360,Thursday,22
Success,Bike,168,Tuesday,23
Success,Bike,387,Thursday,11
Success,Auto,296,Wednesday,13
Canceled by Driver,Prime Plus,405,Tuesday,18
Canceled by Driver,Prime Plus,380,Thursday,23
Canceled by Driver,Prime SUV,780,Tuesday,9
Success,eBike,764,Thursday,14
Canceled by Driver,Prime Sedan,202,Wednesday,13
Success,Prime Plus,142,Wednesday,7
Success,Prime SUV,672,Wednesday,3
Success,Auto,400,Saturday,17
Success,Prime Sedan,110,Saturday,18
Success,Prime Sedan,431,Tuesday,22
Success,Bike,195,Thursday,7
Success,Prime Plus,237,Sunday,19
Success,Prime Sedan,310,Friday,13
Success,eBike,334,Friday,16
Success,Prime SUV,104,Sunday,22
Success,eBike,386,Friday,17
Canceled by Driver,Prime SUV,849,Wednesday,17
Driver Not Found,Prime Sedan,176,Wednesday,23
Success,Prime SUV,1380,Monday,16
Success,Bike,199,Sunday,23
Success,Mini,159,Thursday,22
Success,Bike,781,Wednesday,17
Canceled by Driver,Bike,966,Monday,6
Driver Not Found,Auto,872,Wednesday,6
Success,Bike,106,Tuesday,6
Canceled by Driver,Auto,430,Monday,10
Success,Bike,104,Monday,1
Canceled by Driver,Prime Sedan,482,Friday,19
Canceled by Driver,Prime SUV,2036,Tuesday,19
Success,Auto,856,Friday,6
Canceled by Driver,eBike,185,Saturday,10
Success,Prime Plus,344,Tuesday,23
Success,Prime Plus,205,Sunday,14
Success,Mini,481,Sunday,14
Success,Bike,274,Sunday,19
Success,Mini,476,Monday,8
Success,Prime SUV,335,Saturday,4
Success,Prime SUV,1417,Saturday,1
Success,Prime SUV,500,Wednesday,16
Driver Not Found,Prime Plus,499,Wednesday,10
Success,Prime Sedan,231,Thursday,5
Success,Prime Sedan,224,Tuesday,9
Canceled by Driver,Mini,145,Saturday,1
Canceled by Driver,Prime SUV,196,Wednesday,4
Success,Prime Sedan,376,Tuesday,21
Driver Not Found,Prime SUV,139,Wednesday,17
Success,Prime Plus,908,Monday,5
Success,Mini,215,Monday,5
Success,Prime Plus,160,Sunday,22
Success,Auto,157,Tuesday,6
Success,eBike,1117,Tuesday,11
Canceled by Customer,Prime Sedan,103,Thursday,21
Canceled by Customer,Bike,194,Monday,7
Canceled by Customer,Prime Sedan,963,Wednesday,16
Success,eBike,417,Monday,4
Success,eBike,1275,Thursday,8
Driver Not Found,Auto,943,Tuesday,3
Success,eBike,143,Sunday,6
Success,Prime SUV,344,Monday,5
Canceled by Driver,Prime SUV,399,Friday,2
Canceled by Customer,Auto,193,Wednesday,8
Success,eBike,426,Wednesday,1
Driver Not Found,Bike,266,Monday,19
Canceled by Driver,Bike,512,Wednesday,11
Success,Auto,1229,Wednesday,11
Success,Bike,754,Wednesday,23
Success,Auto,833,Wednesday,20
Success,Bike,2882,Friday,17
Success,eBike,247,Monday,18
Success,Mini,142,Thursday,22
Success,Prime Plus,119,Tuesday,7
Success,Prime SUV,436,Thursday,13
Success,Prime Sedan,459,Thursday,13
Success,eBike,248,Monday,16
Canceled by Driver,Prime Plus,544,Sunday,21
Driver Not Found,Auto,198,Wednesday,6
Canceled by Customer,Mini,313,Wednesday,13
Success,Prime Plus,316,Friday,9
Driver Not Found,Mini,415,Friday,18
Success,Auto,204,Wednesday,19
Success,Prime SUV,439,Wednesday,20
Success,Mini,880,Tuesday,0
Canceled by Driver,Auto,624,Tuesday,3
Success,Mini,653,Monday,12
Driver Not Found,Mini,236,Sunday,11
Canceled by Driver,Bike,427,Wednesday,4
Canceled by Driver,Prime SUV,483,Monday,12
Canceled by Driver,Bike,354,Wednesday,12
Success,Mini,376,Wednesday,21
Canceled by Driver,Bike,2436,Thursday,11
Success,Bike,622,Thursday,18
Success,Bike,105,Saturday,6
Canceled by Customer,Prime SUV,157,Wednesday,12
Driver Not Found,Prime Sedan,1671,Sunday,9
Canceled by Driver,Mini,330,Friday,12
Success,Mini,484,Monday,20
Success,Prime Plus,1681,Saturday,4
Canceled by Driver,Prime Sedan,1114,Monday,7
Success,Bike,316,Sunday,16
Success,Prime Sedan,1153,Tuesday,17
Success,Mini,207,Friday,1
Driver Not Found,Mini,416,Thursday,5
Canceled by Driver,Prime SUV,295,Friday,4
Success,Mini,470,Tuesday,11
Canceled by Driver,Bike,252,Thursday,5
Success,Prime SUV,380,Tuesday,2
Canceled by Customer,Mini,408,Saturday,12
Success,Auto,296,Monday,5
Driver Not Found,Prime SUV,502,Monday,10
Canceled by Driver,Bike,179,Friday,15
Canceled by Customer,Prime SUV,399,Friday,21
Success,eBike,260,Saturday,13
Canceled by Driver,Prime Plus,248,Saturday,16
Success,Prime SUV,358,Tuesday,6
Driver Not Found,Prime SUV,399,Saturday,4
Success,Prime Sedan,955,Saturday,11
Success,eBike,1111,Friday,11
Canceled by Customer,Prime Sedan,275,Sunday,17
Success,Bike,435,Tuesday,6
Success,eBike,2686,Wednesday,13
Driver Not Found,Prime SUV,423,Thursday,17
Canceled by Driver,Auto,223,Monday,14
Success,Bike,120,Saturday,14
Canceled by Driver,Mini,451,Saturday,10
Canceled by Driver,Bike,282,Wednesday,15
Success,Prime SUV,964,Thursday,6
Success,Mini,597,Tuesday,0
Success,Mini,340,Wednesday,10
Success,Prime SUV,806,Saturday,5
Canceled by Driver,Prime Plus,581,Friday,9
Success,Mini,597,Sunday,4
Success,eBike,1686,Monday,23
Success,Prime SUV,348,Saturday,17
Canceled by Driver,Prime SUV,570,Monday,14
Canceled by Customer,eBike,223,Saturday,7
Driver Not Found,Auto,921,Friday,5
Canceled by Driver,Prime Sedan,183,Saturday,23
Driver Not Found,eBike,798,Friday,12
Success,Prime Sedan,2252,Thursday,6
Canceled by Driver,Bike,111,Sunday,19
Success,Prime Plus,348,Wednesday,8
Canceled by Customer,Prime SUV,402,Thursday,16
Success,eBike,228,Monday,18
Canceled by Customer,Auto,481,Monday,15
Success,Auto,165,Tuesday,8
Success,Auto,457,Thursday,3
Success,Prime Plus,258,Wednesday,9
Success,Prime Sedan,338,Wednesday,11
Success,eBike,508,Saturday,13
Success,Bike,259,Tuesday,21
Canceled by Driver,Bike,399,Wednesday,11
Canceled by Customer,Bike,490,Tuesday,10
Canceled by Driver,eBike,159,Monday,10
Success,Prime Plus,497,Wednesday,6
Success,Bike,196,Tuesday,6
Success,Auto,696,Thursday,18
Success,Auto,491,Thursday,4
Success,eBike,479,Sunday,11
Success,Auto,490,Friday,13
Success,eBike,304,Saturday,1
Success,eBike,176,Wednesday,13
Success,Auto,243,Tuesday,17
Success,Auto,479,Monday,17
Canceled by Driver,Prime Plus,399,Sunday,22
Driver Not Found,Prime SUV,333,Thursday,9
Success,eBike,433,Saturday,0
Success,Prime SUV,383,Thursday,12
Success,Prime SUV,132,Tuesday,11
Canceled by Driver,eBike,448,Saturday,10
Canceled by Driver,Auto,330,Saturday,5
Driver Not Found,eBike,1923,Monday,3
Success,Prime SUV,448,Friday,14
Success,Prime Plus,410,Saturday,22
Success,Auto,305,Wednesday,4
Canceled by Customer,Prime Plus,377,Saturday,16
Success,eBike,445,Monday,3
Success,Prime Sedan,441,Wednesday,5
Success,Prime Sedan,266,Friday,3
Success,eBike,183,Friday,17
Success,Prime SUV,346,Monday,17
Success,Auto,385,Wednesday,4
Canceled by Customer,Prime SUV,1690,Saturday,2
Canceled by Customer,Mini,162,Wednesday,20
Canceled by Customer,Auto,461,Tuesday,21
Success,Auto,265,Sunday,5
Success,Prime Plus,355,Saturday,4
Success,Bike,1706,Tuesday,11
Success,eBike,1140,Friday,5
Canceled by Driver,Bike,2756,Wednesday,16
Success,Auto,468,Tuesday,20
Success,Bike,329,Tuesday,17
Success,Prime SUV,363,Monday,12
Success,Bike,407,Tuesday,8
Canceled by Customer,Bike,209,Wednesday,18
Success,Prime SUV,153,Saturday,13
Canceled by Driver,eBike,661,Tuesday,19
Success,Prime Plus,308,Friday,20
Canceled by Driver,Auto,727,Thursday,8
Success,Prime SUV,916,Tuesday,13
Success,eBike,139,Tuesday,8
Success,Prime SUV,271,Tuesday,1
Success,eBike,180,Tuesday,11
Canceled by Customer,eBike,146,Monday,19
Canceled by Driver,Mini,421,Tuesday,0
Success,Mini,564,Monday,10
Success,Prime Plus,549,Thursday,19
Driver Not Found,eBike,360,Saturday,20
Success,Prime Plus,106,Friday,15
Success,eBike,286,Sunday,21
Canceled by Customer,Bike,678,Saturday,18
Canceled by Driver,Prime Sedan,658,Monday,7
Canceled by Driver,Prime Sedan,190,Wednesday,12
Success,Auto,918,Monday,11
Canceled by Driver,Prime SUV,190,Wednesday,17
Success,eBike,369,Thursday,11
Success,eBike,378,Sunday,21
Canceled by Driver,Prime Sedan,380,Friday,21
Success,Mini,275,Monday,9
Canceled by Driver,Prime Plus,193,Thursday,13
Success,Auto,2140,Friday,0
Success,Prime SUV,345,Sunday,22
Canceled by Customer,Auto,692,Monday,4
Success,Prime Plus,211,Thursday,10
Success,Prime Sedan,254,Thursday,13
Canceled by Customer,Prime Sedan,485,Monday,0
Success,Bike,110,Thursday,12
Success,Bike,154,Tuesday,0
Driver Not Found,Prime SUV,475,Monday,8
Canceled by Driver,Prime Plus,2151,Wednesday,14
Success,eBike,378,Tuesday,8
Success,eBike,511,Tuesday,1
Success,Bike,276,Tuesday,0
Success,Auto,363,Thursday,20
Success,eBike,114,Sunday,6
Driver Not Found,Bike,115,Saturday,21
Canceled by Driver,Bike,327,Friday,20
Canceled by Customer,Prime SUV,885,Thursday,2
Success,Prime SUV,442,Sunday,17
Success,Prime Plus,566,Thursday,13
Success,Bike,470,Wednesday,2
Success,Bike,339,Sunday,17
Canceled by Driver,Auto,423,Thursday,0
Success,Prime Plus,324,Thursday,2
Canceled by Customer,Prime Sedan,725,Tuesday,22
Canceled by Driver,Prime Plus,128,Tuesday,12
Driver Not Found,eBike,483,Wednesday,2
Success,Bike,114,Monday,19
Success,Mini,276,Wednesday,11
Canceled by Customer,Bike,989,Saturday,17
Success,Bike,391,Sunday,0
Success,eBike,232,Friday,14
Success,eBike,2685,Tuesday,3
Canceled by Driver,Bike,137,Sunday,12
Success,Mini,387,Monday,8
Success,Bike,148,Thursday,8
Success,Prime SUV,482,Monday,17
Driver Not Found,Prime Plus,201,Tuesday,6
Canceled by Customer,Auto,327,Sunday,20
Driver Not Found,eBike,109,Monday,4
Success,Auto,202,Saturday,13
Canceled by Customer,eBike,1781,Tuesday,3
Success,Auto,451,Wednesday,13
Driver Not Found,Prime Plus,172,Tuesday,2
Success,Mini,747,Monday,17
Success,Prime Sedan,108,Saturday,21
Canceled by Driver,Auto,508,Friday,15
Success,Prime SUV,306,Tuesday,10
Canceled by Driver,Bike,262,Thursday,0
Canceled by Driver,Prime SUV,185,Wednesday,17
Canceled by Driver,Prime Plus,157,Thursday,20
Success,Prime Plus,116,Thursday,3
Canceled by Driver,Prime SUV,337,Saturday,17
Success,Prime SUV,213,Monday,9
Driver Not Found,eBike,305,Thursday,0
Canceled by Customer,Bike,370,Thursday,3
Success,Prime Sedan,452,Monday,11
Driver Not Found,Mini,444,Tuesday,10
Success,Prime Plus,974,Sunday,0
Success,Mini,387,Sunday,14
Success,Prime SUV,136,Tuesday,8
Canceled by Driver,Auto,371,Saturday,15
Driver Not Found,Prime SUV,770,Tuesday,17
Canceled by Driver,Auto,709,Thursday,11
Canceled by Driver,Prime Sedan,114,Tuesday,16
Canceled by Customer,Prime SUV,551,Friday,7
Success,eBike,314,Sunday,9
Success,Prime SUV,2699,Friday,21
Canceled by Customer,Bike,553,Thursday,7
Success,Prime Sedan,228,Tuesday,20
Success,Auto,443,Thursday,0
Success,Prime Plus,249,Wednesday,0
Canceled by Driver,Prime Plus,2148,Tuesday,20
Canceled by Driver,Prime Plus,436,Tuesday,2
Success,eBike,467,Saturday,23
Success,eBike,2862,Tuesday,11
Driver Not Found,Prime Sedan,230,Tuesday,22
Success,Auto,494,Tuesday,17
Success,Mini,379,Tuesday,9
Success,Prime SUV,103,Monday,9
Canceled by Driver,Auto,261,Friday,19
Canceled by Driver,Auto,353,Sunday,19
Success,eBike,169,Friday,0
Canceled by Driver,Prime SUV,184,Monday,5
Canceled by Driver,Auto,355,Wednesday,16
Canceled by Customer,Mini,493,Sunday,6
Canceled by Driver,Mini,410,Tuesday,9
Success,Prime SUV,175,Friday,20
Success,Prime Plus,458,Friday,11
Driver Not Found,Prime Plus,339,Thursday,18
Success,Bike,240,Saturday,8
Success,Prime SUV,475,Thursday,3
Driver Not Found,eBike,127,Wednesday,3
Canceled by Customer,Bike,150,Tuesday,12
Success,Prime SUV,856,Saturday,6
Canceled by Customer,Auto,388,Saturday,23
Canceled by Driver,Mini,2415,Tuesday,18
Driver Not Found,Bike,117,Saturday,21
Driver Not Found,Auto,425,Tuesday,9
Canceled by Driver,Prime Sedan,213,Thursday,10
Success,Auto,459,Monday,18
Canceled by Driver,Mini,370,Tuesday,11
Success,Bike,349,Wednesday,0
Success,Prime Plus,527,Thursday,4
Driver Not Found,Mini,295,Monday,22
Success,Mini,650,Thursday,13
Success,eBike,166,Thursday,8
Canceled by Driver,Prime SUV,276,Monday,1
Driver Not Found,eBike,1184,Thursday,10
Canceled by Customer,eBike,575,Tuesday,21
Success,Prime SUV,1574,Friday,18
Success,Auto,826,Sunday,20
Success,Prime Sedan,274,Sunday,19
Success,Prime Plus,299,Friday,9
Success,Prime Sedan,598,Sunday,15
Success,Mini,340,Friday,14
Success,Prime Sedan,694,Friday,2
Canceled by Driver,Bike,427,Friday,10
Success,Prime SUV,482,Monday,13
Success,Prime SUV,214,Tuesday,20
Success,eBike,439,Friday,2
Driver Not Found,Prime Plus,228,Sunday,5
Canceled by Driver,Prime SUV,593,Tuesday,8
Success,Prime Sedan,730,Thursday,14
Success,Prime Plus,199,Monday,12
Success,Prime Sedan,388,Wednesday,17
Success,Prime Sedan,689,Tuesday,12
Success,Prime Plus,757,Monday,23
Success,Prime Plus,939,Saturday,13
Canceled by Customer,Prime SUV,369,Wednesday,21
Canceled by Customer,Bike,771,Saturday,19
Driver Not Found,Prime Sedan,252,Thursday,4
Canceled by Driver,Prime Sedan,763,Monday,5
Canceled by Driver,Mini,286,Sunday,11
Canceled by Customer,eBike,421,Monday,14
Driver Not Found,Auto,382,Monday,15
Success,Bike,187,Wednesday,9
Canceled by Driver,Prime SUV,116,Wednesday,11
Canceled by Driver,Mini,113,Monday,19
Canceled by Driver,Bike,439,Thursday,18
Canceled by Customer,Bike,554,Tuesday,17
Canceled by Driver,Prime SUV,324,Sunday,11
Canceled by Customer,Prime SUV,410,Monday,10
Canceled by Driver,Prime SUV,2656,Friday,13
Success,Prime Plus,663,Thursday,9
Success,Prime Sedan,294,Saturday,13
Success,Prime SUV,162,Monday,3
Driver Not Found,eBike,293,Wednesday,16
Success,eBike,915,Saturday,18
Canceled by Driver,Prime Sedan,236,Monday,0
Success,Prime SUV,189,Saturday,12
Success,Prime Plus,457,Friday,7
Canceled by Driver,eBike,354,Tuesday,0
Canceled by Customer,Prime SUV,147,Tuesday,11
Canceled by Driver,Mini,137,Thursday,10
Success,eBike,459,Saturday,1
Canceled by Driver,Auto,148,Tuesday,22
Canceled by Driver,Mini,1536,Wednesday,12
Canceled by Driver,Prime Sedan,927,Tuesday,4
Success,Prime Plus,370,Saturday,6
Success,Prime Plus,422,Sunday,22
Success,Prime Sedan,595,Wednesday,5
Canceled by Driver,Prime SUV,339,Saturday,4
Canceled by Customer,Prime SUV,536,Tuesday,17
Success,Auto,566,Saturday,13
Success,Prime SUV,329,Monday,21
Success,Prime Sedan,664,Sunday,12
Success,Prime SUV,554,Thursday,7
Success,eBike,393,Tuesday,12
Canceled by Driver,Bike,224,Sunday,11
Canceled by Customer,Auto,336,Wednesday,21
Canceled by Driver,Prime SUV,778,Friday,16
Success,Bike,235,Thursday,16
Success,Bike,605,Saturday,3
Success,Bike,174,Saturday,9
Success,Prime Sedan,2971,Sunday,1
Success,Auto,744,Wednesday,8
Driver Not Found,Prime SUV,219,Wednesday,0
Canceled by Driver,Prime Sedan,195,Monday,23
Driver Not Found,Mini,453,Monday,23
Canceled by Driver,Mini,147,Thursday,21
Success,Prime Plus,337,Sunday,6
Driver Not Found,eBike,653,Monday,19
Success,Prime Sedan,472,Saturday,9
Success,Prime Plus,256,Friday,13
Canceled by Driver,Prime SUV,449,Friday,12
Canceled by Customer,eBike,188,Friday,13
Success,Prime SUV,369,Sunday,22
Success,Mini,490,Saturday,11
Success,Bike,270,Saturday,19
Canceled by Driver,Prime SUV,352,Wednesday,11
Canceled by Driver,Prime Sedan,307,Monday,2
Canceled by Driver,eBike,220,Monday,20
Success,Mini,133,Friday,9
Canceled by Driver,Prime Plus,429,Thursday,22
Canceled by Driver,eBike,470,Friday,5
Canceled by Driver,Prime SUV,841,Wednesday,22
Success,Bike,124,Wednesday,3
Driver Not Found,Prime SUV,408,Tuesday,18
Success,Bike,279,Thursday,14
Success,Prime Plus,275,Tuesday,15
Success,eBike,478,Tuesday,21
Success,Mini,472,Saturday,17
Canceled by Driver,Mini,162,Friday,3
Driver Not Found,Mini,252,Thursday,18
Canceled by Driver,Prime SUV,358,Monday,3
Success,Prime Plus,262,Tuesday,9
Driver Not Found,Mini,476,Monday,11
Success,Prime Plus,347,Saturday,0
Success,eBike,216,Monday,0
Success,Prime Plus,888,Sunday,12
Canceled by Driver,Prime SUV,959,Tuesday,19
Canceled by Customer,Prime SUV,199,Thursday,16
Canceled by Driver,Bike,131,Monday,14
Success,Auto,396,Tuesday,9
Success,Prime Sedan,948,Tuesday,19
Success,Bike,491,Saturday,8
Success,Bike,482,Friday,0
Success,eBike,384,Tuesday,17
Canceled by Customer,Prime SUV,233,Tuesday,5
Success,Prime Sedan,251,Monday,12
Success,Prime SUV,924,Wednesday,15
Canceled by Customer,eBike,407,Wednesday,5
Success,Auto,748,Tuesday,10
Canceled by Driver,Prime Plus,449,Wednesday,22
Canceled by Driver,Mini,169,Sunday,3
Success,Prime Sedan,419,Friday,9
Canceled by Driver,Auto,237,Saturday,15
Driver Not Found,Prime Sedan,330,Sunday,13
Success,Prime SUV,845,Tuesday,7
Canceled by Customer,Prime Plus,172,Thursday,1
Success,eBike,854,Monday,9
Success,eBike,291,Saturday,2
Success,Prime Sedan,629,Wednesday,22
Success,Prime Plus,383,Monday,11
Success,Prime SUV,369,Wednesday,20
Canceled by Driver,Bike,313,Sunday,7
Driver Not Found,Prime SUV,2997,Saturday,6
Success,Mini,2269,Tuesday,3
Success,Bike,176,Monday,19
Driver Not Found,Prime Sedan,238,Monday,6
Success,Bike,480,Thursday,10
Canceled by Driver,eBike,680,Tuesday,14
Success,Auto,678,Wednesday,16
Success,Prime SUV,951,Friday,10
Canceled by Customer,Prime Plus,324,Sunday,10
Success,Auto,971,Thursday,12
Success,Bike,669,Friday,15
Success,Auto,154,Wednesday,23
Canceled by Driver,eBike,134,Friday,6
Driver Not Found,Prime Plus,1218,Friday,16
Success,Prime SUV,1599,Wednesday,19
Success,Prime SUV,457,Monday,2
Success,Bike,464,Thursday,23
Success,Bike,105,Sunday,13
Success,Auto,482,Thursday,12
Driver Not Found,Bike,787,Sunday,23
Success,Prime Sedan,568,Tuesday,10
Canceled by Driver,Mini,782,Wednesday,22
Canceled by Driver,Prime Sedan,461,Tuesday,13
Success,Prime Plus,761,Wednesday,23
Success,Prime SUV,123,Thursday,4
Driver Not Found,Mini,262,Tuesday,1
Success,Prime Sedan,291,Monday,7
Canceled by Driver,eBike,138,Thursday,15
Success,eBike,436,Saturday,23
Success,Mini,2290,Tuesday,6
Success,Bike,477,Friday,1
Canceled by Customer,Bike,130,Saturday,8
Success,Prime Plus,505,Wednesday,13
Success,Bike,178,Tuesday,17
Success,Auto,946,Sunday,7
Canceled by Customer,Prime Sedan,424,Wednesday,22
Success,Prime Sedan,251,Monday,13
Canceled by Driver,Auto,154,Friday,21
Driver Not Found,Mini,1354,Monday,21
Success,Prime Sedan,814,Saturday,22
Success,Prime Plus,231,Tuesday,14
Success,Prime Sedan,573,Tuesday,5
Success,Prime Plus,339,Monday,8
Driver Not Found,Prime Sedan,345,Wednesday,23
Driver Not Found,eBike,174,Saturday,0
Success,Prime Sedan,106,Monday,17
Success,Prime SUV,192,Friday,23
Canceled by Driver,Prime Sedan,546,Thursday,23
Canceled by Customer,eBike,439,Monday,0
Success,Prime SUV,397,Thursday,17
Success,Prime SUV,330,Monday,19
Canceled by Driver,Auto,508,Thursday,18
Success,Bike,205,Thursday,20
Success,Prime Sedan,865,Sunday,19
Canceled by Driver,Bike,115,Sunday,7
Canceled by Customer,eBike,879,Tuesday,18
Success,Prime Sedan,413,Tuesday,10
Success,Prime SUV,493,Tuesday,20
Canceled by Driver,Auto,908,Sunday,4
Success,Prime Sedan,263,Monday,12
Success,Prime Plus,164,Tuesday,15
Success,Prime Plus,343,Thursday,5
Success,Bike,495,Wednesday,7
Success,Mini,273,Friday,18
Canceled by Driver,Prime Plus,355,Sunday,11
Success,Prime SUV,393,Monday,13
Canceled by Customer,Auto,180,Wednesday,22
Canceled by Driver,Prime Plus,155,Wednesday,19
Success,Prime Sedan,218,Thursday,22
Canceled by Driver,Auto,2053,Friday,5
Success,Auto,236,Saturday,5
Canceled by Customer,Bike,188,Sunday,22
Success,Mini,318,Saturday,3
Success,Prime Plus,419,Thursday,13
Driver Not Found,Mini,103,Monday,16
Driver Not Found,Mini,249,Friday,22
Success,Prime Sedan,318,Tuesday,9
Driver Not Found,Auto,828,Thursday,7
Driver Not Found,Prime Plus,202,Wednesday,20
Success,Prime SUV,222,Wednesday,11
Success,Mini,329,Wednesday,6
Success,Mini,230,Saturday,17
Canceled by Customer,Prime SUV,893,Thursday,6
Success,Prime Sedan,233,Monday,14
Success,Mini,148,Tuesday,4
Driver Not Found,Prime Sedan,144,Tuesday,23
Success,Auto,189,Friday,15
Driver Not Found,Bike,340,Tuesday,12
Success,Bike,593,Wednesday,11
Success,eBike,817,Wednesday,2
Canceled by Customer,Prime Sedan,457,Friday,4
Success,Prime Plus,2091,Friday,15
Success,Prime Plus,1183,Thursday,1
Success,Prime Sedan,484,Wednesday,12
Success,Prime SUV,977,Friday,11
Success,Auto,423,Monday,6
Success,eBike,474,Saturday,11
Success,Bike,251,Friday,4
Success,Bike,1632,Monday,14
Canceled by Customer,Bike,439,Monday,17
Canceled by Driver,Prime Sedan,949,Monday,18
Success,Auto,190,Friday,22
Success,Prime Sedan,106,Monday,2
Success,Prime Plus,338,Friday,21
Success,Prime Sedan,370,Friday,19
Canceled by Customer,Bike,381,Tuesday,12
Success,Prime Plus,313,Wednesday,9
Canceled by Customer,Auto,756,Wednesday,10
Canceled by Driver,Bike,336,Monday,10
Success,Bike,445,Wednesday,10
Success,eBike,649,Saturday,6
Canceled by Driver,Prime SUV,123,Friday,20
Success,Mini,209,Thursday,8
Success,Mini,1318,Wednesday,18
Canceled by Driver,eBike,2836,Tuesday,21
Canceled by Customer,Bike,399,Wednesday,17
Driver Not Found,Auto,418,Saturday,17
Success,Mini,234,Tuesday,9
Success,Auto,455,Wednesday,10
Success,eBike,461,Saturday,10
Success,Prime Plus,998,Tuesday,8
Success,Prime Sedan,373,Tuesday,20
Success,Mini,438,Wednesday,15
Success,Prime Sedan,140,Tuesday,8
Canceled by Driver,eBike,790,Wednesday,23
Success,eBike,604,Saturday,9
Success,Prime Plus,445,Friday,14
Success,Bike,355,Monday,11
Success,Prime Sedan,181,Monday,0
Success,eBike,450,Wednesday,10
Success,Auto,454,Monday,17
Canceled by Driver,Bike,352,Monday,13
Canceled by Driver,Prime SUV,328,Thursday,23
Success,eBike,410,Monday,6
Canceled by Customer,Bike,255,Wednesday,4
Success,Mini,424,Thursday,15
Success,Mini,471,Tuesday,6
Success,Mini,327,Tuesday,11
Success,Prime Sedan,696,Wednesday,20
Success,Mini,434,Tuesday,2
Success,Prime SUV,133,Wednesday,20
Canceled by Driver,Prime SUV,133,Monday,5
Canceled by Driver,Prime SUV,2940,Sunday,17
Driver Not Found,Bike,186,Thursday,0
Success,Auto,269,Thursday,17
Success,eBike,762,Wednesday,16
Driver Not Found,Mini,845,Sunday,11
Driver Not Found,Prime SUV,237,Sunday,19
Success,Bike,475,Thursday,10
Canceled by Driver,eBike,740,Friday,20
Success,eBike,148,Saturday,23
Success,Auto,446,Thursday,22
Success,Prime Plus,458,Tuesday,2
Success,eBike,483,Wednesday,17
Canceled by Customer,Auto,113,Monday,5
Canceled by Customer,Bike,394,Thursday,20
Success,Bike,307,Monday,21
Success,Auto,212,Tuesday,9
Success,Prime Sedan,263,Wednesday,7
Success,Prime Plus,386,Monday,19
Success,Prime SUV,384,Wednesday,11
Canceled by Driver,Auto,119,Tuesday,13
Success,Prime Plus,1262,Monday,15
Driver Not Found,eBike,156,Monday,0
Canceled by Driver,Prime Plus,377,Tuesday,16
Canceled by Driver,Mini,265,Sunday,23
Success,eBike,137,Tuesday,9
Success,Prime Plus,571,Saturday,22
Canceled by Driver,Prime SUV,289,Sunday,23
Success,Mini,330,Thursday,4
Canceled by Customer,Prime Plus,258,Thursday,11
Success,Bike,134,Saturday,15
Canceled by Customer,eBike,2089,Sunday,3
Success,Prime Sedan,446,Monday,5
Success,Prime Sedan,2730,Monday,4
Success,Mini,816,Monday,14
Success,Prime Sedan,224,Monday,7
Success,Prime SUV,359,Saturday,20
Canceled by Customer,Mini,455,Tuesday,4
Success,Prime SUV,474,Tuesday,19
Success,Mini,393,Wednesday,5
Success,Bike,157,Friday,16
Driver Not Found,Bike,419,Tuesday,2
Driver Not Found,Prime SUV,417,Wednesday,0
Success,Prime SUV,625,Wednesday,0
Success,Auto,2816,Thursday,22
Canceled by Driver,Auto,638,Friday,5
Success,Mini,411,Monday,21
Success,Bike,707,Monday,1
Success,Mini,360,Friday,12
Success,Bike,475,Wednesday,10
Success,eBike,191,Friday,11
Success,Prime SUV,309,Tuesday,21
Canceled by Customer,Bike,170,Thursday,11
Driver Not Found,Prime SUV,936,Thursday,7
Success,Auto,683,Wednesday,6
Success,Mini,559,Tuesday,12
Success,Prime SUV,693,Tuesday,9
Success,Bike,471,Saturday,20
Success,Prime SUV,196,Wednesday,22
Success,Prime Plus,469,Tuesday,19
Canceled by Customer,Prime Plus,278,Sunday,17
Success,Prime Plus,222,Monday,0
Success,Auto,548,Tuesday,1
Success,Prime Plus,372,Sunday,5
Canceled by Customer,eBike,418,Monday,3
Success,eBike,114,Tuesday,1
Success,Prime Plus,881,Thursday,23
Canceled by Driver,Prime SUV,391,Friday,20
Canceled by Driver,eBike,895,Thursday,20
Driver Not Found,eBike,2903,Saturday,8
Canceled by Driver,Prime Sedan,145,Monday,6
Success,Mini,424,Saturday,0
Success,Prime SUV,380,Monday,23
Success,eBike,193,Friday,14
Canceled by Driver,Prime SUV,884,Thursday,8
Canceled by Customer,Prime Sedan,231,Thursday,4
Success,Prime Plus,1758,Monday,14
Success,eBike,220,Friday,6
Success,Auto,361,Monday,13
Success,Auto,133,Tuesday,1
Success,Auto,517,Tuesday,22
Driver Not Found,Prime SUV,722,Monday,15
Canceled by Customer,Prime Sedan,323,Monday,19
Canceled by Customer,Bike,182,Saturday,2
Success,Prime Sedan,354,Saturday,8
Success,eBike,441,Friday,17
Success,eBike,1594,Monday,1
Driver Not Found,Auto,176,Wednesday,1
Success,Mini,1956,Monday,18
Driver Not Found,Auto,106,Saturday,17
Driver Not Found,Prime Plus,164,Wednesday,12
Success,Prime Sedan,977,Monday,10
Canceled by Customer,Prime SUV,471,Wednesday,12
Success,eBike,957,Friday,7
Success,Bike,337,Sunday,8
Canceled by Driver,Prime SUV,185,Tuesday,3
Success,Bike,433,Saturday,23
Success,Prime Sedan,301,Saturday,13
Success,Prime SUV,360,Monday,13
Success,Prime Sedan,512,Friday,2
Canceled by Driver,Auto,463,Friday,9
Success,Prime Plus,1117,Thursday,15
Success,Prime SUV,194,Sunday,8
Success,Bike,202,Sunday,3
Success,Auto,923,Wednesday,11
Success,Prime SUV,215,Sunday,20
Success,Bike,374,Tuesday,9
Success,Prime Plus,154,Thursday,2
Success,Prime Sedan,821,Monday,6
Driver Not Found,Mini,181,Tuesday,22
Success,Prime Sedan,383,Saturday,13
Canceled by Customer,Prime Sedan,984,Friday,18
Success,eBike,537,Saturday,18
Success,Prime SUV,304,Friday,17
Success,Prime Plus,416,Wednesday,23
Success,Mini,411,Wednesday,12
Success,Auto,343,Sunday,22
Success,Auto,417,Saturday,8
Success,Prime SUV,211,Sunday,22
Canceled by Driver,Mini,1065,Saturday,6
Success,Bike,810,Friday,16
Success,eBike,348,Tuesday,18
Canceled by Driver,Prime Sedan,467,Monday,4
Canceled by Driver,Bike,166,Thursday,15
Success,Auto,707,Wednesday,15
Success,Mini,136,Monday,23
Success,Auto,430,Wednesday,5
Canceled by Driver,Prime SUV,758,Friday,10
Success,Prime Plus,770,Wednesday,22
Driver Not Found,Mini,390,Friday,3
Success,Prime Plus,484,Wednesday,12
Success,Prime Plus,232,Wednesday,21
Canceled by Driver,Mini,170,Saturday,11
Success,Auto,807,Monday,20
Success,Prime Plus,264,Thursday,13
Success,eBike,114,Sunday,15
Success,Prime SUV,610,Sunday,20
Success,Prime SUV,242,Tuesday,16
Canceled by Customer,Prime SUV,664,Monday,23
Success,Bike,499,Wednesday,10
Success,eBike,1095,Tuesday,5
Success,Prime Sedan,424,Monday,6
Driver Not Found,Bike,343,Tuesday,17
Canceled by Driver,Prime Plus,434,Monday,18
Canceled by Driver,eBike,101,Saturday,14
Success,eBike,299,Friday,21
Canceled by Customer,Prime Plus,412,Tuesday,22
Canceled by Driver,Mini,232,Wednesday,7
Canceled by Driver,Mini,189,Tuesday,5
Success,Bike,364,Sunday,23
Canceled by Customer,Auto,234,Saturday,1
Canceled by Driver,Mini,293,Friday,0
Success,Prime Plus,385,Tuesday,7
Success,Prime Sedan,966,Thursday,4
Canceled by Customer,Prime SUV,466,Thursday,22
Success,Prime Sedan,288,Sunday,0
Success,Prime Plus,151,Wednesday,6
Success,Mini,579,Wednesday,17
Driver Not Found,Prime Plus,195,Tuesday,20
Canceled by Driver,Prime Plus,277,Friday,0
Success,eBike,189,Tuesday,15
Success,Prime SUV,417,Monday,23
Success,Bike,815,Sunday,19
Canceled by Driver,eBike,972,Sunday,21
Success,Auto,131,Monday,20
Canceled by Customer,Auto,254,Tuesday,9
Success,Prime Sedan,469,Thursday,5
Canceled by Driver,Prime Plus,474,Friday,22
Canceled by Driver,Mini,756,Sunday,18
Success,Bike,401,Tuesday,14
Driver Not Found,Mini,581,Sunday,13
Driver Not Found,Prime Plus,219,Wednesday,16
Success,eBike,125,Saturday,18
Success,Mini,387,Wednesday,5
Success,Auto,415,Monday,6
Success,Prime Sedan,491,Tuesday,0
Success,Prime Plus,390,Tuesday,14
Success,Prime Plus,267,Saturday,6
Success,Mini,1371,Saturday,1
Success,Prime Plus,102,Saturday,11
Canceled by Driver,Auto,287,Saturday,2
Canceled by Driver,Prime Sedan,102,Tuesday,9
Success,Prime Sedan,310,Monday,10
Canceled by Customer,Prime Sedan,360,Saturday,3
Success,Prime Plus,188,Thursday,10
Driver Not Found,Prime Sedan,482,Wednesday,9
Success,Prime Plus,199,Friday,15
Driver Not Found,Prime SUV,761,Thursday,0
Success,Prime SUV,500,Monday,20
Canceled by Driver,Auto,1181,Wednesday,10
Success,Mini,243,Thursday,11
Canceled by Driver,Prime Sedan,570,Wednesday,18
Success,Bike,244,Saturday,3
Driver Not Found,Mini,300,Tuesday,1
Success,Prime Sedan,567,Monday,1
Canceled by Driver,Prime Sedan,446,Sunday,5
Success,Prime Sedan,154,Saturday,20
Canceled by Driver,Prime SUV,705,Sunday,2
Success,Prime Sedan,977,Wednesday,3
Success,Prime SUV,254,Tuesday,12
Success,Bike,446,Wednesday,13
Success,Bike,210,Sunday,21
Success,Mini,294,Thursday,22
Success,Mini,1554,Sunday,7
Success,Auto,956,Thursday,10
Success,Prime Plus,450,Monday,10
Success,Prime Sedan,228,Thursday,21
Canceled by Customer,Prime Plus,507,Wednesday,19
Canceled by Driver,eBike,231,Tuesday,21
Canceled by Customer,Mini,147,Tuesday,21
Canceled by Customer,eBike,2409,Monday,11
Canceled by Driver,Prime SUV,267,Tuesday,8
Success,Mini,257,Saturday,2
Canceled by Driver,Prime Sedan,381,Thursday,0
Success,Bike,421,Monday,10
Canceled by Driver,eBike,247,Monday,20
Driver Not Found,Prime Sedan,354,Friday,14
Success,Mini,197,Sunday,18
Success,Prime Plus,577,Friday,14
Canceled by Driver,Mini,247,Wednesday,5
Success,Auto,348,Saturday,16
Driver Not Found,eBike,306,Friday,19
Success,Bike,638,Saturday,23
Success,Prime Sedan,336,Tuesday,8
Driver Not Found,Auto,1549,Saturday,12
Canceled by Driver,Prime Sedan,358,Thursday,9
Success,Prime Sedan,705,Monday,16
Success,Prime Sedan,329,Thursday,12
Success,Prime SUV,649,Sunday,23
Canceled by Driver,Bike,658,Sunday,11
Success,eBike,495,Sunday,10
Success,Auto,246,Wednesday,11
Success,Prime Plus,430,Friday,7
Canceled by Customer,Prime SUV,513,Thursday,5
Success,eBike,519,Monday,14
Canceled by Driver,Bike,335,Wednesday,8
Canceled by Driver,Mini,215,Sunday,10
Success,Auto,1255,Wednesday,15
Canceled by Driver,Bike,885,Wednesday,7
Success,Prime SUV,404,Monday,9
Success,Prime Sedan,296,Thursday,13
Driver Not Found,eBike,213,Friday,4
Success,Prime SUV,125,Tuesday,14
Success,Auto,223,Friday,17
Canceled by Driver,Prime Plus,396,Monday,12
Success,Mini,477,Tuesday,17
Canceled by Customer,Prime SUV,367,Tuesday,0
Success,Prime Plus,626,Thursday,21
Success,Prime Sedan,463,Wednesday,8
Success,Bike,252,Monday,4
Success,Bike,402,Monday,1
Success,Prime Plus,292,Saturday,17
Success,Bike,525,Friday,23
Canceled by Driver,Prime Sedan,167,Wednesday,14
Success,Prime Sedan,173,Wednesday,18
Success,eBike,997,Monday,19
Success,Prime Plus,1129,Sunday,2
Canceled by Driver,Prime Plus,385,Saturday,10
Canceled by Customer,Prime SUV,237,Wednesday,12
Success,Mini,369,Wednesday,0
Canceled by Driver,eBike,253,Wednesday,22
Success,Prime Sedan,152,Tuesday,14
Canceled by Driver,Mini,2702,Friday,17
Success,Prime SUV,309,Friday,19
Success,Prime Sedan,103,Tuesday,12
Canceled by Driver,Auto,403,Thursday,17
Success,eBike,332,Thursday,6
Driver Not Found,Prime Sedan,113,Sunday,12
Success,Prime Plus,219,Friday,7
Canceled by Driver,Auto,403,Friday,7
Canceled by Customer,Mini,746,Monday,7
Success,Bike,510,Wednesday,21
Driver Not Found,eBike,269,Thursday,10
Success,Auto,220,Saturday,14
Canceled by Driver,Mini,1508,Monday,9
Success,Auto,837,Tuesday,6
Success,Mini,116,Tuesday,18
Success,Bike,359,Monday,18
Canceled by Driver,Prime Sedan,490,Monday,1
Driver Not Found,Bike,266,Thursday,17
Success,Bike,362,Thursday,7
Canceled by Driver,Prime Plus,228,Thursday,3
Success,Prime Plus,168,Thursday,9
Canceled by Driver,Bike,490,Monday,11
Success,eBike,644,Tuesday,14
Success,Mini,465,Monday,13
Success,Auto,374,Wednesday,5
Success,Prime SUV,488,Thursday,3
Success,Prime SUV,223,Wednesday,18
Success,Prime Plus,774,Monday,6
Success,Mini,167,Friday,0
Success,Prime Sedan,691,Sunday,6
Success,Prime Plus,429,Friday,12
Canceled by Driver,Auto,128,Monday,5
Canceled by Driver,Prime Sedan,460,Monday,8
Canceled by Customer,Prime Sedan,954,Thursday,2
Success,Mini,303,Sunday,21
Success,Prime SUV,475,Sunday,15
Canceled by Customer,Prime Sedan,297,Saturday,3
Success,Bike,222,Friday,6
Canceled by Driver,Prime Sedan,298,Friday,2
Canceled by Driver,Auto,603,Tuesday,17
Success,eBike,176,Tuesday,6
Driver Not Found,Prime SUV,381,Thursday,14
Driver Not Found,eBike,428,Tuesday,9
Canceled by Driver,Mini,302,Friday,7
Success,Mini,327,Monday,15
Driver Not Found,Prime Sedan,253,Tuesday,19
Success,Prime SUV,163,Saturday,14
Success,Prime Sedan,108,Sunday,3
Canceled by Customer,eBike,464,Sunday,8
Canceled by Driver,Bike,142,Thursday,5
Success,Auto,231,Friday,4
Canceled by Driver,eBike,303,Monday,21
Canceled by Driver,eBike,2154,Wednesday,0
Success,eBike,280,Saturday,7
Success,Prime SUV,357,Wednesday,1
Success,Prime Plus,361,Friday,18
Canceled by Driver,Mini,255,Thursday,4
Success,eBike,479,Friday,15
Canceled by Customer,Bike,624,Tuesday,21
Canceled by Customer,Prime Plus,364,Sunday,9
Driver Not Found,Mini,115,Sunday,6
Canceled by Driver,Bike,486,Wednesday,0
Success,Prime Sedan,403,Monday,4
Canceled by Customer,Prime Sedan,384,Tuesday,12
Success,Mini,359,Monday,21
Success,Prime SUV,719,Monday,23
Success,Mini,913,Wednesday,23
Success,Prime SUV,1627,Wednesday,2
Success,Prime Sedan,316,Monday,12
Success,eBike,471,Tuesday,18
Canceled by Driver,Prime Sedan,149,Friday,5
Success,Mini,819,Monday,10
Canceled by Driver,Prime Sedan,425,Monday,5
Success,Auto,525,Sunday,5
Canceled by Driver,Mini,470,Friday,23
Success,Prime Sedan,1828,Tuesday,5
Driver Not Found,eBike,2953,Saturday,6
Success,Prime SUV,105,Friday,14
Driver Not Found,Bike,307,Wednesday,10
Success,Bike,156,Thursday,23
Success,Mini,309,Wednesday,16
Success,Auto,565,Thursday,17
Driver Not Found,Bike,844,Friday,18
Success,Prime SUV,493,Saturday,5
Success,Auto,148,Saturday,16
Success,Prime Plus,857,Saturday,4
Success,eBike,319,Saturday,6
Success,Mini,485,Friday,4
Canceled by Driver,Prime Sedan,863,Saturday,13
Success,Mini,236,Thursday,18
Success,Prime SUV,503,Tuesday,23
Success,Auto,1731,Monday,6
Canceled by Driver,Prime Sedan,850,Tuesday,18
Success,Bike,188,Sunday,6
Success,Prime Plus,428,Friday,15
Success,eBike,672,Friday,22
Success,Prime Sedan,806,Wednesday,9
Success,Auto,241,Sunday,18
Success,Auto,161,Thursday,3
Canceled by Driver,Prime Sedan,425,Wednesday,11
Canceled by Driver,Prime SUV,405,Friday,7
Canceled by Driver,Prime SUV,146,Monday,12
Canceled by Driver,eBike,356,Friday,0
Success,Prime SUV,714,Wednesday,16
Success,Mini,296,Tuesday,0
Success,Auto,489,Wednesday,12
Success,Auto,355,Sunday,5
Success,Bike,400,Monday,22
Success,Prime SUV,160,Friday,13
Canceled by Driver,eBike,301,Wednesday,5
Success,Prime SUV,108,Friday,1
Success,Prime SUV,775,Tuesday,14
Success,Bike,416,Thursday,22
Success,Prime Plus,592,Monday,18
Driver Not Found,Prime SUV,266,Monday,5
Canceled by Driver,Prime Sedan,534,Tuesday,8
Success,Bike,473,Friday,4
Success,Bike,238,Thursday,21
Success,Prime SUV,222,Wednesday,8
Success,eBike,349,Sunday,14
Success,eBike,1459,Thursday,19
Driver Not Found,Mini,173,Thursday,18
Success,Prime Sedan,292,Thursday,5
Success,Prime SUV,365,Saturday,11
Success,Bike,387,Wednesday,13
Canceled by Driver,Prime Sedan,479,Monday,14
Canceled by Driver,Prime Sedan,554,Wednesday,12
Success,Prime SUV,425,Friday,2
Driver Not Found,Mini,225,Thursday,1
Success,eBike,423,Saturday,1
Driver Not Found,Bike,413,Friday,16
Canceled by Customer,Auto,142,Friday,8
Success,Mini,269,Tuesday,6
Success,Bike,401,Thursday,12
Canceled by Customer,Prime Sedan,410,Saturday,17
Driver Not Found,Prime Plus,385,Wednesday,11
Canceled by Customer,Prime Plus,165,Monday,6
Success,Prime Sedan,131,Sunday,4
Success,Auto,392,Saturday,1
Success,Prime SUV,194,Thursday,18
Success,Prime Plus,464,Sunday,21
Success,Prime Sedan,386,Sunday,21
Success,eBike,956,Friday,11
Success,Bike,181,Friday,16
Driver Not Found,eBike,408,Thursday,17
Success,Prime SUV,190,Monday,3
Success,Auto,415,Saturday,5
Canceled by Driver,Prime Sedan,485,Thursday,5
Success,Bike,984,Wednesday,19
Canceled by Driver,Bike,392,Monday,17
Success,eBike,445,Thursday,0
Success,Prime Plus,387,Monday,3
Success,eBike,293,Saturday,8
Success,Bike,259,Tuesday,20
Success,Prime Sedan,585,Tuesday,5
Driver Not Found,Prime Sedan,1323,Saturday,14
Success,Bike,805,Sunday,18
Driver Not Found,Prime Sedan,327,Saturday,4
Success,Prime SUV,311,Thursday,13
Success,eBike,591,Saturday,3
Success,Bike,402,Sunday,20
Success,Bike,165,Sunday,4
Success,Auto,294,Monday,15
Success,Prime Plus,953,Sunday,21
Success,eBike,149,Tuesday,10
Success,Mini,415,Sunday,17
Driver Not Found,eBike,386,Friday,0
Success,Prime Plus,801,Monday,19
Canceled by Driver,Auto,464,Saturday,7
Success,Prime SUV,392,Tuesday,10
Canceled by Driver,Auto,130,Tuesday,2
Success,Prime SUV,229,Thursday,3
Success,Prime SUV,363,Tuesday,11
Driver Not Found,Prime Plus,894,Friday,9
Canceled by Customer,Auto,490,Monday,20
Canceled by Driver,Prime Sedan,150,Monday,2
Driver Not Found,Prime Sedan,358,Friday,2
Success,Prime Plus,742,Tuesday,4
Success,eBike,173,Saturday,5
Success,Prime SUV,415,Tuesday,8
Canceled by Driver,Bike,331,Saturday,12
Success,Bike,194,Sunday,4
Success,Prime Sedan,713,Saturday,22
Success,Prime Plus,365,Friday,16
Canceled by Driver,eBike,559,Saturday,11
Success,eBike,341,Thursday,5
Driver Not Found,Mini,243,Monday,8
Success,Prime Sedan,116,Friday,22
Success,Prime Plus,291,Tuesday,17
Success,Prime SUV,745,Monday,18
Driver Not Found,Prime SUV,1650,Tuesday,2
Success,Auto,340,Tuesday,7
Success,Prime Sedan,983,Tuesday,23
Success,Bike,150,Thursday,9
Success,eBike,957,Wednesday,3
Canceled by Driver,Bike,823,Monday,9
Driver Not Found,Prime Sedan,337,Sunday,2
Success,Mini,616,Friday,2
Driver Not Found,Prime SUV,417,Thursday,2
Success,Mini,261,Saturday,6
Canceled by Driver,Prime SUV,251,Friday,5
Success,Prime SUV,868,Tuesday,6
Success,Prime Plus,169,Saturday,16
Driver Not Found,Prime Sedan,1266,Sunday,14
Canceled by Driver,Prime SUV,237,Wednesday,2
Driver Not Found,Prime Plus,2035,Wednesday,9
Driver Not Found,eBike,109,Friday,19
Driver Not Found,Mini,1560,Saturday,1
Success,eBike,2658,Thursday,23
Canceled by Customer,Mini,184,Friday,8
Success,Prime Sedan,260,Wednesday,13
Success,Mini,437,Thursday,13
Success,Bike,142,Tuesday,15
Success,eBike,2077,Thursday,0
Success,Prime SUV,174,Thursday,8
Success,Prime Plus,238,Tuesday,10
Success,Prime Sedan,184,Monday,6
Success,Bike,240,Wednesday,13
Success,Prime Sedan,167,Saturday,14
Success,Prime Sedan,156,Monday,4
Success,Prime SUV,2631,Friday,0
Driver Not Found,Prime Sedan,152,Friday,12
Canceled by Driver,Prime Sedan,557,Tuesday,22
Success,Bike,197,Sunday,2
Canceled by Driver,Prime Sedan,146,Thursday,10
Success,Prime Plus,617,Monday,5
Success,Bike,470,Saturday,10
Success,Auto,484,Monday,16
Success,Mini,316,Saturday,18
Success,Prime Plus,142,Saturday,12
Success,Auto,537,Thursday,13
Success,eBike,847,Sunday,4
Driver Not Found,eBike,165,Saturday,14
Canceled by Driver,Prime Plus,478,Friday,7
Success,Prime SUV,104,Monday,18
Success,Bike,698,Saturday,8
Success,Mini,110,Saturday,5
Success,Prime SUV,426,Thursday,17
Success,eBike,112,Friday,4
Success,Bike,108,Thursday,14
Success,Mini,753,Saturday,20
Success,Prime Plus,190,Friday,23
Success,Bike,115,Sunday,22
Success,Auto,591,Friday,15
Driver Not Found,eBike,483,Monday,2
Canceled by Customer,eBike,455,Sunday,7
Success,Bike,561,Monday,20
Canceled by Driver,Prime Plus,332,Tuesday,9
Canceled by Driver,Auto,152,Tuesday,10
Success,Bike,964,Wednesday,13
Success,Mini,402,Thursday,16
Canceled by Customer,Mini,262,Friday,15
Success,Mini,338,Saturday,6
Driver Not Found,Auto,371,Friday,22
Success,Prime SUV,468,Friday,4
Success,Prime SUV,1950,Monday,2
Canceled by Customer,eBike,167,Tuesday,18
Canceled by Customer,Prime SUV,669,Thursday,12
Canceled by Customer,Prime Plus,376,Tuesday,21
Success,Prime SUV,643,Thursday,5
Success,Prime Plus,309,Thursday,5
Success,Prime Plus,244,Wednesday,14
Driver Not Found,Prime Sedan,263,Tuesday,1
Driver Not Found,Mini,446,Monday,6
Driver Not Found,Prime SUV,841,Thursday,18
Success,Prime Sedan,786,Monday,12
Success,Prime Plus,2858,Friday,16
Success,eBike,504,Sunday,23
Success,eBike,318,Monday,9
Success,Prime Sedan,479,Monday,0
Success,Mini,305,Friday,13
Success,Prime SUV,467,Sunday,8
Canceled by Driver,Prime Plus,530,Monday,0
Success,Prime Plus,420,Tuesday,15
Success,Prime Sedan,761,Saturday,8
Canceled by Customer,Auto,302,Sunday,18
Canceled by Driver,Prime Plus,299,Thursday,3
Canceled by Customer,Prime Plus,531,Thursday,1
Success,Prime Sedan,897,Thursday,0
Success,Auto,472,Tuesday,8
Success,Prime SUV,326,Friday,0
Success,Bike,856,Sunday,21
Success,eBike,101,Sunday,14
Canceled by Driver,Prime SUV,845,Wednesday,7
Canceled by Driver,Prime Sedan,825,Tuesday,18
Success,Prime Plus,593,Friday,22
Success,Prime Sedan,550,Tuesday,22
Driver Not Found,Bike,199,Monday,7
Canceled by Driver,Bike,842,Tuesday,4
Success,Bike,876,Sunday,8
Success,Auto,350,Sunday,6
Canceled by Customer,Bike,223,Monday,11
Canceled by Customer,Auto,487,Monday,7
Success,Auto,196,Sunday,0
Success,Mini,627,Tuesday,5
Success,Prime SUV,708,Wednesday,14
Success,Bike,194,Tuesday,20
Success,Prime SUV,286,Monday,23
Success,Bike,232,Tuesday,23
Success,Prime Plus,416,Thursday,14
Success,Prime Plus,358,Monday,23
Success,Prime Sedan,110,Tuesday,16
Success,Prime Plus,239,Monday,9
Success,Auto,419,Friday,4
Driver Not Found,eBike,493,Monday,17
Success,Prime Sedan,349,Friday,13
Success,Mini,889,Monday,15
Success,eBike,1712,Wednesday,19
Success,eBike,1444,Wednesday,0
Success,Mini,479,Monday,13
Success,Prime Plus,148,Tuesday,5
Success,Mini,464,Tuesday,9
Canceled by Customer,Prime Plus,468,Monday,20
Success,Mini,126,Monday,23
Success,Auto,2266,Saturday,1
Success,Bike,2425,Friday,5
Success,Auto,279,Monday,12
Canceled by Driver,Prime Sedan,580,Friday,17
Success,Auto,1769,Sunday,12
Success,Bike,231,Wednesday,16
Success,eBike,496,Saturday,0
Success,eBike,280,Wednesday,7
Success,Prime Plus,328,Thursday,16
Canceled by Driver,Mini,316,Thursday,20
Driver Not Found,eBike,2513,Sunday,9
Success,Prime Plus,600,Monday,4
Success,Auto,2955,Friday,2
Canceled by Customer,Prime Plus,873,Sunday,6
Success,Auto,243,Monday,20
Success,Mini,2527,Thursday,14
Canceled by Driver,eBike,221,Tuesday,6
Success,Prime Plus,408,Thursday,0
Success,Prime Sedan,852,Friday,15
Success,Prime Sedan,350,Monday,14
Success,Prime Plus,387,Sunday,12
Success,Prime Sedan,2319,Monday,6
Canceled by Customer,Bike,636,Friday,3
Success,Bike,2842,Tuesday,10
Success,Prime Sedan,1437,Thursday,17
Canceled by Customer,Prime SUV,288,Friday,17
Success,Prime Sedan,421,Wednesday,19
Success,Auto,481,Thursday,8
Success,Prime Sedan,144,Saturday,16
Canceled by Driver,Prime SUV,242,Monday,3
Canceled by Driver,Mini,227,Tuesday,15
Success,Prime Sedan,1624,Wednesday,14
Success,Prime Sedan,2440,Monday,15
Success,Auto,563,Saturday,15
Success,Mini,288,Tuesday,9
Success,Prime Plus,851,Monday,23
Success,Prime SUV,187,Friday,20
Canceled by Driver,Prime Plus,113,Sunday,4
Success,Prime Sedan,339,Tuesday,1
Driver Not Found,Bike,258,Wednesday,15
Canceled by Driver,Prime Plus,277,Tuesday,7
Canceled by Driver,Auto,135,Monday,14
Success,Mini,895,Monday,21
Success,Prime Sedan,102,Friday,15
Success,Mini,583,Tuesday,14
Success,Auto,183,Tuesday,6
Success,eBike,486,Wednesday,14
Success,Prime SUV,338,Tuesday,7
Success,Prime Sedan,418,Sunday,23
Success,Prime SUV,266,Sunday,2
Success,Prime SUV,360,Wednesday,18
Success,Bike,294,Sunday,3
Success,Prime SUV,101,Sunday,0
Canceled by Customer,Bike,148,Wednesday,20
Success,Mini,214,Saturday,9
Success,Bike,220,Friday,17
Canceled by Customer,Auto,382,Monday,12
Success,eBike,171,Saturday,21
Canceled by Driver,Prime Sedan,914,Wednesday,4
Driver Not Found,Mini,187,Monday,8
Success,Bike,281,Saturday,8
Canceled by Customer,Prime SUV,2589,Friday,6
Success,Prime SUV,788,Tuesday,21
Success,Prime Plus,853,Wednesday,5
Success,Prime SUV,464,Sunday,5
Success,Prime SUV,376,Monday,19
Success,Auto,481,Saturday,0
Success,eBike,430,Tuesday,21
Success,Bike,347,Monday,8
Canceled by Driver,Prime SUV,170,Friday,22
Success,Prime Sedan,202,Monday,0
Success,Bike,400,Friday,6
Success,Bike,586,Saturday,5
Driver Not Found,Bike,409,Wednesday,23
Canceled by Driver,Mini,237,Tuesday,21
Success,Auto,714,Monday,22
Success,eBike,552,Saturday,7
Canceled by Driver,eBike,357,Sunday,6
Success,eBike,408,Thursday,8
Driver Not Found,Prime Sedan,853,Thursday,19
Success,Prime Plus,130,Wednesday,3
Success,Prime SUV,537,Wednesday,16
Success,Prime Plus,125,Wednesday,1
Canceled by Customer,Auto,111,Tuesday,0
Success,eBike,959,Thursday,22
Success,Prime Sedan,576,Tuesday,8
Success,Auto,196,Monday,3
Success,eBike,492,Thursday,1
Success,Bike,100,Monday,14
Success,Prime Plus,743,Sunday,5
Success,Prime SUV,283,Saturday,15
Success,Bike,158,Wednesday,2
Success,Prime Sedan,698,Wednesday,13
Canceled by Driver,Bike,348,Monday,0
Driver Not Found,Prime Sedan,1616,Saturday,0
Success,Prime Sedan,244,Thursday,22
Canceled by Customer,Mini,169,Monday,12
Success,Auto,442,Monday,18
Success,Mini,865,Friday,21
Success,Prime Plus,145,Tuesday,7
Success,Bike,259,Saturday,8
Canceled by Driver,Prime Sedan,1903,Tuesday,9
Canceled by Driver,Mini,348,Sunday,17
Canceled by Driver,Mini,2854,Thursday,14
Success,Bike,594,Monday,4
Driver Not Found,eBike,206,Monday,16
Success,Bike,102,Tuesday,18
Success,Auto,203,Friday,18
Canceled by Customer,Mini,365,Monday,23
Success,Prime Plus,829,Friday,6
Success,Prime Plus,298,Thursday,14
Success,eBike,478,Tuesday,19
Success,Auto,291,Friday,2
Success,Prime Plus,554,Monday,1
Success,Prime Plus,417,Monday,13
Success,eBike,468,Tuesday,3
Success,Prime Sedan,257,Monday,2
Canceled by Driver,eBike,314,Wednesday,10
Success,Bike,352,Wednesday,23
Canceled by Driver,Prime SUV,249,Monday,13
Success,Bike,346,Saturday,2
Success,eBike,240,Monday,23
Driver Not Found,Auto,488,Wednesday,2
Driver Not Found,Bike,348,Saturday,7
Success,Prime SUV,236,Wednesday,7
Success,Bike,344,Friday,9
Success,Prime Plus,336,Saturday,10
Success,Auto,304,Sunday,12
Success,Mini,332,Friday,6
Success,Prime Plus,634,Saturday,3
Success,Prime SUV,110,Monday,10
Success,Auto,270,Monday,13
Canceled by Driver,Prime Plus,131,Sunday,17
Success,Prime SUV,1085,Wednesday,16
Canceled by Customer,Prime Sedan,286,Wednesday,3
Success,Auto,118,Wednesday,5
Success,Bike,301,Saturday,17
Canceled by Driver,Auto,330,Tuesday,0
Success,Prime Plus,210,Sunday,5
Success,Prime SUV,108,Sunday,8
Canceled by Driver,Prime Plus,491,Thursday,23
Canceled by Driver,eBike,208,Tuesday,7
Success,Prime SUV,2897,Friday,2
Success,Mini,317,Wednesday,0
Success,Auto,365,Sunday,2
Success,Prime Plus,208,Wednesday,6
Success,Prime SUV,114,Sunday,21
Driver Not Found,Auto,144,Monday,14
Driver Not Found,Prime SUV,2755,Wednesday,1
Success,eBike,629,Wednesday,5
Success,Prime Sedan,518,Monday,1
Canceled by Driver,Mini,481,Tuesday,9
Success,Mini,221,Tuesday,18
Canceled by Driver,Prime Plus,345,Friday,17
Driver Not Found,Mini,432,Tuesday,10
Success,Prime SUV,202,Sunday,10
Success,Prime Plus,723,Monday,14
Canceled by Driver,Auto,571,Monday,1
Success,Auto,266,Monday,4
Success,Prime Plus,300,Wednesday,7
Success,Prime Sedan,574,Monday,17
Canceled by Driver,Prime SUV,819,Tuesday,6
Canceled by Customer,Prime Plus,330,Friday,19
Success,Prime Sedan,172,Monday,5
Success,Mini,741,Thursday,4
Canceled by Driver,Prime Sedan,456,Sunday,7
Canceled by Customer,Bike,161,Wednesday,10
Canceled by Customer,Prime Plus,2508,Wednesday,9
Success,eBike,1158,Monday,17
Success,Prime Sedan,440,Saturday,6
Canceled by Driver,Auto,902,Wednesday,0
Success,eBike,442,Wednesday,13
Canceled by Driver,Prime Plus,224,Friday,7
Success,Mini,268,Monday,16
Driver Not Found,Prime SUV,1686,Tuesday,14
Success,Prime SUV,110,Friday,18
Success,Prime SUV,542,Saturday,22
Canceled by Customer,eBike,1806,Monday,19
Success,eBike,286,Tuesday,22
Canceled by Driver,Prime Sedan,1627,Tuesday,16
Success,eBike,573,Monday,12
Canceled by Driver,Mini,444,Monday,13
Driver Not Found,Prime Sedan,996,Wednesday,13
Success,eBike,191,Thursday,10
Success,Prime SUV,193,Wednesday,2
Success,Prime SUV,461,Saturday,14
Canceled by Driver,Prime SUV,559,Friday,10
Success,Auto,835,Friday,14
Success,Prime SUV,684,Tuesday,18
Success,eBike,339,Tuesday,20
Success,eBike,285,Thursday,21
Success,Prime Plus,199,Wednesday,12
Success,Prime SUV,101,Wednesday,20
Success,Mini,190,Tuesday,20
Canceled by Customer,Prime Sedan,436,Tuesday,19
Canceled by Customer,Mini,354,Monday,11
Success,eBike,408,Monday,11
Success,Prime Plus,788,Saturday,21
Success,eBike,866,Wednesday,16
Canceled by Driver,Mini,138,Monday,3
Success,eBike,180,Friday,2
Canceled by Driver,Mini,165,Tuesday,0
Success,eBike,159,Saturday,6
Success,Bike,2271,Wednesday,9
Success,eBike,2655,Sunday,2
Canceled by Customer,Bike,814,Wednesday,21
Driver Not Found,eBike,112,Tuesday,17
Success,Prime SUV,2629,Saturday,5
Success,Bike,288,Friday,8
Driver Not Found,Auto,187,Tuesday,15
Success,Prime SUV,152,Friday,15
Success,Auto,155,Sunday,16
Success,Prime SUV,380,Tuesday,5
Success,eBike,261,Sunday,2
Success,Prime Sedan,334,Sunday,6
Success,Prime Sedan,384,Wednesday,22
Canceled by Driver,Prime Sedan,750,Tuesday,0
Success,eBike,152,Saturday,13
Canceled by Driver,Prime Plus,439,Saturday,12
Success,Auto,483,Tuesday,18
Canceled by Driver,Prime Sedan,305,Tuesday,10
Success,Mini,192,Wednesday,7
Canceled by Driver,Mini,827,Sunday,21
Success,eBike,488,Sunday,17
Success,eBike,416,Friday,2
Success,Auto,179,Wednesday,4
Success,Prime SUV,345,Sunday,13
Success,Bike,302,Friday,14
Success,Prime Sedan,121,Friday,7
Canceled by Driver,Auto,315,Thursday,21
Success,Mini,316,Thursday,3
Canceled by Customer,Prime Sedan,134,Thursday,0
Canceled by Customer,Auto,166,Saturday,18
Driver Not Found,Prime Plus,310,Tuesday,11
Canceled by Driver,Mini,459,Thursday,14
Success,Auto,770,Friday,19
Driver Not Found,Prime Plus,347,Friday,20
Success,Auto,424,Saturday,15
Canceled by Driver,Mini,433,Friday,16
Success,Prime Sedan,300,Wednesday,20
Driver Not Found,Auto,404,Wednesday,14
Success,Prime Sedan,104,Wednesday,16
Success,Prime SUV,329,Tuesday,14
Success,Auto,302,Monday,2
Canceled by Driver,Bike,431,Wednesday,4
Success,Mini,167,Thursday,13
Canceled by Driver,Auto,1876,Sunday,23
Canceled by Driver,eBike,1370,Thursday,14
Success,eBike,2418,Wednesday,0
Success,Mini,271,Friday,0
Canceled by Driver,Mini,959,Friday,18
Driver Not Found,Auto,183,Monday,1
Success,Prime Sedan,434,Tuesday,23
Success,Prime Sedan,405,Saturday,6
Success,Mini,236,Wednesday,23
Success,Prime Sedan,432,Monday,16
Success,Prime Plus,2164,Wednesday,18
Canceled by Driver,Bike,341,Sunday,9
Success,Prime Plus,391,Monday,5
Success,Prime Sedan,378,Wednesday,1
Canceled by Driver,Bike,101,Wednesday,6
Canceled by Driver,Prime Plus,555,Monday,4
Success,Prime Sedan,374,Friday,6
Canceled by Driver,Mini,488,Sunday,16
Success,Bike,289,Thursday,4
Canceled by Driver,Prime Plus,207,Tuesday,9
Success,Prime Plus,403,Wednesday,17
Driver Not Found,eBike,829,Saturday,21
Canceled by Driver,Prime Sedan,457,Monday,10
Canceled by Driver,eBike,142,Friday,4
Canceled by Driver,Prime Sedan,128,Friday,6
Success,Bike,1468,Friday,19
Canceled by Driver,Prime Plus,636,Tuesday,16
Success,Prime Plus,538,Sunday,0
Success,Prime SUV,983,Tuesday,2
Success,Prime Sedan,474,Sunday,23
Canceled by Customer,Prime Sedan,349,Monday,17
Canceled by Driver,Prime Plus,165,Sunday,21
Success,Mini,120,Saturday,8
Success,Bike,170,Sunday,4
Canceled by Driver,Prime SUV,139,Friday,0
Driver Not Found,Prime Sedan,161,Thursday,20
Success,Auto,432,Tuesday,4
Success,eBike,319,Monday,16
Canceled by Driver,Prime Plus,546,Tuesday,12
Success,Auto,494,Wednesday,4
Success,Mini,278,Wednesday,3
Success,Prime Sedan,208,Saturday,9
Canceled by Driver,Prime SUV,673,Thursday,13
Canceled by Driver,eBike,303,Wednesday,19
Driver Not Found,Mini,892,Saturday,23
Canceled by Driver,Prime SUV,351,Saturday,23
Canceled by Customer,Bike,494,Saturday,19
Success,Prime SUV,464,Wednesday,7
Canceled by Driver,Bike,554,Saturday,1
Success,Bike,358,Tuesday,20
Success,Mini,261,Saturday,15
Canceled by Driver,Prime SUV,248,Monday,1
Success,Bike,310,Friday,17
Driver Not Found,Auto,431,Monday,8
Driver Not Found,Bike,470,Monday,22
Success,Prime Plus,409,Thursday,4
Driver Not Found,Auto,2700,Wednesday,19
Success,Auto,1543,Saturday,10
Success,Bike,115,Monday,10
Driver Not Found,Prime SUV,184,Sunday,20
Success,Auto,184,Thursday,10
Driver Not Found,Bike,217,Friday,16
Success,Prime Sedan,235,Saturday,10
Canceled by Customer,Prime Sedan,2511,Friday,0
Success,Bike,246,Tuesday,13
Success,Auto,281,Wednesday,4
Success,Mini,328,Thursday,5
Success,Prime Sedan,426,Friday,2
Success,Prime Plus,1967,Friday,9
Canceled by Driver,Auto,352,Monday,13
Canceled by Customer,Prime Sedan,649,Saturday,9
Success,Prime Sedan,273,Friday,15
Success,Auto,303,Friday,3
Canceled by Driver,Bike,126,Wednesday,8
Canceled by Customer,Auto,718,Thursday,16
Success,Auto,561,Thursday,2
Success,Auto,286,Saturday,12
Canceled by Driver,Bike,243,Friday,4
Success,Prime SUV,1387,Sunday,15
Success,eBike,537,Sunday,17
Canceled by Customer,eBike,412,Thursday,5
Canceled by Driver,Prime SUV,266,Thursday,23
Success,Prime Plus,482,Sunday,20
Driver Not Found,Bike,125,Wednesday,17
Success,eBike,269,Wednesday,4
Canceled by Driver,Prime Sedan,203,Monday,22
Canceled by Driver,Bike,918,Tuesday,18
Canceled by Driver,Auto,428,Wednesday,15
Success,Prime SUV,486,Monday,7
Success,Bike,992,Thursday,5
Success,eBike,560,Tuesday,19
Success,Prime Sedan,465,Tuesday,19
Canceled by Customer,Prime Plus,234,Friday,15
Driver Not Found,Auto,472,Friday,4
Canceled by Driver,Prime Sedan,352,Wednesday,0
Canceled by Driver,Prime Plus,136,Tuesday,4
Success,Bike,966,Thursday,17
Success,Auto,420,Tuesday,19
Success,Bike,287,Wednesday,15
Driver Not Found,Mini,1475,Saturday,10
Driver Not Found,Prime Sedan,329,Saturday,11
Canceled by Customer,eBike,765,Sunday,4
Canceled by Customer,Prime SUV,466,Sunday,3
Driver Not Found,eBike,409,Saturday,7
Success,Bike,2436,Wednesday,9
Success,Prime SUV,140,Wednesday,15
Success,Prime Sedan,2351,Wednesday,21
Canceled by Customer,Prime Plus,209,Sunday,4
Canceled by Driver,eBike,278,Saturday,0
Success,eBike,492,Monday,8
Success,Mini,567,Tuesday,20
Success,Prime SUV,367,Friday,23
Canceled by Customer,Prime Sedan,2514,Monday,5
Driver Not Found,Auto,266,Saturday,18
Success,Mini,937,Monday,2
Canceled by Driver,Auto,314,Monday,2
Success,eBike,585,Friday,23
Canceled by Driver,Auto,376,Thursday,11
Success,Prime Plus,298,Saturday,9
Success,Mini,264,Monday,17
Success,Prime Plus,214,Monday,6
Success,Prime Sedan,479,Wednesday,5
Success,Prime Sedan,645,Monday,9
Success,Prime SUV,313,Wednesday,19
Canceled by Driver,Bike,387,Wednesday,18
Canceled by Driver,Prime SUV,232,Wednesday,9
Success,Mini,111,Wednesday,5
Success,Prime Plus,245,Tuesday,5
Driver Not Found,Auto,454,Wednesday,11
Success,Mini,120,Thursday,12
Canceled by Customer,Auto,309,Sunday,10
Success,eBike,498,Friday,2
Canceled by Driver,Mini,2024,Monday,11
Canceled by Driver,eBike,1992,Monday,17
Success,Prime Plus,325,Monday,6
Success,Mini,166,Tuesday,19
Success,Prime SUV,381,Friday,20
Driver Not Found,Prime SUV,315,Monday,12
Canceled by Customer,Bike,1915,Wednesday,16
Success,Prime SUV,100,Monday,17
Success,Mini,486,Monday,21
Success,eBike,290,Wednesday,16
Success,Prime Sedan,189,Saturday,10
Canceled by Customer,Prime SUV,2189,Tuesday,5
Driver Not Found,eBike,204,Monday,22
Canceled by Customer,Bike,2773,Thursday,17
Success,Prime Plus,985,Thursday,15
Canceled by Driver,Auto,427,Friday,18
Success,Bike,2523,Thursday,6
Canceled by Driver,Prime SUV,405,Wednesday,18
Canceled by Driver,Prime Plus,242,Wednesday,10
Canceled by Customer,Auto,440,Monday,7
Success,Prime SUV,492,Sunday,0
Canceled by Customer,Bike,2944,Sunday,0
Canceled by Driver,Prime SUV,655,Saturday,23
Driver Not Found,Mini,366,Saturday,10
Success,Mini,241,Wednesday,18
Success,Prime SUV,318,Tuesday,12
Success,Prime SUV,450,Tuesday,7
Canceled by Customer,Mini,1084,Wednesday,4
Canceled by Driver,Auto,322,Tuesday,1
Canceled by Driver,Prime Sedan,819,Friday,4
Driver Not Found,Auto,475,Saturday,0
Success,Prime SUV,597,Thursday,17
Canceled by Customer,Prime Plus,147,Monday,6
Canceled by Driver,eBike,507,Friday,0
Success,Prime SUV,928,Monday,11
Success,Bike,490,Thursday,17
Success,Bike,184,Monday,22
Canceled by Driver,Auto,751,Thursday,19
Success,Prime Sedan,223,Thursday,12
Success,Prime Sedan,225,Tuesday,11
Canceled by Customer,Mini,214,Friday,11
Canceled by Driver,Prime SUV,186,Thursday,11
Canceled by Customer,Prime Sedan,401,Thursday,3
Success,Mini,215,Tuesday,12
Driver Not Found,Bike,665,Saturday,5
Success,Prime SUV,156,Tuesday,12
Success,Auto,132,Friday,8
Driver Not Found,Bike,481,Wednesday,10
Success,Mini,151,Wednesday,13
Success,eBike,742,Thursday,11
Success,Auto,347,Wednesday,11
Success,Bike,139,Monday,3
Success,Prime SUV,487,Tuesday,2
Success,Prime Plus,429,Friday,5
Canceled by Driver,Prime SUV,298,Tuesday,21
Success,Auto,2127,Saturday,11
Success,Prime SUV,992,Sunday,16
Success,eBike,748,Saturday,18
Driver Not Found,Bike,493,Wednesday,9
Success,Mini,499,Thursday,11
Success,Prime Sedan,921,Sunday,13
Success,Mini,367,Saturday,6
Canceled by Customer,Prime SUV,319,Monday,17
Success,Prime Plus,207,Tuesday,17
Success,Prime Sedan,482,Friday,11
Success,eBike,307,Monday,23
Success,Prime SUV,134,Sunday,7
Canceled by Customer,Prime Sedan,302,Sunday,2
Canceled by Driver,Mini,146,Friday,16
Success,Prime Plus,370,Friday,16
Canceled by Driver,eBike,494,Saturday,1
Success,Prime Plus,148,Sunday,14
Success,Prime Plus,270,Wednesday,16
Canceled by Customer,eBike,189,Thursday,11
Success,Auto,583,Saturday,3
Canceled by Customer,Prime Plus,265,Friday,5
Success,eBike,316,Tuesday,15
Success,Prime Sedan,338,Saturday,5
Success,Bike,485,Saturday,3
Success,Prime SUV,173,Tuesday,23
Success,Prime Plus,195,Wednesday,5
Success,Bike,217,Wednesday,19
Success,Prime Sedan,418,Monday,14
Success,Prime SUV,459,Thursday,4
Success,Auto,332,Thursday,10
Success,Auto,402,Wednesday,13
Success,Prime Sedan,244,Friday,8
Success,Prime SUV,425,Monday,17
Success,Auto,208,Monday,23
Canceled by Customer,Bike,235,Friday,15
Success,Mini,187,Friday,15
Success,Bike,431,Tuesday,3
Success,Auto,828,Sunday,16
Success,Mini,180,Saturday,4
Success,Bike,477,Tuesday,8
Canceled by Driver,Prime SUV,429,Sunday,3
Canceled by Customer,Prime SUV,111,Monday,17
Canceled by Customer,eBike,264,Wednesday,20
Success,Prime Sedan,164,Tuesday,2
Canceled by Driver,Prime Plus,420,Friday,16
Success,Bike,837,Friday,11
Success,Bike,481,Monday,12
Canceled by Customer,Mini,112,Sunday,20
Driver Not Found,Prime SUV,162,Monday,2
Success,Prime SUV,397,Tuesday,10
Success,Prime Sedan,349,Saturday,23
Success,Prime SUV,929,Friday,17
Success,Prime Plus,309,Saturday,20
Success,Bike,314,Tuesday,12
Success,eBike,778,Sunday,21
Success,eBike,234,Friday,9
Success,Prime Plus,364,Saturday,13
Driver Not Found,Auto,401,Wednesday,18
Success,Mini,142,Wednesday,10
Canceled by Driver,Prime Plus,365,Sunday,18
Driver Not Found,Prime Plus,148,Tuesday,9
Success,eBike,344,Sunday,18
Canceled by Driver,Prime Sedan,2236,Thursday,16
Canceled by Driver,eBike,483,Tuesday,15
Success,Auto,860,Tuesday,2
Canceled by Customer,eBike,824,Monday,7
Canceled by Customer,Bike,361,Sunday,7
Success,Prime SUV,377,Tuesday,1
Canceled by Driver,Bike,863,Wednesday,5
Success,Bike,371,Wednesday,19
Success,Mini,887,Thursday,1
Success,Bike,272,Wednesday,5
Success,Prime Sedan,620,Monday,14
Success,Auto,434,Sunday,8
Success,Prime SUV,820,Saturday,14
Success,Prime Plus,359,Thursday,8
Canceled by Customer,Prime SUV,248,Monday,11
Success,Prime SUV,440,Thursday,22
Success,Prime Plus,194,Sunday,23
Success,Prime Sedan,129,Tuesday,8
Success,eBike,114,Monday,7
Driver Not Found,eBike,1698,Wednesday,20
Driver Not Found,Prime SUV,387,Sunday,20
Success,Prime SUV,589,Wednesday,15
Canceled by Driver,Auto,373,Thursday,3
Success,Bike,171,Tuesday,7
Canceled by Driver,Prime Plus,402,Saturday,5
Success,Mini,488,Sunday,15
Driver Not Found,Mini,291,Tuesday,16
Success,Prime Plus,172,Sunday,2
Success,Prime Plus,957,Wednesday,1
Success,Prime SUV,217,Monday,7
Success,eBike,230,Friday,9
Canceled by Driver,Prime SUV,234,Saturday,1
Driver Not Found,Prime Sedan,211,Sunday,13
Success,Auto,362,Thursday,17
Success,Mini,135,Monday,11
Success,eBike,114,Friday,1
Success,Prime SUV,294,Monday,15
Success,Auto,142,Saturday,1
Success,Bike,803,Monday,14
Success,Prime Sedan,107,Sunday,11
Canceled by Driver,Prime Sedan,522,Wednesday,7
Canceled by Driver,Bike,149,Friday,11
Success,Auto,433,Saturday,2
Success,eBike,309,Tuesday,0
Success,eBike,920,Wednesday,4
Success,Auto,193,Thursday,17
Success,Prime SUV,368,Sunday,23
Success,Prime SUV,199,Monday,12
Success,Prime Sedan,493,Saturday,0
Driver Not Found,Prime SUV,395,Friday,1
Canceled by Driver,Prime Plus,786,Saturday,15
Success,Prime Plus,407,Sunday,20
Canceled by Driver,Mini,1150,Friday,16
Success,Bike,460,Friday,7
Success,eBike,854,Friday,6
Success,Mini,358,Friday,11
Success,Auto,144,Wednesday,9
Driver Not Found,eBike,454,Saturday,12
Success,Bike,430,Tuesday,12
Canceled by Driver,Prime Sedan,1253,Thursday,9
Success,Prime Sedan,274,Friday,23
Success,Prime SUV,329,Saturday,22
Success,Prime Sedan,459,Wednesday,19
Success,Prime SUV,165,Monday,19
Success,Auto,160,Saturday,23
Success,Prime Plus,597,Thursday,3
Success,Prime Plus,242,Wednesday,7
Success,Mini,148,Monday,1
Success,Prime SUV,1907,Friday,7
Canceled by Driver,Prime Sedan,444,Thursday,7
Canceled by Customer,Mini,335,Thursday,1
Success,Mini,262,Sunday,11
Success,Bike,866,Thursday,6
Success,Mini,1195,Sunday,13
Success,Bike,151,Tuesday,21
Success,Prime Plus,570,Wednesday,22
Success,Auto,277,Thursday,17
Success,Prime Sedan,702,Sunday,17
Canceled by Driver,Bike,129,Saturday,9
Canceled by Customer,Mini,457,Monday,21
Canceled by Customer,Auto,1877,Friday,17
Driver Not Found,Bike,278,Friday,21
Canceled by Driver,Mini,676,Tuesday,6
Canceled by Customer,Prime Sedan,487,Thursday,15
Success,Auto,482,Thursday,9
Success,Auto,139,Sunday,14
Success,eBike,377,Tuesday,22
Canceled by Customer,Auto,209,Friday,9
Success,eBike,225,Monday,5
Canceled by Customer,Prime Plus,228,Friday,12
Success,Prime SUV,113,Thursday,11
Success,Prime SUV,328,Thursday,20
Success,Prime Plus,320,Saturday,7
Canceled by Driver,Prime SUV,2544,Tuesday,13
Canceled by Customer,Prime SUV,1139,Sunday,12
Success,Mini,549,Monday,22
Canceled by Driver,Prime Sedan,198,Tuesday,1
Success,Prime SUV,1549,Tuesday,19
Driver Not Found,Mini,2088,Tuesday,7
Success,Auto,311,Saturday,21
Success,eBike,324,Monday,4
Success,Mini,305,Friday,17
Success,eBike,168,Wednesday,4
Success,Bike,300,Wednesday,15
Success,Mini,447,Saturday,7
Success,Prime SUV,182,Monday,19
Canceled by Driver,Prime Sedan,192,Monday,3
Success,eBike,818,Monday,7
Success,Prime Sedan,883,Sunday,12
Driver Not Found,Mini,370,Friday,21
Success,Prime SUV,514,Wednesday,18
Canceled by Driver,Prime SUV,490,Sunday,15
Success,Prime SUV,555,Monday,20
Canceled by Driver,Bike,521,Friday,6
Canceled by Driver,Prime Plus,293,Tuesday,2
Success,eBike,161,Tuesday,23
Canceled by Driver,Auto,809,Saturday,6
Success,eBike,363,Saturday,18
Canceled by Driver,Prime Plus,303,Tuesday,20
Success,Prime SUV,934,Sunday,10
Success,Prime SUV,472,Sunday,7
Success,Auto,119,Wednesday,4
Success,eBike,743,Friday,1
Success,Prime SUV,507,Sunday,12
Canceled by Customer,Prime SUV,453,Tuesday,10
Success,Prime SUV,124,Friday,0
Canceled by Driver,Auto,279,Monday,1
Success,eBike,192,Tuesday,5
Success,Mini,286,Thursday,12
Success,Prime Plus,394,Wednesday,17
Success,eBike,2649,Saturday,20
Success,Bike,140,Saturday,6
Success,eBike,377,Tuesday,10
Success,Prime SUV,479,Monday,16
Success,Mini,445,Wednesday,9
Success,Bike,434,Thursday,10
Canceled by Driver,Bike,124,Friday,6
Canceled by Driver,Prime Sedan,332,Wednesday,7
Success,Mini,289,Saturday,7
Success,Mini,175,Tuesday,19
Success,eBike,105,Tuesday,12
Success,Prime Sedan,2403,Wednesday,4
Canceled by Driver,eBike,1465,Tuesday,5
Success,Mini,148,Sunday,9
Canceled by Customer,Bike,469,Thursday,21
Success,Prime SUV,453,Wednesday,21
Success,Bike,328,Saturday,1
Driver Not Found,Prime Plus,271,Tuesday,9
Success,Auto,186,Thursday,1
Success,Bike,371,Tuesday,12
Success,Prime SUV,145,Wednesday,4
Success,Prime Plus,2599,Friday,7
Success,Mini,216,Monday,21
Canceled by Customer,Prime Sedan,240,Monday,1
Success,Prime SUV,135,Friday,6
Success,Prime Sedan,333,Saturday,19
Success,eBike,2125,Friday,20
Success,Prime SUV,190,Friday,15
Canceled by Driver,Mini,915,Monday,9
Success,eBike,468,Thursday,17
Driver Not Found,Auto,417,Friday,22
Canceled by Driver,Auto,191,Saturday,13
Success,Auto,489,Tuesday,9
Success,Mini,172,Saturday,23
Success,Prime Plus,208,Friday,20
Canceled by Driver,Bike,146,Saturday,8
Success,Auto,420,Friday,13
Success,Prime SUV,765,Friday,16
Success,Prime Sedan,478,Friday,0
Success,Prime SUV,496,Wednesday,19
Success,Mini,397,Thursday,18
Success,Bike,189,Wednesday,18
Success,Auto,497,Thursday,10
Driver Not Found,Prime SUV,114,Friday,17
Success,Prime Sedan,159,Sunday,22
Success,Prime Sedan,466,Friday,1
Canceled by Customer,Mini,694,Wednesday,3
Success,Prime Plus,255,Saturday,8
Success,Prime Sedan,743,Sunday,18
Canceled by Driver,Mini,152,Tuesday,1
Success,Auto,794,Tuesday,19
Success,Auto,356,Monday,5
Driver Not Found,Bike,822,Monday,15
Success,Auto,421,Tuesday,13
Canceled by Customer,Prime Plus,311,Wednesday,7
Canceled by Driver,Prime Plus,188,Tuesday,0
Success,Mini,152,Wednesday,11
Success,Bike,486,Thursday,7
Canceled by Customer,eBike,103,Sunday,0
Success,Prime Sedan,130,Wednesday,14
Canceled by Driver,Prime SUV,1362,Tuesday,2
Success,eBike,203,Saturday,2
Canceled by Customer,Bike,264,Wednesday,5
Canceled by Driver,Mini,953,Saturday,18
Canceled by Driver,Bike,493,Sunday,13
Canceled by Driver,Mini,209,Monday,12
Canceled by Driver,Auto,543,Tuesday,2
Success,Prime Sedan,296,Sunday,23
Success,Prime Sedan,252,Monday,22
Success,Prime Plus,506,Monday,19
Success,Prime SUV,1940,Friday,22
Success,Mini,996,Wednesday,18
Canceled by Driver,Mini,423,Friday,5
Canceled by Customer,Prime Plus,398,Wednesday,17
Success,Prime Sedan,531,Thursday,7
Success,Prime Sedan,284,Wednesday,11
Success,Mini,756,Thursday,9
Success,Prime Sedan,217,Wednesday,9
Canceled by Driver,Auto,468,Tuesday,13
Canceled by Customer,Prime SUV,303,Monday,22
Success,Prime Sedan,455,Monday,10
Driver Not Found,Prime Sedan,2266,Tuesday,23
Driver Not Found,Prime Sedan,329,Thursday,22
Success,Prime Plus,141,Saturday,5
Canceled by Customer,eBike,464,Saturday,14
Success,Prime Sedan,707,Tuesday,10
Canceled by Driver,Bike,290,Monday,3
Success,eBike,222,Wednesday,12
Canceled by Driver,Prime Sedan,432,Wednesday,14
Driver Not Found,Auto,600,Thursday,15
Canceled by Driver,Prime Sedan,1156,Thursday,1
Canceled by Customer,Auto,238,Thursday,10
Success,Prime Plus,476,Friday,19
Success,Auto,460,Thursday,4
Success,Prime Sedan,357,Saturday,16
Driver Not Found,Prime Sedan,144,Monday,14
Canceled by Driver,eBike,900,Wednesday,23
Success,Bike,163,Sunday,11
Success,Prime Sedan,128,Sunday,7
Canceled by Driver,Mini,285,Sunday,21
Success,eBike,229,Thursday,23
Success,eBike,404,Thursday,13
Success,Auto,269,Monday,13
Canceled by Driver,Auto,919,Saturday,6
Success,Auto,677,Thursday,13
Success,Bike,2213,Tuesday,19
Canceled by Customer,Auto,102,Friday,13
Success,Prime SUV,298,Wednesday,14
Success,Auto,150,Wednesday,0
Success,Bike,239,Wednesday,0
Success,Auto,215,Tuesday,7
Driver Not Found,Prime SUV,868,Saturday,11
Canceled by Customer,Prime Plus,857,Thursday,0
Canceled by Driver,Bike,2525,Saturday,14
Driver Not Found,Prime SUV,258,Sunday,22
Success,Auto,250,Monday,22
Success,eBike,311,Sunday,7
Success,Prime Sedan,365,Friday,0
Success,eBike,355,Monday,8
Canceled by Customer,Bike,153,Tuesday,18
Success,Prime Sedan,361,Friday,20
Driver Not Found,Prime SUV,382,Thursday,5
Success,Prime Plus,462,Thursday,8
Success,Prime Sedan,286,Tuesday,6
Canceled by Customer,Auto,186,Friday,22
Success,Prime Plus,296,Monday,0
Success,Auto,181,Friday,16
Success,Prime SUV,286,Wednesday,11
Success,Prime SUV,148,Saturday,6
Success,Prime SUV,153,Sunday,15
Success,Prime SUV,2026,Wednesday,11
Success,eBike,227,Sunday,21
Success,Prime Plus,152,Wednesday,6
Success,Prime Plus,431,Wednesday,1
Success,Auto,1722,Monday,13
Canceled by Driver,Auto,478,Tuesday,5
Success,Bike,315,Wednesday,21
Success,Prime Plus,262,Thursday,8
Success,Bike,286,Wednesday,5
Success,Prime SUV,160,Monday,7
Canceled by Customer,Prime Plus,477,Sunday,11
Success,Prime Plus,234,Thursday,6
Canceled by Customer,Prime SUV,440,Thursday,10
Driver Not Found,Auto,118,Monday,1
Success,Prime SUV,128,Sunday,7
Success,eBike,408,Wednesday,23
Driver Not Found,Prime Plus,454,Friday,10
Canceled by Customer,Prime Sedan,268,Thursday,5
Success,Prime Sedan,492,Thursday,11
Driver Not Found,Prime SUV,451,Saturday,2
Canceled by Customer,Mini,299,Thursday,5
Canceled by Driver,Auto,609,Tuesday,10
Success,Prime Sedan,210,Wednesday,17
Driver Not Found,Prime Sedan,844,Tuesday,0
Driver Not Found,Prime SUV,194,Sunday,23
Canceled by Customer,eBike,496,Sunday,4
Canceled by Driver,Prime Plus,115,Sunday,12
Success,Prime Plus,417,Saturday,21
Success,Auto,453,Friday,7
Success,Prime Sedan,853,Tuesday,17
Canceled by Driver,Prime SUV,174,Thursday,17
Success,Prime Plus,354,Tuesday,0
Driver Not Found,Mini,493,Saturday,13
Canceled by Driver,Auto,484,Wednesday,12
Success,Auto,2385,Friday,15
Success,Prime Plus,738,Sunday,13
Canceled by Driver,Prime Sedan,177,Wednesday,2
Canceled by Driver,Prime SUV,191,Wednesday,4
Success,Prime Sedan,1768,Monday,8
Driver Not Found,Prime Sedan,100,Monday,4
Driver Not Found,Prime SUV,990,Thursday,8
Success,Prime SUV,475,Sunday,13
Success,Prime Plus,287,Saturday,12
Canceled by Driver,eBike,234,Friday,17
Success,Prime Plus,261,Monday,6
Canceled by Customer,Prime Sedan,270,Sunday,22
Canceled by Driver,Prime Plus,561,Thursday,6
Driver Not Found,eBike,2221,Saturday,19
Canceled by Customer,Auto,126,Saturday,2
Canceled by Driver,eBike,531,Friday,20
Success,Bike,230,Wednesday,10
Canceled by Driver,Auto,219,Tuesday,22
Success,Bike,385,Sunday,2
Success,Prime Plus,359,Wednesday,19
Success,Bike,180,Wednesday,19
Success,Auto,289,Wednesday,11
Success,Prime Sedan,2427,Tuesday,12
Success,Mini,187,Wednesday,2
Canceled by Customer,Prime Sedan,816,Wednesday,5
Success,Prime Plus,172,Saturday,10
Success,Mini,1098,Friday,13
Success,Mini,380,Friday,1
Canceled by Customer,Auto,479,Wednesday,2
Success,Prime SUV,1883,Monday,9
Success,eBike,469,Thursday,23
Success,Auto,632,Saturday,6
Canceled by Driver,Prime SUV,172,Tuesday,22
Driver Not Found,Mini,829,Tuesday,19
Driver Not Found,Prime SUV,2987,Monday,7
Success,Mini,544,Monday,14
Success,Mini,130,Sunday,19
Success,Prime Sedan,183,Saturday,8
Driver Not Found,Auto,305,Friday,18
Success,Prime Sedan,1898,Saturday,0
Success,Bike,349,Wednesday,8
Success,eBike,1805,Thursday,1
Canceled by Customer,Prime SUV,169,Friday,23
Success,Auto,959,Saturday,22
Success,Bike,1403,Saturday,0
Canceled by Customer,Prime Sedan,783,Thursday,0
Driver Not Found,Bike,262,Thursday,20
Canceled by Driver,Auto,815,Friday,21
Driver Not Found,eBike,1733,Saturday,8
Success,Mini,114,Wednesday,21
Success,Auto,191,Sunday,14
Canceled by Driver,Mini,186,Saturday,5
Success,Prime SUV,259,Wednesday,13
Success,Prime SUV,760,Thursday,12
Success,Bike,168,Friday,6
Canceled by Customer,Prime Sedan,1420,Saturday,15
Success,Prime Sedan,349,Tuesday,21
Success,Auto,484,Wednesday,19
Success,Prime Sedan,328,Thursday,14
Canceled by Customer,Prime Plus,102,Saturday,1
Success,Bike,459,Thursday,0
Success,Prime Sedan,255,Monday,14
Canceled by Driver,Prime SUV,467,Saturday,5
Canceled by Customer,Prime SUV,242,Monday,3
Success,Prime SUV,238,Friday,4
Canceled by Driver,Auto,111,Tuesday,19
Canceled by Driver,Prime SUV,654,Tuesday,6
Success,Bike,239,Tuesday,17
Driver Not Found,Bike,786,Sunday,22
Success,Prime Plus,246,Saturday,10
Canceled by Customer,eBike,385,Sunday,20
Success,Prime Plus,201,Saturday,5
Success,Mini,100,Wednesday,13
Canceled by Customer,Prime SUV,301,Wednesday,14
Canceled by Driver,Mini,392,Wednesday,15
Canceled by Customer,Mini,785,Thursday,13
Canceled by Customer,Prime Plus,2963,Monday,11
Success,Prime SUV,395,Thursday,20
Success,Mini,774,Saturday,6
Success,Prime Plus,729,Saturday,23
Success,Bike,879,Wednesday,16
Success,Auto,147,Saturday,11
Canceled by Customer,Prime Sedan,163,Thursday,6
Success,Prime SUV,244,Tuesday,19
Success,Bike,271,Saturday,2
Success,Prime SUV,174,Tuesday,14
Success,Mini,624,Monday,13
Success,Prime SUV,254,Tuesday,17
Canceled by Driver,Prime Sedan,157,Thursday,12
Driver Not Found,Prime Sedan,390,Sunday,4
Driver Not Found,Prime Plus,416,Saturday,1
Success,Prime SUV,546,Monday,23
Driver Not Found,Auto,326,Friday,2
Success,Auto,261,Wednesday,17
Success,Prime Sedan,546,Monday,0
Success,Prime Plus,839,Friday,15
Success,Bike,244,Friday,3
Canceled by Driver,Auto,2476,Thursday,5
Driver Not Found,Bike,262,Thursday,1
Success,Prime SUV,324,Wednesday,20
Canceled by Driver,Prime SUV,736,Wednesday,21
Canceled by Customer,Prime SUV,372,Wednesday,15
Canceled by Driver,Prime SUV,321,Saturday,2
Success,Prime Plus,214,Sunday,21
Canceled by Driver,Mini,332,Saturday,9
Success,Prime Plus,819,Saturday,20
Success,Mini,262,Monday,14
Success,eBike,450,Tuesday,5
Success,Auto,907,Wednesday,12
Canceled by Driver,Prime Plus,407,Saturday,23
Canceled by Driver,Prime SUV,258,Saturday,6
Success,Prime Plus,2273,Wednesday,16
Success,Prime Sedan,219,Saturday,22
Canceled by Driver,Prime Plus,280,Tuesday,6
Success,eBike,450,Sunday,2
Success,Prime Sedan,398,Saturday,22
Success,Auto,676,Monday,5
Driver Not Found,Bike,496,Tuesday,3
Canceled by Driver,Prime Plus,375,Friday,0
Success,Prime Sedan,390,Saturday,20
Success,Prime Plus,467,Thursday,3
Driver Not Found,Bike,256,Tuesday,7
Success,Prime Plus,182,Monday,12
Driver Not Found,Auto,492,Tuesday,7
Driver Not Found,Prime SUV,465,Friday,2
Success,Auto,654,Friday,5
Canceled by Customer,Prime Sedan,183,Monday,1
Driver Not Found,Prime Plus,296,Thursday,17
Success,Prime Plus,607,Monday,22
Driver Not Found,Prime SUV,107,Monday,11
Success,Auto,451,Sunday,12
Success,Bike,418,Monday,6
Canceled by Driver,Prime Plus,321,Tuesday,16
Success,Prime Sedan,720,Monday,22
Canceled by Driver,eBike,570,Wednesday,3
Canceled by Driver,Prime Plus,655,Sunday,10
Canceled by Customer,Mini,894,Sunday,7
Driver Not Found,Prime Sedan,366,Sunday,11
Success,eBike,700,Wednesday,9
Canceled by Driver,Bike,301,Saturday,6
Success,Auto,137,Thursday,15
Success,Bike,447,Tuesday,15
Success,Prime Plus,467,Sunday,5
Success,Mini,975,Sunday,3
Success,Prime SUV,352,Friday,0
Driver Not Found,Bike,901,Wednesday,15
Success,Mini,624,Sunday,13
Success,Auto,334,Tuesday,17
Success,eBike,255,Thursday,6
Success,Prime SUV,239,Tuesday,13
Success,Prime SUV,477,Saturday,11
Canceled by Driver,Auto,303,Monday,11
Canceled by Driver,Prime SUV,121,Thursday,13
Canceled by Driver,eBike,417,Wednesday,11
Canceled by Driver,Mini,446,Monday,13
Success,Prime Sedan,367,Thursday,19
Canceled by Driver,Prime Sedan,367,Wednesday,9
Success,Bike,307,Friday,7
Driver Not Found,Prime Sedan,112,Tuesday,12
Success,Prime SUV,1519,Tuesday,17
Canceled by Customer,Prime SUV,424,Tuesday,4
Canceled by Customer,Prime Sedan,274,Tuesday,10
Success,Mini,1713,Saturday,18
Success,Prime Sedan,2452,Friday,11
Canceled by Driver,Prime SUV,1064,Saturday,20
Driver Not Found,eBike,340,Tuesday,8
Success,Mini,401,Tuesday,18
Success,Prime SUV,235,Thursday,10
Success,Prime Plus,167,Tuesday,11
Success,Prime Sedan,242,Monday,3
Canceled by Customer,Prime Sedan,542,Wednesday,22
Success,Prime Plus,120,Friday,20
Success,Mini,173,Wednesday,11
Success,Auto,233,Monday,18
Success,Prime SUV,1186,Tuesday,3
Canceled by Driver,Bike,175,Tuesday,23
Success,Bike,213,Wednesday,22
Success,Prime Sedan,234,Thursday,12
Success,eBike,323,Monday,9
Canceled by Customer,Prime SUV,381,Tuesday,6
Success,Mini,121,Monday,5
Success,Prime Plus,305,Wednesday,6
Success,Auto,724,Saturday,0
Success,Auto,177,Monday,7
Success,Prime Sedan,296,Tuesday,13
Canceled by Driver,Prime Sedan,106,Tuesday,13
Success,eBike,394,Tuesday,21
Success,Prime SUV,430,Tuesday,14
Success,Auto,496,Saturday,22
Canceled by Driver,Prime Sedan,734,Sunday,7
Success,Bike,218,Monday,14
Canceled by Customer,Auto,296,Thursday,21
Canceled by Customer,eBike,937,Tuesday,3
Success,eBike,427,Wednesday,6
Success,Bike,684,Monday,16
Canceled by Driver,Prime Plus,2313,Monday,16
Canceled by Driver,Auto,120,Thursday,1
Success,eBike,276,Wednesday,9
Success,Prime Sedan,112,Sunday,4
Success,Prime Plus,461,Friday,7
Success,Prime Plus,648,Monday,2
Canceled by Driver,Prime Plus,526,Thursday,23
Success,Prime Plus,299,Thursday,16
Canceled by Driver,Auto,454,Wednesday,13
Success,Auto,145,Saturday,2
Success,Prime Plus,647,Friday,18
Success,Auto,366,Tuesday,0
Canceled by Driver,Prime Plus,710,Wednesday,15
Driver Not Found,Bike,424,Wednesday,22
Canceled by Driver,Prime Plus,176,Thursday,18
Success,eBike,329,Friday,11
Success,Bike,417,Thursday,19
Canceled by Driver,Prime Plus,443,Saturday,6
Success,Prime Sedan,113,Thursday,2
Canceled by Customer,Bike,1599,Wednesday,13
Success,Bike,368,Friday,22
Success,Prime SUV,214,Tuesday,21
Success,eBike,271,Wednesday,19
Driver Not Found,Auto,274,Thursday,16
Success,Mini,574,Wednesday,12
Success,Mini,402,Sunday,4
Canceled by Driver,Mini,163,Friday,5
Canceled by Driver,Prime SUV,471,Tuesday,9
Success,Mini,295,Saturday,15
Success,eBike,344,Friday,14
Success,Mini,136,Friday,19
Success,Auto,283,Saturday,6
Success,Prime SUV,106,Monday,15
Success,Auto,444,Tuesday,8
Canceled by Customer,Prime Plus,1981,Friday,14
Driver Not Found,Auto,469,Thursday,11
Canceled by Customer,Auto,195,Monday,3
Success,Auto,403,Thursday,10
Success,Prime Sedan,445,Wednesday,17
Success,Mini,131,Saturday,7
Canceled by Driver,Prime SUV,423,Monday,20
Driver Not Found,Auto,439,Monday,12
Success,Auto,337,Saturday,21
Success,Mini,468,Tuesday,15
Success,Auto,604,Monday,8
Success,eBike,474,Sunday,8
Canceled by Customer,Mini,358,Thursday,22
Canceled by Driver,Bike,1201,Tuesday,10
Success,Prime SUV,445,Monday,8
Driver Not Found,eBike,416,Thursday,2
Success,eBike,302,Wednesday,1
Success,Prime SUV,234,Wednesday,4
Success,Mini,777,Thursday,9
Success,Prime SUV,839,Monday,6
Success,Prime Sedan,350,Wednesday,22
Success,Bike,395,Saturday,6
Success,Prime SUV,295,Monday,10
Success,Prime Sedan,170,Monday,9
Canceled by Driver,Prime Plus,2009,Tuesday,19
Success,eBike,277,Monday,19
Driver Not Found,Mini,422,Thursday,14
Success,Mini,434,Tuesday,4
Success,eBike,261,Tuesday,12
Success,eBike,267,Saturday,1
Success,Prime SUV,163,Monday,22
Success,Mini,202,Thursday,0
Canceled by Customer,Prime Plus,434,Tuesday,8
Canceled by Driver,Prime Sedan,327,Tuesday,22
Success,eBike,728,Wednesday,5
Success,Bike,919,Wednesday,3
Canceled by Driver,Prime Sedan,784,Sunday,21
Canceled by Driver,Mini,377,Wednesday,21
Success,Prime Sedan,407,Friday,2
Success,Prime Plus,201,Monday,17
Success,Prime Sedan,202,Tuesday,17
Success,Auto,510,Thursday,14
Driver Not Found,Mini,199,Thursday,8
Success,Prime SUV,363,Monday,9
Success,Auto,259,Friday,21
Success,Auto,748,Thursday,18
Success,Prime Sedan,836,Tuesday,15
Success,Bike,690,Friday,18
Success,Bike,990,Wednesday,6
Success,Prime Sedan,372,Thursday,13
Driver Not Found,eBike,314,Tuesday,13
Success,Prime Sedan,332,Wednesday,21
Canceled by Driver,Prime Plus,124,Monday,9
Success,Auto,253,Sunday,22
Success,eBike,353,Friday,1
Success,Auto,546,Tuesday,9
Success,Prime SUV,690,Thursday,3
Canceled by Driver,Prime Plus,824,Sunday,18
Canceled by Customer,Prime Plus,161,Wednesday,4
Canceled by Driver,Prime SUV,902,Monday,13
Canceled by Driver,Auto,446,Sunday,17
Driver Not Found,Prime Sedan,455,Monday,20
Success,eBike,374,Friday,22
Canceled by Customer,Mini,479,Wednesday,19
Success,Prime Sedan,346,Friday,23
Success,Prime Sedan,404,Thursday,8
Success,Mini,472,Tuesday,23
Canceled by Driver,Bike,280,Saturday,12
Canceled by Driver,Prime SUV,330,Sunday,9
Canceled by Driver,eBike,496,Monday,21
Success,Auto,898,Monday,3
Driver Not Found,Bike,252,Friday,18
Canceled by Driver,Prime Plus,508,Thursday,15
Canceled by Driver,Bike,687,Monday,1
Success,eBike,275,Sunday,11
Driver Not Found,Mini,268,Wednesday,0
Success,Prime SUV,911,Monday,16
Success,eBike,473,Wednesday,21
Success,Prime SUV,384,Friday,19
Success,Auto,983,Friday,17
Success,Prime SUV,877,Monday,19
Canceled by Driver,Auto,150,Sunday,1
Success,Prime SUV,830,Monday,23
Success,Prime Plus,440,Monday,13
Canceled by Driver,Mini,575,Monday,20
Success,Prime Plus,152,Tuesday,9
Success,eBike,2110,Wednesday,12
Success,Prime Plus,101,Monday,13
Success,Mini,119,Saturday,2
Canceled by Customer,eBike,959,Friday,0
Success,Prime Sedan,439,Saturday,22
Success,Prime Sedan,454,Wednesday,5
Canceled by Customer,Prime Plus,251,Sunday,14
Success,Prime Plus,433,Tuesday,15
Canceled by Customer,Bike,654,Saturday,8
Success,Prime Plus,1994,Friday,4
Canceled by Customer,Mini,424,Wednesday,17
Success,Auto,268,Tuesday,1
Success,Auto,254,Wednesday,18
Canceled by Driver,Prime SUV,423,Friday,20
Success,Prime Sedan,796,Tuesday,4
Canceled by Customer,Prime Sedan,480,Wednesday,10
Canceled by Customer,Prime Sedan,557,Saturday,3
Success,Prime Plus,116,Saturday,16
Success,Mini,875,Sunday,22
Success,Prime SUV,220,Monday,2
Canceled by Customer,Bike,488,Friday,2
Canceled by Driver,Auto,762,Saturday,20
Canceled by Driver,eBike,479,Monday,13
Success,Prime Plus,379,Thursday,23
Success,Prime Plus,354,Monday,17
Driver Not Found,eBike,416,Sunday,9
Success,Prime Sedan,849,Wednesday,21
Driver Not Found,eBike,2302,Monday,7
Canceled by Customer,Auto,461,Tuesday,20
Success,Prime SUV,143,Wednesday,15
Canceled by Driver,Auto,144,Tuesday,1
Success,Prime SUV,453,Saturday,9
Canceled by Driver,Mini,2744,Tuesday,12
Canceled by Driver,Bike,807,Thursday,0
Success,Prime Sedan,150,Sunday,14
Success,Bike,139,Sunday,19
Success,eBike,453,Monday,17
Success,Mini,852,Monday,1
Success,Prime SUV,244,Saturday,0
Canceled by Driver,Bike,463,Friday,12
Success,Auto,266,Friday,4
Canceled by Driver,Auto,372,Friday,4
Success,Prime SUV,878,Tuesday,8
Canceled by Customer,Prime SUV,186,Thursday,20
Success,eBike,2705,Wednesday,6
Canceled by Driver,Mini,848,Tuesday,22
Success,Bike,235,Wednesday,0
Success,Prime SUV,1033,Saturday,0
Canceled by Driver,Prime Sedan,639,Saturday,12
Canceled by Driver,Prime Sedan,282,Sunday,14
Success,Prime SUV,797,Saturday,12
Success,Prime Sedan,746,Friday,22
Success,Bike,317,Wednesday,2
Success,Auto,218,Wednesday,18
Driver Not Found,Bike,540,Saturday,10
Driver Not Found,Auto,2435,Tuesday,14
Driver Not Found,Prime Sedan,308,Tuesday,4
Canceled by Driver,Bike,384,Tuesday,6
Success,eBike,2434,Wednesday,16
Canceled by Driver,Prime Sedan,811,Thursday,11
Success,Mini,1069,Wednesday,8
Success,Prime Sedan,192,Wednesday,16
Canceled by Driver,Bike,622,Wednesday,23
Canceled by Driver,Prime SUV,309,Monday,1
Success,Bike,639,Monday,15
Success,Prime SUV,574,Tuesday,8
Canceled by Driver,Mini,310,Saturday,11
Success,Prime Sedan,246,Friday,14
Success,Auto,313,Monday,5
Success,Prime Sedan,279,Saturday,6
Success,Auto,128,Friday,9
Driver Not Found,Prime Sedan,127,Saturday,18
Success,eBike,240,Monday,2
Canceled by Customer,Bike,306,Wednesday,5
Success,Bike,817,Friday,10
Success,Prime SUV,157,Monday,15
Canceled by Driver,eBike,307,Tuesday,3
Canceled by Driver,eBike,726,Friday,8
Canceled by Driver,Mini,210,Wednesday,19
Success,Auto,203,Sunday,1
Success,Auto,249,Monday,17
Canceled by Driver,eBike,448,Monday,3
Success,Auto,416,Sunday,7
Success,Bike,2585,Sunday,22
Driver Not Found,Prime Plus,149,Sunday,3
Canceled by Driver,Prime Plus,984,Wednesday,7
Success,eBike,726,Friday,15
Canceled by Customer,Bike,2108,Tuesday,20
Canceled by Customer,Mini,382,Thursday,6
Canceled by Customer,Auto,117,Monday,20
Canceled by Customer,eBike,504,Thursday,17
Success,Prime SUV,141,Friday,23
Success,Bike,120,Friday,3
Success,eBike,257,Friday,12
Driver Not Found,Prime Sedan,476,Thursday,12
Success,Mini,234,Monday,23
Canceled by Driver,Prime Sedan,391,Thursday,6
Canceled by Driver,Prime Plus,345,Tuesday,12
Success,Mini,961,Saturday,22
Success,Prime Plus,375,Tuesday,22
Success,eBike,590,Wednesday,11
Success,Prime Sedan,380,Saturday,11
Success,Bike,537,Monday,10
Success,Prime Plus,389,Sunday,3
Success,eBike,818,Thursday,7
Success,eBike,172,Tuesday,11
Success,Auto,340,Wednesday,18
Success,Auto,117,Wednesday,17
Canceled by Driver,Mini,720,Sunday,11
Canceled by Driver,eBike,293,Monday,18
Success,Prime SUV,140,Thursday,23
Success,Prime Sedan,1191,Friday,4
Canceled by Driver,Mini,307,Thursday,10
Canceled by Driver,Auto,326,Saturday,5
Success,eBike,562,Monday,10
Canceled by Customer,Prime SUV,415,Sunday,23
Canceled by Driver,Mini,812,Sunday,10
Canceled by Customer,Auto,147,Tuesday,7
Success,Prime SUV,845,Friday,16
Success,Prime Plus,763,Tuesday,16
Success,eBike,303,Wednesday,4
Success,Bike,177,Saturday,5
Canceled by Driver,Prime Sedan,499,Monday,5
Success,Prime Sedan,789,Thursday,9
Success,Auto,250,Monday,2
Success,Mini,944,Tuesday,7
Success,eBike,354,Wednesday,21
Success,Prime SUV,297,Wednesday,21
Success,eBike,234,Monday,9
Success,eBike,956,Thursday,14
Success,Auto,815,Thursday,13
Success,Prime Sedan,194,Tuesday,1
Success,Prime SUV,287,Monday,20
Canceled by Customer,Prime SUV,281,Thursday,11
Canceled by Customer,Mini,428,Monday,4
Success,Bike,2871,Monday,8
Success,Bike,132,Monday,5
Driver Not Found,Prime Plus,993,Friday,21
Success,Bike,182,Tuesday,18
Success,Bike,456,Saturday,21
Success,eBike,622,Sunday,18
Success,Bike,372,Friday,20
Canceled by Driver,Bike,191,Monday,14
Success,Prime Sedan,911,Tuesday,22
Canceled by Driver,Bike,930,Tuesday,4
Canceled by Customer,Auto,170,Sunday,17
Canceled by Driver,Prime Plus,337,Wednesday,12
Success,eBike,344,Saturday,20
Canceled by Customer,Prime SUV,777,Monday,2
Success,Prime Sedan,1749,Wednesday,9
Success,Mini,676,Saturday,23
Success,Mini,339,Tuesday,22
Success,Auto,670,Tuesday,18
Canceled by Driver,eBike,207,Tuesday,0
Canceled by Customer,Prime SUV,1157,Sunday,12
Success,Prime SUV,416,Monday,6
Success,eBike,586,Thursday,20
Success,Prime Plus,459,Sunday,16
Success,Prime SUV,986,Sunday,20
Success,Mini,2685,Wednesday,22
Canceled by Customer,Bike,772,Friday,13
Success,Bike,210,Friday,10
Canceled by Driver,Bike,123,Monday,8
Success,eBike,133,Wednesday,21
Success,Bike,2750,Sunday,5
Canceled by Driver,Prime Plus,901,Friday,23
Success,Prime Plus,191,Monday,20
Canceled by Driver,eBike,307,Thursday,9
Canceled by Driver,Prime Sedan,178,Saturday,2
Success,eBike,169,Tuesday,6
Success,eBike,915,Saturday,20
Success,Mini,469,Sunday,14
Success,Prime Plus,652,Wednesday,2
Canceled by Customer,Prime SUV,118,Sunday,9
Canceled by Driver,eBike,384,Friday,7
Success,Auto,358,Tuesday,13
Success,Mini,164,Wednesday,15
Canceled by Driver,Bike,248,Saturday,14
Canceled by Customer,eBike,464,Sunday,3
Success,Prime SUV,1838,Thursday,7
Success,Prime Sedan,702,Monday,12
Canceled by Driver,Auto,184,Tuesday,18
Success,Prime Plus,313,Friday,17
Success,Mini,2190,Wednesday,1
Success,Prime SUV,2877,Tuesday,5
Success,Prime Sedan,394,Tuesday,5
Success,Prime Plus,922,Tuesday,7
Canceled by Driver,Prime Sedan,393,Thursday,19
Success,Prime Sedan,571,Saturday,15
Success,Prime SUV,900,Sunday,23
Success,Prime SUV,455,Sunday,14
Success,Prime Plus,367,Monday,22
Driver Not Found,Auto,444,Friday,1
Success,Prime Plus,1190,Sunday,18
Success,Prime SUV,292,Saturday,17
Success,Prime SUV,2576,Sunday,4
Success,Prime Plus,217,Friday,0
Canceled by Driver,Mini,818,Tuesday,21
Canceled by Driver,Prime Sedan,317,Saturday,1
Canceled by Driver,Auto,535,Sunday,18
Success,Prime Plus,471,Thursday,12
Driver Not Found,Mini,218,Wednesday,15
Success,Mini,633,Saturday,6
Success,Auto,182,Monday,0
Canceled by Driver,Prime Plus,411,Tuesday,20
Canceled by Driver,Prime SUV,311,Thursday,3
Success,Auto,373,Wednesday,3
Canceled by Customer,eBike,188,Monday,1
Success,eBike,492,Monday,21
Success,Bike,126,Monday,3
Canceled by Driver,Prime Plus,436,Tuesday,2
Canceled by Driver,Prime SUV,225,Thursday,0
Success,Bike,385,Tuesday,12
Success,Prime Plus,236,Tuesday,10
Success,Prime Sedan,424,Saturday,16
Success,Prime Plus,185,Sunday,0
Driver Not Found,Prime SUV,373,Thursday,0
Success,Auto,839,Monday,2
Driver Not Found,Prime Plus,593,Thursday,16
Success,Mini,490,Monday,22
Success,Prime Plus,256,Friday,3
Success,Prime SUV,148,Saturday,9
Success,eBike,656,Thursday,9
Canceled by Driver,Auto,408,Monday,1
Success,Mini,291,Sunday,18
Canceled by Driver,eBike,389,Wednesday,14
Driver Not Found,eBike,274,Saturday,22
Success,Prime Plus,850,Monday,16
Success,Prime SUV,423,Monday,11
Driver Not Found,Bike,925,Tuesday,14
Canceled by Driver,Prime SUV,2439,Thursday,9
Driver Not Found,eBike,105,Thursday,13
Success,Mini,216,Tuesday,17
Success,eBike,341,Tuesday,19
Success,eBike,543,Wednesday,16
Success,Prime SUV,276,Tuesday,14
Canceled by Customer,Mini,2807,Sunday,9
Success,Prime Plus,405,Thursday,11
Success,Prime Sedan,392,Thursday,14
Success,Prime SUV,277,Friday,19
Success,Prime Sedan,314,Friday,12
Canceled by Driver,Prime Sedan,473,Wednesday,23
Canceled by Driver,Bike,190,Saturday,23
Success,Bike,408,Tuesday,16
Success,Bike,100,Monday,15
Success,Prime SUV,410,Friday,21
Driver Not Found,Auto,1908,Sunday,16
Success,Mini,172,Thursday,20
Driver Not Found,Prime SUV,1563,Thursday,3
Canceled by Driver,Prime Sedan,2851,Wednesday,19
Canceled by Driver,Prime Sedan,766,Saturday,16
Canceled by Customer,Auto,361,Wednesday,20
Canceled by Driver,eBike,157,Saturday,14
Driver Not Found,Prime Plus,403,Sunday,15
Canceled by Customer,Bike,226,Monday,20
Canceled by Customer,Prime Sedan,577,Friday,0
Driver Not Found,eBike,277,Thursday,23
Success,eBike,833,Saturday,10
Success,Prime Plus,890,Monday,21
Driver Not Found,Prime Sedan,616,Friday,15
Success,eBike,451,Monday,17
Success,Prime Sedan,2288,Monday,17
Success,eBike,314,Thursday,21
Canceled by Driver,Auto,256,Thursday,20
Success,Prime Sedan,291,Thursday,19
Success,Auto,349,Saturday,19
Success,Mini,113,Thursday,17
Driver Not Found,Prime Plus,221,Sunday,3
Canceled by Driver,Auto,1066,Tuesday,0
Success,Auto,417,Wednesday,1
Success,Bike,274,Wednesday,8
Driver Not Found,eBike,110,Tuesday,8
Success,Mini,1751,Tuesday,21
Canceled by Customer,Prime Plus,282,Thursday,20
Success,Mini,400,Tuesday,16
Canceled by Customer,Mini,103,Tuesday,2
Canceled by Driver,Auto,623,Wednesday,1
Success,Mini,448,Monday,16
Success,Prime SUV,335,Wednesday,11
Canceled by Customer,Mini,395,Saturday,10
Driver Not Found,Mini,2203,Friday,7
Success,Prime Sedan,390,Wednesday,17
Success,eBike,620,Wednesday,4
Success,Bike,210,Thursday,3
Success,Mini,274,Thursday,18
Success,Prime Sedan,852,Wednesday,23
Driver Not Found,eBike,838,Sunday,3
Success,Mini,625,Saturday,4
Success,Auto,199,Thursday,22
Canceled by Driver,Mini,374,Monday,15
Success,Prime Sedan,493,Friday,0
Canceled by Driver,Prime Plus,251,Tuesday,10
Canceled by Driver,Mini,2667,Saturday,4
Success,eBike,348,Thursday,16
Driver Not Found,Prime Sedan,132,Saturday,22
Success,Prime Sedan,343,Sunday,2
Canceled by Driver,Mini,392,Tuesday,6
Success,Bike,462,Friday,12
Success,Prime SUV,811,Wednesday,20
Success,Prime Sedan,636,Sunday,2
Canceled by Customer,Bike,441,Sunday,14
Success,Auto,420,Monday,18
Success,eBike,553,Saturday,21
Success,Mini,216,Monday,1
Driver Not Found,Prime Sedan,435,Monday,0
Canceled by Customer,eBike,880,Wednesday,3
Canceled by Driver,Bike,1200,Friday,20
Success,Auto,335,Wednesday,3
Success,eBike,561,Sunday,15
Canceled by Customer,Prime SUV,493,Wednesday,6
Canceled by Customer,Auto,111,Wednesday,19
Success,Auto,2102,Saturday,21
Success,Prime SUV,186,Tuesday,0
Canceled by Driver,Auto,119,Wednesday,21
Canceled by Driver,Bike,188,Thursday,20
Driver Not Found,Prime Plus,910,Saturday,15
Canceled by Customer,Prime Plus,196,Friday,9
Success,Auto,228,Monday,19
Success,eBike,115,Tuesday,12
Canceled by Driver,Prime Sedan,314,Sunday,13
Success,Bike,357,Friday,12
Success,Bike,264,Thursday,14
Success,eBike,355,Sunday,0
Success,Prime SUV,556,Friday,23
Success,Prime Plus,828,Thursday,22
Canceled by Driver,Prime SUV,277,Thursday,18
Success,Bike,220,Tuesday,2
Success,Auto,832,Friday,9
Success,Bike,897,Sunday,9
Success,Bike,326,Saturday,15
Success,Auto,125,Friday,1
Success,eBike,242,Saturday,9
Driver Not Found,Prime Sedan,363,Wednesday,15
Success,Prime Sedan,470,Thursday,4
Success,eBike,363,Monday,19
Success,Bike,867,Wednesday,17
Driver Not Found,Prime SUV,474,Thursday,7
Success,Prime Plus,120,Thursday,10
Success,eBike,365,Tuesday,13
Canceled by Driver,Mini,109,Tuesday,20
Success,Prime SUV,539,Monday,11
Success,Mini,553,Tuesday,14
Driver Not Found,eBike,1922,Monday,10
Canceled by Driver,Bike,361,Thursday,21
Driver Not Found,Auto,102,Friday,19
Success,Bike,575,Sunday,20
Success,Mini,192,Tuesday,17
Success,Prime Sedan,630,Tuesday,2
Success,Auto,150,Saturday,12
Success,Mini,244,Sunday,7
Canceled by Driver,Prime SUV,164,Monday,5
Canceled by Driver,eBike,429,Sunday,0
Success,eBike,190,Friday,17
Canceled by Driver,Prime Plus,468,Monday,19
Success,Prime SUV,161,Monday,8
Success,Prime Sedan,367,Saturday,20
Canceled by Customer,Auto,341,Thursday,16
Success,Prime Sedan,413,Monday,13
Canceled by Driver,Bike,409,Monday,10
Success,Bike,367,Tuesday,21
Driver Not Found,eBike,998,Sunday,18
Canceled by Driver,Auto,531,Monday,3
Success,Auto,383,Monday,11
Canceled by Driver,eBike,333,Tuesday,1
Success,Mini,314,Wednesday,18
Canceled by Driver,eBike,312,Monday,6
Success,eBike,125,Tuesday,1
Success,Auto,114,Sunday,14
Success,Prime Plus,316,Saturday,10
Success,eBike,423,Wednesday,9
Canceled by Customer,Bike,2786,Monday,16
Driver Not Found,Mini,196,Saturday,15
Success,eBike,855,Sunday,14
Success,Auto,629,Thursday,10
Success,Prime Plus,2707,Saturday,17
Driver Not Found,Prime SUV,1175,Friday,0
Driver Not Found,Prime Sedan,284,Wednesday,17
Driver Not Found,Bike,1612,Wednesday,20
Canceled by Driver,Prime Plus,203,Tuesday,21
Canceled by Driver,Prime Sedan,101,Wednesday,9
Success,Prime Sedan,341,Monday,18
Canceled by Customer,Prime Sedan,226,Friday,15
Canceled by Driver,eBike,1099,Saturday,19
Driver Not Found,Auto,405,Monday,19
Canceled by Customer,eBike,885,Saturday,2
Canceled by Driver,Prime Plus,563,Sunday,10
Success,Bike,442,Tuesday,0
Canceled by Driver,eBike,172,Wednesday,15
Driver Not Found,Prime SUV,255,Friday,10
Success,eBike,450,Saturday,12
Canceled by Customer,Auto,164,Tuesday,12
Success,Prime Plus,448,Monday,4
Success,Mini,194,Saturday,4
Success,Prime Sedan,460,Friday,6
Canceled by Driver,eBike,372,Wednesday,4
Driver Not Found,Mini,195,Sunday,18
Success,Auto,669,Friday,3
Success,Prime SUV,137,Friday,12
Canceled by Driver,Bike,273,Monday,4
Success,Bike,134,Friday,13
Canceled by Driver,Mini,446,Wednesday,11
Canceled by Customer,Prime Plus,147,Saturday,16
Success,Auto,2824,Thursday,19
Success,Mini,196,Saturday,10
Success,Mini,641,Friday,16
Success,Mini,180,Sunday,13
Success,Prime Sedan,196,Sunday,16
Driver Not Found,eBike,408,Friday,17
Success,Prime Sedan,481,Sunday,11
Canceled by Driver,Prime Sedan,439,Friday,18
Success,Prime Plus,2649,Wednesday,19
Success,Prime Plus,1327,Monday,3
Success,Mini,358,Thursday,13
Canceled by Driver,Bike,860,Wednesday,17
Success,Prime Plus,470,Sunday,5
Canceled by Driver,Bike,1406,Thursday,11
Success,Prime Sedan,679,Thursday,23
Driver Not Found,Mini,415,Monday,6
Success,Mini,386,Tuesday,17
Success,Prime SUV,347,Wednesday,5
Success,Mini,988,Monday,11
Success,eBike,860,Sunday,5
Canceled by Customer,Prime SUV,170,Friday,17
Success,Prime Plus,945,Tuesday,14
Canceled by Driver,Prime SUV,295,Monday,22
Success,Prime SUV,118,Tuesday,10
Success,Prime Plus,565,Thursday,12
Success,Auto,337,Tuesday,8
Canceled by Driver,Auto,268,Friday,22
Success,Auto,482,Thursday,9
Canceled by Customer,Bike,783,Tuesday,1
Success,Auto,342,Saturday,7
Success,Prime Plus,479,Wednesday,17
Canceled by Driver,Auto,223,Thursday,17
Canceled by Driver,Auto,205,Monday,21
Success,Mini,802,Tuesday,20
Driver Not Found,eBike,826,Tuesday,0
Success,Prime Sedan,1473,Sunday,22
Success,eBike,305,Friday,6
Success,Mini,217,Monday,22
Success,Prime Plus,141,Monday,22
Success,Prime SUV,493,Wednesday,1
Canceled by Driver,Auto,400,Thursday,12
Success,Mini,800,Saturday,10
Canceled by Driver,Mini,387,Wednesday,15
Canceled by Customer,Bike,333,Wednesday,14
Success,Prime Sedan,302,Sunday,19
Success,Prime SUV,965,Friday,3
Success,Prime Sedan,200,Sunday,15
Success,Bike,485,Sunday,7
Canceled by Customer,Prime Plus,228,Thursday,15
Canceled by Driver,Bike,428,Thursday,11
Success,eBike,782,Friday,2
Canceled by Driver,Auto,365,Wednesday,1
Canceled by Driver,Prime SUV,405,Tuesday,3
Success,Auto,658,Sunday,0
Success,Bike,323,Thursday,19
Canceled by Driver,Prime Sedan,249,Thursday,9
Canceled by Driver,Prime Sedan,200,Sunday,19
Success,Mini,2236,Friday,14
Canceled by Customer,Prime SUV,296,Thursday,10
Success,Prime Plus,1464,Friday,7
Success,Auto,286,Thursday,19
Driver Not Found,Prime Plus,195,Tuesday,9
Success,Prime Plus,183,Tuesday,3
Success,Bike,339,Monday,8
Success,Auto,421,Sunday,22
Canceled by Customer,Prime SUV,185,Sunday,13
Canceled by Driver,Prime Sedan,195,Friday,19
Success,Prime SUV,482,Thursday,20
Canceled by Customer,eBike,409,Monday,14
Canceled by Driver,Bike,164,Wednesday,19
Driver Not Found,Auto,383,Friday,16
Success,Prime Plus,162,Saturday,19
Success,Prime SUV,174,Friday,0
Success,eBike,191,Tuesday,6
Canceled by Customer,Bike,335,Tuesday,3
Canceled by Driver,Mini,990,Friday,21
Driver Not Found,Prime Sedan,411,Thursday,8
Success,Auto,648,Thursday,13
Success,Prime Plus,443,Wednesday,8
Driver Not Found,Mini,216,Sunday,8
Canceled by Driver,Prime SUV,628,Tuesday,14
Success,Bike,914,Monday,14
Canceled by Driver,Prime Plus,106,Thursday,12
Success,Mini,228,Wednesday,5
Canceled by Customer,Prime Sedan,495,Thursday,0
Canceled by Driver,Mini,404,Sunday,13
Success,Prime SUV,491,Saturday,22
Canceled by Customer,eBike,908,Friday,2
Success,eBike,221,Monday,5
Success,Prime Sedan,297,Friday,1
Success,Auto,655,Thursday,11
Success,Prime Sedan,472,Tuesday,19
Success,Prime Sedan,1358,Sunday,15
Canceled by Customer,Bike,411,Monday,21
Success,Prime Sedan,101,Thursday,6
Success,Mini,618,Wednesday,15
Success,Bike,824,Friday,21
Driver Not Found,eBike,249,Sunday,3
Success,Mini,181,Monday,7
Success,Prime SUV,496,Tuesday,21
Success,Prime Plus,686,Monday,8
Canceled by Driver,Auto,480,Sunday,13
Success,Auto,457,Friday,1
Success,Prime SUV,110,Thursday,11
Success,Prime SUV,1414,Saturday,0
Success,Prime SUV,356,Saturday,20
Canceled by Driver,Prime Plus,433,Saturday,10
Success,Bike,423,Tuesday,23
Canceled by Customer,Prime Plus,387,Wednesday,20
Success,Prime Plus,138,Thursday,1
Success,Prime Sedan,861,Friday,9
Success,Prime Sedan,196,Monday,19
Canceled by Driver,Prime SUV,711,Sunday,2
Canceled by Driver,eBike,232,Wednesday,17
Canceled by Driver,Prime Plus,272,Tuesday,8
Canceled by Customer,eBike,481,Thursday,13
Canceled by Driver,Prime Sedan,313,Sunday,14
Canceled by Customer,Bike,311,Friday,12
Driver Not Found,Bike,603,Saturday,14
Canceled by Driver,Mini,187,Thursday,12
Success,eBike,630,Thursday,16
Driver Not Found,Auto,341,Tuesday,12
Success,Mini,605,Tuesday,6
Success,Prime Sedan,632,Friday,16
Success,Prime Plus,394,Saturday,3
Canceled by Customer,Mini,841,Wednesday,22
Canceled by Driver,Prime Sedan,405,Thursday,23
Driver Not Found,Auto,182,Monday,10
Success,Prime SUV,458,Friday,19
Success,eBike,198,Thursday,21
Success,Mini,2222,Monday,20
Canceled by Driver,Prime Sedan,122,Wednesday,21
Success,Bike,375,Wednesday,22
Success,Mini,1081,Wednesday,17
Canceled by Driver,Prime Sedan,281,Thursday,21
Success,Prime Sedan,369,Friday,6
Success,Prime Sedan,328,Thursday,17
Canceled by Driver,Prime Sedan,384,Wednesday,0
Success,Auto,966,Friday,14
Success,Bike,853,Saturday,19
Success,Auto,414,Wednesday,10
Success,Prime SUV,179,Tuesday,3
Canceled by Customer,eBike,264,Thursday,2
Success,Mini,926,Sunday,3
Success,Prime SUV,893,Thursday,9
Success,Auto,2969,Monday,21
Success,Bike,2769,Thursday,22
Canceled by Driver,Prime SUV,252,Monday,9
Canceled by Driver,Prime Sedan,683,Tuesday,4
Driver Not Found,Auto,159,Saturday,20
Success,eBike,243,Sunday,10
Success,Prime Sedan,165,Monday,12
Driver Not Found,Prime Plus,418,Tuesday,22
Success,Auto,497,Sunday,10
Canceled by Customer,Prime SUV,645,Saturday,22
Canceled by Customer,Prime SUV,417,Sunday,6
Success,Mini,253,Saturday,13
Canceled by Driver,Mini,279,Monday,0
Success,Prime SUV,236,Tuesday,19
Success,Bike,422,Thursday,19
Canceled by Customer,Prime Plus,358,Friday,9
Canceled by Customer,Bike,573,Monday,16
Success,Mini,459,Tuesday,21
Success,eBike,119,Monday,10
Driver Not Found,Prime Sedan,1069,Thursday,1
Success,eBike,128,Sunday,20
Driver Not Found,eBike,223,Thursday,5
Success,Mini,164,Saturday,18
Canceled by Driver,eBike,699,Wednesday,9
Driver Not Found,Auto,408,Friday,14
Driver Not Found,Prime Plus,695,Saturday,6
Canceled by Driver,eBike,344,Friday,10
Success,Mini,1969,Friday,4
Success,Prime Sedan,224,Tuesday,4
Success,Prime SUV,139,Saturday,11
Success,Auto,233,Saturday,20
Canceled by Driver,Prime SUV,693,Tuesday,13
Success,eBike,370,Tuesday,17
Driver Not Found,Bike,124,Thursday,15
Success,Auto,1986,Saturday,13
Canceled by Customer,Auto,711,Wednesday,16
Success,Auto,490,Friday,0
Canceled by Driver,Auto,477,Friday,5
Canceled by Driver,Prime Sedan,111,Thursday,11
Canceled by Driver,Mini,2103,Wednesday,13
Success,eBike,896,Tuesday,10
Canceled by Customer,Prime Plus,210,Thursday,0
Canceled by Customer,Prime Plus,530,Saturday,6
Success,Mini,370,Sunday,13
Success,Prime Sedan,129,Wednesday,8
Canceled by Driver,Bike,403,Monday,12
Success,Bike,1419,Sunday,11
Canceled by Customer,Mini,130,Friday,22
Success,Prime Sedan,667,Monday,1
Success,Prime Plus,414,Monday,20
Success,eBike,206,Tuesday,3
Success,Prime Plus,382,Monday,10
Success,Mini,209,Friday,2
Driver Not Found,Mini,106,Tuesday,15
Success,Mini,402,Thursday,2
Canceled by Customer,Prime Sedan,1146,Tuesday,13
Canceled by Customer,Bike,631,Sunday,23
Canceled by Driver,Prime Plus,798,Wednesday,1
Success,Prime Sedan,382,Monday,9
Success,Auto,398,Saturday,22
Success,Prime Plus,109,Monday,23
Canceled by Driver,eBike,267,Saturday,7
Canceled by Driver,Prime SUV,274,Sunday,18
Success,eBike,489,Saturday,4
Driver Not Found,Prime SUV,1901,Thursday,9
Success,Mini,1394,Tuesday,23
Success,eBike,109,Wednesday,14
Canceled by Customer,Auto,271,Sunday,11
Success,Bike,404,Tuesday,4
Driver Not Found,Prime Sedan,313,Tuesday,21
Success,eBike,476,Friday,6
Driver Not Found,Bike,279,Wednesday,8
Success,Bike,421,Saturday,18
Success,Prime Plus,483,Monday,14
Canceled by Driver,Mini,130,Saturday,5
Canceled by Customer,Prime Plus,299,Sunday,0
Canceled by Customer,Mini,428,Saturday,4
Canceled by Driver,Prime SUV,244,Saturday,15
Success,Auto,256,Saturday,16
Success,Bike,477,Monday,15
Success,Prime SUV,376,Saturday,17
Success,Bike,324,Sunday,10
Success,Prime SUV,571,Friday,22
Success,Mini,323,Wednesday,20
Success,Prime Plus,444,Monday,7
Success,Prime Plus,490,Thursday,15
Success,Bike,898,Saturday,14
Success,Bike,313,Thursday,15
Success,Prime SUV,155,Wednesday,21
Success,Mini,131,Wednesday,22
Success,eBike,783,Wednesday,6
Success,Prime Sedan,463,Wednesday,22
Success,Auto,196,Wednesday,1
Success,eBike,1995,Saturday,21
Success,Prime SUV,408,Sunday,10
Canceled by Driver,Prime Sedan,465,Monday,17
Canceled by Customer,Auto,305,Wednesday,17
Success,Prime SUV,244,Sunday,9
Success,Prime SUV,2843,Monday,1
Success,Bike,200,Monday,19
Success,Bike,246,Wednesday,13
Canceled by Driver,Prime Sedan,329,Thursday,5
Success,Auto,182,Thursday,11
Success,Bike,439,Thursday,8
Success,Prime SUV,990,Saturday,13
Success,Bike,317,Thursday,3
Success,Bike,215,Thursday,3
Success,Prime SUV,276,Monday,18
Success,Mini,477,Friday,23
Success,Prime SUV,784,Saturday,5
Canceled by Customer,Prime Plus,499,Saturday,5
Success,eBike,940,Tuesday,19
Canceled by Customer,Auto,356,Thursday,4
Canceled by Driver,Prime Sedan,155,Tuesday,18
Success,Prime Plus,961,Tuesday,12
Success,eBike,151,Tuesday,23
Success,Prime SUV,509,Saturday,18
Success,Bike,324,Monday,0
Success,Prime Sedan,860,Wednesday,22
Success,eBike,459,Friday,18
Driver Not Found,eBike,450,Sunday,3
Canceled by Customer,Mini,275,Friday,19
Success,Bike,184,Thursday,16
Driver Not Found,Mini,2900,Monday,19
Success,eBike,151,Saturday,18
Success,Bike,258,Saturday,3
Canceled by Driver,Mini,385,Monday,9
Success,Auto,535,Friday,14
Success,Auto,411,Monday,12
Success,eBike,366,Sunday,17
Success,eBike,555,Wednesday,18
Success,Auto,768,Thursday,7
Driver Not Found,Bike,178,Monday,9
Success,Prime SUV,624,Thursday,23
Success,Prime SUV,449,Thursday,14
Success,Mini,119,Monday,11
Success,Prime Sedan,356,Wednesday,20
Success,Bike,226,Tuesday,4
Canceled by Driver,Bike,396,Thursday,2
Canceled by Driver,eBike,433,Thursday,12
Driver Not Found,Mini,311,Monday,12
Success,Auto,761,Tuesday,4
Success,Auto,148,Saturday,12
Canceled by Driver,Bike,688,Tuesday,23
Success,Prime SUV,343,Monday,20
Canceled by Driver,Auto,398,Monday,13
Canceled by Customer,Auto,254,Sunday,5
Canceled by Customer,Prime SUV,2032,Sunday,9
Success,Auto,144,Monday,11
Driver Not Found,Mini,465,Wednesday,16
Success,eBike,730,Monday,23
Success,Auto,395,Tuesday,23
Canceled by Driver,Prime Sedan,865,Sunday,19
Success,Prime Sedan,976,Wednesday,15
Success,Prime SUV,135,Thursday,10
Success,Prime Sedan,175,Wednesday,1
Success,Prime SUV,718,Friday,13
Driver Not Found,Bike,106,Sunday,4
Canceled by Driver,Bike,406,Friday,2
Success,Mini,2600,Monday,16
Driver Not Found,Prime Plus,119,Tuesday,3
Canceled by Driver,Prime Plus,360,Sunday,12
Success,Mini,109,Monday,14
Canceled by Customer,Prime Plus,319,Wednesday,8
Success,Auto,617,Wednesday,6
Canceled by Customer,Mini,289,Thursday,12
Success,Prime Plus,263,Sunday,12
Success,Auto,2818,Sunday,18
Canceled by Customer,eBike,451,Saturday,1
Success,Bike,240,Sunday,11
Canceled by Driver,Prime Plus,325,Friday,5
Success,Prime SUV,612,Monday,3
Driver Not Found,Mini,317,Monday,14
Success,eBike,435,Friday,18
Canceled by Driver,Prime Plus,475,Tuesday,0
Canceled by Driver,Prime Plus,1122,Wednesday,7
Canceled by Driver,Prime Plus,629,Thursday,12
Success,Prime SUV,202,Thursday,15
Success,Prime Sedan,232,Wednesday,11
Success,Mini,361,Monday,21
Success,eBike,643,Sunday,9
Success,Mini,347,Tuesday,23
Success,Prime Sedan,2753,Friday,4
Success,Mini,336,Tuesday,9
Success,Prime SUV,1064,Friday,21
Success,Prime SUV,1089,Wednesday,9
Success,Prime Sedan,471,Thursday,13
Canceled by Customer,Auto,332,Monday,16
Canceled by Driver,Prime SUV,1893,Monday,5
Success,Auto,381,Thursday,12
Success,Prime Plus,1210,Monday,8
Success,Prime Sedan,481,Thursday,20
Success,eBike,465,Thursday,23
Canceled by Customer,Prime Sedan,326,Monday,8
Success,Prime SUV,366,Saturday,4
Success,Mini,774,Tuesday,16
Success,Prime Plus,133,Monday,9
Success,Prime SUV,251,Thursday,18
Success,eBike,292,Sunday,8
Canceled by Customer,eBike,170,Thursday,16
Success,eBike,236,Friday,1
Success,Auto,487,Wednesday,17
Driver Not Found,Prime Sedan,661,Tuesday,14
Success,eBike,1340,Friday,21
Canceled by Driver,Prime SUV,518,Tuesday,1
Canceled by Driver,Bike,243,Monday,15
Success,Bike,2774,Saturday,0
Success,eBike,284,Wednesday,20
Canceled by Customer,Prime SUV,261,Tuesday,9
Driver Not Found,Prime Plus,260,Monday,0
Success,Bike,120,Monday,10
Success,Prime Plus,1712,Friday,14
Success,Auto,706,Wednesday,3
Canceled by Customer,eBike,395,Saturday,16
Canceled by Driver,Prime Plus,315,Tuesday,6
Driver Not Found,Prime SUV,2676,Friday,7
Canceled by Driver,Prime Plus,553,Tuesday,7
Canceled by Driver,Mini,205,Wednesday,10
Success,Mini,556,Sunday,16
Success,Prime Sedan,2547,Wednesday,3
Success,Mini,463,Tuesday,2
Success,Bike,834,Sunday,6
Success,Bike,272,Wednesday,8
Success,Auto,2226,Friday,6
Success,Prime SUV,177,Sunday,3
Success,Prime Sedan,342,Saturday,13
Success,Prime Sedan,251,Thursday,3
Success,Mini,868,Monday,11
Success,Prime Plus,427,Wednesday,17
Canceled by Driver,Auto,622,Saturday,3
Success,Prime Sedan,445,Sunday,21
Canceled by Driver,Bike,797,Saturday,3
Success,Prime Sedan,489,Sunday,9
Success,eBike,2129,Monday,21
Success,eBike,422,Sunday,5
Success,eBike,109,Sunday,13
Success,Mini,207,Saturday,3
Canceled by Customer,eBike,535,Saturday,7
Driver Not Found,eBike,1348,Saturday,20
Canceled by Driver,Bike,409,Wednesday,19
Canceled by Driver,Bike,242,Monday,13
Canceled by Customer,Prime SUV,211,Friday,16
Success,Auto,2054,Monday,16
Canceled by Driver,Prime SUV,393,Saturday,12
Driver Not Found,Prime SUV,116,Thursday,14
Success,Auto,104,Friday,14
Canceled by Driver,Prime Sedan,169,Wednesday,2
Success,Mini,428,Saturday,22
Canceled by Driver,eBike,926,Wednesday,0
Canceled by Driver,Prime Sedan,153,Friday,1
Success,Mini,412,Tuesday,17
Success,Auto,163,Monday,15
Success,Auto,731,Tuesday,23
Canceled by Driver,Mini,622,Thursday,22
Canceled by Customer,Prime Plus,701,Saturday,16
Success,Prime Sedan,511,Tuesday,5
Success,Auto,2588,Sunday,9
Canceled by Driver,Prime SUV,956,Saturday,4
Success,eBike,310,Saturday,8
Success,Prime Sedan,1086,Tuesday,21
Success,eBike,2919,Saturday,22
Canceled by Customer,Mini,157,Wednesday,10
Success,eBike,710,Wednesday,18
Success,Prime SUV,802,Sunday,20
Success,Mini,280,Thursday,22
Success,Prime SUV,399,Monday,15
Driver Not Found,Prime Plus,206,Sunday,6
Canceled by Driver,Bike,211,Monday,10
Canceled by Customer,Auto,193,Tuesday,9
Success,Prime Plus,1590,Sunday,4
Success,eBike,147,Friday,16
Success,Mini,816,Friday,14
Success,Prime Plus,1894,Friday,20
Driver Not Found,Auto,552,Tuesday,8
Success,Prime SUV,112,Monday,4
Success,eBike,740,Sunday,14
Success,Prime Sedan,350,Monday,5
Canceled by Driver,Auto,1265,Tuesday,14
Success,Bike,970,Thursday,21
Success,Prime Sedan,225,Thursday,14
Success,Mini,240,Saturday,23
Success,Prime Sedan,202,Saturday,0
Success,Prime SUV,195,Monday,0
Success,Bike,167,Tuesday,23
Success,Prime Plus,253,Saturday,5
Canceled by Customer,Prime Plus,455,Thursday,18
Success,Prime Plus,359,Tuesday,15
Success,Mini,148,Monday,19
Success,Mini,333,Tuesday,2
Canceled by Driver,eBike,534,Wednesday,3
Success,eBike,394,Tuesday,18
Success,Auto,361,Wednesday,23
Driver Not Found,Prime Plus,837,Friday,17
Success,Prime Sedan,331,Wednesday,22
Canceled by Driver,Mini,485,Sunday,10
Success,Mini,275,Sunday,15
Driver Not Found,Mini,816,Tuesday,15
Success,Bike,188,Wednesday,4
Canceled by Customer,Prime SUV,362,Wednesday,12
Canceled by Driver,Bike,159,Friday,17
Canceled by Customer,eBike,499,Monday,18
Success,Auto,285,Saturday,8
Success,Mini,780,Saturday,5
Canceled by Driver,Auto,112,Saturday,17
Success,Bike,246,Wednesday,13
Canceled by Driver,Auto,811,Sunday,6
Canceled by Customer,eBike,269,Friday,19
Success,Mini,399,Friday,5
Success,Auto,399,Thursday,12
Success,Auto,188,Wednesday,17
Success,Mini,817,Sunday,13
Success,Prime SUV,491,Friday,8
Success,eBike,330,Saturday,9
Canceled by Customer,Auto,301,Wednesday,23
Success,Mini,707,Saturday,0
Success,Auto,847,Monday,8
Success,eBike,1861,Monday,13
Success,Prime Plus,492,Monday,10
Canceled by Driver,Bike,2507,Monday,12
Canceled by Driver,eBike,569,Friday,21
Success,eBike,365,Wednesday,6
Driver Not Found,Auto,227,Thursday,17
Success,Prime Sedan,211,Friday,7
Success,Prime Sedan,2549,Monday,9
Success,eBike,393,Tuesday,2
Success,eBike,218,Sunday,18
Success,Mini,403,Sunday,14
Success,eBike,457,Friday,23
Success,Prime SUV,167,Wednesday,16
Success,Prime Plus,575,Thursday,20
Success,Mini,899,Friday,11
Success,Prime SUV,242,Tuesday,23
Success,Prime SUV,355,Wednesday,23
Canceled by Driver,Auto,113,Tuesday,21
Success,Mini,911,Friday,14
Canceled by Driver,Mini,236,Sunday,14
Canceled by Driver,Bike,327,Thursday,16
Success,Auto,795,Thursday,8
Success,Prime Plus,430,Monday,11
Success,Prime Plus,265,Thursday,3
Success,Auto,896,Saturday,10
Success,Bike,358,Sunday,1
Canceled by Customer,Mini,459,Monday,9
Success,Prime SUV,528,Saturday,13
Driver Not Found,Mini,221,Saturday,14
Success,Prime Plus,386,Monday,14
Success,Bike,131,Tuesday,11
Success,Bike,352,Sunday,12
Success,Prime Sedan,108,Thursday,23
Success,Prime Sedan,1704,Thursday,22
Success,Prime SUV,329,Tuesday,2
Success,Prime SUV,165,Friday,1
Driver Not Found,Prime SUV,597,Tuesday,10
Success,Mini,308,Saturday,0
Success,Mini,212,Monday,20
Success,Prime SUV,320,Monday,2
Success,Prime Sedan,2500,Monday,6
Success,Bike,339,Sunday,15
Success,eBike,186,Wednesday,2
Canceled by Customer,Prime Plus,314,Sunday,21
Success,Prime Sedan,220,Sunday,3
Success,Bike,2733,Thursday,7
Success,Prime Plus,430,Thursday,17
Success,Prime Plus,138,Saturday,3
Canceled by Customer,Auto,373,Tuesday,3
Success,eBike,1201,Tuesday,13
Canceled by Driver,Mini,493,Tuesday,10
Driver Not Found,Prime SUV,336,Thursday,12
Canceled by Customer,Bike,259,Thursday,21
Driver Not Found,Prime SUV,375,Monday,7
Success,Prime Sedan,423,Sunday,2
Canceled by Driver,Prime SUV,606,Monday,15
Success,Prime Plus,185,Tuesday,7
Success,Prime Plus,983,Saturday,23
Success,Auto,345,Monday,4
Canceled by Driver,Prime Plus,905,Thursday,5
Canceled by Driver,eBike,307,Thursday,5
Canceled by Driver,Prime Plus,556,Thursday,21
Success,Prime SUV,2809,Tuesday,12
Success,Auto,330,Monday,13
Canceled by Driver,Prime SUV,384,Friday,1
Success,Mini,575,Monday,14
Canceled by Driver,Prime Sedan,510,Saturday,13
Success,eBike,671,Sunday,16
Success,Auto,705,Sunday,18
Success,Prime Plus,819,Friday,23
Success,Prime SUV,1835,Wednesday,21
Success,Prime Plus,923,Friday,18
Success,Mini,2051,Wednesday,16
Success,Mini,408,Saturday,11
Success,Mini,1749,Tuesday,8
Success,eBike,405,Thursday,6
Success,eBike,331,Thursday,5
Success,Prime Plus,258,Wednesday,18
Success,Prime SUV,371,Wednesday,15
Driver Not Found,Mini,860,Wednesday,21
Success,eBike,631,Monday,14
Canceled by Driver,Prime Sedan,780,Tuesday,19
Success,Auto,252,Sunday,1
Success,Prime Plus,1303,Friday,0
Success,Bike,807,Wednesday,16
Success,Bike,253,Saturday,0
Success,Auto,104,Tuesday,10
Canceled by Customer,Bike,460,Tuesday,7
Success,Mini,453,Monday,17
Success,Prime Plus,242,Wednesday,23
Canceled by Customer,Prime Sedan,419,Monday,16
Driver Not Found,Bike,696,Saturday,21
Success,Prime Plus,292,Sunday,4
Success,Prime Plus,544,Tuesday,14
Success,Mini,982,Saturday,12
Driver Not Found,eBike,214,Wednesday,18
Success,Bike,1305,Saturday,5
Success,Bike,824,Friday,7
Success,eBike,168,Tuesday,10
Success,Mini,411,Sunday,9
Success,Prime Sedan,469,Tuesday,16
Canceled by Customer,Auto,221,Sunday,21
Canceled by Customer,Bike,456,Monday,13
Canceled by Driver,Prime Sedan,2510,Friday,17
Canceled by Driver,Bike,315,Saturday,5
Canceled by Driver,Prime SUV,229,Friday,3
Success,Prime Plus,962,Thursday,18
Success,Prime Sedan,361,Tuesday,14
Canceled by Driver,Prime Plus,431,Wednesday,22
Success,Prime SUV,196,Tuesday,21
Canceled by Customer,eBike,215,Wednesday,18
Canceled by Customer,Bike,458,Friday,16
Canceled by Driver,Prime Sedan,137,Thursday,12
Canceled by Driver,Auto,294,Saturday,17
Canceled by Customer,Prime Sedan,590,Thursday,4
Success,Bike,392,Wednesday,12
Success,Mini,661,Sunday,14
Success,Prime Plus,924,Friday,23
Success,Prime SUV,291,Friday,8
Success,Bike,434,Monday,2
Success,Mini,262,Saturday,22
Driver Not Found,Auto,167,Tuesday,15
Canceled by Driver,Prime Plus,755,Tuesday,20
Canceled by Driver,Prime Plus,279,Sunday,20
Success,eBike,133,Saturday,15
Success,Auto,455,Monday,19
Success,Prime SUV,465,Tuesday,23
Driver Not Found,Prime SUV,393,Monday,11
Driver Not Found,Mini,125,Thursday,2
Canceled by Customer,Prime SUV,559,Monday,12
Canceled by Driver,Prime SUV,827,Wednesday,21
Driver Not Found,Bike,250,Sunday,5
Success,Mini,324,Thursday,19
Canceled by Driver,Prime Plus,518,Tuesday,12
Success,Auto,637,Tuesday,20
Success,Prime SUV,758,Tuesday,12
Success,Mini,624,Monday,8
Success,Prime Plus,342,Sunday,1
Driver Not Found,Prime Sedan,483,Monday,15
Canceled by Driver,Bike,108,Sunday,19
Success,Mini,387,Friday,14
Success,Prime Sedan,199,Thursday,6
Canceled by Driver,Prime SUV,160,Monday,21
Success,Prime Sedan,314,Saturday,14
Success,eBike,749,Thursday,10
Driver Not Found,eBike,174,Monday,4
Driver Not Found,Prime Sedan,323,Friday,4
Success,Bike,534,Wednesday,12
Success,Prime Sedan,130,Thursday,5
Canceled by Customer,Prime Plus,150,Thursday,14
Success,Auto,742,Monday,13
Canceled by Customer,Prime Sedan,497,Monday,23
Success,eBike,101,Thursday,3
Success,Prime SUV,340,Friday,9
Success,Prime SUV,249,Wednesday,9
Canceled by Driver,Mini,211,Tuesday,17
Success,eBike,375,Monday,14
Success,Prime Sedan,325,Monday,22
Driver Not Found,Prime Sedan,437,Monday,5
Success,Bike,255,Thursday,22
Canceled by Driver,Prime Sedan,267,Sunday,21
Driver Not Found,Prime SUV,360,Friday,5
Success,Prime SUV,359,Tuesday,22
Success,Prime Sedan,272,Tuesday,11
