Vehicle Type,Booking Value,Ride Distance,Avg VTAT,Avg CTAT,Driver Ratings,Customer Rating,Payment Method
Go Mini,106.0,23.43,7.0,43.0,3.6,4.6,Cash
Go Sedan,173.0,11.91,7.4,39.1,4.2,4.9,Uber Wallet
Go Sedan,565.0,32.22,6.3,16.2,4.4,3.9,UPI
Bike,763.0,5.03,9.0,42.9,4.9,4.4,UPI
Auto,461.0,17.87,9.5,15.4,3.7,4.3,UPI
Premier Sedan,216.0,31.05,6.8,41.8,3.7,4.3,Cash
eBike,217.0,41.26,14.4,34.7,4.6,5.0,Credit Card
Uber XL,142.0,26.43,12.2,33.0,4.5,4.7,UPI
Bike,912.0,4.05,9.1,19.8,4.3,4.2,Cash
Uber XL,689.0,24.74,4.6,33.7,4.2,4.9,UPI
Auto,366.0,16.63,14.7,15.7,4.8,4.5,UPI
Bike,308.0,35.82,2.2,16.6,3.5,4.1,UPI
eBike,433.0,35.41,12.9,24.1,3.9,4.6,UPI
Auto,416.0,43.09,8.4,32.2,4.7,4.1,Credit Card
Auto,143.0,13.74,12.4,22.3,4.1,4.9,Cash
Premier Sedan,857.0,23.79,8.4,35.6,3.2,5.0,Debit Card
Bike,363.0,14.32,13.9,39.9,4.3,4.9,Credit Card
Go Sedan,407.0,10.87,4.1,37.7,3.4,4.3,UPI
Go Sedan,752.0,12.1,10.0,31.3,3.7,4.7,Uber Wallet
eBike,451.0,21.83,5.3,44.8,4.7,4.6,UPI
Go Mini,1563.0,10.06,11.1,40.8,3.8,4.6,Uber Wallet
Bike,84.0,11.2,6.5,22.9,4.2,4.7,UPI
Auto,328.0,21.44,12.0,31.3,3.2,4.5,Cash
Auto,339.0,34.4,8.1,29.6,4.4,3.8,Cash
eBike,248.0,26.56,7.4,36.3,4.6,4.3,Cash
Auto,1276.0,14.58,2.4,44.1,3.9,4.3,UPI
Bike,601.0,48.68,7.7,24.9,3.1,4.3,UPI
Bike,157.0,15.9,14.5,20.1,4.8,4.5,Cash
Premier Sedan,731.0,46.5,6.8,43.6,4.3,4.5,Credit Card
Premier Sedan,491.0,11.67,8.6,37.5,4.6,4.6,Cash
Go Mini,1046.0,31.85,3.4,17.2,4.4,3.3,Credit Card
Go Mini,263.0,20.23,10.6,26.1,4.3,3.8,UPI
Go Mini,361.0,20.84,3.2,36.8,4.4,4.7,UPI
Bike,198.0,3.44,9.8,31.4,4.7,4.5,Cash
Go Mini,848.0,31.73,8.3,21.7,4.3,4.6,UPI
Go Mini,1213.0,32.97,14.4,40.2,3.7,4.3,UPI
Go Sedan,267.0,39.84,2.1,34.5,4.4,4.7,Credit Card
Auto,144.0,9.91,10.6,24.2,4.6,4.6,Cash
Bike,402.0,22.0,3.8,27.5,4.3,4.8,UPI
Bike,640.0,8.95,14.0,21.3,4.6,4.2,Uber Wallet
Go Sedan,492.0,38.7,8.5,36.3,3.2,4.2,Cash
eBike,564.0,47.93,9.9,37.0,3.4,3.2,UPI
Auto,122.0,42.13,9.3,40.0,4.4,4.0,Credit Card
Bike,435.0,11.13,10.5,37.4,4.9,4.2,Credit Card
Auto,109.0,10.97,11.2,25.6,3.7,4.2,Uber Wallet
Bike,227.0,23.82,10.9,33.9,4.3,4.2,Cash
Auto,375.0,16.47,6.9,39.5,4.4,4.0,Debit Card
Go Sedan,195.0,48.16,7.9,41.8,3.4,4.2,UPI
Go Mini,250.0,16.23,14.6,26.5,4.7,4.2,Credit Card
Go Mini,884.0,15.24,6.1,25.2,4.0,4.4,UPI
Premier Sedan,471.0,24.98,6.6,20.1,3.8,5.0,UPI
eBike,874.0,33.48,4.1,20.9,3.8,4.8,Credit Card
Auto,214.0,13.95,14.9,20.3,4.2,4.3,Credit Card
Auto,348.0,16.01,9.5,44.5,4.2,4.3,Credit Card
eBike,508.0,35.08,10.4,26.2,4.4,4.9,UPI
Go Mini,635.0,29.92,9.1,35.3,4.9,4.7,Credit Card
Auto,1131.0,44.48,11.5,28.8,4.8,4.9,UPI
Premier Sedan,471.0,15.84,4.9,27.0,3.7,4.6,Cash
Go Mini,251.0,39.37,5.4,29.1,4.2,3.7,Uber Wallet
Go Sedan,361.0,8.66,10.6,37.9,3.6,4.8,Uber Wallet
Auto,353.0,27.56,4.1,27.8,4.2,4.7,Uber Wallet
Go Mini,61.0,14.07,10.9,38.0,4.2,3.4,Cash
Bike,146.0,20.13,14.5,32.6,4.5,4.6,Debit Card
eBike,65.0,49.41,11.1,20.9,5.0,4.7,Uber Wallet
Auto,785.0,20.25,12.3,41.5,3.8,3.3,UPI
Go Sedan,665.0,45.5,2.3,17.6,3.8,3.9,Credit Card
Auto,274.0,40.82,4.6,27.9,4.9,4.4,UPI
Auto,473.0,26.62,9.1,44.8,4.9,4.3,UPI
Go Sedan,86.0,13.78,14.5,40.8,5.0,4.5,Cash
Go Mini,162.0,46.2,4.1,39.2,5.0,4.6,UPI
Auto,924.0,47.89,6.8,16.7,4.6,4.8,Uber Wallet
Go Sedan,187.0,36.38,6.0,44.9,3.8,3.5,UPI
Bike,209.0,36.5,10.0,30.2,4.4,4.5,Cash
Go Mini,120.0,27.65,4.0,40.1,4.3,4.5,Cash
Go Mini,460.0,44.56,5.6,36.9,3.6,4.5,UPI
Uber XL,81.0,15.87,8.4,33.1,4.0,5.0,UPI
Go Mini,219.0,32.0,2.4,16.9,4.6,4.1,Credit Card
Premier Sedan,1007.0,11.09,4.6,27.4,3.8,5.0,UPI
Auto,121.0,6.45,6.2,41.6,4.3,4.2,UPI
Premier Sedan,552.0,16.39,10.2,20.4,4.3,3.0,Cash
Auto,556.0,42.25,11.3,29.8,4.4,4.6,UPI
Bike,807.0,15.02,4.8,42.1,4.5,4.7,Cash
Auto,1483.0,43.59,7.0,18.2,4.9,4.3,UPI
Auto,419.0,4.38,13.8,43.6,4.2,3.9,UPI
Auto,275.0,47.71,2.1,38.7,4.3,4.8,UPI
eBike,1015.0,26.42,6.2,15.9,4.3,4.3,UPI
Go Sedan,331.0,30.33,5.2,30.0,4.9,4.9,UPI
Go Sedan,404.0,39.06,5.4,24.3,4.2,4.6,UPI
Go Sedan,909.0,31.98,3.0,40.2,4.7,4.6,Credit Card
Bike,580.0,32.72,14.9,32.7,4.2,4.1,UPI
Go Sedan,431.0,23.5,6.2,44.0,4.3,4.3,Uber Wallet
Go Sedan,748.0,23.53,13.6,22.6,3.9,4.4,Cash
Bike,198.0,35.23,5.2,28.8,4.3,4.6,Cash
Auto,71.0,30.48,3.0,30.3,4.5,4.8,Credit Card
Bike,213.0,12.76,2.9,16.6,3.6,4.5,UPI
Bike,698.0,38.4,3.5,23.4,4.1,4.6,Cash
Auto,772.0,23.2,10.0,35.1,4.4,3.1,UPI
Go Sedan,94.0,14.12,5.9,24.7,4.0,4.7,Debit Card
Premier Sedan,368.0,17.03,5.3,28.0,4.1,4.8,Cash
Premier Sedan,91.0,6.58,10.4,20.0,3.4,4.6,UPI
Premier Sedan,155.0,29.98,14.1,36.6,4.3,3.8,UPI
Go Sedan,701.0,39.26,9.9,30.6,4.9,4.3,Credit Card
Auto,123.0,14.31,9.1,40.6,4.2,4.0,UPI
eBike,457.0,7.49,14.6,42.1,4.2,3.7,UPI
Auto,321.0,11.14,12.2,22.9,4.3,3.1,Cash
Auto,259.0,8.2,13.8,34.9,3.6,4.8,UPI
Auto,473.0,38.72,7.3,36.0,4.6,4.7,Cash
Go Sedan,148.0,13.84,6.8,36.7,4.6,4.9,Credit Card
Auto,680.0,25.12,7.5,35.0,4.6,4.1,UPI
Premier Sedan,426.0,47.84,14.9,25.6,4.2,5.0,UPI
Auto,612.0,28.23,11.1,33.8,3.9,4.8,Debit Card
Go Mini,142.0,28.77,11.3,19.0,4.4,4.6,UPI
Go Mini,691.0,20.09,3.1,25.0,4.1,4.6,Uber Wallet
Auto,1312.0,12.32,2.3,18.8,4.6,4.0,Debit Card
Bike,383.0,37.64,14.6,18.2,4.5,3.9,Credit Card
Go Mini,318.0,17.56,14.6,40.6,4.9,5.0,Credit Card
Premier Sedan,139.0,9.38,11.0,38.7,4.2,4.2,Cash
Auto,137.0,17.25,7.7,28.6,4.2,5.0,Uber Wallet
Go Sedan,411.0,43.67,8.6,36.0,4.7,4.9,UPI
Premier Sedan,653.0,19.17,4.3,28.1,4.3,4.9,UPI
Bike,1457.0,18.41,13.9,28.6,4.3,4.3,UPI
Premier Sedan,234.0,14.19,3.3,39.7,4.2,4.9,UPI
Auto,197.0,24.93,3.3,37.7,4.3,4.6,Cash
Go Mini,314.0,18.83,12.4,37.8,4.3,4.3,UPI
Bike,420.0,19.48,11.9,15.5,4.7,4.9,UPI
Bike,569.0,30.5,8.4,21.0,4.9,3.7,UPI
Go Sedan,778.0,15.99,3.1,18.2,3.7,4.1,Credit Card
Go Mini,259.0,43.21,14.0,29.9,3.6,4.2,Debit Card
Go Mini,587.0,2.23,4.6,38.2,4.7,4.9,Credit Card
Auto,173.0,14.85,11.0,27.2,3.7,3.4,UPI
Go Sedan,448.0,15.96,3.0,20.4,3.0,4.2,Cash
Premier Sedan,292.0,39.98,13.3,25.9,3.3,4.5,UPI
Auto,986.0,43.72,4.1,18.8,4.9,4.8,UPI
Go Mini,832.0,15.46,6.7,15.4,4.2,4.3,Cash
Auto,929.0,11.71,4.8,23.5,4.6,4.4,UPI
Go Mini,594.0,34.06,9.9,23.0,4.6,4.3,UPI
Auto,448.0,12.93,2.0,21.9,3.1,4.2,Uber Wallet
Go Sedan,484.0,40.49,12.6,34.1,4.3,4.2,Uber Wallet
Bike,90.0,22.69,13.8,16.6,3.9,4.3,UPI
Go Sedan,666.0,38.36,5.6,29.1,4.9,4.9,UPI
Go Mini,495.0,46.32,5.5,34.5,4.2,4.6,Uber Wallet
Bike,1296.0,41.98,7.5,35.8,3.1,4.2,UPI
Go Mini,246.0,33.1,2.3,19.8,4.5,4.6,Cash
Premier Sedan,620.0,19.73,8.5,40.4,4.9,4.3,UPI
Premier Sedan,565.0,19.74,6.9,22.1,4.6,4.9,Cash
Go Sedan,383.0,39.05,5.5,39.3,4.2,4.8,Debit Card
Go Mini,389.0,35.59,3.0,37.4,4.2,3.6,Uber Wallet
Go Mini,90.0,22.02,12.3,20.3,4.3,4.4,UPI
Go Sedan,482.0,15.45,4.6,15.3,3.9,4.7,UPI
Go Mini,709.0,23.4,6.2,37.5,4.1,5.0,UPI
Go Mini,1210.0,4.63,10.5,35.5,4.0,4.5,Debit Card
Go Sedan,427.0,12.17,7.7,39.3,4.3,3.7,Credit Card
Go Mini,693.0,28.69,14.2,36.5,3.7,4.9,UPI
Bike,317.0,41.45,14.9,33.4,4.3,4.2,UPI
Go Mini,172.0,48.14,13.2,36.2,3.9,4.8,UPI
Auto,943.0,4.09,2.1,23.9,4.3,5.0,Debit Card
Premier Sedan,233.0,49.92,10.7,30.4,4.3,3.9,Cash
Auto,831.0,14.81,13.2,26.5,4.5,4.6,Credit Card
Bike,456.0,15.19,14.7,36.7,4.3,4.9,Cash
Premier Sedan,620.0,42.68,5.3,30.0,4.2,4.7,Cash
Go Sedan,243.0,27.7,3.6,15.2,3.8,3.8,Uber Wallet
Go Mini,194.0,10.38,12.1,39.2,4.7,4.9,Uber Wallet
Premier Sedan,128.0,48.17,6.8,40.3,4.4,4.5,UPI
Go Mini,222.0,9.46,7.7,15.4,4.2,3.9,UPI
Bike,496.0,48.59,13.0,26.7,4.9,4.6,Cash
Go Mini,1118.0,47.19,8.1,36.9,4.2,4.6,Cash
Auto,495.0,18.94,12.8,32.9,3.5,4.1,Cash
Go Mini,356.0,18.93,7.3,33.6,4.1,4.3,UPI
Go Sedan,89.0,36.02,14.3,38.8,4.9,4.5,UPI
Auto,664.0,6.66,6.0,29.9,4.9,4.1,Cash
Go Mini,335.0,16.84,4.6,44.5,4.7,4.8,Cash
Bike,108.0,14.1,14.1,28.7,4.4,4.3,UPI
Auto,287.0,32.15,14.9,20.8,4.3,5.0,UPI
Bike,677.0,23.35,11.9,31.8,5.0,4.2,Uber Wallet
Premier Sedan,706.0,20.99,12.8,45.0,4.2,3.4,Uber Wallet
Auto,696.0,9.36,14.7,35.2,4.2,4.9,Cash
Auto,98.0,31.01,3.0,17.1,4.4,4.9,Cash
Go Mini,286.0,4.59,11.2,30.5,4.2,4.2,UPI
Auto,293.0,38.9,3.8,25.7,3.7,3.9,UPI
Uber XL,84.0,4.6,3.4,17.7,4.6,3.8,UPI
eBike,256.0,47.68,9.9,26.2,4.4,3.8,Credit Card
Go Sedan,957.0,6.44,2.7,15.9,3.2,4.5,UPI
Auto,809.0,32.05,8.5,44.2,4.4,4.6,Cash
Go Sedan,592.0,3.82,7.5,36.9,4.2,3.6,UPI
Go Mini,279.0,16.99,14.9,28.1,4.6,3.9,Cash
Go Sedan,694.0,16.01,7.4,25.8,3.8,5.0,UPI
eBike,1247.0,2.74,7.4,28.4,4.3,4.6,Debit Card
Go Sedan,210.0,4.5,3.6,34.2,3.7,4.1,UPI
Uber XL,418.0,19.26,10.6,22.2,4.7,3.3,UPI
Premier Sedan,345.0,28.8,5.8,41.5,3.6,4.6,Uber Wallet
Go Mini,403.0,20.05,12.4,39.5,4.2,4.8,Credit Card
Go Mini,990.0,33.91,3.3,33.0,4.2,4.6,UPI
Go Sedan,84.0,35.28,10.2,19.7,3.3,3.8,Cash
Premier Sedan,279.0,29.75,5.6,27.7,3.9,4.9,UPI
Premier Sedan,617.0,5.11,12.5,22.7,4.9,4.8,Cash
Go Sedan,133.0,3.37,4.6,27.0,4.3,3.9,Uber Wallet
Premier Sedan,155.0,29.6,12.4,35.3,4.2,4.4,Credit Card
Bike,348.0,47.71,13.1,44.8,4.2,4.7,UPI
Go Sedan,301.0,33.97,2.8,15.5,4.3,4.5,UPI
Auto,1195.0,29.19,12.6,30.6,3.7,4.1,Debit Card
Go Sedan,67.0,22.45,8.5,23.3,4.5,4.3,UPI
eBike,2288.0,17.84,3.2,20.2,4.3,4.6,Uber Wallet
eBike,167.0,46.32,7.2,27.1,4.4,4.7,Uber Wallet
Auto,402.0,29.97,13.9,30.7,3.7,4.2,Cash
Go Mini,984.0,25.1,2.4,42.2,4.4,4.6,Cash
Bike,458.0,25.49,4.9,38.2,4.5,4.9,Uber Wallet
Go Mini,182.0,40.23,2.9,36.9,4.3,4.6,Uber Wallet
Auto,662.0,17.62,4.9,36.2,3.7,4.5,Uber Wallet
Go Mini,512.0,41.77,2.6,16.5,4.9,4.2,Uber Wallet
Go Sedan,546.0,15.66,3.1,20.2,3.0,4.4,Uber Wallet
eBike,783.0,44.91,14.0,31.2,3.7,4.2,UPI
Bike,193.0,21.12,3.2,25.1,4.1,3.4,Debit Card
Go Mini,796.0,31.06,10.0,30.9,4.2,4.9,Uber Wallet
Auto,943.0,36.36,7.7,16.6,3.7,4.2,UPI
Go Mini,241.0,33.44,13.9,36.0,4.2,4.3,Cash
Go Mini,390.0,42.67,12.7,18.6,3.8,4.2,Cash
Bike,491.0,37.23,7.7,41.1,4.4,4.5,UPI
Bike,469.0,25.81,3.8,44.1,3.9,3.7,Debit Card
eBike,623.0,41.37,6.9,30.9,4.7,5.0,Cash
Premier Sedan,243.0,49.55,11.6,41.6,4.3,3.3,UPI
Bike,233.0,45.32,7.7,24.5,4.1,4.9,Cash
Bike,953.0,31.16,8.2,31.6,3.9,4.9,Cash
eBike,147.0,31.9,6.7,36.7,4.1,4.5,Credit Card
Bike,145.0,8.95,11.4,31.7,4.3,3.7,UPI
Go Mini,595.0,34.02,5.5,17.8,4.6,4.5,Uber Wallet
Go Sedan,392.0,47.55,7.3,41.3,4.6,3.9,Uber Wallet
Premier Sedan,753.0,17.5,12.5,42.7,3.2,4.2,UPI
Go Sedan,591.0,28.0,12.9,36.9,4.1,4.5,UPI
Bike,682.0,45.08,13.1,22.0,4.2,4.6,UPI
Uber XL,80.0,33.92,4.9,32.8,4.3,5.0,UPI
Bike,664.0,8.25,7.0,35.0,4.2,4.6,Credit Card
Premier Sedan,656.0,28.86,12.9,28.9,3.9,4.7,Credit Card
Premier Sedan,478.0,35.52,2.9,26.8,3.4,4.1,Uber Wallet
Go Mini,410.0,13.8,12.6,28.7,4.7,4.4,UPI
Premier Sedan,758.0,34.94,14.6,25.5,3.7,4.3,UPI
Go Sedan,159.0,18.15,7.6,20.7,4.6,4.6,UPI
Bike,459.0,27.57,8.4,42.1,4.0,4.1,Cash
Go Sedan,1424.0,19.22,3.3,25.5,4.1,4.6,Uber Wallet
Premier Sedan,939.0,38.65,4.1,36.0,3.5,5.0,Cash
Auto,255.0,23.42,5.8,32.0,4.1,4.3,UPI
Premier Sedan,827.0,28.5,11.0,16.0,3.8,4.7,UPI
Premier Sedan,259.0,38.05,12.8,35.2,3.7,3.9,Debit Card
Go Sedan,416.0,12.49,7.2,44.6,3.2,4.2,UPI
Go Mini,219.0,47.82,6.7,36.4,4.2,4.6,Cash
Auto,421.0,38.65,13.2,41.7,3.8,4.6,Debit Card
Auto,345.0,25.32,14.1,42.9,4.8,5.0,Cash
Go Mini,83.0,12.48,6.4,42.4,3.9,4.3,Debit Card
Auto,463.0,25.35,7.3,31.4,5.0,4.1,Credit Card
Go Mini,403.0,8.38,12.7,22.2,4.5,4.9,UPI
Go Mini,135.0,12.24,10.1,33.3,4.1,4.9,Uber Wallet
eBike,1601.0,18.05,6.5,38.1,4.3,4.8,UPI
Go Sedan,164.0,27.62,6.2,44.2,4.1,4.3,Uber Wallet
eBike,392.0,42.4,8.6,29.1,4.3,4.4,UPI
Go Sedan,495.0,18.98,12.0,27.3,3.1,4.6,Uber Wallet
Auto,453.0,37.77,5.6,32.1,4.3,4.9,Credit Card
Auto,479.0,15.3,4.1,22.1,3.7,4.8,Uber Wallet
Auto,350.0,4.04,12.4,38.1,4.6,4.8,UPI
Premier Sedan,369.0,45.74,8.8,30.8,4.9,4.9,UPI
Auto,793.0,16.38,11.5,16.3,4.3,4.5,Credit Card
Bike,194.0,29.82,6.3,26.1,4.6,4.2,Uber Wallet
Go Mini,180.0,19.27,11.3,32.9,4.4,4.8,Cash
Uber XL,192.0,15.78,6.6,41.5,4.2,4.5,UPI
Go Mini,616.0,47.43,2.9,24.2,3.8,4.7,Cash
Bike,162.0,13.73,2.9,22.3,4.6,4.2,UPI
Go Mini,993.0,18.53,2.4,35.0,3.8,4.5,Debit Card
Auto,417.0,38.12,11.7,30.7,5.0,4.3,Uber Wallet
Go Mini,485.0,11.96,6.0,29.0,3.5,4.3,Uber Wallet
Bike,556.0,33.55,6.3,30.6,3.3,4.6,UPI
Auto,203.0,18.86,4.1,20.9,4.1,4.2,Credit Card
Auto,980.0,7.69,12.8,15.2,4.5,4.6,Credit Card
Premier Sedan,229.0,46.61,2.1,20.9,4.2,4.1,UPI
Bike,638.0,24.48,2.5,26.6,3.7,4.3,Credit Card
Premier Sedan,725.0,33.02,13.4,43.8,4.6,4.9,Cash
Go Mini,668.0,26.83,9.0,29.8,3.9,4.3,UPI
Auto,371.0,12.89,5.1,34.3,4.6,4.3,UPI
Bike,438.0,32.89,10.0,24.0,3.2,4.9,Cash
Auto,311.0,14.66,13.3,36.9,3.2,5.0,Uber Wallet
Auto,824.0,21.61,12.0,31.0,4.9,4.3,UPI
Go Mini,449.0,44.48,13.7,30.8,4.6,3.4,Credit Card
Go Mini,470.0,43.02,6.5,38.9,5.0,3.9,UPI
Auto,347.0,45.4,4.7,36.1,4.9,4.2,Cash
Go Mini,893.0,37.65,11.9,23.4,3.0,4.8,Cash
Auto,644.0,16.62,6.4,40.5,3.7,4.6,Cash
Auto,335.0,39.43,7.2,22.6,3.2,3.7,Cash
Premier Sedan,122.0,2.2,10.2,38.5,3.3,4.7,UPI
Auto,186.0,37.2,9.8,23.9,4.2,4.4,Cash
Premier Sedan,598.0,44.91,14.6,18.2,4.5,4.3,Cash
eBike,161.0,34.52,8.0,15.9,3.6,4.2,UPI
Bike,105.0,18.63,9.0,33.9,5.0,4.7,Cash
Auto,783.0,28.13,14.3,35.6,4.7,3.2,UPI
Premier Sedan,844.0,17.12,13.5,17.1,3.4,4.6,Uber Wallet
Go Mini,759.0,34.01,6.9,44.0,4.7,3.1,Credit Card
Go Mini,754.0,28.9,11.4,35.1,4.9,4.2,Cash
Premier Sedan,385.0,31.31,10.0,31.1,4.2,4.4,UPI
Go Sedan,236.0,35.14,9.3,33.1,3.8,4.9,Uber Wallet
eBike,143.0,38.5,11.4,38.1,4.2,4.1,Credit Card
Auto,373.0,14.88,6.4,38.2,4.7,3.1,Debit Card
Auto,319.0,17.95,6.0,39.1,4.0,5.0,UPI
Bike,418.0,32.54,5.3,36.1,4.2,4.3,UPI
Auto,969.0,27.34,10.1,23.5,4.3,4.3,UPI
Go Sedan,341.0,32.86,11.4,23.0,4.9,5.0,Cash
Auto,558.0,6.33,12.0,44.2,4.3,5.0,UPI
Go Sedan,1120.0,18.49,13.8,30.5,4.3,4.6,UPI
Bike,484.0,18.62,10.6,38.3,3.3,4.6,Uber Wallet
Go Sedan,124.0,46.29,7.6,22.0,4.4,4.4,Cash
Go Sedan,227.0,43.53,10.8,22.1,4.6,4.8,Cash
eBike,90.0,44.47,8.6,20.2,4.2,4.3,UPI
Bike,688.0,45.97,3.5,44.7,4.6,5.0,UPI
Bike,249.0,37.21,14.6,34.7,3.0,5.0,UPI
Go Mini,338.0,20.26,2.7,17.5,4.2,4.8,Uber Wallet
Go Sedan,274.0,34.12,8.0,35.6,4.3,4.3,Debit Card
Bike,191.0,13.77,8.4,15.6,3.7,4.3,UPI
eBike,974.0,13.32,8.9,35.4,4.2,4.8,Uber Wallet
Bike,658.0,7.03,10.5,15.8,4.2,4.0,Cash
Bike,431.0,30.13,12.4,37.4,3.7,4.5,UPI
Premier Sedan,352.0,31.92,4.3,40.8,4.2,4.6,Credit Card
Go Sedan,437.0,17.46,5.4,44.7,3.7,4.6,UPI
Auto,79.0,46.36,7.9,17.1,3.8,4.2,UPI
Go Mini,1369.0,20.37,10.1,15.7,5.0,3.9,UPI
Premier Sedan,287.0,35.7,7.5,25.5,4.3,4.4,UPI
Bike,418.0,43.77,5.7,17.8,3.2,4.1,Credit Card
Go Mini,147.0,39.2,11.6,18.8,4.3,3.2,Uber Wallet
Auto,554.0,10.99,3.3,31.7,5.0,4.9,Cash
Go Mini,487.0,46.62,12.8,44.3,3.7,3.3,UPI
Go Sedan,778.0,41.92,9.8,37.9,4.3,4.9,Cash
Go Mini,461.0,37.73,5.1,40.3,4.2,4.1,Credit Card
Premier Sedan,308.0,2.34,7.2,20.9,4.2,4.3,UPI
Premier Sedan,352.0,19.3,14.9,20.0,3.4,4.6,Uber Wallet
Auto,153.0,30.51,9.6,41.2,4.6,4.3,Uber Wallet
Premier Sedan,1289.0,8.67,6.7,21.1,3.9,3.7,UPI
Bike,351.0,35.04,12.5,40.9,4.2,4.2,Cash
Premier Sedan,317.0,25.12,5.9,32.6,4.4,4.2,Credit Card
Go Mini,713.0,23.21,7.4,22.4,4.2,4.4,UPI
Premier Sedan,763.0,26.63,11.8,15.5,4.2,4.4,Credit Card
Premier Sedan,645.0,36.64,8.2,41.8,4.9,4.9,Cash
Go Sedan,197.0,34.27,2.4,37.3,4.3,4.0,UPI
Premier Sedan,841.0,9.86,3.1,40.2,4.1,4.5,Uber Wallet
Premier Sedan,379.0,29.55,9.7,36.0,4.3,4.3,Credit Card
Uber XL,298.0,27.8,10.9,21.8,4.2,4.7,UPI
Go Mini,402.0,31.25,2.1,36.1,4.2,4.9,UPI
Go Sedan,391.0,27.04,5.1,26.0,4.5,4.5,UPI
Bike,572.0,34.56,4.3,26.0,3.8,4.6,UPI
Auto,424.0,19.4,14.9,25.4,4.3,4.8,Uber Wallet
Auto,245.0,29.47,9.7,18.2,4.6,4.8,Credit Card
Premier Sedan,204.0,32.36,12.8,18.5,4.3,4.8,UPI
Bike,240.0,13.81,11.4,43.2,4.9,4.0,Credit Card
Premier Sedan,778.0,20.11,13.4,42.7,3.8,4.0,UPI
Bike,579.0,28.18,8.9,20.9,3.6,5.0,Credit Card
Bike,241.0,48.43,12.1,39.0,4.6,4.0,Uber Wallet
Premier Sedan,193.0,10.19,4.3,28.8,4.7,4.9,Cash
Go Mini,289.0,27.18,4.3,41.4,4.5,5.0,Uber Wallet
Bike,223.0,23.78,11.1,26.0,4.2,3.7,Cash
Premier Sedan,118.0,31.34,2.8,31.8,3.6,4.7,Cash
Premier Sedan,85.0,11.26,13.3,26.0,4.1,5.0,Cash
Bike,354.0,25.62,9.0,24.1,4.3,4.9,UPI
eBike,650.0,44.81,9.0,38.5,3.7,4.1,Cash
Premier Sedan,1160.0,8.5,4.0,19.0,4.5,5.0,Debit Card
Go Mini,463.0,19.22,2.7,25.6,3.7,4.9,UPI
Uber XL,488.0,8.09,2.8,22.2,4.3,4.7,Uber Wallet
Auto,430.0,2.67,14.8,20.1,4.8,4.2,Credit Card
Go Mini,333.0,24.55,6.5,15.5,3.9,4.9,UPI
Auto,454.0,2.21,10.7,25.8,4.2,4.4,UPI
Go Mini,1052.0,47.46,11.1,26.0,4.3,5.0,Uber Wallet
Bike,161.0,45.66,12.9,30.2,4.8,3.5,UPI
Bike,550.0,29.19,6.1,37.5,4.2,4.4,UPI
Go Mini,123.0,30.67,2.5,39.5,4.3,4.9,UPI
Auto,475.0,3.92,5.8,26.3,4.8,3.0,UPI
Bike,572.0,19.12,13.4,20.8,4.3,3.9,UPI
Premier Sedan,969.0,25.98,12.2,18.6,4.3,4.8,Uber Wallet
Bike,465.0,9.47,9.2,42.9,3.7,4.2,Cash
Go Sedan,264.0,19.51,5.6,17.7,4.2,3.8,UPI
Bike,278.0,9.61,10.2,29.8,5.0,3.8,UPI
Auto,534.0,16.47,3.1,23.8,3.1,3.8,Cash
Auto,210.0,10.76,12.8,25.4,4.0,4.4,Uber Wallet
eBike,97.0,48.57,3.5,33.6,4.6,3.1,Uber Wallet
Go Sedan,2036.0,38.54,10.4,16.4,4.1,4.9,UPI
Premier Sedan,599.0,17.97,12.1,28.3,3.8,4.9,UPI
Bike,217.0,17.67,4.8,32.0,4.7,3.4,UPI
Go Mini,381.0,12.7,5.5,36.0,4.3,4.3,Debit Card
Auto,332.0,12.76,9.4,16.3,4.6,3.8,Cash
Auto,1210.0,32.01,9.0,39.6,4.3,4.8,UPI
Premier Sedan,871.0,43.31,3.1,31.8,4.3,4.2,Cash
Auto,199.0,22.24,3.9,23.0,4.9,4.4,Credit Card
Bike,1078.0,41.63,9.2,36.0,4.7,4.9,UPI
Go Sedan,624.0,20.65,11.3,45.0,4.6,4.9,Credit Card
Go Mini,113.0,34.73,6.0,23.1,4.2,4.5,Cash
Auto,857.0,37.95,6.4,30.4,4.2,4.6,UPI
Auto,891.0,41.78,7.0,24.2,3.8,3.9,Cash
eBike,499.0,46.57,12.5,21.2,4.3,4.3,Debit Card
Premier Sedan,3437.0,41.49,4.1,33.0,4.3,5.0,UPI
Go Sedan,950.0,35.52,2.8,19.7,4.6,4.2,Debit Card
Go Sedan,225.0,40.31,8.3,31.8,4.3,4.8,UPI
Go Mini,1051.0,19.8,14.7,19.8,4.6,4.1,UPI
Premier Sedan,1502.0,23.17,12.0,23.8,4.9,4.6,UPI
Premier Sedan,457.0,36.03,8.9,24.1,4.4,4.3,UPI
Auto,510.0,36.74,5.6,32.0,4.9,4.8,Credit Card
Auto,598.0,24.65,5.0,29.2,3.9,4.2,UPI
Premier Sedan,215.0,13.53,10.1,38.6,3.9,4.1,UPI
Auto,890.0,31.99,12.1,20.4,4.3,4.2,Debit Card
Auto,928.0,46.19,8.8,25.1,3.7,5.0,Debit Card
Go Sedan,742.0,21.7,6.1,19.1,5.0,4.6,Cash
Auto,67.0,49.85,2.5,37.3,4.1,4.8,UPI
Bike,145.0,20.62,8.0,19.7,4.2,4.9,UPI
Premier Sedan,690.0,35.27,4.5,41.7,3.7,3.1,Cash
Go Sedan,269.0,44.66,5.2,44.8,3.7,4.6,UPI
eBike,569.0,8.42,13.1,43.7,3.2,4.9,Debit Card
Go Sedan,350.0,40.21,13.5,18.0,4.7,4.9,UPI
Go Mini,121.0,3.79,11.1,26.6,4.2,4.6,UPI
Auto,2477.0,31.51,4.9,26.6,3.9,4.2,UPI
Bike,224.0,47.23,7.6,42.1,4.3,4.9,UPI
Go Mini,173.0,14.27,8.8,41.9,4.2,4.2,Cash
Go Mini,943.0,45.15,13.6,41.2,4.4,4.1,Cash
Auto,911.0,42.88,10.2,35.7,4.2,3.4,Debit Card
Bike,113.0,12.71,3.9,23.6,4.9,4.4,Credit Card
Premier Sedan,165.0,5.07,4.6,23.5,4.4,5.0,Cash
Premier Sedan,414.0,32.81,7.2,26.0,3.7,4.1,Uber Wallet
eBike,285.0,24.89,3.2,34.8,4.0,5.0,Cash
Go Mini,376.0,43.73,5.7,25.8,3.0,3.8,UPI
Bike,401.0,9.67,10.5,18.6,4.5,4.6,UPI
Auto,449.0,33.92,3.5,32.5,4.4,4.3,UPI
Premier Sedan,284.0,25.93,6.8,27.1,4.1,4.6,UPI
Premier Sedan,116.0,19.79,7.0,29.6,4.1,4.9,UPI
Bike,248.0,49.85,14.3,29.4,4.4,4.1,Cash
Auto,91.0,3.7,4.3,23.5,4.3,3.0,Cash
Go Sedan,791.0,20.04,2.8,19.9,4.7,4.2,Cash
Auto,76.0,38.1,7.8,35.5,3.9,4.6,Credit Card
Auto,902.0,25.19,11.1,29.9,4.9,4.9,Uber Wallet
eBike,1296.0,38.53,6.3,25.1,4.3,4.8,UPI
Bike,748.0,43.72,6.9,17.1,4.4,4.2,UPI
Go Sedan,755.0,27.2,14.9,37.4,3.2,4.7,Credit Card
Go Sedan,384.0,7.39,13.3,19.3,4.3,4.1,UPI
Go Mini,484.0,8.93,7.9,34.8,4.3,3.5,Credit Card
Go Sedan,359.0,15.12,14.5,21.2,3.7,4.6,Cash
Premier Sedan,530.0,20.13,9.1,33.0,3.1,4.8,UPI
Go Mini,826.0,16.12,12.1,34.8,4.2,4.1,Uber Wallet
Go Mini,931.0,30.48,7.8,38.7,4.3,5.0,Uber Wallet
Auto,337.0,4.04,10.7,22.9,3.8,4.2,Uber Wallet
Bike,428.0,12.2,9.7,30.4,4.4,4.8,Cash
Premier Sedan,490.0,38.42,2.5,23.2,3.9,4.1,Cash
Go Sedan,437.0,12.55,6.7,40.8,3.3,4.9,UPI
Go Mini,312.0,42.27,13.7,19.5,4.5,5.0,UPI
Go Sedan,305.0,21.47,5.8,38.3,4.1,5.0,Debit Card
Bike,443.0,41.78,5.5,42.8,4.6,5.0,Cash
Auto,836.0,48.58,14.5,27.5,3.8,4.3,Credit Card
Premier Sedan,295.0,11.26,5.6,36.1,3.3,4.2,Uber Wallet
Go Mini,312.0,5.62,12.5,36.1,4.4,4.3,Cash
Go Sedan,1440.0,36.97,5.2,23.1,3.7,4.3,Cash
Go Sedan,292.0,43.27,5.9,33.6,3.9,4.6,UPI
Go Sedan,324.0,26.68,7.3,28.0,4.9,4.8,UPI
Auto,211.0,48.53,2.7,36.0,4.9,4.7,UPI
Premier Sedan,679.0,25.38,11.8,15.8,3.9,4.5,UPI
Auto,210.0,40.7,8.0,30.3,4.1,4.3,Uber Wallet
eBike,388.0,13.83,7.4,24.7,4.4,3.7,Cash
Premier Sedan,2845.0,15.16,13.4,15.3,4.6,4.3,Debit Card
Auto,931.0,23.74,2.2,35.4,3.6,4.1,Uber Wallet
Go Mini,198.0,27.08,7.0,17.6,4.1,3.8,Uber Wallet
Premier Sedan,356.0,27.02,11.8,25.7,4.9,4.1,Cash
Bike,796.0,28.89,14.1,27.3,4.3,4.8,UPI
Bike,584.0,28.21,13.0,38.8,4.1,4.1,UPI
Auto,539.0,11.79,7.5,29.9,3.0,4.6,Credit Card
Go Mini,840.0,20.26,13.1,41.7,4.6,4.2,Uber Wallet
Bike,252.0,10.77,10.5,15.1,4.9,4.7,Cash
Premier Sedan,783.0,20.52,11.1,35.6,4.7,4.7,UPI
eBike,736.0,19.07,9.2,26.5,4.2,4.4,UPI
Auto,1537.0,35.2,15.0,37.1,4.5,5.0,Cash
Go Mini,194.0,38.74,7.0,33.2,4.4,4.4,Cash
Bike,962.0,35.11,4.4,18.0,4.3,4.4,Cash
Premier Sedan,809.0,24.99,13.7,20.0,4.8,4.5,Cash
Go Sedan,67.0,5.57,11.9,25.3,4.1,4.6,UPI
Auto,598.0,9.9,14.8,37.8,4.5,4.7,UPI
Go Sedan,601.0,18.6,13.5,32.9,4.4,4.3,UPI
Auto,820.0,17.34,2.1,22.5,4.9,3.0,UPI
Bike,461.0,7.65,6.0,38.4,3.4,4.3,Debit Card
Bike,284.0,3.3,10.5,27.4,4.2,4.3,Cash
Go Sedan,326.0,3.13,9.6,38.0,3.7,4.3,UPI
Auto,1197.0,16.85,11.4,18.2,4.3,4.2,Uber Wallet
Auto,453.0,44.48,4.1,42.5,4.7,4.3,Uber Wallet
Auto,149.0,6.79,12.9,17.5,4.1,4.9,UPI
Go Sedan,400.0,3.44,9.5,25.8,3.4,4.4,Cash
Go Sedan,262.0,46.55,2.9,33.4,3.2,4.2,UPI
Auto,308.0,47.2,11.4,20.9,3.1,4.1,UPI
eBike,312.0,17.55,5.0,25.8,4.0,4.1,UPI
Go Sedan,385.0,9.6,9.6,37.7,4.6,4.3,Cash
eBike,357.0,17.03,5.1,42.1,4.2,4.2,UPI
Go Mini,352.0,3.9,4.9,22.6,4.3,4.9,UPI
Bike,287.0,29.42,11.1,15.0,3.6,4.1,Credit Card
Go Mini,804.0,46.77,6.5,22.7,4.8,4.9,UPI
Auto,88.0,14.26,3.5,17.6,4.2,3.9,Cash
eBike,168.0,9.11,12.4,41.3,4.6,4.4,UPI
Premier Sedan,681.0,41.76,3.6,17.9,4.3,4.9,Uber Wallet
Bike,91.0,47.23,4.6,23.3,3.8,3.9,UPI
Premier Sedan,883.0,29.67,7.4,37.1,4.2,4.2,UPI
Go Sedan,812.0,19.27,6.7,25.1,4.8,4.9,UPI
Premier Sedan,3060.0,22.05,13.3,17.7,4.3,4.5,UPI
Go Sedan,1077.0,10.34,4.7,44.5,4.1,4.2,Cash
Go Sedan,236.0,39.79,8.1,36.2,4.2,4.2,UPI
Auto,267.0,16.83,14.1,43.6,4.6,4.5,Cash
Auto,81.0,48.42,14.2,29.8,4.2,4.6,UPI
eBike,620.0,38.85,3.7,23.2,4.6,4.2,Credit Card
Premier Sedan,931.0,31.25,8.5,34.3,4.2,5.0,Uber Wallet
Auto,228.0,42.56,6.2,28.8,3.8,4.2,Cash
Premier Sedan,330.0,15.63,8.1,37.4,4.2,4.8,Credit Card
Premier Sedan,524.0,7.09,14.2,19.8,4.4,3.1,Uber Wallet
Bike,188.0,31.76,13.0,32.6,4.9,4.3,UPI
Auto,1397.0,30.3,6.1,37.2,4.9,4.2,UPI
Go Mini,280.0,39.67,9.5,31.4,3.7,4.1,UPI
Auto,227.0,30.11,9.0,25.9,4.2,4.1,UPI
Go Mini,362.0,12.68,6.7,30.1,3.5,3.9,UPI
Uber XL,225.0,25.26,8.4,35.3,4.6,4.2,UPI
Go Sedan,119.0,17.7,7.9,43.8,3.1,5.0,Cash
Auto,426.0,46.56,3.1,40.2,3.4,4.2,UPI
Go Mini,978.0,49.55,6.1,31.6,4.7,4.1,UPI
Bike,525.0,11.16,14.1,27.4,4.4,4.4,Uber Wallet
Auto,362.0,37.81,11.9,40.9,4.1,4.6,Uber Wallet
Auto,655.0,30.4,7.1,32.7,3.2,4.8,UPI
Auto,125.0,28.67,12.1,37.3,4.4,5.0,UPI
Go Mini,695.0,16.31,11.9,24.6,4.4,3.7,Credit Card
Go Mini,189.0,8.42,10.1,23.3,3.8,5.0,Cash
Auto,978.0,7.94,13.1,40.9,3.8,4.4,Uber Wallet
Auto,283.0,15.56,4.0,43.9,4.8,4.2,Cash
Go Mini,599.0,32.88,4.9,26.7,4.4,4.7,UPI
Auto,326.0,24.37,9.4,37.5,4.0,4.3,Debit Card
Premier Sedan,212.0,35.64,10.8,26.2,3.7,4.6,Uber Wallet
Bike,185.0,36.65,3.5,33.7,4.2,4.6,Uber Wallet
Go Mini,662.0,18.7,7.9,37.2,4.4,4.9,UPI
Go Mini,831.0,5.86,10.4,38.7,4.1,3.8,Cash
Auto,375.0,33.56,13.9,18.5,4.6,4.4,Cash
Go Sedan,492.0,27.07,4.5,35.8,4.3,4.2,Uber Wallet
Auto,992.0,3.14,4.5,20.5,4.4,4.1,UPI
Go Mini,613.0,13.86,10.8,41.3,4.4,4.3,Cash
Go Sedan,138.0,32.38,6.2,43.6,3.7,4.8,Cash
Auto,753.0,23.49,10.6,31.7,4.2,5.0,UPI
Premier Sedan,91.0,30.93,4.0,30.3,4.4,4.9,Cash
Auto,132.0,10.76,6.4,29.4,4.7,3.8,UPI
Go Sedan,162.0,28.16,14.3,19.3,3.6,4.9,Cash
Go Mini,242.0,23.35,2.7,20.5,3.2,4.2,UPI
Go Sedan,485.0,9.97,14.7,42.1,4.4,4.8,Uber Wallet
Go Sedan,309.0,14.73,7.1,33.1,4.6,3.8,Uber Wallet
eBike,144.0,48.97,10.1,15.7,4.5,4.2,UPI
Auto,753.0,18.14,10.2,23.6,4.2,5.0,UPI
Go Mini,481.0,33.94,8.6,25.5,4.7,4.8,Cash
Bike,951.0,41.67,3.5,24.9,3.2,4.7,Cash
Premier Sedan,567.0,19.95,3.5,16.0,3.9,4.9,UPI
Auto,85.0,35.22,4.3,24.6,4.3,3.6,UPI
Go Mini,1162.0,47.53,9.5,38.7,4.5,4.4,UPI
Auto,305.0,5.04,10.7,33.7,4.1,4.7,UPI
Auto,377.0,17.12,5.3,31.2,4.2,4.2,Cash
Bike,133.0,29.24,3.8,33.1,4.1,4.5,Debit Card
Uber XL,427.0,3.51,5.8,20.0,3.2,4.6,Cash
Go Mini,107.0,20.22,10.6,22.7,4.4,5.0,UPI
Bike,357.0,27.22,8.4,33.2,4.8,4.2,UPI
Auto,269.0,34.42,7.2,36.7,3.2,4.2,Credit Card
Bike,257.0,3.98,9.8,17.3,4.4,4.7,Cash
Go Mini,1040.0,46.06,4.1,15.6,4.5,3.5,Credit Card
Bike,198.0,10.46,7.9,33.9,4.2,4.5,Credit Card
Go Mini,548.0,34.49,11.5,24.8,4.9,4.3,UPI
Go Sedan,273.0,31.65,4.4,32.0,4.9,4.6,UPI
Go Mini,320.0,22.19,7.3,30.7,4.3,4.9,UPI
Bike,376.0,49.09,3.6,22.4,3.1,4.4,UPI
Bike,611.0,6.6,8.4,41.9,4.4,3.9,UPI
Auto,258.0,17.27,4.9,42.8,3.7,3.3,Uber Wallet
Premier Sedan,545.0,43.03,3.7,23.9,4.2,4.1,Cash
Go Mini,181.0,36.66,10.0,23.5,4.3,4.6,Cash
Go Sedan,789.0,39.74,4.5,40.3,4.2,4.5,UPI
Premier Sedan,211.0,5.55,12.3,38.6,4.6,3.7,Cash
Go Sedan,727.0,31.86,9.5,44.9,3.2,3.2,UPI
Premier Sedan,357.0,22.29,8.5,33.5,4.6,4.2,Credit Card
Premier Sedan,334.0,40.56,14.9,39.4,4.2,4.3,UPI
Go Sedan,103.0,44.84,8.6,20.2,4.2,4.9,UPI
Premier Sedan,1362.0,46.3,2.9,15.5,5.0,4.6,UPI
eBike,625.0,43.4,14.4,21.5,3.8,4.8,Cash
Go Mini,469.0,14.57,5.2,17.6,3.8,4.4,Debit Card
Go Mini,386.0,23.53,9.0,36.7,3.7,4.9,UPI
Premier Sedan,857.0,12.66,9.7,35.3,3.3,4.3,Debit Card
Bike,166.0,2.97,12.7,16.6,4.0,4.3,Cash
Bike,218.0,27.72,4.6,17.9,4.2,4.3,UPI
Auto,690.0,33.48,13.9,21.2,3.8,4.1,UPI
Go Mini,546.0,41.19,4.9,31.6,4.8,4.2,Cash
Bike,384.0,25.48,12.7,42.3,3.8,3.7,UPI
Go Sedan,1514.0,42.73,9.8,32.5,4.9,4.3,UPI
Auto,176.0,13.64,12.3,30.2,4.2,4.3,Credit Card
Go Mini,110.0,3.91,6.2,15.3,4.5,4.2,Cash
Bike,764.0,28.39,3.2,37.9,4.6,4.6,UPI
Go Sedan,138.0,40.08,10.3,36.2,4.6,4.6,UPI
Auto,310.0,20.44,7.0,40.9,4.1,4.3,Uber Wallet
Auto,372.0,36.57,3.7,38.5,4.6,4.2,UPI
Auto,306.0,2.66,5.9,16.9,4.3,4.3,UPI
Go Sedan,374.0,48.7,9.3,15.6,4.2,4.4,Cash
Bike,507.0,12.33,12.6,38.3,4.2,3.8,Credit Card
Go Mini,972.0,18.66,4.2,31.1,4.3,4.5,Cash
Bike,898.0,12.86,13.9,39.3,3.7,3.7,UPI
Auto,580.0,8.36,10.5,30.9,3.2,4.8,UPI
Auto,390.0,29.83,13.4,34.9,4.6,4.2,Uber Wallet
Premier Sedan,872.0,16.94,5.2,15.6,4.2,4.9,Cash
Go Mini,408.0,49.38,5.9,40.7,3.6,4.9,Cash
Go Sedan,1038.0,32.08,4.0,26.2,4.4,4.9,UPI
Premier Sedan,212.0,29.99,12.2,18.7,4.3,5.0,UPI
Go Sedan,785.0,20.34,12.3,18.6,4.6,4.1,UPI
Premier Sedan,1828.0,6.2,7.1,38.3,4.3,4.3,UPI
Bike,953.0,22.88,7.9,25.8,5.0,4.4,UPI
Go Mini,153.0,4.55,4.7,42.4,4.2,4.5,UPI
Premier Sedan,76.0,30.74,11.6,17.2,4.7,4.7,UPI
Go Mini,446.0,36.57,12.3,15.7,4.9,4.7,Debit Card
Go Mini,91.0,31.15,14.1,33.9,3.9,4.3,UPI
Premier Sedan,337.0,32.1,7.5,27.5,4.2,4.9,Cash
Auto,110.0,26.86,2.8,34.8,4.4,4.2,Credit Card
Go Sedan,470.0,32.04,8.4,17.9,4.5,4.8,Cash
Go Mini,915.0,33.55,2.9,27.1,4.9,4.3,Debit Card
Go Sedan,341.0,21.23,12.3,23.8,4.3,4.9,Debit Card
Premier Sedan,246.0,10.36,5.2,35.7,4.2,4.6,Uber Wallet
Bike,500.0,41.81,11.6,23.0,4.3,4.4,Debit Card
Premier Sedan,1110.0,31.02,13.8,37.7,4.6,4.8,UPI
Go Sedan,55.0,40.47,8.9,23.7,4.1,4.3,Credit Card
Auto,744.0,20.1,6.7,41.7,4.7,4.4,UPI
Bike,57.0,6.71,5.8,38.0,4.3,4.9,UPI
eBike,199.0,8.46,3.1,30.3,4.6,3.3,Credit Card
Go Sedan,330.0,33.37,8.6,30.3,3.5,4.9,Cash
Auto,457.0,19.33,5.1,34.9,4.2,5.0,UPI
Auto,209.0,6.28,9.8,31.2,4.3,5.0,UPI
Go Mini,627.0,25.88,5.3,18.9,4.3,4.3,UPI
Auto,421.0,5.07,2.0,26.6,4.3,4.3,Credit Card
Premier Sedan,146.0,44.92,3.7,43.7,4.4,4.4,UPI
Auto,519.0,16.3,2.2,35.4,4.6,4.2,UPI
Go Sedan,679.0,19.59,13.6,19.9,4.6,4.3,UPI
Go Sedan,1103.0,6.76,2.4,25.0,4.2,4.1,Debit Card
Bike,204.0,7.23,10.7,26.3,4.5,4.7,UPI
Go Mini,274.0,7.81,14.5,20.0,4.6,3.7,Credit Card
Bike,743.0,23.38,13.2,24.1,4.6,4.6,UPI
Auto,663.0,45.75,14.3,37.6,4.1,5.0,Uber Wallet
Go Mini,580.0,38.08,9.9,28.7,3.8,4.5,Uber Wallet
Go Mini,1447.0,43.04,13.4,37.5,3.6,4.4,Cash
Uber XL,205.0,12.59,14.9,20.2,4.2,4.4,UPI
Auto,386.0,48.95,3.8,34.6,4.1,4.6,Cash
Bike,74.0,19.36,9.6,32.5,5.0,4.2,Credit Card
Go Mini,421.0,39.96,8.1,36.8,4.9,3.1,Cash
Go Mini,745.0,12.82,11.1,15.2,4.7,3.9,Cash
Premier Sedan,428.0,2.08,13.5,41.2,4.3,4.5,UPI
Go Sedan,377.0,39.04,8.2,36.8,3.9,4.9,UPI
Go Mini,464.0,9.92,14.3,43.7,4.1,4.1,Cash
Bike,622.0,12.01,11.6,21.4,4.9,4.9,Uber Wallet
Go Mini,199.0,25.92,4.5,30.1,4.5,4.7,Cash
Go Mini,906.0,6.57,7.6,22.4,4.2,4.6,UPI
Premier Sedan,679.0,8.95,6.0,17.5,4.3,3.5,Credit Card
Auto,363.0,23.87,3.7,22.2,4.6,3.8,UPI
Go Mini,631.0,3.29,4.0,43.7,3.5,4.1,UPI
Auto,511.0,40.83,13.6,20.0,4.8,3.5,UPI
Go Mini,464.0,12.54,12.4,41.1,3.2,4.9,UPI
Auto,343.0,6.15,2.8,28.4,3.8,4.4,UPI
Premier Sedan,786.0,4.87,9.1,30.7,4.1,3.8,UPI
Premier Sedan,193.0,3.77,4.6,32.6,4.6,4.9,UPI
Auto,311.0,19.88,7.0,30.5,4.3,4.2,Credit Card
Go Mini,441.0,21.12,10.7,33.6,3.9,4.2,Credit Card
Uber XL,291.0,18.33,12.4,23.3,3.7,4.2,UPI
Bike,479.0,24.17,10.6,27.6,3.6,4.6,UPI
Go Sedan,400.0,48.44,9.2,26.7,4.1,4.1,Debit Card
Premier Sedan,709.0,22.84,12.4,39.2,3.8,4.2,UPI
Auto,361.0,36.15,13.0,26.7,4.2,4.4,Credit Card
Auto,488.0,26.42,11.1,22.9,4.6,3.2,Credit Card
Auto,1385.0,26.21,13.8,44.9,4.3,3.9,Cash
Auto,355.0,33.49,11.7,43.2,3.7,4.6,Debit Card
eBike,466.0,10.38,7.6,25.4,4.5,4.4,UPI
Go Sedan,89.0,31.69,8.5,35.3,4.2,3.4,Cash
Go Sedan,184.0,30.69,12.8,41.4,4.2,4.9,Uber Wallet
Bike,478.0,4.28,5.2,38.4,4.0,4.3,Credit Card
Go Sedan,422.0,16.88,4.8,27.9,4.3,3.7,Cash
Go Mini,412.0,16.52,13.8,21.6,4.2,5.0,UPI
Bike,1403.0,39.15,7.3,44.6,4.3,4.3,Cash
Go Mini,73.0,39.85,3.8,26.1,4.1,4.8,UPI
Go Mini,853.0,10.86,14.5,37.1,4.4,4.6,Uber Wallet
Auto,579.0,35.5,11.0,37.5,4.4,4.2,UPI
Premier Sedan,357.0,43.65,10.5,43.7,4.9,4.5,Uber Wallet
Go Sedan,540.0,15.28,13.1,37.7,4.6,4.8,UPI
Bike,320.0,6.01,8.8,21.3,3.9,4.7,UPI
Go Sedan,188.0,6.26,11.5,17.0,3.8,4.2,Debit Card
Bike,488.0,39.57,2.4,31.5,4.6,4.8,Credit Card
eBike,375.0,27.44,3.2,36.8,4.3,4.7,UPI
Go Sedan,162.0,48.4,6.7,44.2,4.3,4.2,Debit Card
Premier Sedan,86.0,40.11,13.0,38.7,4.2,4.3,UPI
Auto,995.0,19.28,6.0,42.4,4.1,3.7,Credit Card
Bike,85.0,37.6,2.6,44.5,4.5,4.2,UPI
Go Mini,959.0,27.72,6.0,40.0,4.7,5.0,Cash
Auto,492.0,49.31,7.6,21.6,3.3,4.6,UPI
Go Sedan,149.0,18.6,6.0,27.0,4.2,4.2,Debit Card
eBike,458.0,40.48,2.1,15.4,3.6,4.2,Uber Wallet
Premier Sedan,596.0,17.58,14.5,21.0,4.2,4.5,UPI
Go Mini,1758.0,33.08,4.2,34.7,4.5,4.2,UPI
Bike,486.0,38.44,6.9,24.3,4.2,4.8,Uber Wallet
Go Mini,948.0,26.18,14.4,18.3,4.2,3.6,Debit Card
Go Sedan,660.0,38.34,13.7,26.7,4.5,4.2,Cash
Go Mini,239.0,44.63,13.3,24.4,4.6,4.9,UPI
Go Mini,447.0,46.78,14.0,44.2,4.3,4.5,UPI
Bike,129.0,20.86,3.4,29.6,4.3,4.5,UPI
Go Mini,376.0,16.14,4.2,40.1,4.6,4.6,Uber Wallet
eBike,54.0,40.45,3.1,34.0,4.3,5.0,Uber Wallet
Premier Sedan,635.0,37.37,5.8,38.9,4.3,4.6,UPI
Go Sedan,1300.0,38.56,12.9,33.0,3.3,3.0,Credit Card
Premier Sedan,457.0,45.49,10.6,33.0,4.1,4.3,Credit Card
Auto,1300.0,33.65,13.0,24.3,4.3,4.2,UPI
Go Sedan,638.0,2.66,11.6,29.8,3.0,3.9,Credit Card
Go Sedan,390.0,16.62,12.1,35.4,4.2,3.3,UPI
Go Mini,482.0,18.33,7.7,44.5,3.7,4.3,UPI
Go Sedan,1008.0,20.61,4.1,35.0,4.3,4.2,UPI
eBike,470.0,42.83,12.6,34.5,4.7,3.6,Cash
Premier Sedan,652.0,21.66,13.4,16.3,4.5,4.3,Cash
Auto,259.0,18.68,10.8,17.0,3.3,4.2,Credit Card
Go Sedan,364.0,7.87,9.9,25.6,4.7,4.2,Uber Wallet
Bike,1250.0,47.11,9.0,34.1,4.4,4.6,UPI
Auto,733.0,42.5,14.4,16.5,4.4,4.2,UPI
Go Sedan,88.0,29.49,5.4,37.7,4.6,4.1,UPI
Bike,804.0,45.63,7.2,21.1,4.6,4.3,Uber Wallet
Go Sedan,1088.0,21.36,2.2,25.8,4.4,4.2,Uber Wallet
Auto,1308.0,40.5,7.3,44.9,4.2,4.6,UPI
Go Mini,216.0,41.81,3.5,26.7,4.7,4.9,Cash
Premier Sedan,473.0,39.56,7.5,27.3,3.9,4.9,UPI
Go Sedan,298.0,4.11,14.3,43.7,3.7,4.6,Credit Card
Go Sedan,691.0,8.65,11.1,36.1,5.0,5.0,UPI
Go Sedan,228.0,48.3,8.2,26.0,4.2,4.8,Cash
Premier Sedan,972.0,21.69,12.4,16.6,3.9,4.9,Cash
Go Sedan,286.0,26.58,10.1,30.3,4.8,4.5,UPI
Go Sedan,658.0,34.63,3.0,33.7,4.1,4.9,UPI
Go Sedan,72.0,35.31,4.5,44.6,4.9,3.8,Cash
Auto,752.0,39.24,13.9,44.8,4.0,3.8,Uber Wallet
Go Mini,215.0,25.8,9.7,17.3,3.9,4.1,Cash
Go Mini,193.0,22.49,14.5,30.8,4.9,4.9,Cash
Auto,223.0,24.74,14.4,36.8,3.9,4.0,UPI
eBike,75.0,2.04,7.5,44.9,4.1,4.8,Uber Wallet
Go Mini,917.0,28.52,12.0,20.1,4.1,4.9,UPI
Go Mini,129.0,22.38,9.7,44.4,4.2,4.2,UPI
Go Sedan,160.0,24.93,8.2,39.2,4.1,4.2,UPI
Uber XL,60.0,21.24,13.2,40.5,4.3,3.9,Uber Wallet
Go Mini,233.0,37.06,7.4,17.2,4.7,4.0,Credit Card
Auto,869.0,49.86,7.4,22.9,4.2,4.2,UPI
Bike,779.0,49.91,7.3,32.8,4.8,4.5,UPI
Premier Sedan,206.0,47.8,8.7,35.9,4.2,4.3,Credit Card
Go Mini,910.0,5.97,11.1,40.9,4.2,4.6,UPI
Bike,133.0,27.35,10.9,24.2,4.4,4.4,Cash
Auto,991.0,22.22,12.3,23.2,4.3,4.2,Debit Card
Bike,423.0,20.36,9.4,33.0,3.3,4.9,UPI
Auto,360.0,29.71,4.5,23.3,4.3,3.3,UPI
Bike,413.0,17.77,10.8,23.5,3.8,4.9,UPI
Uber XL,930.0,27.05,14.4,25.3,4.2,4.2,Uber Wallet
Auto,380.0,30.74,4.0,24.1,3.6,4.2,UPI
eBike,89.0,35.04,2.9,39.0,4.7,4.4,Credit Card
Premier Sedan,771.0,36.7,2.3,33.8,3.5,4.6,UPI
Auto,438.0,8.97,4.6,27.0,4.0,5.0,UPI
Go Mini,1049.0,5.42,4.3,15.7,3.2,4.6,UPI
Auto,611.0,4.87,6.5,40.5,4.3,4.3,Credit Card
Go Sedan,807.0,43.22,9.4,36.9,4.1,4.8,Cash
Auto,70.0,26.34,12.2,31.9,3.4,4.6,Cash
Auto,498.0,38.71,2.6,22.7,4.2,5.0,UPI
Premier Sedan,691.0,34.68,4.2,37.6,4.7,4.4,Cash
Premier Sedan,394.0,4.18,10.5,41.6,4.6,4.3,Cash
eBike,287.0,31.0,13.5,31.0,4.4,4.6,UPI
Auto,762.0,21.35,3.8,31.4,3.4,4.3,UPI
Auto,493.0,11.56,9.8,24.3,3.1,4.7,UPI
Auto,237.0,30.21,9.9,41.6,4.1,3.8,UPI
Go Mini,1265.0,37.74,11.3,40.0,4.6,4.2,UPI
Premier Sedan,190.0,10.23,9.2,28.2,4.3,4.1,UPI
Auto,217.0,22.75,13.2,27.0,3.1,4.2,Credit Card
Auto,612.0,18.45,9.1,44.0,4.3,5.0,UPI
Bike,55.0,40.57,13.6,32.5,4.3,4.3,UPI
Go Mini,1463.0,22.44,11.5,39.8,4.6,3.1,UPI
Go Sedan,550.0,2.01,3.3,17.0,4.1,4.2,Debit Card
Auto,671.0,21.53,6.0,20.7,4.2,3.8,UPI
eBike,849.0,7.16,13.9,23.9,4.7,4.2,Debit Card
Uber XL,681.0,47.77,9.0,41.8,3.8,4.6,Uber Wallet
Auto,481.0,23.98,9.2,32.8,4.1,4.3,UPI
Go Mini,819.0,35.86,6.2,31.5,4.4,4.9,UPI
Bike,360.0,21.49,14.2,19.2,4.2,4.2,UPI
Premier Sedan,263.0,4.5,13.0,36.0,4.6,3.9,Debit Card
Bike,1011.0,38.44,4.8,16.6,4.7,4.0,UPI
Auto,953.0,40.75,7.5,26.0,4.1,3.4,UPI
Premier Sedan,369.0,42.57,7.9,38.0,4.3,4.1,Cash
Go Sedan,304.0,15.84,8.8,30.8,4.3,3.3,UPI
Auto,151.0,49.87,6.4,18.3,5.0,4.1,UPI
Auto,659.0,48.34,11.7,36.2,3.5,3.7,Cash
Auto,715.0,8.71,2.7,17.8,3.2,4.7,Cash
Go Mini,343.0,45.21,13.5,35.6,4.6,4.4,Cash
Go Sedan,707.0,21.05,7.8,43.3,4.4,5.0,UPI
Bike,939.0,47.2,12.3,19.1,4.2,4.6,Cash
Auto,346.0,34.09,2.6,34.2,4.0,4.4,Uber Wallet
Auto,506.0,24.47,7.6,41.5,4.6,5.0,UPI
Auto,365.0,11.32,12.7,22.6,3.8,4.6,Debit Card
Go Mini,106.0,46.0,3.4,26.2,5.0,4.6,UPI
Go Sedan,987.0,3.2,3.8,36.9,4.7,5.0,UPI
Go Mini,1353.0,47.69,5.4,28.6,4.3,4.5,Cash
Auto,140.0,31.91,11.3,21.8,3.2,4.5,UPI
Auto,172.0,20.88,11.4,15.6,4.2,4.9,Cash
Premier Sedan,139.0,10.02,3.2,18.9,4.6,4.2,UPI
Auto,528.0,17.77,11.1,17.8,4.1,4.9,UPI
Go Mini,399.0,44.08,4.4,23.3,3.9,4.5,UPI
Premier Sedan,230.0,47.61,6.1,32.0,4.6,4.9,UPI
Auto,812.0,12.3,12.9,28.3,4.9,4.4,Cash
Auto,1118.0,19.93,4.1,26.3,4.3,4.6,UPI
Go Sedan,366.0,36.73,6.9,22.5,3.9,5.0,Uber Wallet
Go Mini,186.0,48.23,4.0,15.7,3.9,4.2,UPI
eBike,471.0,49.85,7.1,25.4,4.8,4.5,UPI
Auto,341.0,47.85,12.2,36.8,4.2,5.0,UPI
Go Mini,568.0,28.46,2.4,28.3,4.2,4.9,Debit Card
Uber XL,334.0,43.59,12.2,16.7,4.9,4.4,UPI
Uber XL,759.0,36.28,14.7,31.9,3.8,4.2,Debit Card
Auto,753.0,18.9,12.3,19.8,4.4,3.3,Debit Card
Auto,637.0,35.82,7.2,22.4,4.4,4.6,UPI
Go Mini,370.0,37.21,6.4,40.0,3.6,4.3,Credit Card
eBike,229.0,17.48,13.9,23.6,3.7,3.9,Cash
Bike,726.0,38.92,7.4,33.8,3.7,3.1,UPI
Auto,614.0,23.81,14.8,23.3,4.3,4.3,Debit Card
Premier Sedan,302.0,19.31,5.7,28.2,3.9,3.4,Cash
Bike,199.0,36.88,4.4,41.7,4.9,4.9,Cash
Go Sedan,925.0,8.71,5.2,31.2,4.4,4.6,Uber Wallet
Bike,120.0,37.29,14.9,41.4,4.2,4.9,Cash
Auto,375.0,19.83,9.7,21.2,4.6,4.5,UPI
eBike,805.0,6.61,11.7,21.8,4.3,4.9,UPI
Premier Sedan,327.0,9.21,5.6,36.4,4.7,4.6,UPI
Bike,149.0,45.07,11.6,31.2,4.3,3.6,Credit Card
Uber XL,941.0,38.09,5.5,29.1,4.9,3.6,Cash
Bike,176.0,47.69,12.6,15.6,4.2,4.4,UPI
Auto,360.0,41.82,4.3,39.6,4.3,3.7,Uber Wallet
eBike,116.0,45.05,8.2,43.5,4.3,4.7,Cash
Premier Sedan,645.0,35.26,6.6,26.1,3.3,3.1,UPI
Auto,194.0,24.13,6.8,27.2,4.2,4.6,Cash
Go Mini,471.0,43.22,10.2,16.2,4.3,4.8,UPI
Go Mini,622.0,20.42,8.4,36.2,3.4,4.6,UPI
Go Mini,1096.0,32.85,8.1,22.0,4.3,4.2,UPI
Premier Sedan,566.0,43.98,8.4,28.0,5.0,4.9,Credit Card
Bike,539.0,46.5,14.9,25.0,4.0,4.2,Credit Card
Go Mini,111.0,19.7,10.0,18.5,5.0,4.5,Cash
Bike,248.0,24.3,9.3,24.7,4.8,4.8,Debit Card
Auto,160.0,44.96,8.5,15.5,4.0,4.0,Cash
Uber XL,433.0,9.94,12.4,18.2,4.2,4.7,Cash
Auto,324.0,9.49,2.3,30.5,3.9,4.5,UPI
Bike,546.0,24.88,14.9,20.6,4.4,4.6,Cash
Bike,346.0,30.53,7.4,27.3,3.1,4.8,UPI
Bike,1160.0,10.9,6.8,20.4,3.9,4.3,UPI
Go Mini,698.0,29.24,12.0,19.6,4.2,3.6,Credit Card
Bike,950.0,13.15,7.9,22.0,4.5,4.0,Uber Wallet
Go Sedan,56.0,23.58,8.6,29.0,4.7,4.4,Cash
Auto,498.0,31.45,10.2,24.5,4.4,5.0,UPI
eBike,233.0,25.66,10.4,41.9,3.1,4.5,Credit Card
Auto,1291.0,24.9,5.3,44.0,4.4,4.1,Cash
Go Sedan,407.0,36.88,9.5,41.2,4.7,4.9,Cash
Go Sedan,920.0,4.32,5.7,18.4,5.0,4.9,UPI
Auto,130.0,19.74,7.7,40.3,4.2,4.6,Debit Card
Go Sedan,1483.0,11.07,6.9,18.9,4.2,3.7,UPI
Auto,354.0,26.13,8.9,29.1,3.3,4.9,UPI
Uber XL,1396.0,47.79,3.6,23.4,4.1,4.5,Cash
Uber XL,90.0,2.06,9.7,27.6,5.0,4.9,UPI
Bike,282.0,2.95,13.5,15.0,4.6,4.5,Cash
eBike,193.0,29.35,10.2,39.6,3.1,3.5,UPI
eBike,491.0,21.04,14.3,21.8,4.4,4.3,UPI
Go Sedan,116.0,37.84,6.1,26.1,3.4,4.6,Cash
Auto,451.0,47.13,12.0,22.5,4.2,4.6,Cash
Premier Sedan,424.0,28.17,8.1,44.9,4.6,3.2,UPI
Auto,108.0,49.96,4.4,16.2,4.6,3.4,Cash
Go Mini,759.0,37.32,5.6,20.4,4.2,4.9,UPI
Auto,148.0,10.96,3.0,44.8,4.7,4.6,Uber Wallet
Go Sedan,444.0,41.24,3.4,37.4,4.4,4.7,Cash
Bike,1394.0,24.56,3.1,28.1,4.3,4.2,UPI
Bike,823.0,21.71,12.7,31.5,3.3,3.1,UPI
Auto,562.0,28.65,12.8,41.6,4.3,3.4,UPI
Go Mini,57.0,7.23,10.2,16.9,3.2,4.5,UPI
Go Sedan,656.0,20.62,9.4,26.0,4.2,4.5,Uber Wallet
Go Mini,1395.0,3.69,13.6,43.9,4.1,4.4,Uber Wallet
Bike,128.0,6.81,14.9,16.8,4.3,4.9,Cash
eBike,728.0,9.03,11.5,31.5,4.6,4.6,Uber Wallet
Bike,234.0,21.61,14.2,35.0,4.9,5.0,Cash
Bike,92.0,4.0,7.8,27.6,4.7,4.9,Credit Card
Auto,193.0,34.57,9.0,17.9,4.2,4.3,Cash
eBike,463.0,33.87,3.7,25.5,4.4,4.5,UPI
Auto,250.0,40.3,9.7,39.8,3.5,3.9,UPI
Go Mini,442.0,35.12,11.5,29.8,4.7,4.2,UPI
Auto,358.0,24.83,5.6,40.1,4.7,4.8,UPI
Bike,235.0,15.82,12.4,21.1,4.7,5.0,UPI
Go Sedan,227.0,29.86,13.2,29.0,3.2,3.9,UPI
eBike,159.0,22.45,8.7,44.0,4.2,5.0,UPI
Auto,50.0,38.54,8.4,36.9,4.7,4.1,UPI
Bike,982.0,30.73,12.6,43.4,3.2,4.9,UPI
Auto,162.0,44.36,4.6,36.9,4.2,3.8,Cash
Uber XL,716.0,40.4,5.3,26.7,4.5,4.2,UPI
Go Mini,319.0,30.65,3.8,41.4,4.3,4.1,Debit Card
Go Mini,795.0,18.88,10.6,20.4,3.9,3.8,UPI
Go Sedan,658.0,41.46,14.0,26.2,4.2,4.2,UPI
Auto,432.0,28.57,6.0,25.3,4.2,4.2,Cash
Premier Sedan,1155.0,14.42,3.6,44.1,4.6,4.3,Uber Wallet
Bike,101.0,20.88,9.0,32.0,3.1,3.6,UPI
Go Mini,493.0,35.91,4.5,19.2,4.4,5.0,Uber Wallet
Go Mini,1515.0,49.54,4.8,35.8,3.9,3.9,UPI
Bike,1138.0,36.24,4.4,34.3,4.1,4.3,UPI
Go Mini,220.0,19.29,4.8,29.1,4.9,5.0,UPI
Auto,182.0,29.55,10.3,16.0,4.6,4.9,UPI
Bike,299.0,29.13,4.4,27.9,4.2,4.7,Uber Wallet
Go Sedan,921.0,12.71,12.9,16.3,3.9,4.5,UPI
Bike,240.0,38.16,4.6,26.9,3.8,4.3,Cash
Bike,985.0,12.22,12.5,37.3,4.3,3.9,Cash
Go Sedan,603.0,19.63,12.8,33.8,4.0,4.8,Cash
Go Mini,305.0,2.78,6.9,15.8,4.2,4.1,UPI
Bike,175.0,12.32,3.4,26.2,4.2,4.5,UPI
Go Sedan,344.0,12.42,12.9,18.9,4.3,5.0,Cash
Go Mini,1044.0,10.1,4.2,15.6,4.4,4.2,Debit Card
Auto,690.0,38.25,10.0,37.2,4.7,4.6,UPI
Premier Sedan,325.0,30.44,3.4,15.3,3.7,4.3,Uber Wallet
Auto,376.0,29.59,4.4,26.3,3.9,4.4,Credit Card
Auto,774.0,20.89,14.8,38.5,4.6,5.0,Cash
Go Sedan,362.0,21.72,6.8,33.9,4.4,4.1,UPI
Go Mini,969.0,33.52,5.5,35.1,4.2,4.2,Cash
Auto,431.0,6.85,6.7,44.2,4.3,4.3,UPI
Go Mini,625.0,30.67,14.4,15.3,4.2,4.7,Cash
Bike,80.0,33.5,7.0,25.5,3.7,4.5,Debit Card
Bike,374.0,25.27,13.2,22.0,4.2,3.8,UPI
Go Sedan,299.0,33.87,8.2,30.3,4.6,5.0,Debit Card
Bike,821.0,3.86,7.6,41.6,3.7,4.9,Uber Wallet
Auto,231.0,26.34,6.2,32.3,4.5,3.8,UPI
Auto,131.0,18.79,12.3,20.0,3.8,3.8,Uber Wallet
Premier Sedan,100.0,38.98,10.5,29.0,4.8,4.3,UPI
Bike,756.0,30.77,2.5,44.1,3.7,4.2,Credit Card
Premier Sedan,709.0,33.56,13.6,22.0,4.3,4.1,Uber Wallet
Premier Sedan,429.0,42.09,10.4,21.7,4.3,4.9,UPI
Auto,181.0,28.39,5.5,18.6,3.1,4.9,Cash
Go Sedan,145.0,6.01,14.7,35.6,4.2,4.8,Cash
Bike,194.0,29.24,12.6,15.9,3.9,4.6,Uber Wallet
Auto,615.0,12.31,11.6,16.8,4.6,4.2,UPI
Go Sedan,211.0,46.5,6.6,40.2,5.0,4.9,UPI
Bike,396.0,3.78,6.5,30.2,4.6,4.3,UPI
Go Mini,635.0,24.19,12.3,29.0,3.8,4.3,Cash
Go Mini,1409.0,3.6,7.6,37.5,4.9,4.4,Cash
Premier Sedan,603.0,4.73,9.3,40.1,4.6,4.4,Credit Card
Go Mini,521.0,5.73,14.9,43.6,4.3,4.1,UPI
Premier Sedan,159.0,7.27,4.5,18.5,4.3,4.4,Uber Wallet
eBike,184.0,21.44,14.2,36.9,4.2,4.9,Cash
Go Sedan,1633.0,33.04,13.0,18.5,4.6,4.2,Credit Card
Bike,342.0,5.34,8.2,19.0,4.9,4.5,UPI
Go Sedan,129.0,6.16,9.3,17.1,4.4,3.9,UPI
Premier Sedan,239.0,8.41,14.4,35.1,4.2,4.3,Debit Card
eBike,610.0,41.3,11.7,16.6,4.2,4.7,UPI
Go Mini,212.0,18.21,13.6,22.8,4.6,4.3,Cash
Premier Sedan,318.0,34.66,3.2,39.6,4.9,4.3,Uber Wallet
Auto,529.0,21.82,4.7,32.9,4.1,5.0,Cash
Premier Sedan,623.0,24.15,9.7,41.4,4.2,4.7,Uber Wallet
eBike,91.0,34.55,3.1,20.2,4.1,4.2,UPI
Premier Sedan,490.0,44.51,13.4,16.2,4.2,4.6,UPI
Uber XL,181.0,46.35,13.7,26.1,4.5,4.6,Cash
Go Sedan,416.0,15.5,12.8,19.9,4.6,4.6,UPI
Auto,821.0,40.32,11.8,40.2,4.4,4.5,Uber Wallet
Bike,1174.0,27.34,12.0,31.9,4.3,4.4,Uber Wallet
Auto,439.0,20.44,12.0,17.5,4.2,4.8,Uber Wallet
Auto,739.0,28.33,10.8,26.4,3.7,5.0,Credit Card
Go Mini,152.0,21.7,10.0,35.3,4.2,4.6,UPI
Auto,926.0,31.7,13.3,20.6,3.8,4.7,Debit Card
Go Sedan,1566.0,17.59,9.0,40.5,4.2,4.2,Uber Wallet
Premier Sedan,218.0,21.29,7.5,38.0,4.5,4.1,Debit Card
eBike,52.0,48.59,9.3,40.7,4.1,3.9,UPI
Auto,408.0,39.0,4.2,36.6,4.6,4.8,UPI
Auto,240.0,40.78,3.0,32.5,3.6,4.9,Cash
Bike,593.0,24.46,10.1,44.3,4.3,4.7,UPI
Bike,76.0,33.94,14.7,41.9,4.3,4.6,Uber Wallet
Auto,315.0,41.6,8.7,21.9,4.6,4.6,UPI
Premier Sedan,433.0,25.09,11.8,31.3,4.3,4.6,UPI
Auto,1334.0,45.85,10.8,24.9,3.8,4.2,Uber Wallet
Bike,521.0,7.6,9.1,20.8,4.3,4.3,Cash
Go Mini,1224.0,33.65,5.9,25.5,4.1,4.2,UPI
Go Sedan,674.0,31.24,7.1,45.0,4.2,4.6,Uber Wallet
Bike,504.0,44.27,5.7,21.4,4.9,4.2,Cash
Go Sedan,218.0,42.44,8.8,33.8,3.9,3.8,UPI
Bike,216.0,36.03,13.5,30.1,4.2,4.3,Uber Wallet
Go Sedan,474.0,10.02,13.2,38.4,4.2,4.1,Debit Card
Auto,256.0,5.74,10.7,20.1,4.5,5.0,Debit Card
Go Sedan,322.0,47.11,13.2,44.3,4.3,4.1,UPI
Premier Sedan,433.0,43.5,5.1,40.7,4.4,4.6,UPI
Premier Sedan,325.0,37.33,14.2,37.4,3.8,4.5,UPI
eBike,748.0,30.31,11.6,18.4,3.2,4.2,Debit Card
Premier Sedan,91.0,7.19,8.4,23.2,4.2,4.4,Cash
Auto,320.0,34.34,3.5,28.8,4.4,4.8,Debit Card
Bike,586.0,41.64,2.3,20.0,4.1,4.6,UPI
Premier Sedan,770.0,46.17,6.9,42.6,4.3,5.0,Cash
Premier Sedan,248.0,38.49,3.3,24.7,3.7,4.8,UPI
Bike,885.0,5.04,7.8,43.2,4.1,3.6,Debit Card
Auto,626.0,20.31,9.6,39.8,4.3,4.2,UPI
Bike,213.0,28.82,12.1,23.1,4.3,4.9,UPI
eBike,775.0,23.78,7.7,22.8,4.6,3.8,Credit Card
Auto,73.0,36.94,10.5,41.6,4.1,4.6,Cash
Go Sedan,525.0,17.55,11.8,33.0,3.4,4.5,Cash
Go Mini,196.0,5.03,8.3,44.5,4.4,4.2,Debit Card
Premier Sedan,1288.0,24.05,5.2,38.1,4.9,4.9,UPI
Go Sedan,335.0,4.89,13.6,32.7,3.3,4.3,UPI
Bike,676.0,15.54,8.4,20.9,4.6,4.1,Cash
Go Mini,582.0,2.84,6.0,31.6,4.2,4.4,Credit Card
Go Mini,485.0,44.15,3.9,20.8,3.4,4.2,UPI
Go Mini,839.0,19.05,14.7,16.6,4.2,4.5,Cash
Bike,947.0,5.84,13.4,18.3,4.6,4.7,UPI
Uber XL,551.0,27.39,11.6,44.0,4.1,5.0,UPI
Uber XL,136.0,17.27,2.0,35.3,4.6,3.9,Credit Card
Bike,268.0,39.07,4.3,36.4,4.8,4.2,UPI
Go Sedan,261.0,20.1,3.7,24.0,4.6,4.7,UPI
Bike,410.0,39.54,6.3,24.4,4.9,4.3,UPI
eBike,612.0,31.33,6.6,34.1,3.7,4.4,UPI
Go Sedan,583.0,25.63,7.2,31.3,4.3,4.9,UPI
Go Mini,1168.0,44.11,10.0,29.3,4.6,4.6,UPI
Bike,179.0,40.58,14.6,37.9,4.2,5.0,Cash
Go Mini,58.0,5.31,12.2,22.7,4.1,4.2,Debit Card
Go Sedan,491.0,48.47,11.2,40.2,4.3,4.5,UPI
Auto,2281.0,16.29,5.9,33.7,5.0,4.2,UPI
Go Mini,485.0,4.92,10.4,42.8,4.4,4.5,Cash
eBike,391.0,22.0,14.2,23.0,4.7,4.5,UPI
Auto,170.0,22.14,5.0,44.3,4.4,3.7,UPI
Auto,158.0,21.64,3.0,32.0,4.7,4.4,UPI
Bike,237.0,20.04,5.6,15.0,4.5,4.1,Debit Card
Auto,774.0,36.98,4.4,36.8,4.4,4.7,UPI
Premier Sedan,476.0,48.53,3.9,31.0,4.4,4.3,Credit Card
Go Mini,102.0,27.13,10.9,27.5,3.7,4.6,UPI
Premier Sedan,769.0,19.07,5.1,18.4,4.2,4.4,UPI
Go Mini,1555.0,43.11,8.8,31.1,3.7,4.2,Uber Wallet
Go Mini,480.0,18.64,8.4,39.2,4.4,4.6,Debit Card
Premier Sedan,183.0,44.55,9.0,40.4,4.2,4.8,Cash
Go Sedan,406.0,40.68,9.5,34.3,4.3,4.5,UPI
Bike,162.0,29.05,2.5,18.7,4.6,4.2,Cash
Premier Sedan,661.0,49.92,2.9,42.7,4.5,4.9,UPI
Go Mini,185.0,23.88,7.8,41.6,4.0,4.4,Cash
Premier Sedan,753.0,15.82,7.7,16.0,4.2,4.9,Cash
Go Sedan,113.0,22.57,8.9,17.9,3.4,4.2,UPI
Go Sedan,422.0,24.33,9.1,36.3,3.3,4.4,UPI
Premier Sedan,744.0,12.41,10.0,37.2,4.0,5.0,UPI
Bike,52.0,26.58,5.2,32.7,4.2,4.6,Credit Card
Go Sedan,282.0,30.51,8.8,30.0,5.0,5.0,Uber Wallet
Premier Sedan,991.0,38.2,13.3,21.3,4.1,4.1,UPI
Bike,383.0,37.08,2.8,16.3,3.3,4.6,Credit Card
Bike,293.0,28.78,3.6,32.2,4.5,4.4,UPI
Go Sedan,680.0,10.42,14.6,32.4,4.5,5.0,UPI
Go Sedan,987.0,4.73,11.2,35.3,4.4,3.4,Credit Card
Go Mini,922.0,10.36,3.6,43.2,4.6,4.3,UPI
eBike,318.0,23.72,2.7,26.2,4.2,4.8,UPI
Auto,485.0,16.14,7.0,40.9,4.5,4.2,UPI
Bike,260.0,29.67,9.3,21.8,4.5,4.7,Cash
Bike,256.0,18.74,2.1,25.0,3.7,4.6,Cash
Bike,1247.0,10.13,10.2,18.6,4.3,4.7,Cash
Go Sedan,92.0,40.8,5.4,29.3,4.1,4.1,Cash
Bike,946.0,25.86,5.0,39.2,4.3,5.0,Cash
Go Sedan,62.0,26.23,4.4,42.0,4.2,4.3,UPI
eBike,115.0,24.98,10.8,40.6,3.8,4.2,Cash
Auto,197.0,19.32,12.0,40.7,4.3,4.7,Uber Wallet
Premier Sedan,263.0,28.29,3.0,24.3,3.8,4.2,Cash
Go Mini,1325.0,46.63,14.1,38.1,4.3,4.6,Credit Card
Go Sedan,228.0,44.02,8.6,26.9,4.1,4.2,UPI
Auto,557.0,11.18,9.6,27.8,4.2,4.4,UPI
Go Mini,65.0,4.03,2.8,32.4,4.7,5.0,UPI
Go Mini,706.0,45.82,2.2,42.0,4.6,4.1,UPI
Auto,737.0,22.91,5.4,28.4,4.2,4.8,Cash
Go Mini,185.0,33.25,6.5,45.0,4.7,4.1,Cash
Bike,656.0,24.01,7.5,20.2,4.6,4.2,Cash
Go Mini,192.0,40.89,13.6,28.6,4.8,4.4,UPI
Auto,1070.0,35.82,7.2,41.1,4.3,4.6,Uber Wallet
Go Mini,839.0,49.74,4.5,15.8,3.7,4.6,UPI
Premier Sedan,396.0,4.82,10.9,33.4,5.0,4.5,Credit Card
Go Sedan,526.0,12.42,10.4,30.9,3.7,4.8,Credit Card
Go Sedan,57.0,3.32,14.5,38.3,3.1,4.9,UPI
eBike,896.0,37.97,4.5,28.6,4.6,4.9,Credit Card
Bike,664.0,11.98,14.1,43.7,3.4,4.4,Uber Wallet
Uber XL,858.0,9.86,14.2,42.5,4.5,4.6,UPI
Go Mini,318.0,18.13,6.2,25.9,4.1,4.9,UPI
Auto,289.0,9.65,14.1,29.4,4.5,4.9,UPI
Auto,1457.0,14.93,3.9,15.5,4.5,4.2,Uber Wallet
Auto,401.0,7.3,8.1,19.9,3.1,4.2,Uber Wallet
eBike,749.0,17.38,3.4,34.0,4.1,4.6,Credit Card
Go Mini,321.0,27.73,12.7,44.9,4.6,4.9,Cash
Premier Sedan,176.0,21.0,14.4,39.5,3.4,4.2,Uber Wallet
Go Sedan,86.0,2.77,14.3,25.2,4.3,4.3,UPI
Go Sedan,561.0,10.52,12.3,24.2,3.9,4.9,Credit Card
Go Mini,64.0,10.79,13.1,40.3,4.3,4.9,Cash
Go Sedan,982.0,30.04,10.3,22.4,4.5,4.9,Debit Card
Auto,331.0,5.46,2.7,19.1,4.3,4.9,UPI
Go Mini,549.0,25.78,2.5,37.6,4.8,4.9,Debit Card
Go Sedan,69.0,10.12,7.3,23.0,3.6,4.9,Credit Card
Premier Sedan,979.0,8.28,5.1,32.0,4.1,4.3,Uber Wallet
Bike,393.0,24.64,10.3,38.5,3.9,4.1,Credit Card
Go Mini,457.0,2.46,13.3,30.5,4.2,4.0,Cash
Bike,252.0,35.69,11.3,22.1,4.9,4.6,Credit Card
Bike,542.0,5.12,4.2,44.9,4.5,4.3,UPI
Auto,227.0,35.66,4.0,41.1,4.4,4.3,UPI
Go Mini,1162.0,3.9,11.0,15.6,4.2,5.0,Credit Card
eBike,199.0,36.69,11.2,37.7,4.2,4.3,Debit Card
Premier Sedan,323.0,23.65,5.2,21.7,4.5,4.6,UPI
Premier Sedan,994.0,30.5,5.9,44.6,3.1,4.3,Uber Wallet
Auto,169.0,24.3,6.0,40.5,4.3,3.9,Cash
Bike,490.0,18.54,11.4,23.1,4.4,4.0,UPI
Go Mini,346.0,36.08,14.9,41.8,4.9,4.2,UPI
Go Mini,279.0,13.99,5.9,18.1,3.9,4.1,Cash
Premier Sedan,114.0,6.08,4.4,40.6,4.3,4.2,Cash
Bike,124.0,26.52,4.2,19.0,4.1,4.2,Cash
Bike,99.0,32.97,14.8,35.7,4.3,3.8,UPI
Auto,864.0,19.91,14.0,36.6,4.3,4.6,UPI
Auto,165.0,41.94,3.8,19.2,4.1,4.8,UPI
Auto,192.0,31.07,10.3,15.1,4.9,4.4,Cash
Auto,487.0,32.4,13.7,42.8,3.2,4.9,UPI
Go Sedan,238.0,7.48,11.2,36.9,3.4,4.9,UPI
Auto,202.0,23.23,14.2,43.7,4.3,4.3,UPI
Bike,311.0,3.46,13.7,24.0,3.1,4.2,Uber Wallet
eBike,555.0,22.59,3.9,21.2,4.4,4.9,UPI
Bike,397.0,20.1,8.3,17.0,4.6,4.6,Cash
Premier Sedan,909.0,39.52,9.3,43.0,3.5,4.9,UPI
Auto,301.0,8.36,9.0,25.5,3.9,4.1,UPI
eBike,53.0,48.33,9.5,23.5,4.5,4.0,Cash
Auto,200.0,35.19,2.9,20.0,4.2,4.9,Debit Card
Bike,1426.0,11.62,13.1,30.7,4.3,5.0,UPI
Premier Sedan,426.0,12.58,3.1,40.6,4.5,3.7,UPI
Auto,949.0,20.13,11.1,31.5,4.6,3.2,UPI
Go Sedan,472.0,21.16,11.8,34.2,4.6,4.6,UPI
Go Sedan,141.0,38.78,14.5,30.7,4.5,4.8,UPI
eBike,736.0,49.67,10.8,29.6,4.3,5.0,UPI
Auto,116.0,30.91,7.6,40.2,4.9,4.7,Debit Card
Auto,371.0,18.08,10.6,39.7,4.3,4.5,Cash
Auto,188.0,30.77,5.3,41.0,4.2,4.2,UPI
eBike,329.0,9.28,14.5,16.1,4.3,4.6,Cash
Go Mini,132.0,8.16,8.5,23.8,4.1,4.4,UPI
Auto,258.0,8.72,4.0,33.8,4.0,4.3,UPI
eBike,170.0,26.39,6.8,34.0,3.4,4.3,Debit Card
Go Sedan,664.0,2.15,3.8,40.5,4.7,4.7,Cash
eBike,96.0,48.06,5.1,23.7,4.1,4.9,Cash
Auto,80.0,42.16,12.8,36.5,4.6,4.5,UPI
Go Sedan,193.0,9.33,11.9,36.4,4.4,4.9,Uber Wallet
Auto,830.0,4.91,14.0,42.2,4.8,4.2,UPI
Bike,199.0,32.55,3.9,35.3,4.7,5.0,Uber Wallet
Go Mini,614.0,19.86,8.7,23.5,3.9,4.6,Debit Card
Go Mini,761.0,14.62,3.2,34.7,4.1,4.4,UPI
Go Mini,499.0,6.7,14.5,40.1,4.3,4.6,UPI
Auto,69.0,32.25,9.2,22.2,4.6,5.0,Credit Card
Go Sedan,1158.0,8.24,3.5,34.0,4.9,4.6,Uber Wallet
Auto,125.0,16.4,10.0,19.1,4.1,4.8,UPI
Go Sedan,215.0,5.31,3.0,27.5,4.5,4.9,Cash
Go Mini,575.0,40.41,12.6,23.8,4.3,4.5,UPI
Bike,393.0,20.43,6.8,43.5,4.2,4.2,UPI
Premier Sedan,153.0,3.23,12.6,20.8,4.6,4.3,Debit Card
Go Mini,52.0,49.71,5.6,29.1,4.0,4.7,Cash
Go Sedan,2302.0,27.97,5.4,37.8,4.0,4.2,Cash
Bike,145.0,6.55,12.8,39.5,4.3,4.3,UPI
Bike,359.0,7.54,10.0,21.9,4.7,4.9,Credit Card
Bike,176.0,4.97,9.8,30.5,4.1,4.3,Debit Card
Go Mini,1042.0,41.99,9.4,35.5,4.2,4.7,UPI
Go Mini,457.0,31.02,7.1,42.8,3.8,4.6,Cash
Go Mini,597.0,8.84,7.5,21.8,4.7,4.9,Cash
Go Mini,977.0,33.8,5.5,36.3,3.9,3.7,UPI
Go Sedan,520.0,32.47,2.9,35.8,3.2,4.3,UPI
Premier Sedan,1040.0,31.35,10.6,22.9,4.6,4.6,UPI
Auto,570.0,13.35,12.5,22.5,4.6,4.9,UPI
Go Mini,104.0,16.61,4.6,24.7,4.1,4.2,Cash
Auto,913.0,28.83,2.9,42.6,4.3,3.8,Cash
Bike,366.0,13.56,14.4,17.7,4.2,4.1,UPI
Bike,645.0,35.49,12.7,37.6,4.7,3.7,UPI
Premier Sedan,1266.0,37.34,9.5,38.8,3.5,4.9,UPI
Bike,163.0,25.39,2.6,43.8,4.2,4.9,UPI
Premier Sedan,222.0,12.42,8.6,40.6,4.3,3.4,UPI
Premier Sedan,499.0,16.89,8.8,39.9,4.8,4.0,Cash
Go Mini,2009.0,44.92,6.5,21.8,3.8,4.3,Credit Card
eBike,365.0,48.24,5.1,22.4,5.0,4.3,UPI
Auto,1513.0,37.29,12.2,18.8,4.0,4.6,Uber Wallet
Go Sedan,321.0,15.04,6.2,16.6,4.5,4.9,Cash
Uber XL,1489.0,29.26,12.7,40.4,4.3,4.9,UPI
Go Mini,850.0,7.21,5.0,38.5,4.2,4.4,Cash
Go Sedan,677.0,8.34,5.1,18.8,4.4,4.9,Cash
Uber XL,924.0,49.92,13.8,39.3,4.3,4.2,Cash
Go Sedan,328.0,43.35,5.1,30.0,4.6,4.6,Credit Card
Go Sedan,465.0,22.34,10.2,40.0,3.8,4.7,UPI
Go Sedan,233.0,22.62,7.5,40.2,4.1,4.3,Cash
Go Mini,524.0,46.45,3.9,39.6,3.7,4.3,Cash
Go Sedan,973.0,27.71,6.0,23.8,4.3,4.3,Cash
Bike,901.0,8.4,5.4,15.5,4.7,3.6,UPI
eBike,84.0,29.06,7.2,31.1,4.9,4.4,Debit Card
Go Sedan,1171.0,15.82,4.0,23.1,4.2,4.9,Cash
Uber XL,2998.0,8.27,7.7,21.2,4.4,4.9,UPI
Go Sedan,999.0,18.74,7.0,28.5,4.6,4.8,UPI
Bike,226.0,3.48,6.8,18.2,4.5,3.0,Uber Wallet
Bike,988.0,23.92,7.0,32.0,4.6,4.9,UPI
Auto,144.0,48.05,6.6,29.2,3.5,5.0,UPI
Go Mini,149.0,32.97,3.1,40.6,4.2,4.2,Cash
Auto,1031.0,34.22,14.9,36.8,4.4,3.2,UPI
Go Mini,933.0,25.87,2.5,31.6,3.9,4.4,Uber Wallet
Bike,827.0,39.73,2.1,28.5,4.4,4.2,UPI
Bike,351.0,29.58,14.5,24.0,4.4,5.0,Cash
Bike,120.0,47.2,7.1,35.9,4.0,3.8,UPI
Go Mini,375.0,7.23,13.7,38.4,4.6,4.9,UPI
Auto,707.0,18.65,6.6,32.3,3.7,4.8,Credit Card
Auto,603.0,49.53,3.2,22.8,3.8,4.6,UPI
eBike,91.0,28.88,11.2,16.5,4.2,4.8,UPI
Auto,224.0,9.2,5.7,21.3,4.3,4.5,Debit Card
Go Mini,2227.0,47.88,10.5,37.1,4.2,4.3,Uber Wallet
Go Sedan,1096.0,26.65,6.7,34.1,5.0,4.6,Cash
Go Sedan,201.0,32.39,4.1,19.3,4.6,4.9,Uber Wallet
Go Sedan,628.0,13.68,5.4,21.6,4.4,4.1,UPI
Go Mini,657.0,6.86,9.9,17.9,4.9,4.5,Debit Card
Go Sedan,492.0,24.32,11.8,30.6,4.3,4.8,Credit Card
Go Mini,377.0,31.69,5.9,27.2,4.3,4.5,Cash
Go Sedan,806.0,48.3,14.7,33.9,4.2,4.2,Cash
Premier Sedan,1405.0,39.61,10.2,16.8,3.9,4.9,Cash
eBike,1353.0,16.8,3.3,16.1,3.6,3.0,Uber Wallet
Go Sedan,710.0,3.53,2.2,19.3,4.8,4.5,UPI
Go Sedan,72.0,27.83,4.9,29.6,4.2,4.9,Cash
Auto,259.0,20.15,6.5,15.8,4.1,4.6,Cash
Bike,205.0,8.46,9.2,32.5,4.3,4.2,Debit Card
Auto,431.0,41.47,10.6,27.7,4.2,3.8,Credit Card
Uber XL,346.0,22.73,6.8,32.1,4.2,4.7,UPI
Go Mini,1696.0,42.72,7.2,31.3,4.6,4.2,UPI
Auto,393.0,34.15,3.0,42.9,3.7,4.0,UPI
Go Sedan,709.0,25.03,11.0,26.8,3.7,4.2,Credit Card
Go Mini,631.0,44.05,12.4,16.6,3.4,4.2,Cash
Go Mini,444.0,4.69,10.4,27.0,3.8,4.9,Credit Card
Go Sedan,1046.0,5.94,2.1,35.7,3.4,4.6,UPI
Premier Sedan,309.0,5.77,13.2,24.7,3.6,4.3,Debit Card
Bike,501.0,20.08,7.2,21.9,3.8,4.8,UPI
Premier Sedan,490.0,34.89,10.1,34.6,4.3,4.9,UPI
Bike,692.0,19.11,10.2,16.2,4.4,3.8,Uber Wallet
Bike,515.0,11.79,4.4,26.6,4.3,4.5,Credit Card
Premier Sedan,923.0,31.39,8.7,33.0,4.9,4.9,UPI
Premier Sedan,371.0,47.93,6.2,16.2,4.6,4.6,UPI
Go Mini,57.0,49.95,13.9,41.6,4.4,4.7,Cash
Bike,314.0,24.49,10.6,29.4,4.9,4.6,Uber Wallet
Bike,123.0,20.53,14.0,22.2,4.7,4.5,Cash
Auto,352.0,40.4,8.9,23.4,4.3,4.9,Uber Wallet
Go Mini,319.0,49.37,7.6,42.0,3.9,4.6,Cash
Go Sedan,461.0,15.14,9.4,20.9,4.6,4.6,Credit Card
Go Mini,532.0,19.7,3.3,24.3,4.1,4.6,Cash
eBike,318.0,6.28,9.0,40.2,4.6,4.4,Cash
Auto,1575.0,23.08,7.8,17.0,4.2,4.2,Cash
Auto,1461.0,35.4,14.7,33.7,4.3,4.6,Uber Wallet
eBike,872.0,34.45,7.5,37.2,3.1,4.7,UPI
Premier Sedan,260.0,5.21,12.5,26.2,4.6,4.6,UPI
Premier Sedan,165.0,32.46,3.9,32.6,4.4,4.3,Uber Wallet
Premier Sedan,143.0,20.97,3.9,42.9,3.5,4.3,Cash
Auto,406.0,14.11,5.5,23.6,3.3,4.2,Credit Card
eBike,576.0,35.76,5.1,21.6,4.3,3.1,Cash
Go Mini,456.0,41.22,4.9,36.4,4.4,4.4,Debit Card
Auto,648.0,14.45,7.0,22.9,4.7,4.3,Cash
eBike,431.0,24.34,13.4,21.7,3.7,4.9,Credit Card
Premier Sedan,88.0,44.34,5.5,30.1,4.4,4.4,UPI
Go Mini,377.0,9.37,6.4,24.1,4.2,3.8,UPI
Go Sedan,323.0,19.52,13.1,27.1,3.6,4.7,Uber Wallet
Auto,66.0,13.36,7.3,33.3,3.7,4.2,Debit Card
Auto,777.0,30.68,13.7,24.6,4.7,4.6,Uber Wallet
eBike,116.0,49.25,8.7,24.4,4.0,4.3,UPI
Auto,396.0,23.58,4.6,31.2,3.5,3.9,UPI
Bike,891.0,3.65,7.9,41.6,3.7,4.2,UPI
Go Sedan,112.0,49.91,5.0,29.2,4.3,4.5,UPI
Premier Sedan,854.0,34.08,13.7,15.3,4.4,4.7,UPI
Auto,1506.0,16.03,6.4,43.5,3.7,4.2,Uber Wallet
eBike,228.0,43.01,11.7,31.8,4.3,4.2,UPI
Go Sedan,557.0,40.24,4.8,32.0,4.5,4.9,UPI
Auto,871.0,32.37,7.5,24.6,3.2,4.3,Debit Card
Go Mini,819.0,48.23,9.4,16.6,4.2,3.7,UPI
Go Mini,693.0,24.41,4.4,40.8,4.6,4.4,Cash
Premier Sedan,260.0,18.97,4.5,19.2,4.1,4.2,Cash
Bike,181.0,19.76,11.1,33.1,3.9,3.7,UPI
Go Sedan,88.0,6.55,8.1,38.2,3.1,4.3,Uber Wallet
Go Mini,434.0,34.14,11.3,29.7,5.0,4.8,Cash
eBike,57.0,33.24,9.1,37.3,4.6,3.1,UPI
Uber XL,239.0,25.2,4.7,30.3,4.7,4.3,UPI
Auto,286.0,5.71,10.9,40.9,4.2,4.2,UPI
Auto,353.0,38.36,8.0,25.6,3.4,4.1,Cash
Auto,883.0,31.51,3.7,29.7,3.1,4.5,UPI
Go Sedan,489.0,17.16,9.7,42.4,4.6,4.6,Cash
Go Mini,257.0,33.86,9.8,29.0,4.1,4.5,Uber Wallet
eBike,407.0,43.91,8.1,37.4,4.3,4.1,Cash
Go Mini,1271.0,5.99,7.7,17.7,4.1,3.6,Uber Wallet
Go Mini,706.0,48.88,12.2,22.7,4.2,4.9,UPI
Auto,314.0,6.24,7.0,20.2,4.5,4.5,UPI
Bike,969.0,39.47,13.1,43.9,4.6,4.3,Credit Card
eBike,513.0,15.12,10.7,34.8,4.0,3.2,Uber Wallet
Go Sedan,397.0,26.3,11.7,24.6,3.6,4.9,UPI
Premier Sedan,868.0,13.28,4.2,44.5,4.3,4.8,Uber Wallet
Premier Sedan,633.0,28.26,6.2,26.0,3.6,4.3,Cash
Auto,884.0,14.89,9.3,29.3,5.0,4.1,Cash
Go Mini,368.0,29.26,2.5,32.7,4.3,4.9,Cash
Go Sedan,317.0,7.04,3.9,42.8,4.2,3.2,Cash
Bike,637.0,22.71,9.4,16.1,4.7,4.2,Cash
Go Sedan,996.0,41.11,7.1,15.2,4.2,4.8,UPI
Auto,321.0,48.37,10.0,22.2,3.7,4.2,Cash
Go Sedan,1273.0,32.99,12.5,40.2,4.2,3.6,UPI
Auto,300.0,15.57,14.1,39.1,4.2,4.3,UPI
Auto,360.0,39.0,14.6,27.3,4.5,4.1,Cash
Go Mini,205.0,24.84,4.8,43.6,4.1,4.4,UPI
Auto,853.0,45.9,11.5,36.2,4.3,4.4,Uber Wallet
Bike,546.0,14.3,7.1,31.7,4.3,4.3,Cash
Go Sedan,803.0,30.6,12.8,35.0,3.4,4.9,Uber Wallet
Go Sedan,646.0,34.6,5.9,35.6,4.3,5.0,UPI
Go Mini,2420.0,18.23,5.6,27.5,4.3,4.3,Credit Card
Premier Sedan,150.0,27.55,5.0,20.1,3.6,4.2,UPI
Go Sedan,528.0,20.88,11.7,32.3,3.2,4.6,UPI
Bike,165.0,23.48,2.2,15.3,4.2,4.9,Cash
Go Sedan,911.0,41.37,13.4,43.3,3.0,3.2,Cash
Go Mini,172.0,5.89,5.2,40.2,4.2,4.2,Uber Wallet
Auto,135.0,18.26,3.8,23.5,4.3,4.6,Debit Card
Go Sedan,416.0,49.03,3.3,30.0,4.4,4.6,UPI
Go Mini,339.0,23.95,7.1,42.9,4.6,4.8,UPI
Auto,165.0,4.04,4.6,17.0,4.3,3.9,Credit Card
Bike,202.0,6.49,6.8,16.6,4.5,4.9,Credit Card
Bike,125.0,37.92,14.8,31.6,4.5,4.2,UPI
Bike,90.0,35.26,12.7,15.5,4.1,3.1,Credit Card
Auto,412.0,7.47,6.2,17.2,4.8,4.9,UPI
Go Mini,261.0,20.2,13.9,18.6,4.6,4.2,Cash
Go Sedan,864.0,27.84,14.5,43.2,4.2,4.3,UPI
Bike,952.0,34.62,7.6,21.0,4.2,4.5,Cash
Go Mini,419.0,2.13,4.1,17.4,3.5,4.6,Credit Card
eBike,474.0,12.15,4.6,37.1,3.5,3.6,Cash
Premier Sedan,313.0,41.31,10.0,37.5,4.2,4.7,Debit Card
Bike,307.0,30.46,13.2,37.4,4.3,4.2,UPI
Auto,91.0,35.98,3.5,41.7,3.9,4.6,UPI
Go Sedan,386.0,5.47,7.3,22.0,3.5,4.2,UPI
Bike,1272.0,10.31,14.1,23.1,4.2,4.0,Uber Wallet
Go Mini,173.0,13.99,7.9,42.5,3.8,4.8,UPI
Auto,502.0,33.42,3.8,21.2,4.2,4.7,UPI
Bike,490.0,12.27,10.2,34.2,4.3,4.4,Credit Card
Premier Sedan,833.0,24.82,10.9,24.1,4.6,5.0,UPI
Premier Sedan,288.0,2.86,5.5,18.2,4.6,4.4,UPI
Go Mini,727.0,6.18,11.3,43.7,4.9,3.0,UPI
Auto,366.0,18.04,7.3,31.6,4.8,4.3,UPI
Auto,216.0,38.02,7.0,41.6,4.5,4.2,Cash
Uber XL,406.0,11.83,11.1,31.6,4.3,4.3,Cash
Bike,58.0,12.6,3.1,38.2,4.4,4.1,UPI
Go Sedan,1185.0,49.75,2.0,37.9,4.1,4.5,UPI
eBike,94.0,3.57,13.0,20.5,4.7,4.9,Cash
Auto,737.0,46.94,2.4,28.4,4.7,4.6,UPI
eBike,491.0,45.94,4.2,17.3,4.8,4.7,UPI
Auto,86.0,49.71,2.2,18.8,4.2,5.0,Uber Wallet
Premier Sedan,304.0,22.48,11.2,43.5,4.5,4.6,Debit Card
Premier Sedan,678.0,15.2,13.4,41.3,3.0,4.1,UPI
Auto,802.0,40.7,14.5,32.7,4.4,4.3,UPI
Bike,306.0,4.73,14.8,16.6,4.2,4.7,UPI
Premier Sedan,587.0,23.9,3.5,31.1,4.7,3.0,UPI
Go Mini,740.0,48.39,9.2,36.7,3.9,4.2,UPI
Auto,255.0,43.12,10.6,26.2,4.2,4.2,Cash
Go Sedan,362.0,40.31,9.5,23.8,4.2,3.7,Cash
Auto,255.0,3.97,9.3,24.6,4.5,4.6,UPI
Auto,1574.0,41.29,7.2,42.4,3.4,4.3,UPI
Go Mini,849.0,25.34,3.1,45.0,4.4,4.4,Debit Card
Go Sedan,311.0,48.27,7.0,17.0,4.9,3.7,Cash
Go Mini,493.0,28.7,3.0,22.1,4.3,4.9,UPI
Auto,361.0,13.26,4.7,15.8,4.2,3.8,UPI
Auto,288.0,49.38,13.2,21.9,3.7,4.2,Debit Card
Auto,528.0,38.84,13.6,31.7,3.6,4.3,UPI
Auto,298.0,14.45,3.1,33.4,4.4,4.3,UPI
Auto,745.0,32.09,3.2,44.4,4.6,4.3,Credit Card
Go Mini,1258.0,14.21,13.0,28.0,3.1,4.8,Cash
Go Mini,389.0,31.03,8.5,44.2,4.1,4.3,UPI
Go Mini,58.0,12.45,10.8,43.7,4.6,4.4,Cash
Bike,689.0,25.01,12.1,16.9,3.4,4.2,Credit Card
Bike,301.0,11.9,9.4,26.7,4.3,4.7,Cash
Go Sedan,439.0,19.58,14.1,41.6,4.5,4.3,UPI
Auto,361.0,41.39,8.2,25.7,4.3,4.9,UPI
Go Sedan,645.0,9.73,14.4,15.9,4.2,4.2,UPI
Go Mini,322.0,40.16,5.5,34.4,4.6,4.4,UPI
Auto,275.0,41.55,13.3,24.6,4.4,4.8,UPI
Premier Sedan,764.0,29.07,2.0,22.4,3.5,4.9,UPI
eBike,538.0,47.81,2.1,29.6,4.3,4.4,Debit Card
Premier Sedan,1110.0,41.82,12.9,27.3,4.9,4.3,Uber Wallet
Auto,315.0,35.05,4.8,44.7,3.6,4.5,Cash
Go Mini,224.0,38.45,4.3,27.4,4.5,4.5,UPI
Go Sedan,133.0,29.06,4.0,30.5,4.3,4.7,UPI
Go Mini,125.0,6.83,2.1,15.2,4.6,4.7,UPI
Go Mini,54.0,32.23,10.3,27.2,4.2,3.9,Credit Card
Auto,689.0,15.39,6.5,44.5,4.4,4.9,Cash
Premier Sedan,157.0,12.52,6.8,28.4,4.3,4.5,UPI
Bike,898.0,8.45,11.7,15.2,3.0,5.0,Debit Card
Go Sedan,588.0,39.29,7.6,16.5,3.6,4.6,UPI
Premier Sedan,484.0,32.45,3.7,16.7,3.3,4.3,UPI
Go Sedan,146.0,23.38,11.3,31.8,3.8,4.7,UPI
Auto,994.0,16.94,14.8,19.0,4.7,4.1,Cash
Go Mini,125.0,8.66,7.1,38.6,4.2,4.8,Credit Card
Bike,334.0,15.95,3.7,19.3,4.6,4.2,UPI
Premier Sedan,221.0,26.86,9.3,40.8,3.7,5.0,Debit Card
Go Mini,504.0,12.95,7.8,22.9,3.2,4.7,UPI
Premier Sedan,487.0,49.59,11.2,41.7,4.7,4.3,UPI
Uber XL,336.0,15.53,3.5,22.0,4.7,4.9,Cash
Auto,75.0,36.13,10.8,43.5,4.2,4.3,UPI
Go Sedan,374.0,41.79,12.1,40.8,3.7,4.9,Debit Card
Auto,478.0,48.62,6.4,17.2,4.2,3.2,UPI
Auto,364.0,22.13,11.9,17.6,3.8,3.1,UPI
Go Sedan,136.0,22.98,8.2,24.4,5.0,4.2,UPI
Auto,579.0,3.83,5.4,18.9,4.6,4.3,UPI
Auto,1449.0,19.32,6.9,28.0,4.4,5.0,Debit Card
Premier Sedan,373.0,5.27,13.9,22.7,4.5,4.6,UPI
Bike,400.0,16.93,4.8,31.5,4.4,3.7,UPI
Auto,102.0,29.61,7.2,23.2,4.0,3.8,Debit Card
Go Mini,602.0,42.41,3.7,35.9,4.5,4.2,UPI
Go Sedan,262.0,21.35,2.8,23.2,5.0,4.4,Cash
eBike,111.0,15.56,9.9,19.4,3.2,4.7,Debit Card
Bike,1465.0,21.27,12.2,18.0,3.5,3.7,UPI
Uber XL,651.0,41.52,9.4,28.4,4.9,5.0,Cash
Go Mini,973.0,29.28,14.1,44.0,4.6,4.3,UPI
Go Sedan,754.0,13.36,3.8,19.3,3.5,3.2,UPI
Go Sedan,437.0,29.38,5.1,22.5,4.4,4.1,Credit Card
Bike,813.0,45.8,3.3,25.9,4.2,4.2,Credit Card
eBike,52.0,32.18,6.7,15.5,4.4,4.9,Cash
Premier Sedan,466.0,27.42,5.7,30.5,4.6,3.7,Uber Wallet
Uber XL,875.0,4.62,9.1,21.3,3.1,3.7,Cash
Go Sedan,216.0,25.51,8.2,28.4,4.7,4.3,UPI
Go Sedan,266.0,42.56,5.5,16.8,3.7,4.2,UPI
Premier Sedan,405.0,46.71,3.7,33.1,4.3,4.3,UPI
Go Sedan,386.0,43.85,10.5,41.0,4.3,4.2,Cash
Go Sedan,406.0,34.92,13.1,35.8,4.9,4.9,Uber Wallet
Auto,239.0,31.45,5.8,34.1,3.1,4.2,UPI
Go Mini,622.0,41.82,7.5,35.4,3.6,5.0,UPI
Premier Sedan,80.0,32.94,10.8,23.9,3.7,5.0,Uber Wallet
Go Sedan,1444.0,34.73,2.2,27.0,4.3,5.0,Credit Card
Go Mini,1475.0,31.42,2.1,26.2,5.0,4.9,Uber Wallet
Go Sedan,399.0,37.83,10.5,29.3,4.2,4.9,Credit Card
Go Mini,895.0,31.13,9.2,35.8,4.3,4.2,UPI
eBike,324.0,4.78,4.4,43.4,4.4,4.9,UPI
Go Sedan,1106.0,5.52,6.8,35.7,4.3,5.0,Cash
Go Sedan,510.0,20.34,10.4,20.6,3.9,4.9,UPI
Go Mini,614.0,16.63,2.0,18.0,4.7,4.9,UPI
Go Mini,645.0,8.25,6.0,43.8,4.3,4.2,UPI
Go Mini,938.0,43.64,4.2,39.0,3.6,4.6,Cash
Go Mini,991.0,49.35,13.3,36.6,4.7,3.6,UPI
Go Mini,988.0,20.38,14.4,43.3,3.7,4.1,Debit Card
Go Sedan,317.0,49.7,5.2,39.4,3.9,4.3,UPI
Go Sedan,1432.0,10.57,2.0,19.3,4.4,4.9,UPI
Bike,572.0,24.57,8.2,29.6,4.5,4.8,UPI
Bike,235.0,19.84,2.1,35.3,4.2,4.6,UPI
Premier Sedan,841.0,33.2,10.6,27.1,4.6,3.8,UPI
eBike,417.0,30.15,10.0,37.9,3.4,4.6,Debit Card
Bike,278.0,28.75,11.8,42.0,3.9,4.2,Cash
Go Mini,291.0,26.57,5.3,22.2,4.4,4.2,UPI
Bike,814.0,40.4,3.3,28.7,4.4,4.9,UPI
Go Mini,978.0,38.51,13.5,17.3,3.7,4.2,Cash
Go Sedan,477.0,45.7,12.7,44.3,4.7,4.3,UPI
Bike,445.0,36.11,11.8,25.7,4.3,3.7,UPI
Bike,194.0,9.09,2.7,17.0,3.7,4.6,UPI
Go Mini,527.0,33.6,9.7,40.4,5.0,4.3,Uber Wallet
Uber XL,611.0,19.95,14.7,29.5,4.9,5.0,Debit Card
Auto,417.0,46.72,3.1,22.5,4.5,4.9,UPI
Premier Sedan,158.0,5.25,8.7,37.9,4.2,4.2,UPI
Bike,994.0,38.65,14.9,36.5,4.5,4.5,Uber Wallet
Go Mini,565.0,29.88,13.8,29.7,4.5,4.4,Debit Card
Go Sedan,731.0,22.9,3.8,30.9,4.4,4.9,UPI
Auto,1088.0,23.75,10.6,43.8,4.3,4.9,Credit Card
Uber XL,96.0,20.38,14.4,15.2,4.1,4.6,Cash
Go Mini,765.0,47.28,11.6,28.6,4.6,4.8,UPI
Bike,457.0,19.94,10.4,17.4,4.1,3.5,UPI
Go Sedan,405.0,5.35,12.8,38.3,3.8,4.7,Uber Wallet
Bike,501.0,49.1,10.0,34.1,4.9,4.3,UPI
Auto,341.0,46.8,4.7,32.0,3.5,4.4,Debit Card
Auto,183.0,48.8,12.6,33.5,3.7,4.9,Uber Wallet
Auto,433.0,9.21,6.1,21.1,4.2,4.6,Debit Card
Auto,346.0,21.98,7.6,21.6,4.5,4.5,Uber Wallet
Go Mini,553.0,17.22,8.3,19.4,4.3,3.7,Uber Wallet
Bike,648.0,7.94,4.6,34.6,4.3,4.5,Credit Card
Go Mini,92.0,16.61,3.6,17.1,4.7,4.3,Debit Card
Bike,859.0,19.78,6.8,20.4,3.7,3.9,Cash
Go Sedan,910.0,24.02,10.2,18.5,4.4,4.6,Debit Card
Go Sedan,884.0,41.31,3.2,20.6,4.6,4.9,Cash
Auto,107.0,10.99,8.2,27.0,4.4,4.6,UPI
Go Mini,67.0,44.76,9.0,34.1,4.4,4.5,Cash
Premier Sedan,353.0,25.76,2.3,35.0,3.9,4.9,Cash
Uber XL,605.0,30.23,13.0,28.8,4.3,4.6,Cash
Premier Sedan,311.0,24.49,2.1,17.1,4.3,4.2,Cash
Premier Sedan,312.0,39.3,8.9,41.0,4.7,4.9,Cash
Auto,696.0,35.39,12.4,21.8,4.1,4.3,UPI
Bike,206.0,4.13,6.0,20.0,4.3,4.8,Cash
Go Mini,497.0,25.0,5.8,42.2,4.5,4.8,UPI
Go Mini,399.0,8.73,11.3,17.8,3.4,4.6,Credit Card
Bike,320.0,20.19,11.5,35.7,4.7,4.8,Uber Wallet
Auto,3051.0,28.95,3.9,18.2,4.7,4.5,UPI
Go Sedan,1384.0,38.72,2.8,43.5,4.4,3.8,Uber Wallet
Bike,194.0,30.05,3.1,36.1,4.2,3.0,UPI
eBike,478.0,3.83,14.8,30.5,3.8,4.2,Debit Card
Auto,137.0,31.47,6.2,34.2,4.2,3.2,UPI
Go Sedan,958.0,20.59,3.2,21.2,4.2,4.3,UPI
Auto,371.0,25.09,3.7,39.6,4.8,4.4,UPI
Go Mini,393.0,9.07,5.3,42.0,4.2,4.9,UPI
Uber XL,79.0,10.82,9.6,34.3,4.2,4.9,Cash
Auto,333.0,17.9,11.3,23.7,3.2,4.8,UPI
Bike,792.0,5.82,10.9,39.5,3.5,3.1,Credit Card
Bike,378.0,44.24,4.4,41.3,4.3,4.6,UPI
Auto,792.0,9.29,6.8,19.5,4.7,3.8,UPI
Auto,756.0,4.06,12.2,36.0,3.5,3.0,Credit Card
Uber XL,496.0,9.68,4.0,38.7,3.7,4.2,Uber Wallet
Premier Sedan,640.0,29.83,9.4,20.8,3.7,4.5,Cash
Auto,373.0,29.51,6.0,20.9,3.1,3.3,Cash
Go Mini,430.0,34.45,8.1,16.9,4.0,4.9,Debit Card
Go Mini,193.0,32.84,11.4,17.1,3.7,4.3,Credit Card
Auto,279.0,3.16,13.0,38.3,4.4,5.0,Cash
eBike,1342.0,34.35,9.3,33.6,4.4,4.8,Uber Wallet
eBike,323.0,14.86,8.7,40.3,4.6,5.0,UPI
Auto,77.0,36.76,12.7,41.8,4.0,4.4,Debit Card
Premier Sedan,230.0,19.29,3.5,39.2,3.2,4.5,Debit Card
Auto,289.0,19.93,13.0,30.8,4.4,4.6,Cash
Go Mini,125.0,3.74,3.3,17.8,4.1,4.9,UPI
Auto,390.0,7.77,4.6,18.7,4.5,4.1,Cash
Bike,186.0,3.19,6.9,21.0,4.6,4.9,UPI
Go Sedan,224.0,24.79,12.1,30.2,4.5,4.8,UPI
Bike,923.0,25.32,12.1,36.6,3.7,4.6,UPI
Bike,844.0,49.0,5.4,15.7,3.0,4.7,Cash
Go Mini,559.0,46.26,3.5,41.0,4.6,3.2,UPI
Uber XL,271.0,31.61,11.2,39.6,4.3,3.7,UPI
Go Mini,94.0,10.56,4.0,37.8,4.6,4.1,UPI
Auto,147.0,14.27,4.3,16.3,4.7,3.6,Uber Wallet
Auto,69.0,28.5,6.5,15.1,4.2,4.2,Uber Wallet
eBike,79.0,39.86,12.0,38.3,4.2,4.2,Cash
Go Sedan,183.0,15.87,6.2,42.8,4.3,4.6,UPI
Go Sedan,420.0,14.02,5.7,37.0,4.5,4.2,UPI
Bike,226.0,35.96,5.2,44.6,4.9,4.1,UPI
Go Sedan,147.0,46.88,9.7,36.2,3.2,4.3,UPI
Go Sedan,227.0,16.21,4.3,21.5,3.7,4.2,Cash
Go Mini,405.0,25.81,7.5,16.2,4.9,4.3,Cash
Go Sedan,316.0,30.16,2.9,42.1,4.4,4.5,UPI
Premier Sedan,824.0,36.16,12.5,27.0,4.2,4.9,Credit Card
Go Sedan,341.0,3.53,14.4,21.4,4.2,4.3,UPI
Uber XL,364.0,27.07,12.9,39.3,4.8,4.6,UPI
Go Mini,289.0,37.91,14.3,31.6,4.3,4.6,UPI
Go Sedan,3313.0,46.84,9.4,16.0,3.2,4.4,UPI
Premier Sedan,230.0,47.72,13.5,40.5,4.4,4.2,Cash
Bike,76.0,27.35,6.3,17.8,4.1,4.8,Credit Card
Go Sedan,371.0,18.58,2.9,34.6,4.7,4.5,UPI
Go Sedan,269.0,24.18,14.7,22.5,4.3,4.6,Debit Card
Premier Sedan,671.0,15.06,7.6,23.6,3.6,4.4,UPI
Bike,240.0,42.98,11.8,18.1,4.5,4.3,Debit Card
Auto,283.0,40.16,10.6,35.8,4.3,4.7,Credit Card
Bike,425.0,33.68,13.3,36.5,3.9,4.5,Cash
Premier Sedan,1233.0,25.45,7.3,17.6,3.7,4.6,UPI
Auto,695.0,42.55,8.3,18.6,3.9,4.9,Cash
Auto,1014.0,42.42,14.0,30.1,4.1,4.5,Cash
Auto,264.0,13.39,12.7,36.7,3.2,4.2,UPI
Go Mini,543.0,32.98,10.1,44.7,5.0,4.9,UPI
Go Mini,60.0,5.57,14.6,37.3,4.2,4.9,Cash
Go Mini,116.0,32.2,8.9,29.0,4.9,4.8,UPI
Bike,957.0,42.57,7.6,29.1,4.5,4.4,UPI
Go Mini,734.0,48.63,8.1,38.5,4.1,5.0,Cash
Go Mini,381.0,30.78,13.5,31.7,4.6,4.6,UPI
Premier Sedan,461.0,39.96,13.5,16.5,4.5,4.5,Uber Wallet
Go Sedan,780.0,25.71,3.3,27.1,3.8,4.1,Credit Card
Uber XL,795.0,15.61,9.1,42.4,4.3,4.5,Debit Card
Auto,509.0,27.72,9.4,25.8,4.3,4.5,Cash
Auto,213.0,13.66,14.3,44.8,4.3,4.3,UPI
Premier Sedan,354.0,35.86,8.0,23.9,4.2,4.4,Cash
Auto,807.0,33.15,13.9,39.0,3.8,4.9,UPI
Go Mini,590.0,42.74,2.6,25.0,4.1,5.0,UPI
Premier Sedan,318.0,5.42,13.3,18.9,4.5,3.9,Credit Card
Premier Sedan,485.0,42.83,4.3,30.6,4.8,4.4,UPI
Bike,272.0,45.43,14.6,17.4,4.2,4.9,UPI
Go Mini,393.0,34.42,10.1,43.1,4.2,4.7,Cash
Auto,155.0,5.39,9.8,34.2,4.5,3.7,Debit Card
Go Mini,94.0,41.85,14.3,18.0,3.8,4.3,UPI
Auto,466.0,12.01,8.0,44.0,4.2,4.0,Cash
Go Mini,395.0,17.84,2.3,35.8,4.2,4.9,UPI
Bike,581.0,43.25,14.9,20.0,4.4,4.6,UPI
Auto,69.0,33.65,4.7,35.5,4.8,4.2,Cash
Go Sedan,689.0,39.97,9.1,30.6,4.1,4.4,Uber Wallet
Premier Sedan,261.0,23.88,9.0,30.1,3.6,4.4,UPI
Auto,308.0,7.11,4.0,22.7,4.4,4.6,Uber Wallet
Go Mini,270.0,17.45,8.7,43.5,3.7,4.5,UPI
Go Mini,569.0,12.64,13.5,40.0,4.6,4.9,UPI
Bike,509.0,9.18,5.6,25.2,3.1,3.7,Debit Card
Go Mini,351.0,23.47,13.7,29.9,4.5,4.9,Debit Card
Go Sedan,60.0,48.09,13.5,25.6,3.8,3.9,UPI
Auto,273.0,3.29,13.0,30.4,4.6,3.9,Uber Wallet
Uber XL,579.0,10.47,10.0,38.1,4.3,3.9,Cash
Bike,860.0,29.08,14.7,24.8,4.2,4.0,UPI
Premier Sedan,352.0,43.18,2.2,24.9,4.3,4.7,Uber Wallet
Auto,154.0,36.09,4.4,30.8,4.2,3.8,UPI
eBike,415.0,39.77,4.1,24.8,4.3,4.2,Cash
Premier Sedan,381.0,27.69,6.6,39.1,4.7,4.6,Uber Wallet
Premier Sedan,499.0,39.49,3.2,35.3,4.6,4.6,UPI
Auto,1066.0,3.75,2.3,31.5,4.7,4.9,Uber Wallet
Premier Sedan,393.0,15.27,2.9,27.7,4.4,4.6,Credit Card
Auto,2994.0,47.9,10.8,28.0,3.1,3.7,UPI
Go Mini,104.0,17.79,6.9,39.8,4.2,3.9,Cash
Go Sedan,328.0,12.13,8.4,19.1,3.1,3.9,Uber Wallet
Auto,373.0,33.93,6.1,27.6,4.9,4.3,Cash
Go Mini,228.0,43.89,11.0,34.1,4.3,4.1,UPI
Bike,218.0,2.11,2.4,36.3,4.2,4.6,UPI
Uber XL,458.0,34.05,14.7,23.1,4.3,5.0,UPI
Bike,224.0,23.88,10.4,29.5,4.0,4.5,Cash
Go Mini,289.0,14.5,5.3,27.4,4.6,4.7,Credit Card
Go Mini,776.0,31.32,4.1,35.1,3.2,3.8,Credit Card
eBike,908.0,18.64,10.3,28.5,4.6,4.2,Uber Wallet
Go Sedan,731.0,21.71,4.3,19.8,4.2,3.8,UPI
Uber XL,445.0,7.21,12.7,36.4,4.9,3.4,Uber Wallet
Bike,1057.0,19.52,5.7,21.4,3.7,3.5,UPI
Premier Sedan,56.0,19.13,9.1,44.1,4.9,4.6,Uber Wallet
Bike,289.0,30.1,7.0,34.9,4.7,4.1,Cash
Go Mini,998.0,34.16,7.1,20.7,4.5,5.0,UPI
Auto,300.0,9.09,8.1,18.5,5.0,4.5,Cash
Premier Sedan,625.0,14.55,10.7,28.5,4.5,4.6,Cash
Go Sedan,881.0,41.77,7.3,41.0,3.8,4.1,Debit Card
Go Sedan,979.0,7.37,10.3,16.7,3.1,4.9,UPI
Auto,487.0,26.91,12.9,43.8,3.9,4.5,UPI
Go Mini,525.0,7.94,2.5,32.9,4.9,4.6,Debit Card
eBike,83.0,6.6,5.1,43.7,4.5,4.5,UPI
Auto,479.0,17.94,2.2,42.5,3.6,4.2,Uber Wallet
Uber XL,152.0,47.28,7.1,31.1,4.6,4.6,UPI
Go Mini,1081.0,43.56,9.1,28.9,4.9,4.7,UPI
Premier Sedan,1335.0,33.03,5.0,32.6,4.3,4.3,Cash
Go Sedan,559.0,5.71,12.4,16.9,4.3,4.7,UPI
Go Mini,581.0,20.89,6.4,18.4,4.2,4.3,Debit Card
Bike,989.0,14.26,13.4,26.8,4.2,4.4,Credit Card
Auto,523.0,14.13,13.2,25.8,3.2,4.9,Credit Card
Go Mini,292.0,18.55,5.2,29.3,4.2,4.8,UPI
eBike,78.0,49.87,6.7,24.8,4.3,4.9,UPI
Bike,353.0,28.52,12.1,25.0,4.4,4.6,Cash
Bike,450.0,49.34,2.4,20.3,4.4,4.8,Credit Card
Bike,130.0,22.52,9.9,20.3,4.7,4.6,UPI
Go Mini,218.0,22.41,14.1,30.7,4.2,4.8,Cash
Go Sedan,75.0,44.5,2.5,32.2,4.3,4.5,UPI
Premier Sedan,274.0,47.79,10.5,41.5,3.3,3.4,Debit Card
Bike,640.0,40.1,6.5,35.4,4.3,4.1,Cash
Bike,272.0,29.92,11.5,44.9,4.3,3.6,Cash
Go Sedan,170.0,13.86,9.4,24.0,4.5,5.0,Uber Wallet
eBike,791.0,2.59,8.4,36.4,4.8,4.9,Uber Wallet
Go Sedan,115.0,32.4,12.7,29.8,4.3,4.8,UPI
eBike,203.0,29.77,3.5,44.2,4.0,4.2,Uber Wallet
Go Mini,813.0,32.29,3.3,43.1,4.7,4.6,Cash
Bike,408.0,5.84,5.1,20.8,3.8,3.5,Cash
Go Mini,70.0,36.67,13.1,30.0,4.4,3.9,Uber Wallet
Auto,406.0,49.07,4.0,19.5,4.4,3.9,Cash
Premier Sedan,964.0,40.74,11.3,42.7,4.2,4.3,UPI
Auto,470.0,28.91,12.5,39.9,4.0,4.5,Cash
Bike,843.0,15.16,13.0,41.1,4.3,4.6,UPI
Bike,266.0,30.78,10.6,36.6,4.2,4.2,Debit Card
Go Sedan,691.0,38.12,12.5,23.7,3.4,4.6,UPI
Bike,612.0,20.35,3.3,21.3,3.5,4.1,UPI
Auto,575.0,16.46,4.1,25.2,4.3,4.9,UPI
Bike,232.0,48.5,3.4,23.2,4.2,4.9,Cash
Go Sedan,100.0,48.09,12.3,38.3,4.0,4.7,UPI
Go Mini,215.0,10.13,13.6,38.2,4.6,4.1,UPI
Auto,178.0,26.83,6.2,19.3,4.2,4.1,Uber Wallet
Premier Sedan,465.0,23.95,9.1,29.9,3.8,4.2,UPI
Go Sedan,612.0,15.36,10.5,23.8,4.5,4.1,Uber Wallet
Auto,422.0,29.9,6.6,31.7,4.2,3.0,Uber Wallet
Auto,630.0,2.73,7.4,24.7,4.8,4.3,UPI
Go Mini,676.0,42.53,14.6,33.4,4.3,4.2,Cash
eBike,158.0,2.06,3.7,41.4,4.1,4.2,UPI
Bike,84.0,31.14,11.0,19.6,3.8,4.9,UPI
eBike,203.0,45.5,6.6,34.4,4.9,4.3,UPI
Auto,669.0,4.75,2.8,15.3,4.4,4.2,Cash
Auto,1232.0,30.46,2.5,35.2,4.0,5.0,Credit Card
Bike,787.0,48.8,7.7,23.2,4.2,3.4,Debit Card
Auto,73.0,43.35,7.3,23.6,4.2,4.7,Cash
Auto,275.0,32.9,7.5,34.8,4.2,3.8,Uber Wallet
Premier Sedan,280.0,27.32,5.7,44.2,4.2,4.5,Credit Card
Go Sedan,250.0,39.01,8.9,20.9,4.3,4.8,Debit Card
Premier Sedan,210.0,25.61,12.1,38.6,4.6,4.4,Uber Wallet
Go Sedan,321.0,26.03,11.3,25.7,4.3,5.0,Cash
Go Mini,656.0,11.83,3.0,42.6,4.5,4.2,UPI
Go Sedan,1116.0,40.69,11.7,15.4,3.9,3.4,Uber Wallet
Auto,842.0,34.82,7.6,24.8,4.6,4.7,UPI
Auto,456.0,19.43,14.9,30.9,4.2,5.0,Credit Card
Uber XL,82.0,7.01,3.8,42.2,4.3,3.7,UPI
Auto,440.0,3.34,13.7,25.0,4.2,4.2,Cash
Bike,233.0,36.92,4.5,30.1,3.7,4.7,Cash
Go Sedan,154.0,41.84,5.9,36.5,4.2,4.1,UPI
Bike,306.0,11.78,10.8,19.5,4.7,4.7,UPI
Go Mini,351.0,33.23,11.8,32.1,4.2,4.3,Credit Card
Auto,844.0,18.25,2.7,27.9,4.3,4.9,Uber Wallet
Bike,742.0,28.03,14.6,34.4,4.3,4.6,Debit Card
Bike,838.0,10.0,13.4,43.4,3.3,4.2,UPI
Go Mini,93.0,46.78,7.7,19.5,4.6,3.0,Uber Wallet
Bike,215.0,29.36,3.2,24.3,3.5,5.0,Cash
eBike,606.0,44.54,7.0,39.1,3.7,4.4,Debit Card
Bike,439.0,4.45,13.6,28.1,4.1,4.3,Cash
Go Mini,103.0,12.48,14.3,44.2,3.8,4.1,UPI
Bike,778.0,9.98,8.2,15.3,4.6,4.6,Cash
Go Sedan,869.0,36.78,8.5,23.7,4.2,4.5,UPI
Auto,636.0,2.65,2.2,30.3,4.6,4.0,Debit Card
Go Mini,346.0,42.6,14.9,22.0,4.2,4.9,UPI
Auto,179.0,36.02,11.7,22.7,4.6,3.7,Uber Wallet
Go Sedan,2404.0,39.4,8.5,28.7,4.6,4.9,Cash
Bike,382.0,23.4,8.0,41.3,4.8,4.2,UPI
Uber XL,1410.0,10.97,6.5,37.6,4.1,4.9,UPI
Bike,764.0,31.22,7.6,28.5,3.6,3.7,UPI
Auto,2384.0,11.55,6.9,33.8,4.6,4.6,UPI
Premier Sedan,490.0,11.9,6.5,33.4,3.7,4.8,Cash
Go Sedan,703.0,37.22,5.5,34.0,4.6,4.2,Debit Card
Premier Sedan,530.0,25.28,12.1,36.1,3.8,4.0,Credit Card
Auto,1400.0,21.24,12.3,21.9,4.7,4.8,UPI
eBike,235.0,25.36,13.7,18.9,4.3,4.2,Credit Card
Go Mini,574.0,28.73,9.9,15.8,5.0,4.3,Uber Wallet
Auto,1376.0,36.63,5.7,36.6,3.0,4.2,Uber Wallet
Auto,755.0,9.36,11.0,28.1,4.2,3.9,Credit Card
Premier Sedan,765.0,4.23,7.6,21.0,4.9,4.2,Credit Card
Go Mini,413.0,43.01,7.4,26.4,3.5,4.3,Credit Card
Go Mini,1439.0,16.29,14.2,43.5,3.7,5.0,Uber Wallet
Premier Sedan,94.0,37.05,10.7,25.9,4.2,4.3,UPI
Bike,148.0,6.3,11.6,43.6,4.2,4.7,Debit Card
Go Mini,342.0,48.05,14.0,37.7,4.6,4.3,Debit Card
Bike,607.0,15.89,12.0,30.0,4.4,4.2,Debit Card
Premier Sedan,55.0,41.56,7.6,29.8,4.5,3.9,Debit Card
Premier Sedan,1502.0,8.32,12.7,41.9,4.6,4.6,UPI
Auto,394.0,45.56,4.7,39.7,4.7,4.8,Cash
Go Sedan,488.0,36.69,8.0,16.9,4.2,4.9,Debit Card
Go Mini,255.0,20.41,14.7,36.0,4.2,3.9,UPI
Go Sedan,989.0,37.88,6.7,32.4,4.3,4.6,UPI
Auto,868.0,39.47,8.2,42.1,3.6,4.2,UPI
Bike,102.0,24.91,6.2,22.3,4.1,4.6,Uber Wallet
Bike,188.0,39.06,2.4,29.9,4.3,4.9,Cash
eBike,168.0,44.87,11.1,25.1,3.9,4.3,Uber Wallet
Auto,1015.0,15.28,4.6,21.2,4.6,3.6,UPI
Premier Sedan,608.0,27.37,4.8,22.4,4.1,4.4,UPI
eBike,532.0,9.56,5.4,25.3,4.3,3.8,Uber Wallet
Premier Sedan,215.0,5.96,7.3,34.8,4.2,5.0,Cash
Bike,306.0,17.43,7.2,38.8,4.3,3.9,UPI
Go Mini,192.0,31.39,7.0,26.8,4.2,4.1,Uber Wallet
Bike,182.0,19.84,3.3,30.1,3.9,4.8,Debit Card
Go Mini,764.0,26.69,13.1,25.9,4.1,4.6,Credit Card
Go Mini,297.0,36.38,14.8,15.2,4.4,4.9,Credit Card
Auto,662.0,14.39,3.8,42.3,4.7,4.8,UPI
Go Mini,1245.0,12.14,9.9,29.3,4.2,4.9,Debit Card
eBike,909.0,47.4,14.0,18.0,3.7,5.0,Cash
Premier Sedan,158.0,43.25,8.5,42.8,4.7,4.9,UPI
Premier Sedan,131.0,44.14,10.2,39.8,4.4,4.3,UPI
Auto,207.0,48.39,5.7,22.9,4.4,4.6,Cash
Go Sedan,353.0,18.97,10.1,41.3,3.8,3.6,Cash
Go Mini,586.0,22.4,5.3,25.2,4.6,4.3,Debit Card
Auto,161.0,14.99,3.3,36.1,4.9,3.9,Cash
Go Sedan,417.0,45.99,14.1,36.6,4.8,4.5,Credit Card
Bike,712.0,44.34,7.0,44.9,4.2,5.0,Debit Card
Bike,103.0,6.19,4.5,34.3,4.9,4.9,UPI
Premier Sedan,463.0,3.03,12.6,36.4,4.2,4.9,UPI
Premier Sedan,779.0,39.93,10.3,19.1,4.6,4.5,Debit Card
Go Mini,321.0,7.0,4.6,30.5,4.5,4.1,UPI
Uber XL,73.0,35.83,11.5,15.3,4.3,5.0,UPI
Premier Sedan,423.0,48.86,13.4,31.1,3.9,5.0,Debit Card
Go Sedan,169.0,27.66,8.9,27.8,4.7,4.2,Cash
Go Sedan,144.0,23.42,8.7,35.1,4.7,4.9,Uber Wallet
eBike,253.0,36.95,7.5,26.1,3.4,3.8,UPI
eBike,428.0,23.5,3.7,31.7,4.6,4.2,UPI
Bike,132.0,10.29,12.9,25.8,4.7,4.3,UPI
Premier Sedan,724.0,49.6,13.8,26.2,4.1,4.2,UPI
Bike,595.0,26.55,8.9,35.3,4.4,4.9,UPI
Go Sedan,1349.0,24.11,12.9,41.7,3.8,3.7,UPI
Go Mini,872.0,24.38,4.3,36.0,4.6,4.9,Credit Card
Go Sedan,981.0,2.12,6.4,36.4,4.2,4.3,Cash
Uber XL,2054.0,47.38,4.8,21.1,4.3,4.3,Uber Wallet
Bike,1196.0,35.44,13.5,32.7,5.0,4.7,Cash
Go Mini,816.0,16.8,13.0,15.0,4.3,3.7,UPI
Auto,201.0,44.56,13.8,17.5,4.2,4.2,Debit Card
Go Sedan,162.0,19.31,7.5,28.7,4.4,4.2,UPI
Go Sedan,1549.0,33.5,14.5,30.0,4.1,4.1,Cash
Go Sedan,249.0,30.88,7.9,44.5,3.1,4.4,UPI
Bike,562.0,15.07,7.6,37.3,4.0,4.5,UPI
Go Sedan,74.0,47.56,2.3,21.4,4.7,5.0,UPI
Auto,424.0,32.21,11.0,42.0,4.2,4.4,UPI
Go Sedan,407.0,38.54,11.0,19.8,3.9,4.2,Credit Card
Go Sedan,961.0,16.28,15.0,23.2,4.9,4.8,Cash
Auto,256.0,18.88,10.8,39.9,4.2,4.6,UPI
Go Mini,475.0,43.53,6.2,25.3,3.8,4.2,Cash
Go Mini,340.0,38.03,10.4,26.1,4.2,4.5,Credit Card
Go Mini,662.0,18.37,8.3,19.8,4.7,4.3,Uber Wallet
Auto,96.0,10.82,14.8,36.4,5.0,4.9,Cash
Go Sedan,888.0,47.9,11.0,25.4,3.3,4.9,UPI
Auto,1264.0,29.14,5.3,15.7,4.9,4.0,UPI
Go Sedan,571.0,36.49,11.3,39.0,4.3,4.9,Uber Wallet
Go Sedan,415.0,33.93,13.5,28.0,3.6,4.3,UPI
Auto,485.0,23.0,8.1,40.0,4.3,5.0,UPI
Go Sedan,344.0,28.09,10.9,24.8,4.3,4.6,UPI
Bike,64.0,15.68,13.1,32.2,4.2,4.6,UPI
Premier Sedan,474.0,3.23,12.5,31.4,4.5,4.1,Cash
Go Mini,72.0,23.08,5.7,18.8,3.7,4.5,Debit Card
Bike,857.0,25.71,6.2,27.9,4.4,4.3,UPI
Premier Sedan,163.0,49.94,11.8,35.3,4.7,5.0,UPI
Go Sedan,94.0,14.58,4.0,23.7,4.6,3.8,Debit Card
Auto,445.0,26.13,13.5,28.8,4.4,3.9,UPI
Go Mini,273.0,14.99,11.4,24.2,5.0,4.6,Credit Card
Go Sedan,632.0,7.73,6.2,40.7,3.4,4.6,Cash
Bike,159.0,22.46,4.5,24.7,3.7,4.3,Credit Card
Auto,362.0,4.94,11.7,33.8,3.7,3.0,Cash
Go Mini,369.0,14.25,11.0,37.3,3.8,4.5,Debit Card
Uber XL,550.0,4.59,12.6,26.6,4.3,4.7,UPI
Bike,211.0,29.69,13.0,37.4,4.6,4.3,Uber Wallet
Auto,312.0,15.75,8.6,27.3,4.3,4.8,UPI
Bike,521.0,36.99,7.2,38.1,4.3,3.1,UPI
Go Sedan,70.0,44.4,7.0,41.9,3.9,5.0,Debit Card
Bike,326.0,38.03,9.4,19.7,4.4,4.2,Cash
Bike,183.0,10.91,12.5,35.1,4.9,4.4,UPI
Auto,1386.0,4.55,4.5,35.2,4.7,4.6,UPI
Auto,154.0,32.44,2.2,38.8,4.2,4.1,Cash
Premier Sedan,447.0,31.53,10.6,43.1,5.0,3.7,UPI
Go Sedan,310.0,13.47,11.8,37.1,4.3,4.3,Credit Card
Bike,332.0,47.37,6.5,31.5,4.4,4.3,Cash
Auto,240.0,7.15,11.1,34.1,5.0,4.1,UPI
Go Mini,482.0,9.07,7.3,33.8,4.7,4.9,Cash
Bike,406.0,41.57,3.5,19.8,3.6,4.6,Cash
Auto,973.0,6.73,5.3,15.0,4.2,4.9,UPI
Auto,957.0,31.88,7.1,15.9,3.2,4.3,UPI
Auto,777.0,20.52,7.7,20.1,5.0,4.1,Cash
Bike,840.0,36.12,12.8,42.7,4.3,5.0,UPI
Bike,734.0,24.19,3.5,43.8,4.1,4.8,UPI
Go Mini,114.0,6.89,3.1,15.2,3.8,4.0,UPI
Go Sedan,464.0,44.85,14.3,16.1,4.6,4.9,UPI
eBike,519.0,49.66,3.8,42.9,4.9,4.1,UPI
Go Mini,468.0,28.68,6.1,23.5,5.0,5.0,Cash
eBike,2471.0,9.74,14.8,16.8,3.3,4.9,UPI
Go Sedan,1768.0,37.16,6.8,30.5,5.0,5.0,Credit Card
Auto,108.0,25.4,9.8,28.2,4.2,4.5,UPI
Premier Sedan,307.0,20.64,5.9,30.3,3.9,5.0,UPI
Go Sedan,445.0,25.42,9.3,33.3,4.6,4.7,Credit Card
Auto,149.0,48.63,3.2,31.8,4.1,4.1,Cash
Auto,294.0,45.42,9.3,21.0,4.4,4.1,Cash
Auto,298.0,32.67,2.7,44.9,4.1,3.7,UPI
Auto,490.0,43.26,9.3,34.0,4.1,4.2,Debit Card
Premier Sedan,153.0,46.43,13.8,26.0,4.3,4.8,Credit Card
Auto,540.0,46.96,6.6,28.0,4.3,4.8,Cash
Auto,1631.0,8.11,5.9,41.4,4.5,4.3,UPI
Go Mini,310.0,27.28,7.8,19.7,4.4,3.1,Credit Card
Auto,665.0,21.82,10.0,38.9,4.5,4.6,UPI
Auto,402.0,21.58,11.4,24.2,3.8,4.9,Cash
Auto,808.0,15.42,5.3,31.4,4.3,4.2,UPI
Bike,1032.0,31.65,2.2,16.3,4.7,3.7,Cash
Go Mini,220.0,24.65,12.4,25.0,4.2,4.6,UPI
eBike,625.0,39.96,5.3,31.4,4.3,4.9,UPI
Bike,561.0,49.96,13.5,23.9,3.7,3.1,UPI
Go Mini,661.0,48.93,3.3,25.5,3.9,4.5,UPI
Auto,610.0,9.28,11.3,39.7,4.6,5.0,UPI
Go Mini,61.0,14.85,12.7,15.2,3.4,4.8,UPI
Bike,554.0,10.49,3.8,42.6,4.3,4.9,UPI
Auto,303.0,20.63,10.9,20.7,4.5,4.3,Credit Card
Go Sedan,427.0,37.07,8.4,19.7,4.1,4.9,Cash
Auto,206.0,34.36,6.8,25.9,4.1,4.6,Credit Card
Bike,287.0,17.89,7.3,18.0,4.6,4.9,Uber Wallet
eBike,172.0,27.31,3.7,30.2,4.3,4.7,UPI
Go Mini,418.0,6.35,8.0,39.4,4.6,4.8,UPI
Premier Sedan,196.0,12.89,3.2,34.4,4.8,4.1,Uber Wallet
Go Mini,582.0,5.59,12.7,27.1,4.3,3.7,Credit Card
Bike,1469.0,3.37,11.9,27.4,4.0,4.8,UPI
Auto,916.0,22.89,9.1,36.1,4.6,4.3,UPI
eBike,101.0,4.97,9.4,28.1,4.3,4.6,Uber Wallet
Premier Sedan,367.0,12.95,9.3,23.7,3.8,4.5,Cash
Go Mini,428.0,9.56,12.6,30.7,3.7,4.8,UPI
Premier Sedan,325.0,10.66,13.1,26.2,4.3,5.0,UPI
Premier Sedan,727.0,2.69,7.4,40.4,4.5,4.6,UPI
Go Sedan,348.0,48.45,11.8,16.2,4.5,4.5,Cash
Auto,197.0,48.53,3.1,19.7,4.2,4.9,UPI
Premier Sedan,83.0,15.59,13.1,21.8,3.1,4.6,UPI
Auto,191.0,7.35,11.1,34.5,4.3,5.0,UPI
eBike,970.0,13.95,13.0,34.0,4.4,4.3,Cash
Bike,352.0,11.1,2.5,15.2,4.3,3.4,Cash
Bike,1188.0,45.23,5.5,36.0,4.3,5.0,UPI
Bike,882.0,16.79,10.9,21.3,3.9,4.7,UPI
Bike,606.0,49.73,7.7,33.5,4.2,4.2,Cash
Auto,215.0,49.98,4.2,28.4,4.0,3.4,Cash
Auto,258.0,16.68,10.8,29.0,4.3,4.3,Cash
Bike,370.0,41.64,10.6,29.4,4.6,4.6,UPI
Auto,518.0,16.64,4.6,41.2,4.2,5.0,Uber Wallet
Go Mini,208.0,34.33,6.9,32.5,4.3,5.0,UPI
Auto,1234.0,17.93,7.8,37.6,4.2,4.3,UPI
Auto,114.0,40.75,11.7,26.4,4.3,4.8,Cash
Bike,722.0,16.18,12.1,17.6,3.6,4.9,Uber Wallet
Premier Sedan,887.0,43.0,10.0,40.5,3.8,4.7,UPI
Auto,325.0,29.56,14.8,38.5,4.3,3.9,Cash
Go Sedan,435.0,19.7,14.6,23.5,4.9,4.7,Cash
Auto,340.0,23.46,12.2,26.6,3.3,4.8,UPI
Go Sedan,170.0,47.47,3.4,25.6,4.5,4.4,UPI
Premier Sedan,540.0,24.33,4.3,22.8,4.2,4.9,UPI
Auto,187.0,49.64,12.1,30.8,4.7,3.7,Debit Card
Go Mini,158.0,35.56,12.2,38.4,4.2,4.4,UPI
Go Mini,243.0,15.38,4.3,20.1,4.7,4.5,Cash
Go Mini,77.0,20.06,6.9,19.9,4.3,4.5,UPI
Go Sedan,642.0,9.81,11.8,32.9,4.3,4.6,UPI
Bike,1877.0,22.81,6.7,18.9,4.3,4.5,Cash
Go Mini,747.0,36.21,14.9,41.2,4.6,4.9,Cash
Premier Sedan,3962.0,9.52,4.9,43.8,4.8,4.6,Credit Card
Bike,584.0,25.46,13.2,27.9,4.3,3.1,UPI
eBike,476.0,18.45,4.9,41.7,4.7,4.6,UPI
Auto,504.0,37.65,14.1,19.4,4.6,4.1,UPI
Go Mini,646.0,36.82,6.9,17.1,4.2,4.1,Uber Wallet
eBike,984.0,17.75,7.0,17.4,3.3,4.3,UPI
Bike,769.0,3.71,8.7,24.2,3.7,4.1,Cash
Go Mini,477.0,35.88,12.6,28.2,3.5,4.3,Cash
Go Mini,524.0,33.12,10.4,16.7,4.6,4.0,UPI
Auto,912.0,29.32,4.3,28.5,4.2,4.4,Cash
Go Mini,246.0,48.64,7.3,35.7,4.3,4.2,Uber Wallet
eBike,577.0,9.15,4.3,36.9,4.3,4.5,UPI
Auto,433.0,17.15,11.0,39.5,3.6,4.9,Cash
Bike,307.0,9.51,12.2,25.3,3.6,4.5,Debit Card
Premier Sedan,318.0,27.6,7.7,35.2,3.9,4.9,Cash
Auto,299.0,23.46,10.4,33.1,4.4,4.6,Debit Card
Auto,271.0,41.07,6.9,28.2,4.7,4.4,Credit Card
Auto,239.0,26.48,11.3,34.1,4.2,4.1,Cash
Premier Sedan,270.0,18.76,8.6,39.4,4.6,4.3,Cash
Bike,613.0,48.8,3.0,18.3,4.4,4.9,UPI
Go Mini,1181.0,9.99,2.4,40.6,4.6,4.5,Cash
Go Sedan,149.0,32.88,9.0,18.0,4.3,4.6,UPI
Auto,612.0,36.15,4.1,21.8,4.3,4.8,Cash
Bike,313.0,23.67,12.7,24.5,4.6,4.2,UPI
Premier Sedan,247.0,22.23,3.5,36.0,4.7,5.0,Cash
Bike,138.0,27.97,12.1,16.1,4.4,4.5,Uber Wallet
Auto,577.0,47.74,13.3,36.5,4.2,4.2,Cash
Bike,80.0,33.28,6.5,15.8,4.2,4.3,Credit Card
Go Sedan,774.0,22.81,4.0,18.0,4.4,4.3,UPI
Go Sedan,811.0,38.45,2.5,33.8,3.3,4.8,UPI
Auto,237.0,47.46,4.3,16.4,4.1,3.1,UPI
Go Mini,817.0,29.99,8.2,20.2,4.2,4.1,UPI
eBike,830.0,48.93,4.4,30.7,5.0,4.4,UPI
Premier Sedan,729.0,31.68,9.0,27.5,3.7,3.3,UPI
Auto,949.0,18.35,10.0,40.2,4.6,4.6,Uber Wallet
Go Mini,596.0,3.86,6.8,20.1,4.2,4.4,UPI
Go Mini,498.0,8.96,7.0,30.6,4.6,3.8,Credit Card
Go Mini,420.0,48.23,13.6,43.1,4.2,3.8,Cash
Go Sedan,1814.0,24.2,12.8,43.8,4.2,4.2,UPI
eBike,113.0,49.64,6.3,21.4,4.2,4.4,Cash
Go Sedan,312.0,25.42,14.6,30.1,3.8,4.6,UPI
Bike,428.0,3.39,11.8,27.0,4.6,4.8,Cash
Go Sedan,359.0,9.33,2.1,39.1,4.6,5.0,Uber Wallet
Go Mini,1490.0,21.29,7.0,36.2,4.3,4.9,UPI
Premier Sedan,308.0,35.71,9.7,21.3,4.2,4.9,UPI
Go Sedan,161.0,25.14,9.5,34.5,3.8,4.2,Cash
Bike,256.0,39.6,4.1,40.4,4.6,4.5,UPI
Auto,285.0,48.15,3.2,30.6,4.2,4.9,Credit Card
Bike,185.0,6.78,12.8,23.2,3.8,4.9,Cash
Go Mini,850.0,23.52,15.0,39.0,4.3,5.0,Cash
eBike,292.0,3.33,3.2,43.0,4.4,3.7,Uber Wallet
Premier Sedan,1757.0,31.72,11.4,21.1,3.8,4.3,Cash
eBike,498.0,47.01,11.0,38.4,3.6,4.9,UPI
Go Mini,608.0,24.59,8.2,16.4,3.8,4.9,UPI
Bike,606.0,43.99,4.1,18.6,4.0,4.3,Uber Wallet
Go Mini,693.0,11.4,11.8,38.0,3.4,4.5,Cash
Go Sedan,155.0,20.25,13.3,37.8,4.1,4.9,Cash
Go Sedan,109.0,40.3,8.8,20.3,4.3,4.3,UPI
Bike,1468.0,36.96,5.2,23.4,4.4,4.6,UPI
Auto,469.0,14.01,7.1,32.5,4.1,4.8,UPI
Go Mini,1779.0,28.92,7.4,23.5,4.7,4.7,UPI
Bike,131.0,32.54,5.3,26.1,3.2,3.3,Cash
eBike,693.0,12.14,4.0,42.6,4.3,4.4,Uber Wallet
Go Mini,675.0,8.27,10.0,20.8,4.2,4.2,UPI
Auto,255.0,30.31,5.0,33.8,4.0,3.2,UPI
Auto,288.0,45.63,5.7,21.4,4.3,4.6,Debit Card
Auto,315.0,47.05,4.9,17.1,4.4,4.9,Cash
Go Sedan,555.0,37.27,5.6,16.7,4.9,4.2,Cash
Auto,121.0,42.58,12.7,16.9,4.2,4.5,UPI
Go Mini,291.0,15.97,4.9,17.4,4.9,4.8,UPI
Go Sedan,801.0,17.31,13.2,18.7,4.6,3.6,Debit Card
Go Mini,828.0,5.13,14.1,42.5,4.1,4.1,Uber Wallet
Go Mini,283.0,33.22,9.9,19.9,4.3,4.9,UPI
Auto,332.0,13.67,11.3,26.0,4.6,4.9,Cash
Auto,368.0,26.14,13.8,37.8,4.3,5.0,Credit Card
Premier Sedan,52.0,34.38,14.7,36.1,4.1,4.2,UPI
Go Sedan,953.0,27.81,6.7,29.4,4.9,4.3,UPI
Go Sedan,302.0,27.25,5.5,21.4,3.7,4.6,Cash
Uber XL,361.0,25.56,13.6,24.8,4.1,4.9,Cash
Auto,165.0,8.18,14.4,33.2,5.0,4.2,UPI
eBike,720.0,25.79,7.9,41.2,4.9,4.9,UPI
Auto,142.0,30.15,7.5,31.3,4.6,4.9,UPI
Auto,398.0,48.91,3.0,36.5,4.5,3.2,UPI
Auto,999.0,13.33,8.5,42.2,4.9,4.2,UPI
Bike,282.0,38.65,11.6,26.9,3.0,4.3,UPI
Premier Sedan,132.0,11.08,3.5,20.7,4.3,4.4,UPI
Go Mini,808.0,44.43,12.9,44.9,4.0,4.5,UPI
Go Mini,591.0,43.92,6.9,36.1,3.7,4.5,UPI
Auto,1373.0,26.86,9.6,22.6,4.3,4.3,UPI
Go Sedan,338.0,2.24,13.1,29.5,5.0,4.3,UPI
Premier Sedan,879.0,16.25,4.1,29.4,4.4,4.2,UPI
Auto,112.0,2.96,7.8,41.4,4.2,4.9,UPI
Auto,826.0,41.56,10.9,26.1,4.6,4.2,UPI
Go Mini,249.0,36.61,8.4,44.1,4.6,3.6,Debit Card
Auto,546.0,21.41,4.1,19.0,3.7,4.4,UPI
Go Mini,103.0,31.75,3.9,15.6,4.3,5.0,Cash
Auto,438.0,28.77,2.3,27.9,4.3,3.8,UPI
Auto,279.0,43.07,11.8,42.9,4.8,3.4,Uber Wallet
Auto,740.0,47.26,9.8,33.7,4.9,4.9,UPI
Go Sedan,271.0,37.26,6.7,28.9,4.3,4.9,UPI
Auto,723.0,35.53,13.6,41.5,4.6,4.6,Cash
Auto,411.0,5.52,14.9,22.6,3.1,3.7,UPI
eBike,470.0,40.27,7.6,20.9,3.4,5.0,Credit Card
Go Mini,330.0,39.68,5.1,43.6,4.0,4.1,Debit Card
eBike,643.0,13.29,3.1,16.7,4.7,4.4,Cash
Bike,336.0,33.01,9.9,43.1,3.9,4.6,UPI
Go Sedan,167.0,34.99,12.5,19.0,3.7,3.9,UPI
Go Mini,150.0,24.89,10.3,36.5,5.0,4.6,UPI
Premier Sedan,79.0,15.98,3.8,34.5,4.3,3.7,Uber Wallet
eBike,154.0,18.04,14.7,24.9,3.9,4.6,Cash
Bike,806.0,44.79,14.4,37.2,3.6,4.6,Credit Card
Bike,308.0,41.35,14.5,18.9,3.3,4.2,Cash
Go Sedan,389.0,15.91,13.2,15.7,4.3,4.9,Debit Card
Bike,425.0,44.98,12.8,29.1,4.9,4.6,Debit Card
Go Sedan,849.0,33.24,5.6,31.9,4.3,4.4,UPI
eBike,1006.0,28.21,8.5,21.2,4.1,4.1,Cash
Go Mini,452.0,12.21,13.5,43.9,4.7,3.9,Cash
Go Sedan,226.0,7.03,7.5,33.0,4.3,4.9,Uber Wallet
Bike,277.0,36.24,9.4,25.6,4.2,3.7,UPI
Go Mini,377.0,15.99,7.6,36.1,4.2,3.5,Uber Wallet
eBike,295.0,9.95,11.1,26.4,4.1,4.3,UPI
Auto,445.0,36.55,10.3,18.9,4.9,4.2,Cash
Bike,965.0,21.26,7.5,44.6,4.5,4.1,Uber Wallet
Premier Sedan,497.0,49.39,13.8,19.5,4.2,5.0,Uber Wallet
Go Mini,498.0,20.42,14.0,23.2,4.4,4.2,Debit Card
Auto,716.0,19.6,8.3,29.1,4.4,4.3,UPI
Go Mini,168.0,24.0,13.4,34.2,4.1,4.9,Cash
Go Mini,95.0,6.13,5.3,26.4,3.9,4.6,UPI
Auto,164.0,22.59,9.2,17.1,4.5,4.7,UPI
eBike,979.0,48.36,11.1,18.2,4.2,4.9,Cash
Go Mini,227.0,30.54,7.0,44.5,4.2,4.9,UPI
Go Mini,264.0,2.29,15.0,38.5,3.9,3.7,UPI
Uber XL,803.0,24.31,14.3,32.1,3.7,4.8,Cash
Uber XL,663.0,29.54,12.8,30.2,4.1,4.3,UPI
Go Sedan,669.0,6.51,7.4,21.8,4.2,4.2,Credit Card
Bike,211.0,33.91,14.2,17.4,4.2,4.3,UPI
Auto,1068.0,10.03,3.2,37.9,4.1,4.0,UPI
Premier Sedan,911.0,23.63,8.1,24.7,4.2,3.8,Credit Card
Bike,254.0,42.1,3.2,37.9,3.0,3.8,Credit Card
eBike,408.0,41.68,8.5,27.9,5.0,4.9,UPI
Bike,129.0,45.04,7.0,41.1,4.2,4.2,UPI
Bike,3068.0,44.72,14.0,42.7,4.7,4.7,Credit Card
Go Sedan,144.0,48.73,14.5,16.8,5.0,4.2,UPI
Go Mini,1371.0,17.01,8.1,26.8,4.1,5.0,Cash
Go Sedan,516.0,19.98,10.5,43.9,3.9,4.1,UPI
Go Mini,1011.0,9.46,8.1,39.7,4.2,4.1,Cash
Go Mini,232.0,22.94,7.6,19.5,4.3,5.0,Credit Card
Auto,903.0,19.56,7.2,43.1,3.3,4.5,UPI
Auto,1071.0,48.42,14.0,38.5,4.7,4.0,UPI
eBike,493.0,24.71,14.1,18.2,3.2,4.5,Uber Wallet
Bike,291.0,25.89,5.0,32.2,4.3,4.2,Debit Card
Premier Sedan,312.0,24.41,12.7,21.7,4.1,4.8,Cash
Go Mini,470.0,46.23,10.1,38.7,4.4,4.9,Uber Wallet
Auto,687.0,13.62,6.7,21.5,4.9,4.7,Cash
Go Mini,219.0,4.88,2.7,19.1,3.1,4.8,UPI
Go Sedan,477.0,24.8,12.8,37.8,3.2,4.4,Cash
Go Sedan,674.0,20.29,11.0,41.4,3.1,4.6,Cash
Go Mini,152.0,38.13,6.4,20.4,3.1,4.2,Cash
Auto,398.0,2.44,14.9,27.7,3.9,4.7,Cash
Auto,140.0,6.8,2.4,35.9,3.0,4.6,UPI
Premier Sedan,55.0,34.43,7.1,17.8,3.3,5.0,Cash
Auto,913.0,14.45,5.8,18.6,4.4,3.8,Cash
Go Sedan,462.0,4.76,9.2,30.4,4.8,5.0,Cash
Premier Sedan,285.0,42.29,4.2,17.5,4.8,4.6,Cash
Premier Sedan,1435.0,41.66,10.1,36.1,4.3,3.4,Cash
Go Mini,275.0,2.59,9.7,22.2,4.2,4.9,UPI
Auto,243.0,17.09,7.5,17.2,4.6,4.8,Credit Card
Go Sedan,243.0,22.62,14.9,31.1,4.3,3.4,Debit Card
Bike,1534.0,10.53,6.7,33.0,4.3,5.0,UPI
Go Sedan,272.0,37.95,10.0,37.0,4.4,4.1,Cash
Premier Sedan,548.0,12.0,7.6,38.0,3.8,4.8,Credit Card
Auto,1794.0,17.95,8.7,41.5,4.6,4.3,UPI
Go Mini,368.0,34.97,4.9,17.3,3.1,3.6,UPI
Go Mini,674.0,15.05,4.1,31.5,4.6,3.8,Cash
Go Sedan,405.0,13.1,10.0,40.6,3.6,4.6,Credit Card
Bike,955.0,29.35,2.0,34.3,5.0,4.5,UPI
Go Mini,199.0,8.42,5.6,22.7,4.4,4.6,UPI
Auto,180.0,17.99,5.6,44.2,4.1,4.4,Cash
Bike,91.0,48.05,12.0,15.5,4.4,4.9,UPI
Bike,82.0,6.94,4.8,21.8,4.9,4.8,Uber Wallet
Premier Sedan,240.0,10.13,3.4,16.2,4.2,4.3,Uber Wallet
Go Mini,764.0,13.79,10.8,24.8,4.3,4.2,Debit Card
Bike,520.0,5.33,6.0,43.4,4.8,4.5,UPI
eBike,810.0,42.86,5.8,43.5,3.9,4.3,Cash
Premier Sedan,320.0,26.34,8.4,29.1,4.2,4.2,Cash
Auto,1512.0,5.24,6.0,28.0,3.7,3.8,UPI
Bike,604.0,23.26,12.8,23.5,4.7,4.9,Cash
Go Sedan,325.0,15.08,13.7,29.4,4.5,4.7,Cash
Go Sedan,429.0,23.02,9.9,42.4,4.2,4.2,Cash
Go Mini,269.0,2.45,8.0,21.8,4.7,4.9,Cash
Go Sedan,352.0,40.24,11.3,18.0,4.3,4.1,Credit Card
Go Sedan,131.0,46.09,3.3,43.9,3.7,4.9,Cash
Auto,641.0,7.03,6.7,36.6,4.7,4.5,Credit Card
Go Sedan,66.0,15.4,14.4,43.1,4.6,4.7,Cash
eBike,259.0,42.09,14.4,16.0,3.8,4.2,UPI
eBike,269.0,35.14,6.0,35.3,4.2,4.6,Uber Wallet
Auto,253.0,20.77,14.2,38.1,4.7,4.4,UPI
Go Mini,480.0,32.18,7.7,37.5,3.4,4.4,UPI
Auto,392.0,44.29,12.7,20.0,3.3,4.3,UPI
Go Sedan,751.0,47.77,6.6,15.2,4.1,4.5,UPI
Go Mini,333.0,37.23,12.9,26.4,4.1,4.3,UPI
Go Sedan,65.0,38.62,10.8,40.3,3.7,4.3,Uber Wallet
Go Sedan,720.0,16.59,9.2,34.4,4.4,4.1,Cash
Go Mini,125.0,8.77,14.4,38.0,4.1,4.6,Uber Wallet
Premier Sedan,522.0,10.26,11.8,19.7,4.2,4.3,Uber Wallet
Go Sedan,88.0,20.06,13.0,25.6,4.6,4.6,UPI
Bike,147.0,46.63,13.5,36.3,4.5,4.3,UPI
eBike,356.0,27.73,13.1,43.8,4.4,4.0,Credit Card
eBike,475.0,39.55,6.7,26.9,4.6,4.7,UPI
Go Sedan,426.0,5.35,4.5,42.5,4.2,4.1,UPI
eBike,155.0,29.32,3.2,21.9,3.9,4.8,Uber Wallet
Premier Sedan,794.0,15.29,7.4,32.4,3.9,4.2,Credit Card
eBike,582.0,32.88,9.1,16.0,4.4,4.9,UPI
Auto,206.0,3.44,13.8,25.6,3.4,3.6,Cash
Auto,776.0,47.44,8.3,43.1,3.9,3.6,Cash
Go Sedan,488.0,42.22,11.3,33.3,4.9,4.3,UPI
Auto,358.0,35.91,14.6,16.4,4.3,4.7,UPI
Auto,511.0,9.37,4.9,42.4,4.8,4.0,UPI
Bike,265.0,2.0,3.4,19.2,4.3,4.9,UPI
Auto,499.0,6.94,13.5,35.3,4.6,4.0,Cash
Go Mini,91.0,2.48,10.2,38.1,4.3,4.8,Uber Wallet
Go Mini,326.0,29.81,14.5,20.0,4.3,4.6,UPI
Bike,365.0,45.59,14.2,23.4,3.9,5.0,Uber Wallet
Bike,324.0,18.02,8.5,21.8,4.1,4.4,Credit Card
Auto,74.0,46.05,15.0,15.4,4.4,4.8,UPI
Premier Sedan,243.0,38.43,12.5,25.9,4.4,3.0,UPI
Auto,762.0,44.76,8.4,29.2,4.5,4.3,UPI
Go Mini,834.0,28.46,12.8,41.3,4.9,3.4,UPI
Uber XL,297.0,27.29,13.8,17.5,4.3,4.3,Credit Card
Bike,686.0,23.06,14.8,38.6,4.4,3.7,UPI
Premier Sedan,314.0,25.73,3.2,30.9,3.2,4.1,UPI
Bike,424.0,46.48,14.1,36.9,4.0,3.5,Cash
Go Mini,1521.0,46.88,3.7,40.7,4.1,3.4,UPI
Go Sedan,212.0,15.62,9.5,33.3,4.9,4.6,UPI
Premier Sedan,334.0,16.38,3.9,23.5,3.7,3.6,UPI
Go Sedan,760.0,24.79,4.6,16.6,4.1,4.1,UPI
Go Sedan,499.0,42.77,13.1,36.9,4.3,4.6,UPI
Bike,92.0,41.46,14.9,40.6,4.4,4.6,UPI
Go Sedan,220.0,41.05,4.5,16.2,4.1,3.7,Uber Wallet
Auto,148.0,49.3,9.4,26.6,4.4,4.2,Uber Wallet
Bike,661.0,40.11,6.4,32.2,3.6,4.3,UPI
Bike,878.0,38.33,5.7,20.5,4.3,3.9,UPI
Bike,906.0,14.88,5.1,36.7,3.8,4.5,Cash
Premier Sedan,876.0,27.36,3.2,39.3,4.1,3.7,Uber Wallet
Premier Sedan,363.0,35.17,6.5,27.1,4.2,4.6,Debit Card
Bike,1275.0,9.6,2.8,30.6,4.2,3.1,Credit Card
Premier Sedan,1254.0,10.48,11.9,35.8,4.7,4.1,UPI
Bike,775.0,38.85,10.7,27.3,4.4,4.4,UPI
Go Sedan,1174.0,9.47,3.1,26.8,4.1,4.5,Credit Card
Go Mini,348.0,49.52,3.8,28.8,4.5,4.3,Cash
Premier Sedan,513.0,32.17,2.6,31.5,4.3,4.4,Cash
Go Mini,62.0,49.81,10.5,39.3,4.2,4.9,Cash
Go Mini,50.0,5.39,4.7,16.0,4.3,5.0,UPI
Uber XL,164.0,12.4,2.1,16.1,4.3,4.8,Debit Card
eBike,291.0,14.79,9.5,23.8,4.6,4.1,UPI
eBike,52.0,22.86,13.4,32.3,4.6,4.4,UPI
Go Sedan,117.0,15.06,3.9,39.2,3.7,5.0,Credit Card
eBike,669.0,40.4,2.0,27.9,4.4,4.2,Cash
Bike,119.0,35.93,8.3,28.3,4.5,4.7,Credit Card
Bike,805.0,39.68,14.6,22.8,4.8,4.7,Cash
Auto,717.0,14.7,8.5,16.1,3.8,5.0,Uber Wallet
Bike,490.0,5.3,10.3,23.6,4.3,4.8,Cash
Auto,960.0,39.12,3.0,37.9,4.7,4.5,Uber Wallet
Auto,357.0,48.3,2.3,33.8,4.2,4.9,Debit Card
Go Mini,861.0,35.61,4.3,27.8,4.7,4.8,Cash
Premier Sedan,350.0,5.38,8.6,19.4,4.4,3.2,Cash
Uber XL,366.0,43.88,14.6,39.7,4.6,4.3,UPI
Auto,759.0,32.31,6.7,35.2,4.7,3.9,Cash
Go Sedan,466.0,11.08,9.2,44.6,4.6,4.2,Debit Card
Premier Sedan,150.0,13.38,2.5,25.6,4.9,4.1,Credit Card
Premier Sedan,339.0,21.72,14.6,17.4,4.9,4.4,UPI
Bike,356.0,26.11,13.9,35.5,4.3,4.1,Debit Card
Go Sedan,714.0,22.9,12.2,30.6,3.2,4.9,UPI
Bike,849.0,40.86,3.2,24.3,4.7,4.8,Debit Card
Bike,279.0,43.81,12.2,34.9,4.3,5.0,UPI
Bike,1564.0,31.45,11.6,38.3,4.1,4.9,UPI
Go Sedan,467.0,2.12,3.0,15.4,4.3,4.1,Debit Card
eBike,122.0,28.25,12.2,42.5,4.4,5.0,UPI
Bike,434.0,8.16,4.3,43.7,4.6,4.9,Debit Card
Uber XL,374.0,46.48,9.6,27.3,4.2,4.6,UPI
Premier Sedan,56.0,38.96,12.5,20.0,4.6,4.7,Cash
Go Mini,209.0,15.26,9.0,20.8,4.2,3.9,Debit Card
Go Sedan,292.0,6.44,9.7,30.0,4.4,4.9,UPI
Go Mini,405.0,25.64,7.6,36.1,4.2,4.1,UPI
Go Mini,318.0,42.21,2.8,38.6,4.2,4.4,Cash
Go Mini,158.0,19.66,8.3,22.3,3.7,4.2,UPI
Auto,309.0,3.56,3.0,35.5,4.3,4.6,UPI
Auto,454.0,35.54,10.8,36.1,3.2,4.8,Uber Wallet
Auto,770.0,19.54,14.5,34.0,3.4,4.9,Cash
Go Mini,578.0,23.21,13.8,23.0,3.4,4.7,Credit Card
Bike,260.0,5.42,14.0,40.6,3.3,4.8,Cash
Auto,511.0,32.64,7.5,35.6,4.3,3.8,Cash
eBike,430.0,5.88,11.7,44.9,3.1,4.9,UPI
Uber XL,355.0,28.86,14.9,19.0,4.4,4.1,Cash
Go Mini,88.0,19.3,2.6,38.2,4.4,4.3,UPI
Uber XL,287.0,15.49,3.6,34.9,4.9,4.6,Cash
Auto,240.0,7.92,13.3,25.9,5.0,4.4,Debit Card
Auto,378.0,37.79,14.2,32.2,3.7,4.1,Uber Wallet
Go Mini,76.0,15.08,7.0,22.5,3.7,4.4,Uber Wallet
Go Mini,279.0,48.36,2.9,31.9,4.2,4.4,Cash
Go Mini,478.0,30.81,7.5,41.2,4.1,5.0,UPI
eBike,535.0,18.44,5.0,39.7,4.3,5.0,Credit Card
Premier Sedan,567.0,46.5,5.0,41.2,4.3,5.0,Credit Card
Auto,668.0,23.9,4.1,31.7,4.1,4.7,Cash
Go Mini,864.0,6.6,10.9,35.8,4.3,4.5,Credit Card
Auto,841.0,23.75,4.8,17.6,4.4,3.9,Credit Card
Go Mini,221.0,45.02,13.8,39.4,4.5,4.7,UPI
Go Sedan,356.0,47.68,7.7,30.5,4.2,4.6,Uber Wallet
Go Sedan,395.0,9.34,3.6,20.9,3.9,4.8,UPI
Go Mini,135.0,7.97,3.0,24.1,4.2,4.7,Cash
Go Sedan,92.0,25.26,5.2,21.6,4.3,4.4,UPI
Go Mini,458.0,19.37,4.8,15.5,4.3,4.6,UPI
Go Sedan,288.0,8.25,11.2,42.2,4.6,4.5,Credit Card
Go Sedan,182.0,4.15,2.6,25.2,4.8,4.1,Cash
Auto,582.0,12.94,14.1,32.0,4.9,4.3,UPI
Bike,400.0,24.03,5.0,15.1,4.1,3.7,UPI
Go Sedan,1026.0,30.75,7.1,35.3,4.6,3.6,UPI
Go Sedan,322.0,49.08,5.7,30.2,3.8,4.5,UPI
Premier Sedan,552.0,48.13,12.3,28.8,3.8,4.4,UPI
Premier Sedan,105.0,23.81,7.9,38.0,3.7,4.2,Uber Wallet
eBike,605.0,8.77,3.1,31.3,4.4,3.7,UPI
Auto,1334.0,12.7,2.4,37.8,4.7,4.3,UPI
Go Mini,463.0,35.26,11.9,16.2,4.9,4.1,Cash
Go Sedan,992.0,43.3,7.6,39.0,4.7,4.8,UPI
Uber XL,312.0,34.95,12.4,42.9,4.6,4.1,UPI
Go Mini,495.0,28.29,6.7,37.4,4.6,3.8,UPI
Bike,213.0,49.73,6.0,25.8,4.4,4.6,UPI
Go Mini,171.0,25.29,12.9,34.6,4.7,4.6,Credit Card
Go Mini,454.0,45.26,6.3,44.6,4.3,4.6,Cash
Auto,204.0,5.14,9.9,24.1,3.7,4.7,UPI
Premier Sedan,459.0,26.61,9.2,43.8,4.1,4.6,Uber Wallet
Auto,829.0,29.75,6.8,27.2,3.6,4.2,UPI
Bike,442.0,30.66,8.0,23.5,4.5,4.7,UPI
Auto,102.0,35.12,2.5,23.1,4.5,4.9,Cash
Auto,1372.0,18.44,5.8,39.7,4.3,4.9,Cash
Bike,448.0,15.79,4.6,34.5,4.1,4.3,UPI
Bike,285.0,28.49,8.0,34.6,4.6,3.7,Debit Card
Go Sedan,336.0,31.61,3.0,36.1,3.2,4.2,UPI
Premier Sedan,234.0,8.87,3.4,18.6,4.4,4.9,UPI
Auto,312.0,30.39,2.1,19.4,4.1,4.4,UPI
Go Mini,302.0,5.59,8.6,23.6,3.9,4.3,Credit Card
eBike,584.0,35.87,5.8,16.7,4.3,4.1,Uber Wallet
eBike,187.0,14.07,2.2,31.5,4.3,4.5,Credit Card
Go Mini,421.0,25.82,5.4,18.0,3.9,4.6,Cash
eBike,1964.0,35.96,6.2,39.1,4.2,4.2,UPI
Bike,336.0,3.04,11.9,17.1,4.6,4.9,UPI
Go Mini,349.0,43.34,10.0,29.4,3.7,4.9,UPI
Go Mini,291.0,21.25,3.5,17.6,4.9,4.3,UPI
Go Sedan,592.0,29.63,9.0,24.8,4.2,5.0,Cash
Go Sedan,781.0,34.61,10.5,19.4,4.3,4.7,Debit Card
Uber XL,666.0,22.31,4.3,23.6,4.3,4.1,Cash
Auto,497.0,38.37,3.6,20.3,4.6,4.9,Credit Card
Premier Sedan,364.0,33.05,6.9,44.3,5.0,4.3,Cash
Premier Sedan,718.0,48.45,2.7,21.0,4.3,4.1,UPI
Go Mini,671.0,43.88,9.9,44.2,3.9,3.2,UPI
Go Sedan,333.0,43.74,7.8,42.6,4.3,4.3,UPI
Bike,339.0,31.22,13.6,34.6,4.7,4.6,Credit Card
Go Mini,185.0,47.87,12.1,31.9,4.9,4.6,Cash
Uber XL,574.0,26.65,8.3,40.9,3.8,4.5,UPI
Go Sedan,856.0,22.27,11.6,23.2,4.6,4.1,Debit Card
Premier Sedan,194.0,41.83,8.7,35.4,4.4,4.7,Cash
Auto,645.0,35.23,11.1,25.7,3.9,4.9,Cash
Bike,448.0,17.66,13.7,38.2,4.9,4.2,UPI
Premier Sedan,234.0,5.41,10.1,24.0,4.6,4.2,Uber Wallet
Auto,95.0,46.07,11.3,26.7,4.3,4.7,Uber Wallet
Uber XL,428.0,17.64,14.7,25.2,4.9,4.5,Credit Card
Go Mini,849.0,23.72,12.9,37.9,4.2,4.6,Credit Card
Premier Sedan,276.0,2.7,14.4,16.3,4.3,4.7,Cash
Auto,987.0,26.39,4.8,24.1,3.9,4.2,UPI
Bike,778.0,36.13,2.1,44.4,4.7,4.2,Cash
Auto,198.0,21.27,5.1,38.6,4.3,4.6,UPI
Bike,429.0,33.03,6.1,36.6,4.1,4.7,UPI
Premier Sedan,406.0,34.94,4.7,26.2,4.6,4.3,Credit Card
Premier Sedan,425.0,49.06,12.4,23.4,3.9,3.9,UPI
Go Sedan,845.0,25.36,13.9,22.1,4.4,4.9,UPI
Premier Sedan,385.0,45.68,10.7,25.2,3.2,4.8,Cash
Uber XL,688.0,38.87,7.2,37.5,4.6,3.8,UPI
Auto,307.0,8.37,12.9,25.8,4.4,3.7,UPI
Bike,897.0,27.75,9.6,33.1,4.3,3.7,UPI
Premier Sedan,954.0,23.33,5.9,15.9,4.2,4.4,Cash
Premier Sedan,143.0,42.76,13.1,41.2,4.2,4.3,Cash
Go Sedan,711.0,24.39,4.7,43.7,4.3,4.8,Uber Wallet
Premier Sedan,98.0,7.79,3.4,34.7,4.1,4.2,UPI
Auto,138.0,3.95,8.1,30.2,4.1,4.7,Cash
Auto,813.0,7.87,6.0,30.7,4.2,4.8,UPI
Go Mini,119.0,37.15,14.4,25.8,4.4,4.9,UPI
Go Sedan,444.0,45.52,12.0,19.8,4.9,4.6,UPI
Go Mini,359.0,43.17,7.8,27.8,3.9,4.5,Cash
Bike,1085.0,15.87,11.6,43.0,4.6,3.7,Uber Wallet
Go Sedan,306.0,14.74,13.9,39.3,4.3,4.7,UPI
Go Mini,366.0,6.93,4.3,15.9,4.6,4.9,UPI
Bike,83.0,42.19,10.4,43.1,4.5,4.4,Debit Card
Go Sedan,603.0,2.02,3.6,32.1,4.3,5.0,Cash
eBike,582.0,49.02,3.9,36.8,4.6,4.8,UPI
Go Mini,692.0,26.26,4.7,35.9,4.4,4.6,UPI
Go Sedan,1375.0,45.35,4.7,26.0,4.6,4.4,Cash
Go Sedan,124.0,20.63,3.0,28.6,4.3,4.3,UPI
Auto,326.0,3.59,9.5,28.3,3.2,4.6,Credit Card
Premier Sedan,125.0,37.4,12.4,24.8,4.6,3.7,Cash
Go Mini,332.0,38.99,8.8,25.2,4.1,4.7,Debit Card
Go Sedan,307.0,36.25,13.2,38.0,3.7,4.3,Debit Card
Auto,228.0,18.22,3.9,31.9,4.5,4.2,Uber Wallet
Go Sedan,72.0,19.29,7.5,20.0,4.2,4.1,Credit Card
Go Sedan,229.0,30.93,10.2,31.5,4.2,4.7,UPI
Bike,52.0,9.75,5.6,24.9,3.4,4.5,UPI
Premier Sedan,97.0,38.36,9.1,25.6,4.1,4.5,UPI
Bike,460.0,47.06,6.5,27.2,4.3,4.1,UPI
Go Mini,589.0,10.13,11.8,44.4,3.1,4.3,Cash
Go Mini,2226.0,24.7,8.2,18.6,4.8,4.5,Debit Card
Auto,308.0,13.86,13.0,23.8,4.2,4.9,Credit Card
Go Sedan,72.0,26.28,9.0,16.5,3.7,4.6,UPI
Auto,178.0,35.15,9.6,42.2,4.7,3.2,UPI
Auto,325.0,2.4,12.3,25.2,4.6,4.8,UPI
Auto,204.0,16.45,3.0,33.0,4.7,4.2,UPI
Auto,926.0,42.42,3.7,35.5,4.6,4.2,UPI
Go Mini,82.0,10.67,9.0,33.0,3.6,4.7,Cash
Bike,503.0,15.69,12.4,31.2,4.4,3.8,Cash
Go Sedan,476.0,38.41,2.8,36.1,4.4,3.0,Debit Card
Bike,442.0,19.7,6.2,26.1,4.4,4.4,Credit Card
Premier Sedan,451.0,45.36,3.4,44.6,4.2,5.0,Credit Card
Premier Sedan,531.0,43.27,6.4,33.9,4.6,4.7,Cash
Auto,365.0,34.7,6.3,36.4,4.6,3.2,Cash
Auto,403.0,42.84,9.3,42.4,4.2,4.7,Uber Wallet
Premier Sedan,173.0,4.01,2.7,33.2,4.1,3.2,UPI
Auto,121.0,9.66,2.3,37.4,4.4,5.0,UPI
Auto,386.0,12.57,11.3,24.8,4.1,4.3,Cash
Go Mini,501.0,24.86,6.5,39.5,4.1,4.6,Uber Wallet
Go Sedan,603.0,19.42,9.0,31.1,4.2,4.2,Credit Card
Go Sedan,844.0,44.25,6.4,25.0,3.0,4.6,UPI
Go Sedan,234.0,42.18,11.2,18.6,4.3,4.5,Cash
Auto,451.0,35.03,3.5,40.8,4.2,4.3,UPI
Premier Sedan,387.0,6.25,14.2,20.4,4.1,4.6,UPI
Go Mini,393.0,11.14,10.1,33.8,4.5,4.6,Cash
Auto,486.0,42.87,8.5,18.2,3.9,4.0,Debit Card
Go Mini,397.0,39.29,12.5,21.0,3.5,4.9,UPI
Auto,124.0,41.64,10.1,26.6,3.8,4.6,Debit Card
Premier Sedan,251.0,15.57,10.4,30.1,3.4,3.8,UPI
Auto,277.0,32.78,3.8,17.2,5.0,4.3,UPI
Go Mini,641.0,39.37,7.1,19.0,4.4,4.9,Credit Card
eBike,613.0,24.27,11.0,34.8,4.9,5.0,Cash
Auto,625.0,12.77,4.5,18.2,4.1,4.4,Debit Card
Bike,390.0,33.18,4.4,27.5,3.1,4.0,Credit Card
Go Mini,1325.0,46.76,7.7,43.1,4.2,3.8,UPI
Premier Sedan,217.0,18.26,6.2,15.6,4.7,4.5,Cash
Bike,425.0,20.12,9.5,25.9,4.2,4.4,UPI
Go Sedan,391.0,32.82,5.6,26.1,3.7,3.4,Cash
Auto,2371.0,6.35,12.7,18.5,3.4,4.9,Uber Wallet
Go Mini,286.0,43.73,3.6,29.4,4.7,4.3,Uber Wallet
Auto,497.0,41.86,2.1,22.7,4.3,4.3,Cash
Go Sedan,933.0,44.44,2.5,26.4,4.2,4.7,UPI
Auto,560.0,39.78,13.1,15.5,4.9,4.8,Cash
Go Sedan,401.0,19.91,3.9,22.6,3.9,4.2,UPI
Go Mini,231.0,26.84,7.8,44.6,4.6,4.4,Uber Wallet
Go Mini,446.0,35.39,3.0,33.8,3.6,4.9,Cash
Auto,259.0,28.34,14.1,19.9,5.0,4.2,Credit Card
Go Sedan,343.0,8.88,9.2,44.6,4.1,4.8,UPI
Go Mini,257.0,13.27,3.7,26.2,4.4,4.3,Uber Wallet
Go Mini,143.0,42.76,6.5,27.9,4.9,3.7,UPI
Go Mini,99.0,38.16,9.6,41.7,4.4,4.6,UPI
Bike,714.0,3.0,3.3,41.0,3.7,4.5,Cash
Go Mini,863.0,5.77,9.5,40.2,4.6,4.3,Cash
Premier Sedan,167.0,32.48,8.9,21.2,4.2,4.3,Cash
Auto,657.0,19.23,9.7,26.9,4.6,4.5,Cash
Go Mini,427.0,17.16,7.3,44.1,3.9,4.3,Cash
Uber XL,177.0,27.85,9.3,35.5,4.2,5.0,UPI
eBike,490.0,49.74,11.1,18.5,4.2,4.6,Debit Card
Auto,444.0,48.04,4.5,26.3,4.4,4.5,Uber Wallet
Auto,174.0,41.64,2.3,16.5,4.3,4.2,UPI
Premier Sedan,639.0,4.39,4.1,39.5,4.2,4.9,Debit Card
eBike,778.0,17.25,6.1,37.6,3.1,4.2,UPI
Go Mini,328.0,32.93,3.0,39.4,4.6,4.3,UPI
Go Sedan,393.0,26.47,7.2,38.4,4.1,4.3,Cash
Bike,2095.0,17.67,8.2,32.1,4.4,3.7,Cash
eBike,1413.0,22.38,14.1,36.2,3.1,5.0,Cash
Premier Sedan,646.0,23.59,13.0,33.1,4.1,4.6,Credit Card
Go Sedan,151.0,25.54,7.3,39.4,4.4,4.3,Credit Card
Go Mini,1411.0,10.12,6.4,25.9,4.8,5.0,Cash
Go Sedan,847.0,4.01,5.0,23.9,4.6,3.9,UPI
Auto,197.0,21.03,4.5,16.1,4.3,4.6,UPI
Bike,850.0,23.82,13.2,25.1,4.2,3.1,UPI
Uber XL,355.0,23.69,8.7,30.7,4.6,4.4,Cash
Auto,187.0,3.47,6.5,38.7,4.3,3.6,Cash
Auto,126.0,14.2,5.9,33.2,4.3,4.6,UPI
Bike,181.0,30.84,13.7,40.2,3.4,4.3,Uber Wallet
Go Sedan,1848.0,4.68,12.4,26.9,4.2,4.9,UPI
Go Sedan,285.0,17.32,6.9,34.8,4.9,4.3,UPI
Go Sedan,741.0,25.05,13.6,29.5,4.2,4.2,Cash
Go Mini,144.0,25.03,14.8,37.9,4.2,4.5,Cash
Go Sedan,405.0,46.27,13.6,41.7,4.2,4.1,UPI
Auto,626.0,41.26,3.7,15.3,4.4,4.3,Cash
Bike,1114.0,29.27,11.9,36.9,3.7,4.3,UPI
Bike,1505.0,10.87,7.0,20.2,4.1,4.9,UPI
Go Sedan,409.0,25.04,5.2,40.5,4.7,4.6,Cash
Auto,687.0,21.08,10.4,22.1,4.2,4.2,UPI
Auto,86.0,47.73,12.9,43.8,4.3,3.7,UPI
Auto,628.0,13.01,2.9,23.6,4.1,4.3,UPI
Go Sedan,204.0,8.96,13.6,37.8,3.6,4.8,UPI
Go Mini,112.0,31.17,2.3,17.8,4.2,5.0,Debit Card
Auto,259.0,21.48,9.8,24.7,4.1,4.6,Cash
Go Sedan,214.0,49.08,5.6,29.5,4.5,4.7,Credit Card
Go Mini,968.0,9.83,4.7,24.6,4.3,4.2,Credit Card
Auto,977.0,19.69,13.3,40.7,4.1,4.6,UPI
Bike,140.0,41.41,2.9,21.3,4.8,3.9,UPI
Premier Sedan,266.0,36.64,3.4,34.6,3.9,3.6,UPI
Premier Sedan,374.0,30.43,11.0,19.1,4.6,4.4,UPI
Go Mini,457.0,10.45,5.5,19.1,4.6,4.5,UPI
Bike,210.0,22.03,6.0,29.8,4.3,3.8,Cash
eBike,189.0,10.1,9.0,28.8,4.3,4.5,UPI
Auto,548.0,41.02,11.1,15.3,3.3,4.0,UPI
Premier Sedan,131.0,28.7,14.8,17.7,4.3,4.4,UPI
Go Mini,1169.0,11.18,13.7,43.5,4.9,3.9,UPI
Bike,183.0,20.93,10.9,17.2,5.0,4.3,UPI
Bike,203.0,5.68,11.4,15.2,3.4,4.5,Credit Card
Premier Sedan,393.0,15.27,7.3,17.2,4.4,4.2,UPI
Go Mini,551.0,19.85,7.7,37.9,4.1,4.2,Credit Card
Auto,205.0,22.55,14.3,18.2,4.5,4.2,Debit Card
Go Sedan,331.0,46.03,13.5,16.0,4.6,3.7,Cash
Auto,231.0,39.72,13.6,28.4,3.7,4.6,UPI
Bike,436.0,11.83,8.9,21.7,4.2,4.4,Cash
Go Mini,385.0,12.26,2.4,24.8,4.1,4.6,Credit Card
Go Mini,494.0,23.58,5.2,30.8,3.9,4.3,Credit Card
Go Sedan,294.0,5.78,14.1,19.7,4.6,4.8,Credit Card
Bike,480.0,5.71,11.8,29.3,3.9,3.7,UPI
Premier Sedan,349.0,14.89,7.1,30.7,4.1,4.0,UPI
Go Sedan,649.0,42.79,11.5,20.0,4.6,4.3,Cash
Bike,1283.0,42.65,7.6,29.0,4.6,4.8,Cash
eBike,607.0,32.56,11.2,15.2,4.0,4.3,UPI
Go Sedan,368.0,30.21,6.2,40.1,4.5,4.5,Cash
Auto,670.0,41.61,4.4,33.8,3.8,4.9,UPI
Go Sedan,385.0,9.62,13.4,40.9,4.8,3.7,Credit Card
Go Sedan,939.0,43.11,13.4,36.5,3.4,4.4,Debit Card
Go Sedan,865.0,16.41,12.8,40.3,4.4,4.5,Uber Wallet
Go Sedan,804.0,41.9,13.9,17.3,5.0,4.4,UPI
Go Sedan,432.0,35.17,2.4,15.2,3.2,4.8,UPI
Bike,187.0,38.13,9.2,20.5,4.2,4.2,Uber Wallet
Auto,258.0,13.73,9.1,15.8,4.2,3.8,UPI
Bike,70.0,26.49,5.7,33.3,4.6,5.0,UPI
Bike,704.0,32.42,7.9,37.9,4.6,4.0,UPI
Premier Sedan,724.0,22.17,9.1,37.2,5.0,4.1,Debit Card
Go Mini,272.0,36.79,4.5,32.0,4.7,4.6,Cash
Auto,454.0,44.19,3.9,30.0,4.6,3.4,Cash
Bike,837.0,40.97,3.3,35.2,4.9,4.2,Cash
Bike,481.0,25.1,4.9,19.4,4.9,4.5,Debit Card
Go Mini,92.0,45.44,4.7,31.3,4.9,3.3,Cash
Premier Sedan,317.0,27.73,11.0,34.6,3.9,4.9,UPI
eBike,983.0,47.28,5.4,43.6,3.9,4.8,Cash
Premier Sedan,326.0,12.41,6.3,31.2,3.8,4.3,Debit Card
Go Mini,904.0,22.27,6.4,18.6,4.6,4.5,Debit Card
Bike,1673.0,14.85,8.7,37.8,4.3,4.3,UPI
Bike,79.0,38.07,3.2,43.4,4.4,4.9,Credit Card
eBike,678.0,22.47,10.0,38.0,3.9,5.0,Uber Wallet
Auto,207.0,27.53,11.0,44.2,4.9,5.0,UPI
Go Mini,383.0,47.41,2.7,18.1,4.2,3.9,Debit Card
Go Mini,201.0,44.58,6.8,40.6,3.0,4.7,UPI
Premier Sedan,171.0,27.6,3.3,42.2,4.2,4.3,Uber Wallet
Go Sedan,703.0,3.44,7.7,17.1,4.4,4.6,UPI
Go Mini,513.0,43.63,7.6,35.3,4.3,4.2,Cash
Go Mini,433.0,8.41,11.6,17.4,4.9,3.4,Cash
Go Sedan,739.0,21.9,2.2,20.6,4.4,4.7,Uber Wallet
Premier Sedan,853.0,29.18,14.1,16.8,4.2,4.2,Debit Card
Go Mini,282.0,31.5,8.0,40.4,4.5,4.9,Uber Wallet
Go Sedan,255.0,23.38,2.3,35.6,4.4,4.8,UPI
Go Mini,301.0,39.11,10.8,29.7,4.3,4.1,Debit Card
Premier Sedan,302.0,32.94,14.3,23.9,4.6,4.7,Cash
Go Sedan,320.0,23.94,5.7,38.5,3.5,4.3,UPI
Auto,869.0,43.34,12.7,22.3,4.6,4.6,UPI
Uber XL,483.0,32.3,4.8,17.3,4.1,4.2,Credit Card
Go Mini,302.0,26.43,9.9,24.8,4.1,3.1,UPI
Go Sedan,327.0,9.82,2.5,24.4,4.3,4.3,UPI
Go Sedan,479.0,33.91,4.4,21.4,4.2,3.8,Uber Wallet
Auto,475.0,26.84,7.8,17.6,4.3,4.1,UPI
Go Mini,981.0,9.2,6.5,19.7,3.3,4.3,Cash
Premier Sedan,1105.0,9.54,2.8,37.6,4.0,3.8,UPI
Premier Sedan,949.0,8.22,11.4,36.7,4.4,4.3,Cash
Go Mini,90.0,37.41,8.1,30.7,4.2,4.6,UPI
eBike,676.0,47.52,14.3,34.8,4.2,4.2,Cash
Bike,516.0,23.66,5.3,32.3,4.5,4.3,Cash
Auto,190.0,41.05,4.2,26.9,4.3,4.1,UPI
eBike,456.0,49.65,3.5,43.9,4.3,4.7,Cash
Auto,61.0,2.69,4.2,38.8,4.3,4.6,UPI
Go Sedan,156.0,18.28,10.6,44.8,4.9,3.1,UPI
Premier Sedan,238.0,41.37,4.0,42.9,4.9,4.4,Uber Wallet
Auto,1083.0,26.6,5.3,17.3,3.6,4.2,Debit Card
Bike,681.0,31.83,14.1,32.8,4.6,4.6,Credit Card
eBike,1043.0,19.54,6.8,21.2,4.8,4.1,UPI
Go Mini,920.0,47.83,4.1,35.2,4.6,4.3,Cash
Bike,611.0,45.49,2.6,36.3,4.1,3.1,Cash
Uber XL,182.0,17.76,11.1,35.7,3.1,4.5,UPI
Premier Sedan,351.0,47.39,3.6,41.8,3.2,4.6,Cash
Go Sedan,307.0,43.16,10.3,19.2,4.2,4.8,Cash
Auto,1322.0,12.53,8.9,20.7,4.8,4.5,UPI
Go Mini,66.0,4.94,12.4,45.0,4.8,4.7,UPI
Auto,1053.0,24.91,2.6,21.2,4.8,4.0,UPI
eBike,476.0,19.81,9.3,17.7,4.1,5.0,UPI
Auto,83.0,15.74,8.5,34.5,4.5,5.0,UPI
Go Mini,502.0,21.21,5.2,18.5,4.6,4.5,Uber Wallet
Auto,720.0,21.76,13.4,26.0,4.7,4.9,UPI
Bike,499.0,23.37,4.6,27.4,4.3,3.2,UPI
Premier Sedan,428.0,21.35,5.5,15.9,3.6,4.2,Cash
eBike,515.0,16.69,2.1,30.8,3.9,4.6,UPI
eBike,174.0,8.04,11.9,42.1,4.7,3.8,Cash
Go Mini,1191.0,22.04,8.7,38.8,4.3,4.9,Uber Wallet
Auto,904.0,12.09,2.6,18.1,4.3,3.1,Credit Card
Auto,212.0,26.09,10.9,36.9,4.1,3.7,UPI
Premier Sedan,208.0,45.81,6.5,24.6,4.2,4.9,UPI
Auto,814.0,2.07,2.0,42.3,4.5,4.5,UPI
Bike,495.0,23.22,8.4,16.3,4.7,4.6,UPI
Auto,769.0,16.74,14.2,39.7,4.3,4.6,Credit Card
Premier Sedan,135.0,9.98,5.3,40.5,4.4,4.5,UPI
Bike,571.0,5.88,12.3,37.2,4.1,4.2,Cash
Bike,52.0,24.19,9.8,34.9,4.7,4.3,Debit Card
Go Mini,270.0,12.7,10.6,41.2,3.6,4.6,UPI
Go Mini,194.0,2.22,14.2,39.5,4.2,4.5,UPI
Auto,953.0,2.71,9.1,37.0,4.3,4.3,UPI
Auto,258.0,21.37,10.8,26.0,4.2,3.9,Cash
Bike,332.0,12.26,7.2,19.8,3.7,4.0,UPI
Go Mini,422.0,17.51,9.7,31.8,3.6,4.3,Debit Card
Go Mini,593.0,32.39,4.0,24.9,4.3,4.5,UPI
Go Sedan,423.0,8.1,5.3,33.7,4.8,4.6,UPI
Auto,146.0,41.45,7.7,39.5,4.5,4.7,Credit Card
Auto,376.0,28.3,13.0,37.6,4.6,4.5,UPI
Go Mini,143.0,43.47,14.6,19.3,4.9,3.7,Credit Card
Go Mini,276.0,2.14,8.3,17.0,4.5,4.9,UPI
Auto,553.0,48.07,10.6,16.5,4.2,4.1,UPI
Go Mini,214.0,32.53,13.7,23.8,4.6,4.3,Cash
Go Mini,492.0,13.43,6.3,27.3,3.9,4.6,Cash
Go Sedan,563.0,45.51,6.2,18.7,4.3,4.5,Cash
Auto,732.0,31.33,12.6,24.9,3.9,4.2,UPI
Go Sedan,179.0,7.63,8.6,18.5,4.3,4.9,Credit Card
Auto,150.0,39.3,9.1,37.8,4.3,5.0,Cash
Go Sedan,585.0,33.48,10.8,15.5,3.1,4.3,Uber Wallet
Go Sedan,178.0,30.55,6.1,39.9,4.3,3.8,Cash
Go Sedan,714.0,45.58,2.1,44.7,4.3,3.3,UPI
Auto,332.0,23.97,9.5,23.3,4.1,3.7,Uber Wallet
Go Sedan,354.0,5.18,6.8,20.7,4.4,4.1,Uber Wallet
eBike,122.0,12.52,15.0,20.9,4.3,4.1,Cash
Go Mini,711.0,25.77,13.4,24.2,4.3,4.9,UPI
Go Mini,236.0,34.09,14.2,44.4,4.4,4.3,Debit Card
Bike,321.0,4.79,5.7,32.7,3.0,4.1,Cash
Go Mini,719.0,36.65,9.9,34.1,3.2,4.9,Cash
Bike,588.0,33.55,11.4,34.1,4.4,4.3,Debit Card
Premier Sedan,206.0,40.61,5.6,41.5,5.0,3.9,Credit Card
Go Sedan,400.0,37.26,8.6,38.6,4.3,4.6,Cash
Auto,789.0,26.6,3.3,35.9,4.1,4.6,Debit Card
Bike,793.0,26.04,8.0,22.1,3.2,4.9,Debit Card
eBike,1506.0,42.22,6.7,19.2,4.2,4.9,UPI
Premier Sedan,255.0,30.08,8.0,41.2,4.9,4.2,Cash
Bike,672.0,14.19,2.6,29.8,4.1,4.6,Uber Wallet
Bike,240.0,6.39,5.4,16.8,3.7,3.1,UPI
Go Mini,924.0,47.39,12.4,43.0,3.7,3.9,UPI
Auto,825.0,42.07,10.4,37.8,4.5,4.1,Credit Card
Bike,570.0,5.63,10.8,39.9,3.9,4.9,UPI
Bike,347.0,5.86,8.9,24.5,5.0,4.3,Cash
Go Mini,169.0,6.17,13.1,22.0,4.3,3.9,Cash
Auto,251.0,7.01,11.6,19.5,4.3,4.2,Cash
Premier Sedan,116.0,46.54,7.1,25.7,3.8,5.0,Credit Card
Go Sedan,201.0,22.56,10.0,36.2,4.3,3.0,UPI
Go Sedan,212.0,24.53,11.8,41.7,4.6,4.8,Credit Card
Premier Sedan,95.0,33.38,11.0,24.3,3.7,4.9,Cash
Uber XL,500.0,2.58,3.1,19.4,4.3,4.6,Debit Card
Go Sedan,531.0,4.14,13.7,20.3,4.6,3.8,UPI
Auto,897.0,35.86,4.4,43.9,4.2,4.1,UPI
eBike,369.0,25.77,8.4,31.2,4.2,4.9,Uber Wallet
Bike,495.0,48.52,4.2,42.3,4.1,3.1,UPI
Bike,744.0,24.39,3.9,41.5,4.2,4.2,Cash
Go Mini,466.0,20.76,10.0,28.6,4.2,4.9,Cash
Auto,150.0,30.11,9.1,42.7,4.7,4.6,UPI
Auto,314.0,16.54,13.8,38.4,3.8,4.1,Cash
Bike,495.0,32.26,13.1,35.3,3.4,4.7,Debit Card
Bike,455.0,38.71,11.3,26.6,4.3,4.9,Credit Card
Bike,233.0,43.06,9.1,19.9,4.7,5.0,Uber Wallet
Go Sedan,637.0,6.74,14.0,25.4,4.0,5.0,UPI
Premier Sedan,1393.0,33.71,13.3,25.3,4.5,4.6,Debit Card
Bike,820.0,41.67,6.3,38.7,4.9,4.8,Cash
Go Mini,1461.0,41.89,7.1,31.2,4.6,4.6,Cash
Auto,164.0,27.0,9.0,30.1,4.9,4.6,Credit Card
Auto,1271.0,44.43,10.7,39.2,4.3,5.0,Cash
Auto,243.0,13.8,2.9,31.7,3.4,4.8,UPI
Go Sedan,276.0,16.44,8.1,38.0,4.3,4.9,Uber Wallet
Go Mini,495.0,13.56,13.8,23.4,3.3,4.7,Cash
Premier Sedan,1276.0,21.67,5.4,21.6,4.1,4.7,Uber Wallet
Bike,318.0,18.27,5.4,27.5,3.6,3.5,Cash
Bike,338.0,39.18,11.8,32.3,4.1,4.1,UPI
Go Sedan,664.0,19.94,9.4,22.7,4.9,4.6,Cash
Auto,978.0,49.26,6.3,27.6,4.2,3.2,Credit Card
Go Sedan,492.0,34.19,13.2,35.9,3.7,4.8,Cash
Go Sedan,342.0,18.27,7.1,35.3,4.8,4.9,Cash
eBike,1098.0,23.81,8.1,23.8,4.8,4.5,UPI
Auto,220.0,21.0,6.4,29.9,4.3,4.3,Cash
Bike,987.0,46.9,8.6,39.7,4.2,4.2,Uber Wallet
Go Sedan,105.0,28.56,10.1,26.0,5.0,4.3,UPI
Go Sedan,880.0,36.84,8.2,25.4,4.2,4.3,UPI
Premier Sedan,870.0,44.06,6.4,32.4,4.1,4.8,Cash
Go Mini,739.0,23.87,7.5,37.8,5.0,5.0,Debit Card
Auto,300.0,32.98,4.3,33.4,4.3,5.0,UPI
Uber XL,379.0,15.62,13.5,15.1,4.9,4.5,Cash
eBike,362.0,41.22,6.5,42.1,5.0,5.0,Debit Card
eBike,391.0,35.49,3.6,23.8,3.6,4.9,Cash
Uber XL,574.0,49.02,12.9,22.9,4.8,4.6,Debit Card
Premier Sedan,218.0,28.28,11.7,34.1,3.3,4.8,UPI
Premier Sedan,605.0,16.2,14.8,27.7,4.3,4.9,Uber Wallet
Auto,606.0,26.96,5.4,20.2,4.3,4.6,Uber Wallet
Go Mini,293.0,19.36,8.5,27.5,4.1,4.7,UPI
Auto,585.0,41.74,9.4,41.8,3.7,4.8,Cash
Go Sedan,889.0,21.25,3.2,39.8,4.3,4.2,UPI
Go Mini,558.0,7.97,13.7,37.0,4.4,4.1,Cash
Go Sedan,132.0,48.05,5.3,32.6,4.2,4.6,Cash
Bike,174.0,40.07,13.4,40.6,4.2,3.9,Debit Card
Auto,595.0,40.01,6.7,39.0,4.9,4.9,UPI
Bike,490.0,35.91,5.8,36.9,3.7,4.9,UPI
Auto,173.0,49.44,14.5,42.9,4.6,4.8,Cash
Go Mini,482.0,49.47,9.7,20.8,4.6,4.8,UPI
Go Mini,1332.0,21.26,10.7,29.2,3.4,4.3,UPI
Go Mini,125.0,46.37,7.7,18.6,4.3,4.3,Cash
Go Sedan,921.0,26.45,5.3,16.2,4.6,5.0,Credit Card
Premier Sedan,118.0,3.18,8.6,34.1,3.3,4.6,Cash
Go Sedan,185.0,41.72,12.6,23.4,4.5,4.7,Uber Wallet
eBike,658.0,8.46,9.1,30.6,4.3,4.1,Uber Wallet
Premier Sedan,994.0,45.98,8.2,18.9,4.2,4.1,Credit Card
Auto,720.0,44.83,2.6,17.5,4.2,4.2,Cash
Premier Sedan,99.0,47.56,11.6,34.6,4.1,4.6,UPI
Premier Sedan,326.0,6.3,14.2,22.0,4.1,4.6,UPI
Go Mini,375.0,12.78,11.8,39.7,4.6,4.2,Cash
eBike,598.0,20.35,10.5,31.1,4.3,4.9,Uber Wallet
Go Mini,344.0,36.11,9.9,37.9,4.1,4.1,Debit Card
Go Sedan,227.0,2.92,3.3,31.2,4.6,4.7,UPI
Go Sedan,1049.0,28.79,12.0,42.5,4.6,5.0,UPI
Go Mini,391.0,22.97,13.4,40.7,3.7,4.9,Uber Wallet
Auto,268.0,25.93,5.0,35.1,4.9,4.3,UPI
Premier Sedan,264.0,32.32,10.2,38.0,4.7,3.3,Uber Wallet
Go Mini,867.0,48.3,7.2,29.8,4.1,4.9,UPI
Auto,84.0,5.74,5.0,35.3,4.5,4.2,Credit Card
Auto,764.0,45.41,11.6,25.3,4.3,5.0,Uber Wallet
Go Mini,495.0,18.27,4.1,22.9,3.8,4.4,Credit Card
Go Sedan,412.0,41.75,10.2,23.6,4.3,4.1,UPI
Auto,370.0,23.3,7.9,19.9,3.8,4.4,Uber Wallet
Go Mini,1194.0,31.32,14.2,23.0,3.7,4.9,UPI
Bike,669.0,29.59,7.3,36.4,4.3,4.2,UPI
Bike,543.0,18.85,4.4,38.6,3.7,4.0,Uber Wallet
Auto,509.0,24.41,11.5,43.2,3.8,4.2,Cash
Bike,260.0,34.12,11.1,41.4,3.7,5.0,UPI
Premier Sedan,89.0,39.63,6.4,43.4,4.2,5.0,Cash
Go Sedan,329.0,46.03,14.1,25.1,4.6,4.8,Debit Card
Go Mini,205.0,35.68,13.4,27.8,4.6,4.4,UPI
Go Mini,455.0,12.99,5.1,28.2,4.6,4.6,UPI
Auto,378.0,13.98,14.0,27.8,4.1,5.0,Cash
Auto,528.0,34.07,10.4,20.8,3.7,4.5,UPI
Bike,418.0,47.8,2.7,43.3,3.8,4.8,UPI
Bike,232.0,39.19,3.5,33.8,4.2,4.5,UPI
Auto,179.0,10.07,12.6,18.6,5.0,4.6,Uber Wallet
eBike,166.0,22.4,9.3,25.1,3.7,4.8,UPI
Auto,306.0,21.95,2.4,40.5,4.2,4.5,UPI
Auto,671.0,7.94,5.2,17.6,4.3,4.0,UPI
Bike,290.0,47.16,10.8,38.3,4.2,4.8,UPI
Go Mini,139.0,2.09,14.1,38.8,4.2,4.8,Uber Wallet
Go Sedan,391.0,45.98,14.2,18.4,4.2,4.3,UPI
Bike,500.0,36.94,6.2,27.9,4.0,3.9,Cash
Bike,692.0,29.47,6.5,16.0,4.3,5.0,Credit Card
Bike,79.0,21.13,7.7,29.2,4.3,3.6,Credit Card
Premier Sedan,285.0,6.99,14.2,26.6,4.4,3.7,UPI
Auto,473.0,39.3,13.5,29.2,4.3,4.4,UPI
Premier Sedan,496.0,28.12,13.9,16.9,4.2,4.4,Credit Card
Go Mini,1094.0,26.29,13.2,22.9,4.6,4.6,Cash
Go Sedan,639.0,44.98,8.0,28.8,4.5,5.0,Cash
eBike,557.0,41.16,2.8,42.9,4.3,4.5,Uber Wallet
Go Mini,295.0,13.34,5.7,28.4,3.4,4.3,Cash
Go Mini,286.0,12.06,14.2,24.2,4.2,4.1,Cash
Premier Sedan,746.0,48.77,11.8,28.2,4.4,4.7,Credit Card
Auto,1066.0,31.65,8.3,15.1,4.5,4.7,UPI
eBike,283.0,15.84,6.2,29.0,4.2,4.8,Credit Card
Auto,262.0,12.13,7.1,44.0,4.1,4.6,Cash
Uber XL,335.0,26.08,14.4,44.6,4.3,3.8,Debit Card
Premier Sedan,489.0,45.72,5.0,21.7,3.9,3.0,Uber Wallet
Go Mini,292.0,41.35,12.1,20.1,4.8,4.7,Cash
Go Sedan,132.0,40.53,2.6,16.3,4.2,4.9,Uber Wallet
Go Sedan,191.0,4.96,5.5,34.8,5.0,4.3,Cash
Go Mini,212.0,6.38,12.6,18.7,3.9,3.7,Uber Wallet
Go Mini,520.0,11.84,4.3,41.1,3.6,4.8,UPI
Bike,366.0,15.87,14.6,42.5,4.5,4.5,Cash
Go Sedan,204.0,4.87,4.4,15.4,4.4,3.8,UPI
Go Sedan,596.0,13.21,4.2,40.8,4.4,4.2,Credit Card
Go Sedan,263.0,23.19,12.3,24.3,4.3,5.0,Cash
Premier Sedan,486.0,16.41,3.6,23.7,4.3,4.3,UPI
Uber XL,85.0,16.97,6.6,29.9,4.4,4.2,Cash
Go Sedan,853.0,16.41,10.7,24.2,4.2,5.0,UPI
Go Sedan,141.0,6.83,5.1,37.5,4.1,4.1,Credit Card
Auto,635.0,32.33,2.7,15.7,4.2,4.3,Uber Wallet
Go Mini,339.0,12.59,7.0,30.7,4.1,3.7,UPI
Bike,270.0,39.41,10.1,25.0,5.0,5.0,Debit Card
eBike,801.0,6.9,4.4,15.8,3.7,4.7,Uber Wallet
Go Mini,779.0,35.89,10.2,40.2,4.0,3.9,Uber Wallet
Go Mini,252.0,29.05,3.9,30.0,4.3,3.9,UPI
Auto,770.0,44.14,13.7,23.8,4.1,4.4,Cash
Premier Sedan,1112.0,35.27,9.0,40.6,4.6,5.0,Cash
Go Mini,55.0,6.65,5.1,37.3,4.2,4.7,Cash
Go Sedan,480.0,22.52,8.3,25.9,3.9,4.8,UPI
Go Sedan,168.0,36.95,12.0,27.6,3.9,4.5,UPI
Bike,628.0,2.04,6.7,36.6,4.2,4.3,Debit Card
Auto,160.0,42.32,5.3,21.8,4.7,4.2,Uber Wallet
Go Mini,111.0,10.96,5.3,29.8,4.3,4.4,Debit Card
Auto,100.0,21.08,11.7,19.2,4.6,4.9,Credit Card
Auto,999.0,10.14,12.4,21.0,4.1,3.8,UPI
Bike,273.0,37.45,4.7,17.5,4.3,4.6,UPI
Auto,718.0,30.52,2.0,31.4,4.4,4.7,UPI
Go Sedan,643.0,36.74,2.7,20.7,3.8,4.4,UPI
eBike,241.0,23.2,11.2,39.3,4.7,4.7,UPI
Go Sedan,306.0,35.91,5.1,32.8,3.2,4.3,UPI
Premier Sedan,269.0,5.26,6.1,41.2,4.5,4.9,Debit Card
Go Mini,301.0,31.49,7.4,21.8,4.2,4.7,Debit Card
Auto,1628.0,48.93,5.5,29.7,3.7,4.5,UPI
Auto,996.0,11.96,3.7,33.0,4.3,3.6,Credit Card
Auto,238.0,34.93,4.3,29.4,4.3,4.2,UPI
Go Sedan,263.0,17.6,9.8,33.2,4.2,4.7,UPI
Premier Sedan,183.0,12.47,8.0,34.9,4.4,4.2,Cash
Bike,855.0,20.31,13.3,27.7,4.5,4.6,Debit Card
eBike,1126.0,42.65,9.1,31.2,4.3,4.7,Cash
Go Mini,165.0,11.5,9.2,16.5,4.3,4.2,Uber Wallet
Auto,191.0,17.01,11.1,17.3,4.2,4.4,UPI
Go Mini,74.0,2.62,4.2,39.7,3.9,3.8,UPI
Auto,597.0,26.36,14.8,42.5,3.3,4.3,Cash
Go Mini,174.0,41.76,9.1,42.6,4.2,4.4,Credit Card
Auto,397.0,21.95,2.3,16.9,4.2,4.2,UPI
Uber XL,476.0,7.4,7.2,20.0,4.3,4.8,Uber Wallet
Auto,94.0,20.73,8.9,26.4,4.4,4.2,Cash
Go Sedan,497.0,6.63,7.5,19.2,4.9,4.9,Uber Wallet
Bike,1519.0,34.08,3.8,30.6,4.8,5.0,Cash
Go Sedan,1580.0,43.35,7.4,26.6,5.0,4.8,Cash
Go Sedan,701.0,3.32,5.2,30.9,4.2,4.4,Cash
Premier Sedan,971.0,2.85,12.6,40.9,4.3,3.3,UPI
eBike,216.0,10.49,10.4,17.5,4.1,4.1,Debit Card
Premier Sedan,232.0,45.02,8.6,32.6,4.9,4.6,Cash
eBike,197.0,38.15,3.4,22.1,4.2,4.9,Cash
Go Sedan,492.0,6.96,11.5,30.4,3.9,4.9,Cash
Auto,2410.0,25.73,5.3,23.5,4.1,4.4,UPI
Auto,353.0,49.09,4.5,38.7,4.2,4.1,Cash
Go Mini,320.0,12.96,14.7,44.7,4.3,4.8,Cash
Bike,228.0,38.08,14.8,34.7,4.7,4.9,Cash
Bike,147.0,6.08,15.0,21.9,4.3,3.8,Uber Wallet
Go Mini,263.0,33.18,11.1,42.4,4.6,3.2,UPI
Go Sedan,447.0,25.89,8.0,40.4,4.4,4.7,Debit Card
Bike,632.0,34.48,3.9,18.9,4.1,4.3,UPI
Go Sedan,610.0,34.82,11.9,18.6,4.2,4.2,Cash
Auto,271.0,10.49,11.8,42.8,4.3,4.2,UPI
Bike,650.0,49.26,3.8,26.9,4.4,4.5,Cash
Go Sedan,611.0,41.6,5.1,38.0,4.5,4.2,UPI
Bike,849.0,16.54,11.8,31.6,4.2,4.6,UPI
eBike,988.0,10.23,7.4,30.2,4.5,4.3,Cash
Bike,796.0,22.97,8.5,19.9,4.4,4.6,Cash
Go Mini,854.0,16.24,12.1,28.5,4.5,4.2,UPI
Bike,665.0,26.35,10.9,40.1,4.2,4.2,UPI
Bike,865.0,22.13,7.8,34.6,4.4,4.6,Cash
Go Mini,166.0,15.88,11.7,31.4,4.1,4.2,Cash
Premier Sedan,86.0,34.9,12.4,16.8,4.9,4.4,UPI
Auto,367.0,38.04,13.1,21.3,3.6,4.5,UPI
Go Sedan,119.0,49.82,6.4,21.5,4.4,3.9,UPI
Premier Sedan,424.0,6.86,9.6,41.4,3.7,3.7,UPI
Go Sedan,659.0,38.0,3.1,26.0,4.5,4.2,UPI
eBike,450.0,39.08,5.2,18.8,3.0,4.5,UPI
Go Sedan,1526.0,35.66,5.6,22.4,4.4,4.2,Uber Wallet
Auto,488.0,4.66,3.6,41.7,3.4,4.8,UPI
Go Sedan,998.0,42.16,12.3,44.0,4.7,4.8,UPI
Go Sedan,897.0,25.32,3.0,22.1,4.1,4.7,Credit Card
Auto,480.0,19.51,4.9,27.7,4.3,4.9,Cash
Auto,388.0,22.73,6.8,21.0,3.2,5.0,Credit Card
Go Sedan,157.0,33.67,7.7,27.6,3.1,4.6,UPI
Go Mini,97.0,15.21,13.9,19.8,4.9,4.3,UPI
Auto,239.0,9.7,2.9,35.6,4.2,4.5,UPI
Auto,345.0,11.77,7.6,22.8,4.7,4.1,Uber Wallet
Bike,162.0,18.69,14.7,22.1,3.9,4.9,UPI
Bike,599.0,21.9,7.5,34.5,4.6,4.3,Cash
Go Sedan,676.0,45.01,2.4,22.9,3.1,4.2,UPI
Premier Sedan,819.0,34.02,6.3,18.5,4.2,4.7,UPI
Auto,1246.0,33.61,8.0,37.0,4.1,4.5,Cash
Go Sedan,619.0,23.57,5.0,44.2,3.6,3.2,UPI
Auto,511.0,38.14,14.3,44.5,4.2,4.2,Cash
Bike,333.0,48.52,12.3,42.7,4.2,4.2,UPI
Auto,527.0,21.47,6.5,26.4,4.3,4.3,Credit Card
Auto,243.0,5.48,11.6,18.0,4.8,3.4,Debit Card
Go Mini,562.0,49.53,8.0,20.5,4.7,5.0,Cash
Go Mini,346.0,47.92,7.3,21.7,4.2,4.3,Cash
eBike,485.0,43.25,8.4,20.2,4.3,4.2,Debit Card
Go Sedan,292.0,11.14,7.9,26.1,4.9,3.5,UPI
Premier Sedan,65.0,13.3,14.1,18.9,3.8,4.3,Credit Card
Auto,855.0,31.24,8.7,24.5,3.1,4.9,Cash
Premier Sedan,459.0,29.18,14.4,35.9,4.9,4.8,UPI
Auto,540.0,13.57,2.2,33.7,5.0,4.5,Cash
Go Mini,767.0,37.11,11.2,42.3,4.6,3.1,Cash
Go Mini,283.0,14.34,8.5,38.2,4.2,4.1,UPI
Go Sedan,251.0,34.41,10.9,29.8,4.5,4.7,Debit Card
Premier Sedan,361.0,41.53,12.5,44.5,4.2,3.9,UPI
Go Sedan,405.0,42.06,12.6,37.9,3.9,4.3,Credit Card
Auto,642.0,49.16,2.4,23.3,3.6,4.7,UPI
Auto,98.0,39.77,11.6,19.7,4.7,4.1,UPI
Go Sedan,1441.0,32.42,7.8,41.3,3.7,4.9,Cash
Go Mini,437.0,25.8,4.3,40.4,3.9,3.1,UPI
Go Mini,412.0,19.0,11.6,34.7,4.4,4.1,Cash
Auto,106.0,2.24,12.0,24.5,4.3,4.7,Cash
Bike,1998.0,32.33,9.2,40.1,4.3,3.2,Credit Card
Bike,585.0,34.96,4.1,36.6,4.1,4.2,Cash
Go Mini,799.0,47.04,7.0,20.3,4.3,4.7,Credit Card
Auto,121.0,22.98,13.3,43.6,4.3,4.5,UPI
Auto,334.0,29.35,14.1,26.3,4.9,4.3,Debit Card
Auto,774.0,2.56,13.3,27.7,3.1,3.8,UPI
Uber XL,407.0,17.37,7.0,20.6,4.1,5.0,Cash
Go Mini,717.0,23.29,7.1,44.0,4.2,4.2,UPI
Go Sedan,96.0,33.3,14.9,23.8,4.2,4.7,Uber Wallet
Go Mini,467.0,18.3,7.1,42.1,3.5,3.5,UPI
Auto,463.0,21.96,2.6,41.2,4.6,4.9,UPI
Go Sedan,167.0,27.0,10.4,28.2,3.8,4.5,Cash
Uber XL,688.0,41.75,4.5,35.5,3.7,4.9,UPI
Bike,140.0,11.83,4.8,39.8,4.3,4.2,Cash
Auto,716.0,21.63,13.5,19.9,3.9,4.5,Uber Wallet
Auto,409.0,5.74,5.5,44.1,4.7,4.4,Uber Wallet
Go Sedan,228.0,13.74,4.3,20.0,4.2,4.2,Cash
Bike,620.0,33.54,9.6,43.2,4.6,4.9,UPI
Go Mini,376.0,19.18,8.5,23.7,3.2,4.2,UPI
Bike,277.0,20.85,8.2,33.1,3.9,4.3,Debit Card
Auto,324.0,38.54,8.0,43.3,4.2,4.3,UPI
Premier Sedan,278.0,39.39,6.7,44.4,4.1,4.4,Uber Wallet
Go Mini,147.0,14.9,4.3,44.0,3.7,4.2,Cash
Go Mini,341.0,7.25,10.0,41.3,4.2,4.7,UPI
Premier Sedan,513.0,49.23,12.8,43.0,4.2,4.3,Credit Card
Go Mini,226.0,10.11,9.8,31.2,3.6,4.6,UPI
Go Sedan,66.0,48.51,2.0,38.8,3.4,4.3,Credit Card
Bike,456.0,12.15,10.9,35.1,3.7,4.9,Cash
Auto,1731.0,32.73,6.8,44.0,3.9,4.2,Uber Wallet
Auto,464.0,17.47,11.0,18.9,4.3,3.7,Cash
Go Mini,774.0,46.13,12.4,37.4,3.8,4.9,Credit Card
eBike,197.0,23.7,6.1,23.1,4.2,5.0,Uber Wallet
eBike,349.0,3.23,5.8,23.5,4.6,4.4,Cash
Auto,494.0,5.93,10.4,42.5,3.8,4.4,Uber Wallet
Go Mini,251.0,18.17,10.9,15.6,4.6,4.6,Cash
Bike,507.0,41.4,2.7,18.0,3.9,3.8,Uber Wallet
Auto,416.0,44.44,7.3,43.1,4.3,4.9,Cash
Auto,493.0,41.91,10.0,25.5,4.9,4.6,UPI
Go Sedan,817.0,41.21,8.6,32.4,4.4,4.3,Cash
Bike,609.0,30.54,9.4,27.6,4.2,4.1,UPI
Go Mini,918.0,44.21,2.9,33.8,3.6,4.9,Cash
Auto,213.0,12.76,7.9,42.4,4.4,3.8,UPI
Go Sedan,622.0,17.17,8.3,34.0,3.9,4.2,UPI
Go Sedan,623.0,49.22,12.8,17.6,4.9,4.5,Uber Wallet
Go Mini,276.0,2.35,3.6,44.0,5.0,4.9,Cash
Go Mini,402.0,16.88,12.3,26.2,4.8,4.2,UPI
Bike,421.0,49.94,13.3,43.3,5.0,4.6,Cash
Bike,1323.0,33.39,13.8,31.8,3.8,4.9,UPI
Premier Sedan,402.0,27.37,12.1,24.5,4.7,4.9,UPI
Bike,331.0,25.78,9.8,25.9,5.0,4.9,UPI
Uber XL,81.0,10.24,7.7,31.9,4.9,4.3,UPI
Go Sedan,298.0,43.4,2.1,28.8,4.9,4.1,Debit Card
eBike,308.0,31.65,9.8,27.2,4.3,4.3,UPI
Go Mini,218.0,25.17,14.1,44.9,4.1,4.3,Credit Card
Uber XL,861.0,48.39,4.3,43.9,4.7,4.9,UPI
Go Mini,483.0,18.39,8.0,22.5,4.9,4.8,Uber Wallet
Auto,133.0,36.86,2.4,37.7,3.9,3.8,UPI
Auto,731.0,40.67,5.5,28.0,4.3,4.2,Cash
Auto,242.0,17.1,4.8,18.1,4.9,3.4,Credit Card
Go Mini,394.0,3.3,2.1,16.2,4.2,4.9,Credit Card
Premier Sedan,1232.0,48.08,13.5,42.2,4.9,4.4,UPI
Auto,711.0,43.67,14.6,29.0,3.9,5.0,Cash
Bike,778.0,31.88,2.2,18.4,3.9,4.9,UPI
Bike,216.0,19.21,5.7,29.2,4.3,4.2,UPI
Go Sedan,544.0,23.43,6.8,15.3,4.0,4.2,Debit Card
Auto,546.0,31.18,10.5,20.0,4.3,4.9,Uber Wallet
Go Mini,439.0,20.56,13.7,21.8,4.5,4.2,UPI
Auto,479.0,32.43,7.1,15.0,3.8,4.6,Debit Card
Bike,103.0,27.6,14.4,35.6,4.5,4.3,Cash
Auto,606.0,28.42,9.5,40.9,4.4,3.7,Debit Card
Bike,173.0,10.39,3.8,37.4,4.1,4.7,UPI
eBike,251.0,46.17,8.6,24.7,3.5,4.3,UPI
Uber XL,456.0,13.03,3.3,42.9,4.7,4.6,Cash
Go Mini,568.0,12.33,11.4,44.9,3.9,4.9,Debit Card
Uber XL,956.0,13.53,4.3,30.5,4.5,4.8,Debit Card
Go Sedan,1368.0,26.8,12.6,20.1,4.1,4.1,UPI
eBike,2413.0,14.61,2.4,34.2,4.8,4.0,UPI
Go Sedan,313.0,30.61,10.8,44.0,4.2,4.4,Debit Card
Auto,407.0,25.52,14.5,27.1,4.2,4.4,UPI
Premier Sedan,411.0,39.08,13.0,42.0,3.8,4.8,Debit Card
Auto,253.0,35.84,9.9,35.1,4.4,3.7,Debit Card
Premier Sedan,953.0,6.71,8.0,20.3,4.6,4.2,UPI
Go Sedan,467.0,20.18,4.7,43.0,4.3,4.6,UPI
Go Sedan,129.0,39.31,12.4,32.0,3.0,4.6,Cash
Go Sedan,89.0,13.81,14.2,23.4,3.9,4.6,Cash
Go Mini,146.0,49.73,12.0,42.6,4.5,4.5,Cash
Auto,368.0,7.98,7.8,23.5,4.4,4.1,Cash
Go Sedan,423.0,5.08,3.3,16.7,4.2,5.0,UPI
Go Mini,59.0,2.04,3.4,16.1,4.3,4.6,UPI
Auto,349.0,35.37,11.4,40.0,3.0,4.4,Debit Card
Auto,299.0,30.42,2.3,21.4,4.3,4.4,UPI
Go Mini,253.0,44.24,8.6,31.8,4.2,4.2,Uber Wallet
Go Sedan,235.0,10.82,5.0,28.7,4.2,4.8,Debit Card
Go Sedan,203.0,31.2,6.0,22.4,4.7,4.2,Cash
Bike,586.0,35.08,13.3,29.2,4.5,4.3,Cash
Go Mini,671.0,19.46,14.4,34.3,4.3,4.4,UPI
Go Sedan,463.0,20.45,8.5,26.8,4.4,4.3,Cash
Go Sedan,323.0,6.07,13.4,39.3,4.8,4.3,Uber Wallet
Go Mini,468.0,22.27,2.7,33.0,4.4,3.4,UPI
Go Sedan,400.0,8.26,2.2,34.3,3.7,4.4,Cash
Go Mini,173.0,43.22,3.7,39.9,4.5,4.3,Cash
Auto,537.0,38.08,6.3,35.3,5.0,4.6,Cash
Uber XL,76.0,47.81,6.4,42.4,4.4,4.5,UPI
Auto,233.0,25.62,3.0,42.1,3.2,5.0,Debit Card
Auto,389.0,21.33,12.7,27.7,4.4,4.5,UPI
Premier Sedan,280.0,4.27,13.0,41.8,4.3,4.2,Credit Card
eBike,387.0,16.56,14.0,32.4,4.2,3.9,UPI
Bike,822.0,18.48,9.4,45.0,4.6,4.2,UPI
Bike,350.0,18.01,14.6,27.3,4.2,4.4,Cash
Go Sedan,311.0,6.34,9.7,20.6,4.1,4.2,Cash
Auto,328.0,15.8,8.0,41.6,3.9,4.6,UPI
Uber XL,698.0,15.5,6.6,40.4,4.9,5.0,UPI
Go Mini,729.0,37.36,3.9,43.9,4.8,4.8,UPI
Bike,630.0,40.1,13.9,44.7,4.5,4.1,UPI
Go Sedan,88.0,28.03,8.6,34.2,3.2,4.7,Cash
Premier Sedan,221.0,37.96,4.4,17.0,4.7,4.5,Cash
Premier Sedan,833.0,15.09,15.0,30.9,4.2,4.8,Cash
Uber XL,102.0,30.19,13.5,21.6,3.8,4.2,Credit Card
eBike,161.0,38.8,6.7,22.4,4.2,4.9,UPI
Auto,1544.0,27.88,9.7,43.6,4.6,4.2,UPI
Go Sedan,200.0,23.52,3.1,42.1,4.4,4.8,UPI
Premier Sedan,266.0,6.82,9.0,32.0,4.1,4.6,UPI
Auto,563.0,37.65,4.0,18.4,4.5,4.6,Credit Card
Bike,396.0,8.75,5.4,35.6,4.2,4.2,UPI
Go Mini,461.0,44.81,5.4,25.2,4.3,4.3,Cash
Bike,445.0,11.95,9.3,39.4,4.2,4.8,UPI
Go Mini,443.0,16.29,11.0,43.0,4.9,4.3,Cash
Go Mini,853.0,18.85,10.4,32.3,4.3,3.6,Cash
Go Sedan,183.0,17.49,3.1,24.2,4.4,3.3,UPI
Auto,451.0,47.28,12.9,28.1,4.9,4.6,Uber Wallet
Go Sedan,115.0,24.84,5.5,33.3,4.6,4.5,Cash
Premier Sedan,402.0,30.99,7.1,21.3,4.4,4.7,Uber Wallet
Go Sedan,394.0,5.98,13.3,34.4,4.2,4.9,Uber Wallet
Go Mini,166.0,9.58,8.8,44.5,4.7,4.3,Cash
Bike,619.0,13.77,5.0,27.2,4.1,4.2,UPI
Auto,374.0,2.87,2.5,25.9,4.3,4.2,UPI
Auto,273.0,34.86,4.4,39.7,4.3,4.9,UPI
Auto,336.0,32.54,8.1,27.0,3.7,4.8,UPI
Auto,490.0,10.1,3.4,32.3,4.3,4.5,Cash
Go Mini,86.0,17.7,11.3,19.7,4.6,4.3,UPI
Go Mini,50.0,48.1,4.4,40.5,4.2,4.3,UPI
Bike,560.0,24.58,5.1,43.5,4.5,4.3,Cash
eBike,354.0,49.59,6.9,44.7,4.3,5.0,Cash
Go Mini,492.0,33.6,6.3,33.3,4.6,5.0,Cash
Go Sedan,91.0,46.72,10.0,31.2,4.3,3.8,UPI
Go Sedan,292.0,21.59,8.8,18.4,4.1,4.8,UPI
eBike,385.0,34.52,2.8,21.9,4.9,4.9,Credit Card
Go Mini,482.0,26.52,6.2,31.3,4.6,4.2,UPI
Bike,329.0,12.67,3.3,21.6,4.9,3.2,UPI
Bike,240.0,4.32,4.1,39.0,4.2,4.6,UPI
Go Mini,325.0,14.77,5.0,33.5,4.6,3.8,UPI
Bike,963.0,45.29,5.7,17.1,4.3,4.9,UPI
Go Sedan,108.0,29.35,12.9,38.9,4.1,4.3,Cash
Auto,149.0,43.47,10.7,41.7,4.5,4.9,Cash
Go Mini,510.0,32.2,9.5,38.6,4.3,4.2,Cash
Go Sedan,930.0,32.24,9.8,39.5,5.0,5.0,UPI
Premier Sedan,341.0,11.21,8.8,28.4,4.3,3.7,Cash
Bike,325.0,49.65,8.9,43.3,3.0,4.3,Uber Wallet
Go Mini,70.0,7.22,6.6,40.4,4.9,4.1,UPI
Auto,493.0,8.24,11.5,37.3,3.1,4.1,UPI
eBike,384.0,35.91,8.8,15.6,4.3,4.2,Credit Card
Go Mini,864.0,36.06,6.6,24.5,4.4,4.2,Cash
Bike,773.0,23.01,5.1,18.6,4.5,4.8,UPI
Bike,466.0,11.99,4.7,44.8,4.3,4.1,UPI
Premier Sedan,358.0,42.84,11.1,42.5,4.5,5.0,UPI
Auto,98.0,48.23,14.9,36.0,3.4,3.8,UPI
Auto,170.0,13.71,10.9,32.7,4.6,4.6,Debit Card
Go Mini,289.0,48.12,6.9,42.0,4.2,4.2,UPI
Go Sedan,617.0,32.98,11.4,19.9,4.1,4.9,UPI
Auto,737.0,34.79,7.1,32.0,4.0,4.7,UPI
Auto,57.0,10.46,7.4,25.5,4.2,4.7,UPI
Auto,88.0,29.72,4.1,20.2,4.2,4.5,UPI
Auto,543.0,2.5,4.0,17.1,3.3,3.6,UPI
Auto,223.0,32.87,2.4,24.2,4.3,3.9,Cash
Auto,1207.0,38.27,7.1,35.2,4.3,3.8,Debit Card
Bike,645.0,48.61,6.1,18.5,4.1,4.9,UPI
Auto,103.0,16.49,7.8,25.3,4.1,3.2,UPI
Premier Sedan,189.0,27.58,10.9,19.9,4.2,4.1,UPI
Go Sedan,366.0,24.81,5.4,30.7,4.6,4.6,UPI
Go Mini,143.0,31.42,7.3,20.1,4.9,3.3,Cash
Bike,479.0,10.43,4.0,39.6,4.6,4.7,UPI
Auto,589.0,39.03,10.2,34.0,4.7,4.9,UPI
eBike,449.0,24.7,13.9,29.1,4.3,4.5,Cash
Go Mini,542.0,29.61,11.6,24.1,3.9,4.6,UPI
Bike,291.0,6.08,5.3,26.4,3.6,4.5,UPI
Go Sedan,205.0,2.92,12.9,30.4,4.2,4.7,UPI
Auto,603.0,36.64,12.7,30.4,4.3,4.6,Uber Wallet
Go Sedan,968.0,45.3,9.8,27.7,4.2,4.4,UPI
Go Mini,204.0,11.5,6.2,16.7,3.9,5.0,Uber Wallet
Auto,598.0,28.37,8.1,25.0,3.8,4.6,Cash
Auto,228.0,20.61,7.4,19.8,4.9,4.4,Cash
Go Sedan,223.0,28.69,2.4,39.3,4.3,4.7,UPI
Auto,521.0,37.81,4.4,39.3,4.2,4.4,UPI
Bike,227.0,19.0,12.4,30.9,4.3,4.1,Cash
Premier Sedan,3410.0,20.49,10.1,34.4,4.2,4.3,Cash
Premier Sedan,667.0,40.04,13.3,25.8,4.4,4.9,Uber Wallet
Bike,934.0,11.53,7.1,35.5,4.2,5.0,Cash
Auto,178.0,23.03,13.5,33.8,4.5,4.7,UPI
Go Mini,101.0,19.02,9.8,35.1,3.1,3.9,UPI
Bike,208.0,31.92,4.7,34.1,4.7,3.9,UPI
Uber XL,2370.0,44.19,3.0,16.3,4.9,4.3,Cash
eBike,301.0,28.11,13.1,43.8,3.8,4.6,UPI
Auto,992.0,48.3,6.6,23.2,4.2,3.8,UPI
Go Mini,472.0,37.13,12.4,32.5,3.8,4.2,UPI
eBike,1037.0,23.88,5.3,30.2,4.1,3.8,Uber Wallet
Bike,385.0,20.86,5.1,28.3,4.2,4.7,UPI
eBike,790.0,23.83,7.4,42.8,3.4,4.3,UPI
Go Sedan,636.0,21.66,7.6,30.1,4.3,4.3,Cash
Bike,313.0,19.84,14.1,37.8,4.2,4.2,Cash
Auto,239.0,48.03,8.7,26.5,4.2,4.8,Cash
Premier Sedan,759.0,6.8,10.0,26.2,3.6,3.6,Uber Wallet
Auto,229.0,25.04,3.8,27.5,4.2,4.9,UPI
Bike,384.0,14.17,4.5,33.4,4.0,4.3,Cash
Go Sedan,178.0,41.77,4.3,21.0,4.2,4.2,Uber Wallet
Premier Sedan,460.0,38.48,8.6,43.8,4.5,4.5,UPI
Auto,182.0,6.38,4.1,19.2,4.6,4.2,Cash
Go Mini,329.0,29.08,5.8,22.5,3.7,4.5,Debit Card
Bike,469.0,48.39,4.5,30.4,4.2,4.2,Uber Wallet
Auto,396.0,3.17,11.7,26.2,4.6,4.2,UPI
Premier Sedan,600.0,21.29,14.6,18.1,4.3,4.6,Cash
Go Mini,981.0,24.08,12.4,20.5,5.0,4.2,UPI
Go Sedan,950.0,30.54,9.2,38.2,4.2,4.3,Uber Wallet
Bike,685.0,17.75,14.1,17.1,3.5,3.4,UPI
Auto,285.0,10.97,13.3,15.9,4.3,4.2,UPI
Premier Sedan,78.0,25.03,11.2,32.8,4.2,4.1,UPI
Bike,100.0,34.36,12.3,29.5,4.2,4.8,Cash
Go Sedan,292.0,37.21,6.2,24.1,4.4,4.7,Debit Card
Bike,1406.0,29.7,4.5,25.5,4.5,4.3,Cash
Auto,224.0,41.55,7.7,31.9,4.1,4.7,UPI
Go Mini,315.0,10.21,10.9,21.4,4.6,4.2,Cash
Bike,1002.0,31.0,12.6,22.2,3.9,4.6,Cash
Bike,391.0,36.33,12.1,29.5,4.5,4.9,Uber Wallet
Auto,544.0,36.28,3.1,25.8,4.2,4.9,UPI
Go Mini,258.0,31.72,10.8,17.8,4.6,4.8,Cash
Auto,425.0,4.79,7.4,17.7,4.3,3.8,UPI
Bike,629.0,34.86,10.9,28.7,3.8,4.2,Debit Card
Go Sedan,853.0,32.95,8.9,23.5,3.9,3.8,UPI
Go Mini,179.0,4.93,12.0,20.1,4.3,4.9,Credit Card
Premier Sedan,372.0,36.48,11.4,26.5,4.2,5.0,Cash
Go Mini,67.0,15.65,14.6,24.8,4.2,4.6,Credit Card
Go Sedan,850.0,17.92,4.6,33.8,4.3,4.8,Uber Wallet
Go Sedan,327.0,18.6,3.1,23.1,4.3,4.5,Cash
eBike,95.0,27.02,13.6,31.2,4.7,4.5,UPI
Auto,337.0,3.62,4.5,40.2,4.4,4.4,Credit Card
Bike,167.0,39.23,7.1,32.1,4.3,5.0,Credit Card
Go Sedan,803.0,24.86,13.0,24.4,4.3,4.7,Cash
Go Mini,666.0,38.22,3.5,42.0,4.0,4.9,UPI
Auto,235.0,4.35,11.2,15.6,4.6,4.5,Cash
Premier Sedan,662.0,40.48,7.0,32.6,3.8,5.0,Uber Wallet
eBike,338.0,8.5,5.1,42.0,4.3,4.3,UPI
Bike,658.0,2.06,4.1,24.0,4.1,4.3,Credit Card
Premier Sedan,854.0,13.28,10.2,16.5,4.6,4.5,UPI
Auto,232.0,33.6,10.8,28.9,4.5,4.6,Cash
Auto,491.0,6.88,7.2,44.2,4.3,3.1,UPI
Uber XL,366.0,16.95,10.4,40.3,4.0,4.8,Cash
Go Sedan,248.0,8.81,4.5,34.8,4.5,4.2,Uber Wallet
Go Sedan,491.0,42.71,11.2,15.8,3.9,3.6,Cash
Premier Sedan,56.0,44.59,10.3,20.4,4.3,5.0,UPI
eBike,91.0,23.14,6.2,17.7,4.7,4.3,UPI
Go Sedan,325.0,29.15,13.3,32.4,4.7,4.9,UPI
Go Mini,223.0,22.17,11.6,35.9,4.3,4.9,UPI
Auto,174.0,6.5,11.7,36.3,3.9,4.9,Cash
Auto,97.0,48.11,5.8,15.2,3.7,4.1,Credit Card
Auto,302.0,45.46,6.7,35.9,4.7,4.6,Debit Card
Go Mini,406.0,26.47,5.5,18.2,4.2,4.6,UPI
Premier Sedan,219.0,26.54,12.7,31.4,4.4,4.3,UPI
Go Mini,181.0,10.08,3.1,18.6,4.2,3.9,UPI
Auto,986.0,8.77,2.1,23.5,4.5,5.0,UPI
Auto,600.0,39.3,5.8,34.2,3.4,4.1,Cash
Go Sedan,514.0,29.8,10.0,38.4,4.2,4.6,Cash
Go Sedan,588.0,13.03,12.6,30.4,4.9,3.7,Cash
Auto,340.0,9.86,9.4,23.3,4.3,4.9,Debit Card
Auto,451.0,26.96,11.5,20.4,3.2,4.3,Uber Wallet
Premier Sedan,370.0,13.58,13.3,34.4,4.5,4.3,Uber Wallet
Go Mini,262.0,14.54,3.3,19.3,4.4,4.6,UPI
eBike,268.0,8.39,4.3,32.3,3.7,4.6,UPI
Auto,840.0,6.77,6.9,40.6,3.4,4.2,UPI
Auto,335.0,30.76,10.8,33.2,3.7,5.0,UPI
Go Sedan,249.0,16.8,10.3,34.9,3.7,4.1,UPI
Bike,431.0,8.2,14.9,37.3,4.8,4.4,Cash
Premier Sedan,124.0,11.96,15.0,26.2,3.6,4.1,Uber Wallet
Go Sedan,508.0,31.07,11.7,36.2,3.9,4.6,UPI
Premier Sedan,541.0,31.68,8.2,18.3,5.0,4.9,Cash
Go Mini,586.0,25.15,12.2,32.9,4.3,4.7,Debit Card
Go Mini,805.0,10.03,6.9,37.6,4.6,4.7,UPI
Bike,271.0,15.36,5.5,21.3,4.7,4.9,Cash
Auto,958.0,21.29,2.2,34.2,3.2,4.7,Cash
Bike,221.0,19.75,12.7,17.0,4.2,4.1,UPI
Go Mini,132.0,31.92,11.4,37.6,3.1,4.3,Cash
Go Sedan,283.0,40.65,3.8,19.4,4.3,4.5,Credit Card
Uber XL,367.0,40.62,14.9,21.3,3.7,5.0,UPI
Auto,679.0,36.73,13.2,27.0,4.3,4.5,UPI
Bike,101.0,31.07,3.5,15.6,4.3,4.9,UPI
Auto,153.0,7.39,11.3,24.8,4.7,4.2,Cash
Go Mini,178.0,28.33,7.2,23.5,4.9,3.4,UPI
Go Mini,384.0,45.45,14.8,23.5,4.6,4.2,Cash
Go Sedan,290.0,47.22,9.1,40.9,4.5,4.1,UPI
Go Mini,458.0,40.81,8.1,36.7,4.7,4.3,UPI
Go Mini,154.0,21.21,11.3,24.9,4.6,4.4,Cash
Go Mini,230.0,12.94,3.6,24.9,3.1,4.6,UPI
Bike,596.0,16.75,7.8,36.1,4.2,4.3,Credit Card
Bike,783.0,4.1,3.5,21.9,4.1,4.2,Credit Card
Auto,403.0,16.06,11.0,16.4,4.4,3.8,Uber Wallet
eBike,60.0,35.15,9.9,22.4,4.6,5.0,Cash
Auto,611.0,37.17,10.0,37.8,4.9,4.8,Debit Card
Auto,313.0,11.63,13.6,43.5,3.7,4.3,UPI
Bike,85.0,17.35,11.4,34.5,4.7,4.2,UPI
Auto,575.0,27.83,5.7,27.6,4.4,4.9,Credit Card
Auto,155.0,14.72,6.2,43.3,4.3,4.6,UPI
Go Sedan,833.0,19.49,6.1,17.0,4.0,3.4,Debit Card
eBike,694.0,24.35,12.6,23.7,4.3,4.5,UPI
Premier Sedan,315.0,2.05,13.3,15.8,4.2,4.3,Cash
Go Mini,160.0,29.59,5.9,45.0,3.5,4.6,UPI
Go Sedan,410.0,16.39,13.5,33.9,3.1,4.3,UPI
Premier Sedan,251.0,5.02,9.4,43.2,5.0,3.2,Cash
Premier Sedan,533.0,30.76,6.5,37.6,4.1,4.9,UPI
Go Mini,515.0,3.0,12.5,32.1,4.3,4.4,Cash
Premier Sedan,346.0,4.24,3.9,16.4,4.1,4.3,UPI
Go Sedan,183.0,45.69,3.5,19.5,4.2,4.9,Uber Wallet
Bike,674.0,32.06,13.5,15.6,4.6,4.9,UPI
Go Sedan,55.0,11.08,12.9,36.0,4.5,4.2,UPI
Auto,899.0,6.35,11.9,28.1,4.3,4.9,UPI
Go Sedan,723.0,43.69,5.2,28.6,3.9,4.6,Cash
Go Sedan,370.0,48.86,13.0,25.3,4.8,4.7,UPI
Bike,1253.0,21.1,13.9,25.3,4.4,4.9,Debit Card
Go Sedan,662.0,43.5,7.5,29.7,4.2,4.8,Debit Card
Go Mini,52.0,32.86,3.0,22.7,3.7,4.9,Uber Wallet
Go Mini,71.0,35.2,11.0,33.6,3.7,3.2,Cash
Go Sedan,571.0,47.57,13.0,44.1,4.7,4.2,Cash
Go Sedan,318.0,8.34,9.3,15.2,4.1,4.9,UPI
Go Mini,604.0,45.49,8.9,32.8,4.9,3.9,UPI
Premier Sedan,364.0,49.18,10.1,27.9,3.7,4.8,Cash
Premier Sedan,121.0,20.43,12.3,20.3,3.9,4.8,Cash
Auto,1555.0,33.75,14.3,20.9,3.9,4.1,Cash
Go Sedan,879.0,45.61,10.5,34.8,4.2,4.2,UPI
Premier Sedan,434.0,3.12,8.1,28.9,4.7,5.0,UPI
Bike,175.0,6.25,11.3,37.1,4.3,4.7,Debit Card
Go Sedan,355.0,17.74,3.9,16.9,4.6,4.3,Credit Card
Go Sedan,724.0,24.47,6.1,17.0,3.5,4.8,Uber Wallet
Go Sedan,220.0,39.0,2.8,24.7,4.3,4.6,Cash
Go Sedan,144.0,32.79,4.8,31.8,4.9,3.1,Cash
Premier Sedan,253.0,19.59,5.2,32.8,4.7,3.3,UPI
Go Sedan,98.0,35.8,12.6,44.1,3.8,4.7,Cash
Go Sedan,184.0,18.88,11.0,23.5,5.0,4.3,UPI
Bike,361.0,23.84,2.9,25.3,3.6,4.2,Cash
Auto,146.0,44.09,4.6,39.5,4.3,4.9,Cash
Bike,811.0,39.15,14.1,39.2,3.6,4.3,Cash
Auto,56.0,29.25,14.3,44.7,3.9,4.3,UPI
Premier Sedan,895.0,8.23,9.2,44.5,4.9,4.3,UPI
Premier Sedan,380.0,14.71,10.1,44.1,4.7,4.2,Debit Card
Go Mini,1955.0,20.52,9.3,30.1,4.4,4.9,Credit Card
eBike,987.0,49.48,3.6,28.6,4.0,4.9,Debit Card
Go Mini,146.0,43.68,8.6,28.1,4.4,4.3,UPI
Auto,197.0,8.2,7.7,26.1,4.2,4.6,Uber Wallet
eBike,643.0,46.83,3.2,16.7,4.2,4.6,UPI
Go Sedan,583.0,39.73,9.3,40.6,4.2,4.1,Cash
Go Sedan,671.0,2.46,3.7,44.9,4.0,4.9,Credit Card
Premier Sedan,860.0,30.42,10.6,38.9,4.6,4.9,Credit Card
Auto,91.0,38.6,10.9,34.2,4.7,4.5,UPI
eBike,490.0,41.61,5.8,42.3,4.6,4.5,UPI
Premier Sedan,241.0,8.59,2.5,28.4,4.3,4.8,Uber Wallet
Auto,1302.0,48.15,7.4,34.4,4.2,5.0,UPI
Auto,184.0,47.81,3.6,18.0,3.7,4.3,Cash
Go Sedan,221.0,21.04,8.9,35.6,4.7,4.6,Debit Card
Go Sedan,1335.0,9.41,6.3,22.1,4.3,4.4,UPI
Auto,140.0,21.54,13.7,17.9,4.7,4.0,UPI
Go Sedan,1475.0,32.3,8.9,27.2,3.9,3.8,Cash
Go Mini,163.0,24.85,14.1,40.7,4.3,4.2,Uber Wallet
Go Sedan,77.0,31.4,4.7,22.5,3.9,4.8,UPI
Go Sedan,739.0,25.83,10.8,21.2,4.8,4.3,Cash
Go Mini,634.0,9.48,10.3,25.9,4.4,4.8,UPI
Go Mini,169.0,35.05,8.1,39.4,4.5,4.6,UPI
Auto,1847.0,11.98,8.8,44.0,4.1,4.6,UPI
Auto,299.0,37.78,11.1,29.0,3.5,4.9,Uber Wallet
Auto,464.0,32.13,6.8,28.6,4.2,4.6,Cash
Premier Sedan,738.0,18.49,5.0,28.6,4.2,3.1,Uber Wallet
Uber XL,139.0,6.87,9.8,25.4,4.3,4.9,Uber Wallet
Go Sedan,802.0,49.53,2.6,41.4,4.5,4.6,UPI
eBike,389.0,35.92,4.5,29.8,4.4,4.2,Cash
Go Sedan,376.0,3.29,6.8,15.5,4.1,4.2,Cash
Go Sedan,155.0,17.57,2.8,27.7,4.4,4.8,Credit Card
Go Sedan,520.0,8.29,4.4,40.0,4.6,4.8,Cash
eBike,397.0,3.39,8.4,39.6,3.6,3.5,UPI
Auto,454.0,9.53,11.9,27.5,4.2,3.8,UPI
Auto,197.0,47.34,11.2,42.3,4.2,4.6,Uber Wallet
Premier Sedan,1549.0,10.96,13.9,38.0,4.4,4.2,UPI
Bike,428.0,25.87,6.6,29.6,4.2,4.9,UPI
Premier Sedan,749.0,24.29,12.7,31.8,4.1,3.1,UPI
Auto,483.0,6.32,12.3,35.6,4.1,4.3,UPI
Bike,407.0,23.05,8.4,32.0,4.3,4.7,Credit Card
Uber XL,476.0,29.6,12.2,16.3,4.2,4.3,Credit Card
Bike,363.0,5.33,8.6,17.3,4.2,4.7,UPI
Go Mini,87.0,28.63,15.0,40.8,4.3,4.9,Cash
Go Mini,999.0,47.12,10.3,22.3,4.9,4.4,Credit Card
Go Sedan,408.0,29.23,11.8,16.6,3.8,4.3,UPI
Bike,333.0,4.47,10.4,39.4,4.4,5.0,Cash
Premier Sedan,678.0,8.16,8.1,34.5,4.6,4.5,UPI
Premier Sedan,167.0,13.47,2.8,28.6,4.8,4.2,UPI
Premier Sedan,495.0,12.99,4.5,41.0,4.3,4.5,UPI
Bike,214.0,41.37,6.4,17.9,4.6,5.0,Cash
Go Sedan,660.0,26.38,10.3,21.0,4.5,4.9,Cash
Bike,478.0,2.18,14.1,25.6,3.1,4.9,UPI
Go Mini,788.0,5.76,13.9,39.8,3.7,4.8,UPI
Uber XL,820.0,37.67,6.4,15.2,4.7,4.7,Uber Wallet
Premier Sedan,792.0,10.52,4.7,42.6,4.4,5.0,Cash
Bike,892.0,22.43,10.0,15.8,4.6,4.3,Credit Card
Go Mini,988.0,21.24,3.2,42.1,4.2,4.6,UPI
Go Sedan,161.0,37.89,3.8,21.2,4.7,3.3,UPI
Bike,106.0,3.63,8.0,16.2,4.5,4.3,UPI
Premier Sedan,436.0,35.71,12.2,43.1,4.4,4.1,UPI
Go Sedan,456.0,2.54,13.6,28.1,4.3,4.6,UPI
Auto,558.0,16.37,6.2,32.2,4.3,4.9,Credit Card
Auto,428.0,34.83,12.7,43.8,5.0,3.1,UPI
Go Mini,224.0,32.52,10.5,23.4,4.1,4.9,Cash
Auto,475.0,32.25,3.5,18.9,3.9,4.9,Uber Wallet
Go Mini,284.0,8.48,6.0,39.7,3.8,4.3,UPI
Bike,167.0,30.06,5.8,18.3,4.6,4.9,UPI
Go Mini,227.0,12.33,5.0,24.6,4.0,4.3,UPI
Go Mini,876.0,27.03,13.0,41.6,4.1,4.6,Cash
Bike,497.0,6.13,4.6,20.2,3.7,4.5,Cash
Go Mini,97.0,17.28,13.4,44.5,4.7,3.3,UPI
Auto,800.0,30.29,9.3,37.2,3.8,5.0,UPI
Auto,979.0,42.82,10.7,35.5,3.8,5.0,Cash
Uber XL,192.0,12.53,3.3,19.3,3.1,5.0,Cash
Premier Sedan,91.0,17.87,4.8,28.8,4.2,4.6,UPI
Go Sedan,834.0,17.43,12.6,30.1,4.7,3.9,Uber Wallet
Go Sedan,772.0,29.09,10.6,24.0,4.6,4.5,Cash
Auto,382.0,22.56,5.8,27.3,4.8,3.9,Credit Card
Bike,288.0,36.21,8.9,39.6,4.3,4.1,UPI
Go Sedan,203.0,19.61,2.9,39.0,4.6,4.6,Uber Wallet
Go Mini,894.0,49.48,5.7,28.6,4.3,5.0,Uber Wallet
Bike,259.0,34.33,5.5,31.8,4.1,3.9,Debit Card
Premier Sedan,840.0,33.3,7.3,15.5,4.5,5.0,UPI
Go Mini,231.0,4.51,11.5,25.8,3.4,4.3,UPI
Go Sedan,764.0,34.27,6.5,33.4,4.7,4.9,UPI
Go Sedan,89.0,48.66,7.9,24.8,4.3,4.8,UPI
Bike,112.0,25.65,4.3,17.8,4.8,4.5,Credit Card
Auto,445.0,11.97,7.2,30.5,4.2,3.6,UPI
Auto,922.0,21.94,9.0,28.9,3.6,4.9,UPI
Auto,227.0,38.59,11.9,40.3,4.2,4.3,UPI
Auto,381.0,6.4,4.4,28.6,4.7,4.2,Credit Card
Go Mini,160.0,44.55,4.3,32.9,3.8,4.3,Cash
Bike,127.0,13.34,2.4,34.8,4.6,3.9,Credit Card
Go Mini,480.0,24.09,3.5,17.2,4.3,4.4,Cash
Auto,435.0,20.63,7.2,31.7,4.2,4.5,UPI
eBike,70.0,30.98,3.7,44.6,5.0,4.3,Cash
Go Sedan,389.0,38.85,4.0,34.9,4.3,4.9,UPI
Go Mini,975.0,7.75,2.6,38.7,4.2,4.3,UPI
Bike,1403.0,17.61,2.5,44.7,4.2,4.1,UPI
Bike,975.0,2.28,8.7,15.5,3.9,4.2,UPI
Bike,485.0,41.45,13.5,29.5,4.6,4.9,Cash
Auto,347.0,41.67,7.2,25.8,4.3,4.3,UPI
eBike,147.0,6.31,12.0,44.4,4.1,4.7,UPI
Auto,864.0,4.26,2.8,24.3,4.3,4.8,UPI
Bike,424.0,42.65,14.0,28.7,4.3,3.3,Uber Wallet
Go Mini,1126.0,15.52,12.9,20.0,3.8,4.2,UPI
Auto,912.0,14.5,10.4,36.6,4.3,4.6,Cash
eBike,225.0,37.69,4.4,25.8,4.2,4.1,Credit Card
Auto,2039.0,29.6,6.6,41.8,4.2,4.4,Cash
Go Sedan,145.0,12.14,9.9,29.2,3.4,4.5,UPI
Go Sedan,204.0,37.11,11.8,23.8,3.2,5.0,Credit Card
Go Sedan,889.0,6.6,5.7,22.9,4.1,4.4,Cash
Go Sedan,622.0,48.06,3.1,38.3,4.3,3.6,UPI
Auto,338.0,37.63,7.1,33.6,4.4,4.6,Credit Card
Auto,179.0,16.03,3.9,27.5,4.3,3.8,UPI
Auto,819.0,10.35,12.5,40.6,4.1,4.9,Credit Card
Bike,193.0,21.1,13.1,25.3,4.3,4.3,Uber Wallet
eBike,1048.0,19.35,13.9,27.9,3.8,4.3,UPI
Auto,99.0,13.8,10.3,29.5,4.9,4.7,UPI
Go Mini,81.0,41.17,6.2,39.1,4.3,4.3,Cash
eBike,458.0,17.97,4.4,42.0,4.9,4.3,UPI
Auto,697.0,45.98,11.5,17.4,4.1,4.1,Debit Card
Go Sedan,249.0,39.44,7.5,17.0,4.6,4.2,UPI
Premier Sedan,325.0,9.32,12.1,39.8,4.6,4.2,UPI
Go Sedan,810.0,33.09,3.4,42.9,4.9,4.5,UPI
Go Mini,791.0,9.77,6.2,21.9,4.7,3.7,Cash
Go Sedan,72.0,21.91,11.7,36.8,4.3,4.9,UPI
Go Mini,582.0,4.24,12.3,23.7,4.3,4.6,Uber Wallet
Go Mini,663.0,42.02,5.2,33.1,3.7,4.6,UPI
Go Mini,638.0,33.9,7.6,42.3,4.1,4.3,UPI
Go Mini,773.0,13.08,14.2,34.2,3.7,4.2,Uber Wallet
Go Mini,610.0,23.33,2.5,20.5,4.5,4.3,Debit Card
Premier Sedan,702.0,15.44,7.9,29.1,4.3,4.2,Credit Card
Uber XL,308.0,13.41,2.4,38.4,4.9,4.2,UPI
Go Sedan,285.0,3.36,10.0,28.3,4.5,4.9,Uber Wallet
Go Mini,577.0,42.96,9.4,41.2,4.1,4.8,Cash
Go Mini,450.0,47.13,7.4,16.9,3.3,4.9,Cash
Go Mini,851.0,29.98,11.1,44.0,3.9,4.5,UPI
Auto,266.0,30.45,12.1,37.6,4.2,4.4,UPI
Go Sedan,391.0,45.24,12.1,38.3,3.7,4.9,UPI
Go Mini,431.0,38.79,12.2,39.1,4.1,5.0,Cash
Auto,176.0,12.11,10.7,31.3,3.9,4.7,Cash
Bike,198.0,46.83,4.6,21.6,4.3,4.9,Cash
Auto,316.0,17.53,3.2,43.1,4.3,4.2,Cash
Go Mini,464.0,17.14,2.8,22.8,4.2,4.1,Cash
Bike,280.0,36.57,4.5,44.5,4.3,4.3,Debit Card
Go Mini,559.0,33.24,14.1,44.2,4.6,4.7,Uber Wallet
Go Sedan,133.0,33.18,5.4,17.7,4.1,4.9,UPI
Go Mini,79.0,30.99,4.1,33.1,4.1,4.2,Cash
Bike,382.0,42.15,13.3,37.9,5.0,4.1,UPI
Premier Sedan,398.0,31.62,12.6,21.0,4.4,4.9,Cash
Premier Sedan,399.0,30.53,2.0,43.0,3.9,4.9,Uber Wallet
Bike,1772.0,10.69,7.7,26.9,4.3,4.2,UPI
Auto,754.0,29.81,6.8,24.7,4.3,4.8,UPI
Premier Sedan,613.0,20.1,5.4,29.5,3.6,4.0,Cash
Go Sedan,171.0,30.88,9.8,16.3,4.4,3.7,UPI
Auto,292.0,37.23,2.5,35.1,4.6,4.6,Debit Card
Premier Sedan,1017.0,45.71,3.2,21.1,4.3,4.9,UPI
Go Sedan,378.0,11.85,10.9,33.6,3.6,4.5,UPI
eBike,349.0,26.49,11.0,23.6,5.0,5.0,Uber Wallet
Auto,209.0,16.36,4.9,17.8,4.1,4.6,Credit Card
Bike,325.0,20.76,8.5,28.6,4.3,4.7,Cash
Bike,303.0,10.93,10.4,40.9,4.3,4.6,UPI
Auto,153.0,38.37,6.5,24.9,4.2,4.0,UPI
Go Sedan,164.0,34.18,10.5,33.4,4.7,4.9,UPI
Premier Sedan,111.0,7.79,5.0,17.1,3.7,4.3,UPI
Go Sedan,939.0,2.23,5.8,30.8,4.4,4.8,UPI
Premier Sedan,91.0,37.56,7.2,22.1,5.0,4.2,Debit Card
Premier Sedan,287.0,41.01,7.1,15.3,4.3,4.7,UPI
eBike,194.0,33.92,4.9,44.1,3.7,4.8,Credit Card
Auto,315.0,8.98,10.3,16.4,4.8,4.3,Cash
Go Mini,479.0,41.02,10.3,20.0,3.5,4.8,Cash
Go Mini,490.0,39.68,2.5,17.4,5.0,5.0,UPI
Bike,97.0,20.38,8.1,42.2,4.2,4.5,Credit Card
eBike,432.0,27.41,7.0,24.1,4.6,4.9,UPI
Bike,340.0,13.24,14.8,30.4,4.3,4.2,Cash
Bike,364.0,3.66,6.0,32.1,4.3,4.4,UPI
Auto,125.0,4.64,6.4,16.7,4.2,5.0,Cash
Go Mini,139.0,11.49,8.7,18.3,4.7,4.5,UPI
Go Sedan,797.0,13.44,12.0,35.2,4.9,4.8,Cash
Premier Sedan,906.0,34.75,5.2,30.2,3.6,4.7,UPI
Go Mini,719.0,9.57,12.1,23.5,4.2,4.3,Cash
Auto,279.0,14.17,12.0,34.5,4.4,5.0,UPI
Go Mini,495.0,48.18,3.9,15.5,4.6,4.3,UPI
Auto,1097.0,13.94,3.4,19.2,3.2,4.9,Cash
Premier Sedan,70.0,40.44,3.2,31.9,3.7,3.5,Cash
Go Mini,344.0,11.9,4.0,38.4,4.7,4.2,UPI
Go Sedan,97.0,43.39,9.6,17.1,3.6,4.6,UPI
Auto,180.0,32.22,5.0,31.8,4.6,3.9,UPI
Uber XL,742.0,42.09,3.9,30.8,4.6,3.8,UPI
Auto,53.0,32.5,5.4,31.9,4.2,4.7,UPI
Premier Sedan,694.0,39.81,6.1,39.0,4.7,4.7,Credit Card
Bike,368.0,47.13,12.4,42.2,4.4,4.7,UPI
Auto,1901.0,31.07,10.8,29.9,4.3,4.1,Uber Wallet
Premier Sedan,119.0,13.25,11.7,41.7,3.1,3.9,Uber Wallet
Go Sedan,464.0,35.78,10.6,18.4,4.3,4.9,UPI
Premier Sedan,376.0,12.17,12.1,36.4,3.9,5.0,UPI
Auto,403.0,14.88,8.0,44.4,4.6,4.6,UPI
Go Mini,713.0,31.09,4.4,30.5,4.1,4.8,Cash
Go Mini,1837.0,27.18,3.1,31.8,4.4,4.4,UPI
Auto,117.0,19.44,10.7,40.5,4.2,4.1,Debit Card
Auto,740.0,2.92,7.2,38.5,4.6,4.7,Debit Card
Uber XL,803.0,19.04,7.6,34.9,5.0,4.3,Cash
Premier Sedan,186.0,3.12,5.9,40.6,3.7,4.6,Uber Wallet
Go Mini,426.0,20.48,4.9,29.8,4.2,4.6,Cash
Go Mini,391.0,32.02,13.1,32.0,4.3,3.1,UPI
Bike,201.0,9.93,12.3,22.9,4.6,4.2,UPI
eBike,737.0,29.28,12.0,20.0,4.2,4.4,Debit Card
Bike,97.0,16.73,12.1,16.8,3.8,5.0,Cash
Bike,396.0,13.35,9.8,32.2,3.8,4.6,Cash
Premier Sedan,187.0,30.89,5.8,26.9,4.4,4.3,Uber Wallet
Auto,1176.0,14.98,7.6,25.4,4.1,4.9,Cash
Go Mini,169.0,28.8,8.0,42.2,4.6,4.6,UPI
Bike,409.0,11.21,3.0,15.0,5.0,4.2,UPI
Bike,411.0,32.66,13.7,37.3,4.4,4.3,Cash
Premier Sedan,92.0,46.02,8.2,35.6,4.6,4.4,Cash
Auto,615.0,12.68,10.3,23.8,4.9,4.6,Debit Card
Auto,1322.0,41.49,2.0,27.4,4.2,4.3,UPI
Go Mini,641.0,18.22,8.4,23.1,4.2,3.8,UPI
Go Sedan,852.0,47.65,6.2,25.7,4.7,4.9,Uber Wallet
Go Sedan,370.0,10.76,10.8,28.0,4.6,4.3,UPI
eBike,77.0,37.55,11.9,25.9,4.0,4.3,UPI
Bike,700.0,28.31,11.0,42.2,4.3,4.2,UPI
Go Sedan,144.0,21.38,12.5,34.0,4.3,4.2,UPI
Premier Sedan,702.0,34.62,12.0,34.2,4.9,4.6,UPI
Premier Sedan,716.0,35.87,9.9,43.3,4.6,4.8,Cash
eBike,1941.0,22.45,14.4,42.7,4.2,4.9,UPI
Go Mini,76.0,11.49,6.5,36.3,4.4,4.3,Cash
Auto,994.0,35.21,4.3,24.5,3.9,3.3,Uber Wallet
Premier Sedan,207.0,35.8,3.6,32.1,4.3,4.6,Credit Card
Go Sedan,1182.0,14.37,14.3,43.5,4.7,3.7,Debit Card
Auto,204.0,18.66,7.8,36.0,4.6,4.3,UPI
Premier Sedan,169.0,25.45,11.5,44.5,4.3,4.8,Cash
eBike,579.0,9.97,11.8,27.5,4.4,4.3,UPI
eBike,147.0,37.73,13.1,15.5,4.1,4.3,UPI
Go Mini,528.0,28.65,8.1,42.4,4.5,4.7,Cash
Bike,415.0,10.81,2.7,16.3,4.3,4.9,Cash
Premier Sedan,453.0,21.54,11.4,43.7,4.9,4.8,Credit Card
Go Sedan,782.0,18.54,7.4,35.2,4.1,5.0,UPI
Auto,442.0,42.87,10.7,20.8,4.4,4.9,UPI
Auto,425.0,40.24,2.4,40.4,4.2,4.1,Cash
Go Mini,325.0,11.92,6.5,18.7,4.7,3.0,UPI
eBike,533.0,10.39,9.4,25.0,4.3,4.2,Cash
Bike,1181.0,9.76,9.2,33.7,4.1,4.2,UPI
Premier Sedan,342.0,31.4,5.9,32.4,4.3,4.3,Cash
Bike,874.0,37.52,9.2,42.0,4.1,4.8,Debit Card
Go Mini,970.0,10.63,12.6,30.7,5.0,4.9,UPI
Premier Sedan,633.0,47.92,14.7,27.4,4.1,4.9,UPI
Go Mini,205.0,48.28,11.7,44.3,4.1,3.8,UPI
eBike,831.0,23.2,5.5,33.1,4.2,4.1,Cash
Go Sedan,326.0,29.51,2.6,42.2,5.0,4.4,Credit Card
eBike,223.0,12.66,14.0,41.3,4.4,4.6,Cash
eBike,212.0,23.75,7.5,18.3,4.3,4.9,UPI
Go Mini,434.0,3.39,7.4,39.8,4.1,4.8,UPI
Go Sedan,698.0,19.62,2.8,23.0,4.1,4.5,UPI
Go Sedan,163.0,22.45,10.1,22.9,4.3,4.9,Cash
Bike,3224.0,15.69,14.5,40.6,4.4,4.9,Cash
Auto,69.0,3.58,9.8,30.1,4.4,4.8,Cash
Bike,1820.0,36.07,3.7,43.4,4.2,4.9,UPI
Go Sedan,523.0,46.99,12.6,17.2,3.8,4.3,UPI
Bike,493.0,16.71,8.4,18.1,3.8,4.2,UPI
Go Sedan,377.0,21.01,5.4,24.5,4.3,5.0,UPI
Premier Sedan,643.0,34.59,9.0,38.3,4.9,3.6,UPI
Premier Sedan,405.0,43.63,9.1,42.5,4.1,4.7,Credit Card
Premier Sedan,754.0,7.23,4.4,42.7,4.7,4.9,Credit Card
eBike,852.0,16.96,4.2,17.7,4.1,4.3,UPI
Auto,493.0,24.28,2.9,40.5,4.5,4.5,Credit Card
Premier Sedan,593.0,32.02,10.0,22.5,3.5,4.9,UPI
Auto,78.0,6.41,2.7,16.3,4.6,4.3,UPI
Go Mini,402.0,27.04,2.1,24.3,5.0,3.7,Debit Card
Go Mini,372.0,40.7,6.6,39.9,4.2,4.2,UPI
Go Mini,124.0,10.29,14.0,39.9,4.3,4.9,UPI
Premier Sedan,58.0,36.29,8.6,32.9,4.8,4.3,UPI
Auto,106.0,20.66,12.3,20.7,3.6,4.2,UPI
Auto,813.0,23.65,11.9,41.7,4.3,4.6,UPI
Bike,1169.0,15.67,7.4,43.2,4.0,3.8,Credit Card
Go Mini,384.0,31.84,6.6,28.8,4.9,4.6,UPI
Bike,698.0,28.9,14.4,42.4,4.7,4.3,Cash
Go Mini,349.0,14.82,3.1,40.4,3.5,4.6,Credit Card
eBike,467.0,47.81,11.8,39.8,4.4,4.9,UPI
Go Sedan,474.0,11.43,5.8,26.9,3.2,4.1,Cash
Go Sedan,1056.0,13.11,7.8,34.9,4.1,4.7,Debit Card
Go Sedan,462.0,33.01,7.1,20.0,3.9,4.9,Cash
Auto,302.0,8.1,6.8,27.0,3.7,4.9,UPI
Go Sedan,319.0,18.61,3.5,21.9,4.6,4.9,UPI
Go Sedan,972.0,44.14,4.9,30.0,4.2,4.2,UPI
Go Sedan,98.0,48.15,7.2,39.0,3.8,4.3,Debit Card
Go Mini,112.0,14.83,4.8,15.4,3.7,4.5,Cash
Go Sedan,295.0,8.68,11.7,35.9,3.7,4.9,Credit Card
Go Sedan,349.0,23.49,9.1,22.8,4.1,3.9,UPI
Auto,153.0,30.55,4.0,44.7,4.1,4.4,UPI
Go Sedan,209.0,30.56,8.2,41.4,3.7,4.7,UPI
Auto,284.0,34.72,14.4,38.3,4.5,3.2,Cash
Auto,478.0,47.37,13.0,23.8,4.5,4.6,Uber Wallet
Uber XL,95.0,45.03,14.0,34.9,3.3,4.6,Uber Wallet
Bike,222.0,41.62,13.3,24.9,3.3,4.9,Uber Wallet
Go Sedan,698.0,13.4,5.1,18.4,4.2,3.7,UPI
Go Mini,60.0,43.58,12.5,37.0,3.9,3.9,UPI
Bike,116.0,38.23,2.2,24.8,4.2,4.5,Cash
Bike,141.0,36.55,12.0,42.6,3.8,3.7,UPI
Auto,128.0,35.7,13.0,18.1,4.3,4.9,Credit Card
Auto,454.0,32.32,11.7,30.9,4.8,5.0,Cash
Go Sedan,525.0,27.77,5.3,19.9,3.4,4.2,UPI
Go Sedan,162.0,46.93,4.4,42.3,4.2,4.3,Cash
Auto,159.0,25.59,7.4,27.8,3.0,3.9,UPI
Auto,174.0,44.22,4.7,20.8,4.1,3.7,UPI
Go Mini,899.0,31.36,5.7,37.5,4.6,4.6,Debit Card
eBike,383.0,49.8,13.4,26.8,4.8,4.5,UPI
Bike,73.0,46.18,14.3,33.2,4.1,5.0,Debit Card
Go Mini,134.0,25.09,9.7,35.8,3.7,4.6,UPI
Auto,238.0,11.96,5.1,39.2,4.3,4.6,Cash
Auto,378.0,31.05,12.8,30.4,4.3,4.9,UPI
Go Mini,388.0,36.35,9.7,37.8,4.9,3.8,Debit Card
Go Mini,964.0,14.97,6.8,23.0,4.4,3.6,UPI
Go Mini,371.0,26.92,4.1,21.4,4.8,4.1,Cash
Go Mini,316.0,21.51,12.4,32.4,5.0,4.2,UPI
Go Mini,937.0,17.8,11.1,22.3,4.2,4.3,Debit Card
Go Mini,662.0,25.56,4.4,36.8,4.2,4.6,Credit Card
Go Sedan,277.0,2.84,2.4,17.3,4.8,4.2,Cash
Auto,830.0,31.6,5.4,16.1,4.3,4.9,UPI
eBike,99.0,27.65,11.4,21.7,4.5,3.9,Cash
eBike,902.0,41.88,5.9,17.6,4.1,4.9,Uber Wallet
Premier Sedan,51.0,19.69,7.1,41.9,4.6,4.6,UPI
Premier Sedan,373.0,12.73,13.4,40.0,4.6,4.2,Cash
Auto,309.0,13.77,8.0,22.1,4.3,4.3,UPI
eBike,536.0,35.69,7.5,15.1,4.9,4.2,Uber Wallet
eBike,347.0,25.92,6.3,30.3,3.8,4.3,UPI
Auto,50.0,48.99,10.8,36.9,4.2,4.9,UPI
Premier Sedan,373.0,16.14,4.6,29.4,4.4,4.3,Cash
Bike,782.0,3.22,2.2,28.5,4.4,4.9,UPI
Bike,86.0,27.01,6.6,18.9,4.6,3.4,Uber Wallet
Go Sedan,133.0,37.01,8.1,39.0,4.1,4.6,Debit Card
eBike,354.0,8.82,4.9,41.3,4.1,3.2,Credit Card
Premier Sedan,1564.0,10.58,5.5,29.6,4.2,5.0,UPI
Auto,856.0,16.55,12.3,21.6,4.8,4.6,Credit Card
Auto,420.0,35.15,5.9,28.7,4.4,4.6,Uber Wallet
Go Mini,243.0,24.15,7.6,26.0,4.6,4.5,Cash
Go Sedan,544.0,19.97,6.8,33.3,4.3,4.6,Cash
Go Sedan,940.0,26.89,8.0,30.2,4.3,4.8,Cash
eBike,1412.0,35.28,7.2,15.6,4.2,4.9,UPI
Uber XL,983.0,26.0,3.1,42.3,4.9,4.8,UPI
Auto,1370.0,28.47,12.4,42.3,4.8,4.1,Cash
Auto,579.0,16.81,7.8,41.3,4.2,4.4,UPI
Auto,52.0,13.05,2.6,27.9,4.3,4.7,UPI
Auto,472.0,37.56,2.4,44.6,4.9,4.6,UPI
Premier Sedan,374.0,34.1,8.9,37.7,5.0,3.1,Credit Card
Auto,292.0,8.79,6.2,18.2,4.2,4.1,Credit Card
Go Mini,433.0,44.07,5.8,22.5,4.6,4.9,UPI
Bike,904.0,23.11,11.7,19.6,4.1,4.2,Credit Card
Go Sedan,86.0,14.24,2.3,19.7,4.6,4.6,UPI
eBike,235.0,7.9,13.9,32.5,4.3,4.6,Credit Card
Bike,1448.0,38.23,3.7,37.6,4.2,4.4,Uber Wallet
Go Mini,149.0,33.62,11.6,15.8,4.9,3.9,Cash
Go Sedan,753.0,37.53,10.1,30.1,3.4,4.2,UPI
Auto,390.0,39.08,9.7,43.2,3.9,3.6,UPI
Bike,274.0,45.17,6.7,36.3,3.8,4.9,Cash
Premier Sedan,784.0,32.79,13.2,18.8,4.6,4.7,Credit Card
Bike,470.0,14.92,13.3,19.6,3.7,4.7,Cash
Go Mini,397.0,13.9,5.4,39.2,4.4,4.6,UPI
Auto,273.0,11.85,5.2,19.5,4.3,4.6,Cash
Bike,869.0,11.7,12.0,20.7,4.3,4.9,UPI
Go Mini,925.0,28.28,8.7,15.2,4.1,4.6,UPI
Auto,251.0,16.74,9.0,30.8,4.2,4.1,Cash
Auto,212.0,16.55,8.3,38.1,4.5,4.4,UPI
eBike,61.0,45.06,10.4,44.3,4.2,3.9,UPI
Auto,381.0,40.55,7.7,37.7,4.7,4.4,Credit Card
Auto,918.0,25.76,11.1,30.3,4.5,4.5,UPI
Uber XL,506.0,18.3,12.9,40.2,4.7,5.0,UPI
Go Mini,683.0,38.68,4.9,32.1,3.6,4.7,UPI
Go Sedan,813.0,32.76,13.1,29.7,4.1,4.0,UPI
Auto,160.0,20.49,11.0,26.5,4.9,4.6,Debit Card
Go Sedan,364.0,35.08,5.5,17.7,3.8,3.4,Debit Card
Go Sedan,452.0,20.18,13.0,19.9,4.1,4.2,UPI
Premier Sedan,1097.0,35.16,6.5,44.1,4.6,4.2,Uber Wallet
Go Mini,507.0,28.46,2.8,21.4,3.8,4.6,UPI
Auto,364.0,12.96,14.7,31.3,4.3,4.3,Cash
Go Sedan,618.0,39.56,6.2,32.8,4.1,5.0,Cash
Auto,3702.0,37.25,5.1,40.5,4.5,4.8,Credit Card
Auto,783.0,33.74,13.1,30.4,3.1,4.5,Debit Card
Auto,884.0,40.66,11.3,33.9,3.9,4.6,Uber Wallet
Auto,922.0,31.64,9.2,25.6,4.6,5.0,UPI
Auto,295.0,21.23,8.3,32.2,3.4,4.6,Uber Wallet
Go Sedan,283.0,41.65,10.5,27.8,4.9,4.3,Credit Card
Auto,736.0,26.53,12.4,27.2,4.1,4.2,UPI
Auto,204.0,47.9,7.0,17.7,4.3,4.8,Debit Card
eBike,457.0,25.97,12.6,22.1,4.1,4.5,Cash
Bike,942.0,17.72,12.6,33.3,4.1,4.8,Cash
Go Sedan,385.0,26.43,2.9,29.3,3.8,4.8,Cash
Premier Sedan,240.0,27.1,14.3,28.6,3.8,3.9,Cash
Go Mini,383.0,12.04,12.7,34.9,4.1,4.7,Cash
Go Sedan,918.0,21.03,11.0,16.8,4.3,4.7,Uber Wallet
Premier Sedan,190.0,10.69,13.2,30.7,3.7,4.8,Debit Card
Premier Sedan,343.0,6.49,6.2,20.2,4.2,4.6,Uber Wallet
Premier Sedan,91.0,35.6,7.4,24.5,4.4,4.6,UPI
Auto,271.0,24.37,13.2,25.1,4.8,4.2,UPI
Bike,213.0,39.9,13.6,42.7,3.6,4.1,Uber Wallet
Auto,241.0,22.28,13.4,27.6,4.7,4.8,Cash
Premier Sedan,389.0,25.35,2.2,21.0,4.0,4.1,UPI
Auto,307.0,44.28,2.3,31.6,3.7,4.8,Uber Wallet
Go Mini,112.0,46.26,10.2,32.1,4.4,4.2,Cash
Premier Sedan,627.0,47.78,2.3,38.3,4.2,4.8,Cash
Go Mini,511.0,4.82,5.1,23.5,4.3,3.6,Credit Card
Go Mini,891.0,49.89,14.7,38.6,4.5,4.6,Credit Card
Go Sedan,440.0,14.37,14.9,21.7,4.3,4.6,UPI
Auto,441.0,5.25,9.5,24.6,4.3,5.0,Uber Wallet
Uber XL,147.0,27.26,14.9,34.6,4.1,4.3,Uber Wallet
Auto,712.0,43.42,2.3,28.2,4.6,4.9,Cash
Bike,190.0,30.26,11.7,20.9,4.4,4.5,Uber Wallet
Go Sedan,275.0,18.37,2.9,32.2,4.1,4.9,Uber Wallet
Auto,263.0,37.38,7.3,41.1,4.3,3.9,Uber Wallet
Go Sedan,466.0,31.46,4.6,25.7,4.1,4.6,UPI
Auto,616.0,12.41,5.7,22.1,4.2,4.9,Debit Card
Bike,246.0,43.49,14.5,31.7,4.3,4.8,Cash
Auto,556.0,17.36,6.3,39.9,4.5,3.8,Debit Card
Go Mini,497.0,42.79,3.5,21.2,4.1,4.8,Credit Card
Auto,67.0,49.53,9.5,42.4,4.6,4.6,Cash
Auto,746.0,35.74,13.2,21.8,4.3,4.3,UPI
Go Mini,652.0,21.1,10.3,43.7,4.6,4.2,UPI
Go Sedan,236.0,4.02,8.0,41.9,3.3,3.9,Cash
Go Sedan,744.0,17.54,14.9,44.5,3.7,4.2,UPI
Premier Sedan,735.0,31.22,13.2,24.6,4.6,3.1,UPI
Auto,419.0,25.77,4.3,42.1,3.7,4.4,UPI
Bike,587.0,8.56,5.0,17.9,3.9,4.2,UPI
Premier Sedan,422.0,32.28,13.3,31.1,4.2,5.0,UPI
Bike,379.0,15.64,11.4,22.0,4.3,3.8,Cash
Premier Sedan,673.0,7.94,2.0,24.7,3.6,3.5,Cash
Go Sedan,290.0,20.11,5.6,38.9,5.0,4.7,Uber Wallet
eBike,210.0,34.3,10.4,20.6,4.3,4.8,UPI
Auto,378.0,33.01,5.6,39.3,4.3,4.2,Cash
Uber XL,353.0,45.53,4.9,27.4,4.2,3.8,Cash
eBike,454.0,25.44,9.7,20.8,4.7,3.8,Debit Card
Premier Sedan,1122.0,31.28,13.3,17.3,3.9,4.9,UPI
Bike,78.0,8.61,3.6,38.2,4.6,4.8,UPI
Go Sedan,480.0,19.16,7.3,25.2,4.8,4.0,Cash
Bike,501.0,48.94,13.5,27.4,4.0,5.0,Credit Card
Go Sedan,604.0,42.04,4.3,21.6,4.7,5.0,UPI
Auto,290.0,17.06,8.5,41.7,4.9,3.7,Debit Card
eBike,747.0,29.55,6.6,17.5,4.4,4.6,Cash
Premier Sedan,709.0,44.29,8.1,38.5,4.1,4.6,UPI
Go Sedan,70.0,20.97,14.0,42.1,4.1,4.2,Cash
Auto,994.0,29.18,4.8,38.1,4.4,4.3,UPI
Premier Sedan,1006.0,46.75,2.1,30.2,4.6,3.6,Uber Wallet
Go Sedan,358.0,14.23,9.4,21.4,4.3,5.0,Cash
Go Sedan,187.0,45.78,8.6,42.5,4.6,4.5,UPI
Go Mini,1378.0,9.06,3.9,40.2,4.3,5.0,Debit Card
eBike,754.0,25.29,13.5,38.3,5.0,4.7,Uber Wallet
Uber XL,1035.0,19.98,14.9,19.3,4.3,4.2,Credit Card
Go Sedan,230.0,18.1,9.5,35.8,4.5,4.6,Debit Card
Auto,991.0,15.15,9.2,40.7,4.2,4.3,Uber Wallet
Premier Sedan,62.0,7.34,4.5,28.4,3.3,4.2,UPI
Go Mini,633.0,16.71,6.4,43.5,3.0,4.9,Debit Card
Auto,286.0,2.13,2.7,25.7,4.6,4.1,UPI
eBike,649.0,15.35,11.0,15.0,4.2,4.3,UPI
Bike,1616.0,49.64,3.4,36.2,4.7,4.1,UPI
Auto,685.0,37.22,10.5,19.5,4.3,4.3,UPI
Auto,181.0,47.01,7.0,29.1,4.7,4.9,UPI
Premier Sedan,1114.0,17.56,13.9,18.9,4.5,4.9,Debit Card
Go Sedan,184.0,15.49,13.9,32.0,3.9,4.8,Cash
Go Sedan,1068.0,16.19,12.0,42.9,3.1,4.3,UPI
Go Sedan,410.0,25.12,13.3,41.8,3.4,4.6,Debit Card
Go Sedan,96.0,49.89,12.2,37.3,4.2,3.8,UPI
Uber XL,557.0,20.24,3.9,27.1,4.3,4.6,Cash
Auto,364.0,11.69,9.6,40.9,4.0,4.2,Cash
Bike,131.0,12.24,7.9,39.7,4.7,4.1,UPI
Auto,592.0,39.88,12.5,42.0,3.6,4.5,Credit Card
Go Sedan,110.0,18.2,13.7,41.1,4.3,4.8,UPI
Uber XL,534.0,45.8,9.1,20.4,4.6,4.0,Cash
Auto,243.0,5.06,10.3,30.4,4.4,4.6,Cash
Go Sedan,853.0,18.92,4.3,27.3,4.1,5.0,Cash
Go Mini,235.0,8.04,7.3,44.2,4.2,3.8,UPI
Go Mini,127.0,2.81,10.6,29.3,4.4,4.3,Cash
Go Sedan,329.0,18.34,14.6,16.5,4.4,4.2,UPI
Auto,326.0,48.75,8.6,25.9,4.2,4.7,UPI
Auto,413.0,21.48,4.2,16.7,4.1,4.3,Cash
Auto,291.0,46.23,5.7,15.7,4.3,4.9,Credit Card
Auto,547.0,22.16,9.4,24.1,4.0,5.0,Cash
Bike,190.0,46.91,2.4,27.5,4.2,4.3,UPI
Auto,929.0,45.82,10.6,35.6,5.0,4.9,Credit Card
Go Sedan,365.0,17.9,3.2,30.0,4.0,4.3,Uber Wallet
Premier Sedan,287.0,32.32,6.1,33.8,3.7,4.6,UPI
Go Mini,431.0,26.36,13.2,32.4,4.1,4.2,Cash
Premier Sedan,329.0,8.95,6.4,16.3,4.2,4.3,UPI
Go Mini,573.0,13.94,10.8,16.3,4.1,3.9,Cash
Premier Sedan,574.0,49.13,14.8,44.6,3.2,3.3,Cash
Go Mini,900.0,40.73,12.7,28.8,4.6,4.4,Cash
Premier Sedan,481.0,12.67,8.0,42.1,4.5,5.0,Uber Wallet
Go Mini,681.0,18.94,9.1,33.5,4.2,4.9,Cash
Premier Sedan,982.0,17.99,4.5,27.5,3.8,3.7,Cash
Go Sedan,247.0,29.48,13.2,27.9,4.6,4.3,Credit Card
Go Mini,721.0,43.59,14.3,44.5,4.3,4.7,UPI
Go Mini,297.0,14.48,10.3,17.2,4.4,4.5,Cash
Go Mini,461.0,32.29,3.3,31.0,4.3,4.6,Cash
Auto,254.0,42.17,4.3,37.6,4.3,4.6,UPI
Auto,120.0,28.73,3.8,44.9,4.9,4.7,UPI
Auto,717.0,42.2,11.6,26.5,4.0,4.0,UPI
eBike,706.0,2.57,2.4,41.4,4.6,4.5,Cash
Go Mini,621.0,3.02,12.9,21.4,4.2,4.2,Credit Card
Go Mini,315.0,24.63,12.5,21.7,3.3,4.6,Cash
Go Mini,233.0,29.04,14.2,34.2,3.9,4.5,Cash
Go Mini,383.0,16.53,14.9,38.2,4.6,3.6,UPI
Go Mini,407.0,24.95,13.9,39.9,4.4,4.6,Cash
Bike,1556.0,29.42,7.1,32.1,4.9,4.6,Cash
Premier Sedan,50.0,13.12,8.6,29.3,4.3,4.8,Credit Card
Auto,245.0,16.17,5.3,26.2,4.2,3.7,Uber Wallet
Bike,696.0,20.73,12.8,28.2,4.7,3.9,UPI
Go Mini,230.0,10.32,10.0,34.5,4.2,3.6,UPI
Go Mini,353.0,26.2,5.6,23.9,4.3,4.5,UPI
Go Mini,798.0,17.43,11.7,16.5,3.9,4.6,UPI
Premier Sedan,759.0,49.93,5.7,37.5,3.4,4.2,UPI
Auto,235.0,16.98,14.4,37.4,4.4,4.3,Cash
Auto,287.0,32.82,12.6,20.6,3.1,4.2,Debit Card
Bike,251.0,41.47,13.8,26.0,3.6,3.1,UPI
Bike,698.0,33.22,9.9,29.1,4.3,4.1,Cash
Go Sedan,240.0,26.39,5.1,20.0,3.1,4.4,UPI
Go Sedan,679.0,36.41,12.7,20.0,3.3,4.3,Uber Wallet
Go Mini,588.0,25.12,6.6,23.0,4.4,4.1,Cash
Go Sedan,783.0,2.16,4.2,36.5,4.7,4.9,Debit Card
Go Mini,190.0,49.93,14.2,19.0,4.4,4.2,Credit Card
eBike,154.0,2.05,14.4,41.5,3.7,4.6,Uber Wallet
Go Sedan,77.0,42.83,3.0,23.9,3.7,4.9,Debit Card
Go Sedan,463.0,29.71,10.0,35.4,3.6,4.3,Cash
Go Mini,444.0,25.15,5.2,31.1,3.5,4.9,UPI
Go Sedan,482.0,3.66,3.9,17.5,3.4,3.5,UPI
Go Mini,1348.0,47.2,11.8,42.6,4.4,4.5,Cash
Premier Sedan,384.0,2.32,7.0,43.2,4.1,4.2,Uber Wallet
Go Mini,206.0,33.81,6.4,16.9,3.7,4.5,Debit Card
Premier Sedan,556.0,45.91,13.3,19.9,3.4,4.9,UPI
Auto,1191.0,45.47,8.4,43.2,4.8,4.1,UPI
eBike,125.0,39.16,2.6,32.9,4.1,4.9,UPI
Bike,153.0,27.81,7.6,21.6,4.7,4.2,Credit Card
Go Mini,230.0,39.31,9.1,19.2,4.7,4.5,UPI
Auto,97.0,33.8,4.2,44.2,3.7,4.3,UPI
Auto,243.0,9.65,12.2,40.4,3.8,3.1,Credit Card
Auto,643.0,43.06,4.2,36.7,3.4,4.1,Cash
Go Sedan,759.0,38.88,10.5,35.4,4.3,5.0,UPI
Go Sedan,239.0,30.75,5.5,19.6,4.7,4.2,UPI
Auto,973.0,10.18,6.8,18.0,4.9,5.0,Cash
Auto,251.0,32.05,12.4,17.1,3.3,4.3,UPI
Auto,1351.0,49.43,2.2,26.8,4.1,3.0,Cash
Go Mini,168.0,45.82,6.3,16.9,3.7,4.6,UPI
Bike,321.0,9.35,6.2,35.3,3.4,4.3,UPI
Bike,759.0,16.89,2.4,30.9,4.4,3.9,Credit Card
Auto,757.0,33.96,14.6,41.0,4.2,4.3,Credit Card
Auto,482.0,20.9,9.0,30.3,4.8,3.9,UPI
Go Mini,2703.0,15.67,11.0,24.5,3.6,4.2,UPI
Bike,315.0,9.14,13.5,29.9,4.2,4.8,UPI
Go Sedan,354.0,29.18,9.0,17.4,3.1,4.7,Cash
Auto,917.0,13.5,3.7,28.5,4.2,4.4,UPI
Go Sedan,292.0,17.63,14.2,39.1,4.1,4.3,Cash
Auto,78.0,23.18,14.6,32.7,4.6,4.9,Cash
Uber XL,642.0,7.03,3.4,43.6,5.0,4.4,UPI
Auto,194.0,41.99,8.3,27.6,4.2,4.9,Uber Wallet
Bike,975.0,20.5,12.8,18.6,4.3,3.7,UPI
Auto,1156.0,3.18,13.8,16.2,4.1,5.0,Debit Card
Go Mini,600.0,30.28,9.6,28.6,4.3,5.0,Debit Card
Go Mini,354.0,37.25,5.2,36.1,4.8,3.4,UPI
Go Mini,112.0,24.53,2.1,19.3,4.1,4.4,Debit Card
Go Sedan,742.0,35.42,10.8,19.5,3.3,5.0,Debit Card
Go Mini,128.0,31.97,2.5,17.9,4.2,4.6,Cash
Auto,714.0,29.59,13.0,21.0,4.1,4.3,UPI
Go Mini,260.0,13.66,10.6,37.9,4.6,4.8,Cash
Bike,446.0,35.29,5.0,30.6,4.8,3.3,Credit Card
Auto,967.0,16.95,4.1,43.0,5.0,4.3,Cash
Uber XL,160.0,25.54,9.4,30.0,4.5,4.3,UPI
Uber XL,1083.0,9.48,11.3,34.9,3.6,3.8,UPI
Go Sedan,495.0,18.54,12.3,31.6,4.9,4.8,UPI
Premier Sedan,978.0,19.62,8.0,36.3,4.7,3.5,Debit Card
Auto,337.0,44.28,5.4,31.7,3.8,5.0,UPI
Go Sedan,452.0,5.07,14.0,29.3,4.1,4.3,UPI
Auto,444.0,43.04,3.4,37.2,3.5,4.9,Cash
Go Sedan,685.0,15.45,8.8,42.8,4.2,4.9,UPI
Auto,143.0,20.12,4.2,16.5,3.9,3.6,Cash
eBike,238.0,31.1,3.9,26.6,3.7,4.8,Cash
Premier Sedan,127.0,49.94,13.1,18.3,3.1,4.7,UPI
Auto,168.0,28.0,7.0,26.6,4.3,4.2,Uber Wallet
Go Sedan,222.0,18.03,6.0,27.6,3.2,4.1,Credit Card
Auto,313.0,36.45,9.9,16.8,4.4,4.5,Uber Wallet
Uber XL,216.0,15.4,8.4,41.9,4.7,4.8,UPI
eBike,475.0,18.61,9.5,36.8,4.1,4.6,Credit Card
Bike,152.0,40.16,12.4,17.4,4.6,4.4,UPI
Go Mini,865.0,46.76,8.2,25.6,4.7,4.6,UPI
Go Sedan,330.0,6.02,11.9,26.9,4.5,4.3,UPI
Go Mini,224.0,9.85,10.6,41.5,4.4,3.6,Debit Card
Premier Sedan,99.0,41.72,4.8,24.7,4.2,3.9,UPI
Auto,583.0,3.78,11.8,23.9,4.9,4.3,Cash
Auto,332.0,15.24,7.0,44.9,4.2,3.7,Cash
Auto,397.0,49.12,4.8,43.0,4.3,4.6,UPI
Auto,62.0,27.92,4.3,24.2,4.5,4.9,UPI
Auto,517.0,16.32,11.6,15.6,4.3,4.5,UPI
Auto,127.0,25.36,3.5,42.6,4.6,4.2,Debit Card
Go Sedan,503.0,9.05,11.3,26.0,4.6,4.3,UPI
Go Sedan,194.0,32.7,4.5,19.5,3.0,4.7,UPI
Auto,218.0,48.43,11.0,25.5,4.6,4.1,UPI
Auto,390.0,7.02,3.4,32.3,4.2,4.9,Credit Card
Go Mini,442.0,3.3,5.5,44.6,4.2,5.0,Debit Card
Auto,473.0,34.06,4.1,16.9,4.2,4.4,UPI
Go Sedan,545.0,19.55,12.9,29.3,4.2,4.9,Uber Wallet
Go Sedan,379.0,8.51,14.2,40.7,4.3,4.1,UPI
Go Mini,1265.0,25.15,3.7,20.2,4.2,4.4,Debit Card
Go Sedan,458.0,19.39,13.8,38.4,4.2,4.9,UPI
Premier Sedan,321.0,16.84,3.7,36.9,4.1,4.7,Credit Card
Auto,547.0,48.94,12.7,24.9,3.6,4.3,UPI
Auto,350.0,30.78,4.5,22.0,4.2,5.0,UPI
Go Sedan,285.0,23.35,7.9,20.0,4.9,4.9,UPI
Bike,427.0,30.28,14.2,28.1,4.5,3.9,UPI
Auto,319.0,45.95,6.6,24.8,4.5,4.5,Uber Wallet
Bike,778.0,33.75,8.6,40.1,4.7,5.0,Cash
Go Mini,259.0,27.81,10.3,23.7,4.7,4.9,Uber Wallet
eBike,408.0,28.13,14.5,17.2,4.1,4.3,Cash
Go Sedan,72.0,17.1,5.1,44.0,4.1,5.0,UPI
eBike,91.0,45.34,8.5,38.4,4.3,4.1,Debit Card
Auto,855.0,5.98,10.1,32.2,4.3,4.4,UPI
Bike,275.0,45.62,7.7,32.2,3.3,5.0,UPI
Auto,538.0,12.78,13.3,44.9,4.6,3.8,Cash
eBike,912.0,29.01,2.6,33.3,4.2,3.3,Cash
Auto,515.0,44.46,13.5,27.2,4.5,4.9,UPI
Go Mini,479.0,4.21,8.3,25.0,4.1,4.4,Cash
Bike,290.0,22.62,14.4,25.0,3.2,4.2,UPI
Go Mini,364.0,24.58,4.1,28.6,3.6,4.6,UPI
eBike,959.0,35.95,2.6,17.1,4.1,4.6,UPI
Bike,58.0,37.29,13.8,21.9,4.3,4.4,Cash
Go Sedan,116.0,47.61,7.5,30.2,4.1,4.6,UPI
eBike,2382.0,29.47,6.0,25.3,3.9,4.6,UPI
Go Sedan,540.0,30.47,6.4,30.6,4.4,5.0,Debit Card
Auto,456.0,5.99,10.2,18.2,4.6,4.5,UPI
Go Mini,240.0,21.37,6.3,21.4,4.8,4.9,Credit Card
Bike,1354.0,36.02,3.3,25.7,3.8,3.6,Cash
Auto,963.0,33.3,11.6,43.0,4.4,4.5,Cash
Go Mini,376.0,36.46,7.5,39.3,4.3,4.6,UPI
Go Sedan,188.0,40.42,14.9,39.5,3.9,4.9,UPI
Go Sedan,125.0,26.21,11.7,26.9,3.1,4.4,Credit Card
Auto,587.0,11.56,4.9,30.2,4.3,3.9,Uber Wallet
Auto,187.0,30.97,13.2,21.0,4.3,4.2,UPI
Auto,517.0,33.98,3.1,33.2,4.5,4.9,Cash
Bike,564.0,37.42,5.0,21.7,4.3,4.6,UPI
Auto,969.0,47.77,8.4,16.4,3.9,4.3,UPI
Go Mini,367.0,4.43,5.9,41.2,3.2,3.9,Credit Card
Bike,482.0,8.21,13.1,33.5,4.2,4.9,UPI
Bike,454.0,6.4,10.5,35.4,3.2,4.9,Credit Card
Bike,928.0,7.64,11.7,21.6,4.0,3.4,Credit Card
Go Sedan,371.0,20.7,5.9,22.9,4.6,4.5,Debit Card
Bike,653.0,4.7,9.6,25.3,5.0,4.7,Cash
Premier Sedan,508.0,11.54,2.2,16.4,4.1,4.6,UPI
Premier Sedan,285.0,6.3,6.9,39.6,3.7,4.3,Credit Card
Go Sedan,639.0,12.8,14.0,25.2,4.2,5.0,Credit Card
Auto,1238.0,24.59,5.2,42.5,4.2,3.8,Cash
Auto,433.0,22.0,3.6,37.2,4.6,4.6,UPI
Premier Sedan,233.0,11.34,5.4,20.6,4.3,4.8,Cash
Auto,789.0,22.7,4.7,33.3,4.9,4.9,Credit Card
Go Sedan,398.0,42.42,9.0,16.9,4.4,4.4,UPI
Go Mini,2284.0,9.33,4.3,24.0,3.8,4.4,Cash
Auto,430.0,27.94,12.2,36.3,4.5,4.9,Uber Wallet
Go Mini,139.0,44.13,2.6,29.4,4.2,4.9,UPI
Premier Sedan,356.0,3.27,14.0,24.1,4.1,4.7,Cash
Auto,1521.0,16.24,3.1,15.9,4.2,5.0,UPI
Auto,332.0,42.41,9.4,24.1,4.2,3.9,Credit Card
Go Sedan,954.0,6.48,13.9,18.8,4.3,5.0,UPI
Premier Sedan,191.0,49.94,8.9,20.8,4.2,4.3,Cash
Go Mini,308.0,3.53,7.5,21.0,3.9,4.3,UPI
Auto,702.0,18.71,7.6,37.7,4.9,4.3,Debit Card
Auto,153.0,17.72,3.4,40.3,4.1,4.3,Cash
Go Sedan,328.0,39.25,3.5,24.2,4.3,4.9,UPI
Premier Sedan,138.0,46.15,7.8,30.4,5.0,4.4,UPI
Bike,277.0,19.01,8.0,38.0,4.6,4.6,UPI
Auto,248.0,2.01,6.0,31.5,3.8,4.6,Cash
Go Mini,206.0,4.47,6.2,38.8,3.1,5.0,Cash
Go Mini,125.0,34.37,2.8,37.3,4.3,4.3,Cash
Go Mini,402.0,22.66,8.2,32.1,4.4,4.4,UPI
Go Sedan,840.0,16.92,7.1,22.6,4.8,4.3,UPI
Go Mini,596.0,13.14,3.4,36.0,4.8,3.4,UPI
Bike,73.0,3.64,2.4,25.9,4.3,4.4,UPI
Go Mini,354.0,37.87,5.5,15.5,4.4,4.4,UPI
Premier Sedan,89.0,4.18,11.8,28.2,3.2,5.0,Debit Card
Bike,279.0,33.21,2.2,19.9,3.5,3.1,Cash
Go Mini,776.0,25.3,14.1,34.3,4.3,3.5,Cash
Go Sedan,70.0,41.46,3.9,32.1,4.6,4.2,Cash
Auto,918.0,37.73,6.4,30.5,4.6,4.6,UPI
Uber XL,339.0,36.49,5.7,41.8,4.9,4.8,Cash
Go Sedan,284.0,27.76,5.8,41.9,4.3,4.3,Uber Wallet
Auto,478.0,20.3,6.1,37.6,4.6,4.6,Uber Wallet
Auto,1444.0,11.4,7.2,16.0,4.2,4.1,UPI
Premier Sedan,1511.0,16.04,6.7,38.5,3.3,4.1,Credit Card
Auto,683.0,49.6,4.1,35.5,4.3,5.0,Credit Card
Go Mini,303.0,44.15,2.8,32.2,4.3,4.7,UPI
Go Sedan,255.0,32.8,7.0,24.9,3.9,4.6,Credit Card
Auto,1213.0,21.97,4.3,20.6,4.9,4.8,Cash
Premier Sedan,726.0,13.4,5.5,42.4,4.4,4.9,Debit Card
Bike,433.0,39.61,9.8,22.3,4.7,4.3,Cash
Bike,61.0,40.6,12.5,21.3,3.3,4.3,Cash
eBike,507.0,10.39,11.7,43.7,4.3,3.8,Cash
Go Sedan,365.0,34.37,14.5,20.0,4.1,4.3,Cash
Go Mini,458.0,9.25,7.4,21.8,4.7,4.6,Uber Wallet
eBike,193.0,13.51,7.8,23.0,4.2,4.5,Debit Card
Bike,684.0,48.1,14.9,41.0,4.3,3.2,Debit Card
Premier Sedan,746.0,25.06,9.2,37.2,4.6,3.6,UPI
Go Sedan,896.0,46.48,7.2,19.8,4.2,4.4,Credit Card
Go Sedan,182.0,24.73,3.9,31.5,3.8,4.3,UPI
Bike,389.0,21.14,5.6,20.5,4.5,4.9,UPI
Go Sedan,471.0,28.41,12.5,25.9,4.6,4.6,UPI
Auto,122.0,5.21,7.3,35.2,4.4,4.6,Credit Card
Auto,574.0,20.9,2.8,44.9,4.2,3.6,Cash
eBike,302.0,48.78,4.4,36.3,4.3,3.7,UPI
Auto,747.0,26.89,3.7,31.0,4.1,4.7,Cash
Premier Sedan,400.0,8.34,4.4,15.8,4.3,4.4,Credit Card
Go Mini,292.0,25.04,12.6,42.4,3.8,4.0,Uber Wallet
Go Sedan,219.0,18.44,4.1,26.3,4.6,4.6,Cash
Premier Sedan,484.0,23.01,12.8,15.2,4.4,4.7,Cash
Uber XL,54.0,9.32,2.3,44.7,4.3,5.0,Cash
Premier Sedan,564.0,10.12,9.8,39.5,3.3,4.3,Credit Card
Premier Sedan,861.0,38.84,10.4,43.5,4.6,4.7,Debit Card
Auto,326.0,29.92,11.0,30.7,4.2,4.1,UPI
Go Mini,839.0,43.8,7.8,43.5,4.2,3.9,Credit Card
Go Mini,906.0,27.13,6.2,37.0,4.3,4.3,UPI
Auto,752.0,40.52,4.9,26.3,4.3,4.5,Cash
eBike,363.0,38.3,7.3,17.1,4.1,5.0,UPI
Bike,449.0,12.55,2.3,16.7,5.0,3.6,UPI
Go Mini,653.0,46.09,9.2,29.1,4.1,4.2,UPI
Uber XL,315.0,43.61,9.0,20.6,4.1,5.0,Uber Wallet
Premier Sedan,640.0,30.97,8.3,43.3,3.8,4.9,Cash
Go Mini,238.0,36.41,5.6,30.0,4.3,4.6,Cash
Uber XL,279.0,33.51,8.1,41.2,4.4,4.7,Debit Card
Bike,65.0,18.85,2.1,43.3,4.8,4.3,UPI
Go Mini,233.0,10.52,13.1,29.2,4.6,4.2,UPI
eBike,504.0,38.77,2.8,44.7,3.8,4.9,UPI
Go Mini,867.0,36.69,5.0,32.3,4.9,4.2,Cash
Go Mini,78.0,18.74,10.5,15.7,3.8,4.3,Uber Wallet
Premier Sedan,321.0,37.6,10.4,40.6,4.1,4.8,Cash
Auto,135.0,28.15,2.6,17.2,4.6,4.7,Cash
Go Sedan,678.0,29.23,7.5,18.3,3.9,4.9,UPI
Go Mini,2301.0,18.64,6.3,41.6,3.7,4.8,UPI
Auto,307.0,9.03,5.9,33.9,4.0,4.8,Debit Card
Bike,267.0,26.86,8.2,44.7,4.9,4.2,Uber Wallet
Auto,815.0,40.58,6.1,44.8,4.2,3.9,UPI
Auto,326.0,9.02,13.1,25.3,4.6,5.0,UPI
Go Sedan,1249.0,29.11,5.5,33.0,4.2,4.2,Cash
Go Sedan,655.0,14.43,4.7,30.5,4.1,4.3,UPI
Auto,815.0,2.91,11.4,38.0,4.3,4.3,Cash
Premier Sedan,1382.0,42.54,6.5,17.5,3.7,3.7,Credit Card
Go Mini,230.0,12.29,10.2,30.0,4.7,4.2,Uber Wallet
Go Mini,330.0,4.63,8.7,37.7,3.8,4.6,Debit Card
Bike,627.0,42.98,2.2,18.5,4.1,3.9,Cash
Auto,117.0,6.82,7.1,28.4,3.8,4.2,UPI
Auto,72.0,15.72,8.6,28.0,4.4,4.6,UPI
Go Sedan,852.0,17.16,9.1,27.2,4.2,4.5,UPI
Go Mini,446.0,26.39,4.2,43.5,4.2,5.0,Uber Wallet
Auto,162.0,11.79,14.5,23.9,4.9,4.3,Uber Wallet
Go Sedan,488.0,6.64,12.2,37.6,4.2,3.5,Debit Card
Go Sedan,315.0,13.1,13.4,28.8,5.0,4.9,Uber Wallet
Go Sedan,195.0,11.94,8.7,42.8,4.0,4.8,UPI
eBike,411.0,46.07,8.5,25.6,3.2,4.7,UPI
Bike,457.0,7.55,11.7,40.2,4.1,4.5,Uber Wallet
Bike,57.0,25.31,11.9,39.4,4.3,4.4,UPI
Go Sedan,236.0,5.19,5.6,29.7,4.3,4.2,Cash
Go Sedan,262.0,44.41,11.0,32.3,4.2,4.3,Cash
Bike,215.0,19.44,13.6,26.2,3.9,4.9,Cash
Go Mini,103.0,42.18,6.1,20.0,4.4,4.7,UPI
Go Sedan,107.0,15.77,5.6,32.5,4.3,4.5,Debit Card
Bike,318.0,19.45,9.5,16.4,4.2,4.8,Cash
Go Mini,119.0,21.12,13.1,42.4,4.3,4.8,UPI
Go Sedan,396.0,36.65,5.3,16.8,4.2,4.3,Cash
Go Sedan,1272.0,4.46,8.3,17.7,4.5,5.0,Debit Card
eBike,133.0,40.69,5.7,26.7,4.4,4.6,Credit Card
Auto,245.0,49.91,13.1,20.6,3.7,4.7,Credit Card
Go Sedan,144.0,28.84,6.3,39.2,5.0,4.6,UPI
Premier Sedan,339.0,23.84,13.4,34.1,4.1,4.3,UPI
Go Mini,831.0,17.28,9.0,29.1,4.7,4.4,Cash
Auto,168.0,14.07,14.2,16.5,4.3,3.7,UPI
eBike,210.0,14.05,8.6,43.3,4.2,5.0,Cash
Bike,203.0,48.13,5.9,43.0,4.5,4.4,UPI
Auto,227.0,48.57,11.1,28.4,4.5,4.1,UPI
Auto,228.0,17.69,3.0,31.1,3.9,4.9,Cash
Go Mini,227.0,30.46,11.7,30.5,4.1,4.9,UPI
Premier Sedan,432.0,41.65,3.7,19.1,4.2,4.8,Cash
Premier Sedan,194.0,3.55,10.8,27.1,4.1,4.3,UPI
Go Mini,757.0,36.99,14.3,32.4,4.1,4.7,Debit Card
Uber XL,252.0,12.09,13.3,37.3,4.3,4.2,Cash
eBike,68.0,2.26,14.5,34.7,5.0,4.5,Debit Card
Go Mini,566.0,45.69,4.2,32.3,4.7,4.4,UPI
Uber XL,92.0,4.05,4.2,21.1,4.8,4.6,Cash
Bike,471.0,22.62,12.2,39.8,4.1,4.2,Credit Card
Go Mini,763.0,33.73,5.2,36.1,3.5,4.2,UPI
Uber XL,802.0,12.66,5.0,17.7,4.2,4.6,Uber Wallet
Go Mini,370.0,16.34,11.1,24.8,4.3,3.3,UPI
Bike,836.0,7.32,9.0,42.7,4.6,4.2,UPI
Go Sedan,82.0,39.44,3.7,38.6,4.2,4.3,Debit Card
Go Mini,411.0,35.07,9.9,27.6,4.0,4.3,UPI
Bike,149.0,36.54,7.7,31.1,4.0,4.1,UPI
Go Mini,67.0,6.9,13.6,43.9,4.1,4.2,Cash
Go Mini,354.0,28.51,6.4,25.8,4.0,4.3,Credit Card
Premier Sedan,915.0,9.04,10.5,38.6,3.8,4.6,UPI
Auto,78.0,31.91,11.5,40.7,4.2,3.9,UPI
Auto,421.0,18.92,10.6,33.7,4.5,4.2,Credit Card
Go Mini,977.0,23.65,14.7,35.7,3.2,3.6,Uber Wallet
Go Mini,455.0,29.52,10.3,33.1,4.2,4.8,UPI
Auto,549.0,25.64,9.2,25.3,3.7,4.8,Uber Wallet
Go Sedan,543.0,20.73,8.5,23.8,4.5,4.7,Credit Card
Auto,142.0,28.02,11.0,36.8,4.3,4.9,Cash
Auto,965.0,4.84,13.2,33.9,4.1,4.7,UPI
Auto,888.0,48.78,10.0,40.5,4.3,4.1,Cash
Uber XL,664.0,49.88,10.1,26.9,4.6,3.8,Cash
Go Mini,734.0,11.31,14.0,24.4,4.1,3.6,Cash
Go Mini,289.0,9.53,3.5,39.4,4.0,4.4,Cash
Auto,390.0,28.72,8.3,33.1,3.3,4.3,Uber Wallet
Auto,913.0,11.73,4.2,23.8,4.2,4.9,Debit Card
Bike,367.0,18.33,10.2,35.0,4.2,4.8,UPI
Go Sedan,235.0,24.94,10.0,28.6,3.8,3.9,Cash
eBike,550.0,35.33,2.2,42.9,4.2,4.1,UPI
Go Sedan,1186.0,30.39,5.3,17.2,4.7,4.2,UPI
Auto,834.0,38.6,11.8,36.3,4.2,4.2,Uber Wallet
eBike,571.0,15.69,13.7,38.7,4.1,3.0,UPI
Go Mini,123.0,42.66,13.8,33.1,4.3,3.9,Cash
Go Mini,1373.0,37.27,10.3,26.0,3.7,4.6,Uber Wallet
Go Sedan,405.0,31.58,10.8,15.4,4.9,4.6,UPI
Bike,406.0,43.34,14.8,42.3,4.4,4.9,UPI
Bike,749.0,35.39,6.7,20.6,4.1,4.2,UPI
Go Sedan,776.0,22.88,11.4,24.8,4.0,4.3,UPI
Auto,476.0,36.86,2.5,41.6,4.6,3.9,Uber Wallet
eBike,427.0,31.52,7.6,31.4,4.7,4.4,UPI
Auto,1406.0,42.58,13.4,31.4,4.3,4.9,UPI
Go Sedan,132.0,24.24,10.2,38.5,4.2,5.0,Cash
Auto,195.0,4.52,3.9,39.5,3.1,4.3,Debit Card
Go Sedan,777.0,49.28,14.9,16.1,4.1,4.2,Cash
Auto,223.0,44.83,2.9,31.1,4.3,4.2,Cash
Go Mini,127.0,31.52,4.6,24.0,4.3,3.6,UPI
Go Sedan,1220.0,39.34,6.8,24.8,4.2,4.9,Credit Card
Auto,1731.0,33.53,13.5,24.2,3.9,4.9,UPI
Auto,506.0,45.63,6.3,23.4,4.9,4.2,Debit Card
Auto,122.0,26.92,13.1,32.1,4.6,5.0,UPI
Premier Sedan,625.0,5.59,14.8,35.0,3.7,5.0,Debit Card
Go Sedan,928.0,36.98,12.8,20.5,3.8,4.9,Cash
Auto,253.0,4.41,7.9,30.1,4.2,4.0,Cash
Go Sedan,121.0,24.81,6.3,32.8,4.3,4.2,UPI
Go Sedan,691.0,24.46,6.8,36.8,4.4,4.4,Cash
Go Sedan,294.0,12.86,9.7,35.2,3.8,4.8,UPI
Go Mini,848.0,37.55,4.0,42.5,4.4,4.3,Credit Card
Premier Sedan,310.0,30.65,2.0,32.4,3.4,4.4,UPI
Auto,156.0,23.87,3.7,28.4,4.6,3.5,Credit Card
Auto,177.0,6.47,5.3,35.3,4.7,4.6,Credit Card
Bike,825.0,45.25,14.2,21.0,4.8,4.6,Debit Card
Go Mini,367.0,37.75,4.5,36.7,4.3,4.7,Cash
Go Sedan,403.0,22.03,12.2,40.9,4.3,4.2,UPI
Bike,252.0,41.91,5.3,27.0,4.6,4.8,UPI
Bike,277.0,14.31,6.7,15.1,4.4,4.9,Uber Wallet
Go Sedan,1180.0,11.06,3.3,26.8,4.6,4.1,Credit Card
Go Sedan,679.0,20.85,5.0,40.3,4.1,4.3,Cash
Go Sedan,583.0,46.73,5.2,29.2,4.2,4.9,Cash
Bike,557.0,20.65,11.3,18.6,4.3,4.6,Cash
eBike,238.0,37.65,11.1,29.7,4.3,4.3,UPI
eBike,89.0,47.91,4.6,39.2,4.3,3.9,UPI
Bike,307.0,19.98,13.7,28.3,4.2,4.8,UPI
Go Mini,87.0,48.32,10.6,23.8,4.4,4.9,Uber Wallet
Premier Sedan,229.0,47.7,8.3,27.4,4.2,4.9,Uber Wallet
Bike,281.0,24.44,8.0,18.4,3.9,4.3,UPI
Bike,400.0,45.09,7.4,30.3,3.7,4.8,Debit Card
Auto,705.0,17.86,10.1,38.4,4.4,3.2,Cash
Bike,246.0,32.64,10.1,23.5,4.2,4.5,UPI
Go Sedan,307.0,15.8,12.2,23.3,3.1,3.6,UPI
Premier Sedan,279.0,45.2,12.9,20.1,3.8,4.6,Uber Wallet
Auto,198.0,9.51,8.3,31.3,4.2,4.1,UPI
Auto,777.0,20.79,11.9,37.8,4.4,5.0,Cash
eBike,657.0,45.63,7.4,37.3,4.3,4.9,Uber Wallet
Auto,417.0,25.08,9.5,30.3,4.3,4.7,UPI
Auto,377.0,30.98,5.7,33.6,4.6,4.9,UPI
Auto,742.0,22.52,7.3,40.7,4.4,4.2,UPI
Bike,735.0,33.03,13.9,39.8,4.0,4.8,Cash
eBike,396.0,7.01,10.2,33.9,4.8,4.3,UPI
Bike,277.0,17.46,5.3,35.4,3.6,5.0,Cash
Bike,426.0,44.98,10.2,37.4,4.5,4.8,Uber Wallet
Auto,156.0,8.82,7.5,37.0,4.1,4.4,Cash
Go Mini,219.0,25.47,4.2,37.2,3.9,4.2,Cash
Premier Sedan,549.0,10.93,2.4,28.8,3.6,4.5,UPI
Bike,547.0,33.33,3.7,21.3,4.0,4.3,UPI
Auto,135.0,45.63,13.5,24.9,4.5,5.0,Cash
Go Sedan,432.0,15.34,11.1,30.5,3.3,3.8,UPI
Go Mini,80.0,44.81,13.2,16.2,4.3,4.4,UPI
Bike,247.0,14.13,13.4,30.1,4.6,4.2,UPI
Premier Sedan,559.0,9.12,2.6,28.3,3.9,4.8,Uber Wallet
Auto,403.0,25.48,9.9,28.9,4.1,4.6,UPI
Go Mini,138.0,11.97,12.9,25.3,4.2,3.1,Credit Card
Premier Sedan,639.0,46.29,5.2,21.1,3.6,3.8,Cash
Auto,833.0,46.78,14.2,27.1,3.4,4.3,Uber Wallet
Go Mini,624.0,39.47,13.7,20.4,3.7,4.5,Debit Card
Go Mini,409.0,32.31,7.1,16.7,4.2,4.9,UPI
Bike,770.0,23.06,10.5,27.0,4.8,4.6,UPI
Go Mini,260.0,31.54,9.8,22.1,4.7,4.3,Cash
Auto,239.0,27.13,2.6,25.1,3.7,3.9,Cash
Go Sedan,522.0,2.25,10.7,15.3,3.8,4.9,UPI
eBike,374.0,30.69,14.5,43.1,4.6,4.8,Uber Wallet
Go Mini,310.0,17.18,7.1,34.2,4.7,5.0,Cash
Go Sedan,349.0,15.68,8.2,23.4,4.3,4.8,UPI
Go Sedan,600.0,48.06,10.0,33.4,4.1,4.7,UPI
Go Sedan,521.0,17.65,6.7,28.2,3.8,4.6,Cash
Go Sedan,902.0,4.26,6.7,31.9,4.2,4.5,UPI
Go Sedan,360.0,16.6,10.7,27.3,4.5,3.8,Uber Wallet
Go Sedan,1272.0,20.78,4.8,18.4,3.7,4.5,Debit Card
Auto,2405.0,16.68,6.1,35.8,4.8,4.8,Uber Wallet
Auto,437.0,9.52,9.0,27.2,4.3,5.0,Cash
Bike,281.0,3.26,2.4,21.2,4.2,4.2,UPI
eBike,100.0,17.34,10.5,23.5,4.1,3.5,UPI
Go Sedan,282.0,17.55,12.6,30.3,4.3,4.2,Credit Card
Bike,327.0,31.83,10.4,41.7,4.2,3.8,UPI
Auto,291.0,10.52,2.4,26.0,4.1,4.3,Uber Wallet
Auto,439.0,37.85,2.3,44.6,4.9,4.6,Cash
Premier Sedan,253.0,39.52,10.0,18.6,4.6,4.9,Cash
Auto,172.0,29.11,4.8,21.6,4.9,4.5,UPI
Uber XL,375.0,41.23,10.4,20.5,4.2,4.3,Credit Card
Premier Sedan,60.0,35.75,12.8,30.8,3.7,3.9,UPI
Go Mini,116.0,20.58,13.3,29.2,3.3,3.3,UPI
Go Mini,703.0,23.04,8.8,25.8,3.9,4.4,UPI
eBike,297.0,48.0,3.5,32.9,4.4,4.7,Cash
Uber XL,320.0,4.97,9.8,25.0,4.1,4.1,UPI
Auto,730.0,18.85,8.7,21.5,4.0,4.2,Uber Wallet
Go Mini,448.0,20.41,8.5,40.6,4.2,3.9,UPI
Auto,491.0,35.08,8.7,41.4,3.0,4.6,Debit Card
Go Sedan,543.0,41.97,5.7,15.5,3.0,4.7,UPI
Go Mini,981.0,10.99,2.8,23.3,4.9,4.6,UPI
Go Mini,510.0,14.28,10.0,44.0,4.8,4.8,Credit Card
Bike,328.0,12.31,3.8,25.1,4.6,4.6,UPI
Go Mini,135.0,34.98,9.3,17.5,4.4,4.7,UPI
Go Mini,685.0,17.74,5.0,27.0,4.3,3.8,Cash
Go Sedan,783.0,34.25,4.8,20.1,4.7,4.3,UPI
Go Mini,171.0,11.1,4.1,36.1,3.6,4.2,UPI
Go Sedan,1303.0,20.97,10.2,20.6,4.4,4.5,Credit Card
Bike,280.0,26.81,3.9,32.5,4.3,4.2,Uber Wallet
Go Sedan,175.0,17.93,14.9,17.5,4.6,4.1,Uber Wallet
Go Mini,735.0,39.39,8.1,42.6,4.3,4.7,UPI
Auto,183.0,36.59,11.0,27.0,4.9,3.5,UPI
Auto,984.0,8.53,10.5,22.5,4.8,4.5,Uber Wallet
Go Sedan,808.0,16.41,9.4,21.7,4.5,4.5,UPI
Go Mini,89.0,36.86,7.5,16.8,4.2,4.0,Uber Wallet
Bike,185.0,31.72,14.4,22.5,5.0,4.9,UPI
Go Sedan,216.0,29.8,14.8,26.2,4.6,4.6,UPI
Premier Sedan,580.0,49.18,6.1,27.4,4.2,4.3,Debit Card
Premier Sedan,530.0,22.88,6.6,42.3,3.7,4.1,Cash
Bike,637.0,27.24,12.4,33.0,3.3,5.0,Cash
Premier Sedan,136.0,49.38,8.0,19.2,4.7,3.2,UPI
Bike,122.0,27.47,5.0,42.6,4.5,4.1,Cash
eBike,511.0,8.89,8.0,29.4,4.4,4.3,UPI
Uber XL,409.0,33.57,6.4,32.7,4.2,4.3,Credit Card
Go Mini,581.0,45.65,13.1,26.9,3.7,4.9,UPI
Auto,352.0,27.89,4.6,41.8,4.7,5.0,UPI
Go Sedan,271.0,29.69,14.4,21.0,4.3,4.2,UPI
Go Sedan,328.0,19.31,6.9,22.9,4.3,4.2,UPI
Auto,856.0,11.02,9.3,16.9,4.6,5.0,UPI
Go Sedan,328.0,28.38,7.9,16.1,4.5,4.6,UPI
Premier Sedan,266.0,18.99,9.4,21.5,4.2,4.3,UPI
Premier Sedan,944.0,18.87,3.9,15.7,4.2,3.1,Cash
Auto,321.0,43.27,13.5,23.9,4.3,4.2,UPI
Auto,1132.0,31.39,13.6,18.5,4.6,4.9,Cash
Go Sedan,96.0,32.82,6.0,34.8,4.7,3.9,Debit Card
Go Mini,911.0,18.94,8.3,28.9,4.1,3.2,UPI
Go Mini,1400.0,47.85,14.1,32.1,4.3,4.7,UPI
Auto,760.0,40.38,14.7,26.7,4.0,4.2,UPI
Go Sedan,413.0,19.18,10.9,32.6,4.7,4.2,UPI
Bike,459.0,9.84,6.7,39.4,4.2,4.2,UPI
Auto,155.0,10.1,2.1,36.6,4.2,4.1,UPI
Bike,135.0,36.3,3.1,21.5,4.3,4.2,UPI
Auto,517.0,41.81,11.1,20.0,4.4,4.6,UPI
eBike,256.0,35.51,4.5,15.7,4.3,4.8,Cash
Go Sedan,354.0,45.7,11.5,41.8,3.4,4.9,Uber Wallet
Auto,576.0,7.05,13.7,41.7,4.9,4.2,UPI
Go Mini,947.0,34.17,10.5,24.0,4.3,3.1,Credit Card
Premier Sedan,319.0,7.13,7.9,31.6,4.6,4.2,UPI
Go Sedan,81.0,6.98,9.8,23.0,4.4,4.4,UPI
Auto,361.0,2.53,10.8,19.2,4.1,4.2,Cash
Go Mini,247.0,11.12,9.2,24.2,4.1,4.6,Cash
eBike,147.0,11.68,8.8,21.4,4.5,4.6,Cash
Go Mini,397.0,29.28,11.7,33.8,3.7,4.2,Cash
Premier Sedan,301.0,28.31,5.6,39.0,3.4,3.1,UPI
Premier Sedan,663.0,27.9,4.3,29.2,4.2,4.4,Cash
Auto,59.0,9.44,13.6,39.4,4.5,4.6,UPI
Premier Sedan,571.0,5.16,10.0,37.6,4.3,4.2,UPI
Bike,1616.0,24.6,4.6,31.8,4.3,4.8,Uber Wallet
Go Mini,118.0,13.24,4.2,38.7,4.4,4.6,Cash
Premier Sedan,403.0,36.32,3.0,40.5,4.3,4.3,Cash
Go Mini,734.0,22.42,14.0,21.0,3.7,4.3,Cash
Auto,251.0,43.16,9.7,24.6,4.4,4.5,Cash
Bike,235.0,25.03,2.4,20.9,4.2,4.2,UPI
Go Sedan,951.0,13.15,3.8,26.8,4.3,4.2,UPI
Go Mini,344.0,11.1,14.2,23.7,4.6,4.3,UPI
Premier Sedan,1416.0,29.61,7.4,39.5,4.9,3.8,UPI
Go Sedan,473.0,16.9,14.1,22.3,4.5,5.0,UPI
eBike,121.0,12.9,8.7,16.4,4.5,4.7,UPI
Bike,435.0,25.07,10.9,30.7,4.3,5.0,Debit Card
Go Sedan,2956.0,3.38,3.4,24.2,4.3,4.6,UPI
Auto,531.0,45.06,4.0,40.0,4.4,4.5,UPI
Auto,203.0,39.64,3.8,42.6,4.1,4.9,UPI
Go Mini,702.0,49.74,5.8,39.6,4.2,3.2,UPI
Auto,180.0,30.65,7.5,27.0,4.0,4.3,Cash
Bike,113.0,27.71,4.2,21.0,4.6,4.3,UPI
Go Mini,591.0,46.19,12.1,21.5,4.7,4.9,Cash
Go Mini,900.0,15.1,3.8,31.8,4.4,3.7,Uber Wallet
Premier Sedan,379.0,46.05,14.9,28.1,3.9,4.6,Uber Wallet
Go Mini,373.0,38.44,4.3,37.2,4.4,3.8,UPI
Auto,102.0,34.98,10.1,35.7,3.8,4.9,Credit Card
Auto,453.0,46.34,2.3,38.8,4.9,3.6,Credit Card
eBike,233.0,40.53,2.8,43.2,4.2,4.2,Cash
Go Mini,75.0,8.58,5.9,40.6,4.9,4.6,Debit Card
Go Sedan,623.0,15.23,14.2,40.0,4.9,4.4,Uber Wallet
Bike,466.0,46.21,12.7,36.5,4.3,3.9,UPI
Auto,51.0,6.6,14.9,16.5,4.1,4.9,UPI
Premier Sedan,74.0,26.89,13.0,44.7,4.5,4.2,UPI
Bike,306.0,4.24,12.1,35.7,4.5,4.7,Cash
Go Sedan,252.0,23.05,6.4,43.4,4.3,3.8,Cash
Uber XL,283.0,7.03,2.8,16.6,4.4,4.8,UPI
Bike,70.0,3.0,10.7,19.3,4.2,4.8,UPI
Auto,1064.0,13.0,14.0,25.4,3.0,4.8,UPI
Auto,395.0,26.97,7.7,19.9,4.4,4.2,Credit Card
Auto,201.0,47.94,5.5,39.9,3.3,4.1,Cash
Premier Sedan,77.0,41.78,6.8,24.0,4.6,4.1,Cash
Go Mini,447.0,14.31,13.5,29.8,4.2,4.0,UPI
Bike,266.0,41.82,5.3,40.4,3.7,4.2,UPI
Premier Sedan,976.0,4.77,10.9,28.7,4.2,4.8,UPI
Premier Sedan,828.0,29.43,5.7,24.7,4.3,4.7,UPI
Go Sedan,299.0,12.42,13.4,19.4,4.5,5.0,Cash
Bike,83.0,28.68,13.6,38.1,3.9,4.6,UPI
Auto,349.0,27.0,8.9,38.8,4.4,4.1,Cash
eBike,951.0,13.35,13.7,40.5,4.4,4.0,UPI
Bike,241.0,41.74,10.8,43.5,4.5,4.9,Cash
Premier Sedan,423.0,46.6,2.2,20.5,4.9,4.2,UPI
Go Sedan,107.0,7.37,13.2,33.4,4.3,5.0,Cash
Go Sedan,772.0,44.21,5.7,43.7,4.3,4.2,UPI
Go Mini,390.0,34.24,8.3,15.2,4.3,4.8,Cash
eBike,706.0,37.32,5.2,39.4,4.8,4.5,Credit Card
Go Mini,361.0,41.5,12.0,24.3,4.6,4.9,Credit Card
Go Sedan,76.0,22.12,13.0,30.7,4.1,4.1,UPI
Premier Sedan,141.0,15.42,6.0,21.0,4.3,4.2,Cash
Bike,774.0,43.09,9.7,44.2,4.3,4.9,Cash
Auto,169.0,29.23,2.5,37.1,3.9,5.0,UPI
Go Mini,815.0,43.59,2.1,20.0,4.2,4.9,Credit Card
Go Mini,458.0,8.14,13.5,22.1,3.3,4.3,UPI
Go Mini,196.0,2.71,6.2,35.7,4.1,3.6,UPI
Bike,698.0,6.5,4.2,44.4,4.3,4.5,Debit Card
Auto,617.0,12.87,3.4,25.8,4.3,4.2,UPI
Auto,726.0,35.77,14.4,34.3,4.9,4.3,Cash
Go Sedan,895.0,45.58,8.9,22.5,4.2,4.3,Uber Wallet
Go Mini,200.0,36.32,6.9,40.7,4.1,4.9,UPI
eBike,379.0,34.79,8.7,20.7,3.3,4.9,Debit Card
Bike,246.0,21.51,13.1,15.3,4.4,4.3,Cash
eBike,397.0,48.91,5.8,21.5,4.9,4.0,UPI
eBike,832.0,31.06,4.1,32.4,3.3,3.7,Uber Wallet
Go Mini,319.0,21.58,6.9,27.6,3.6,4.3,Credit Card
Auto,681.0,45.93,4.2,22.4,3.4,3.9,Cash
Bike,649.0,8.19,4.3,27.1,4.8,3.6,Uber Wallet
Go Sedan,53.0,39.74,6.7,25.1,4.9,4.2,UPI
Auto,954.0,14.47,3.5,40.4,4.5,4.2,UPI
Go Sedan,523.0,20.22,10.3,34.9,4.0,3.6,Uber Wallet
Go Mini,651.0,23.63,4.7,39.4,4.2,4.1,Debit Card
Auto,307.0,22.3,2.7,28.0,4.3,4.2,UPI
Premier Sedan,985.0,18.24,13.2,22.3,4.2,4.7,Cash
Uber XL,1287.0,9.48,4.3,44.2,3.4,4.3,Debit Card
Go Mini,328.0,35.86,4.8,31.1,4.2,4.1,Credit Card
eBike,327.0,26.29,11.0,33.3,4.1,4.7,Cash
Go Mini,125.0,7.89,3.4,18.7,4.2,5.0,UPI
eBike,259.0,25.56,12.8,41.3,3.8,4.6,UPI
Auto,866.0,42.82,11.2,39.5,4.3,4.7,Credit Card
Go Mini,349.0,5.98,3.7,41.2,4.3,4.5,Credit Card
Go Mini,953.0,9.12,4.5,38.4,4.3,4.7,Credit Card
Bike,83.0,21.77,3.7,30.6,4.5,4.9,UPI
Auto,236.0,43.57,11.3,16.6,4.2,4.1,UPI
Go Mini,186.0,29.74,9.2,24.3,4.3,4.3,UPI
Go Sedan,848.0,20.02,12.5,43.8,4.5,4.5,Cash
eBike,805.0,8.4,2.6,22.3,4.3,4.1,Uber Wallet
Bike,1230.0,21.88,7.9,19.5,3.0,4.7,UPI
Auto,911.0,13.14,10.6,17.2,4.6,4.2,Uber Wallet
Auto,196.0,2.69,4.1,42.3,4.2,4.6,Credit Card
Go Mini,802.0,31.46,12.5,29.4,4.5,4.6,Credit Card
Go Mini,129.0,41.4,6.3,40.0,3.8,5.0,Cash
Auto,200.0,12.81,10.6,35.0,4.2,5.0,UPI
Go Sedan,1126.0,26.12,5.5,35.6,4.7,4.3,UPI
Go Mini,601.0,36.76,11.5,37.8,4.7,4.5,UPI
Premier Sedan,375.0,41.56,14.4,31.3,3.9,4.2,Credit Card
Bike,524.0,33.93,8.2,21.5,3.1,4.9,Uber Wallet
Auto,1395.0,35.89,13.7,27.3,4.5,3.4,UPI
Premier Sedan,320.0,34.65,12.8,37.9,3.6,4.8,Uber Wallet
Go Mini,619.0,30.06,12.3,19.6,3.3,4.6,Cash
Go Mini,434.0,21.32,9.5,27.5,4.2,5.0,Uber Wallet
Bike,681.0,47.72,7.3,20.7,4.2,3.9,UPI
Bike,410.0,28.31,7.5,27.4,3.7,4.6,Uber Wallet
Auto,131.0,39.48,9.1,33.0,4.2,4.5,Credit Card
Premier Sedan,278.0,22.84,12.1,21.6,4.9,3.9,Debit Card
Go Sedan,611.0,2.68,7.5,43.7,3.6,4.8,Credit Card
Go Sedan,353.0,21.88,7.0,37.5,3.7,4.6,Cash
Auto,560.0,16.71,4.5,45.0,4.3,4.3,Credit Card
eBike,372.0,14.15,6.5,38.5,5.0,3.4,Uber Wallet
Auto,325.0,47.36,4.8,28.0,4.4,4.1,Cash
eBike,52.0,30.23,7.9,41.9,3.8,4.4,UPI
Premier Sedan,91.0,35.13,6.2,18.2,4.6,4.9,Cash
Go Sedan,265.0,31.3,10.7,30.0,5.0,4.2,Debit Card
Go Sedan,875.0,36.76,9.5,29.9,4.4,4.9,UPI
Go Mini,433.0,7.53,7.4,22.9,3.8,4.3,UPI
eBike,827.0,49.72,13.3,36.3,4.3,4.8,UPI
Auto,223.0,11.45,14.7,41.5,4.6,4.6,UPI
Uber XL,411.0,40.5,11.3,42.5,3.2,4.2,UPI
eBike,156.0,2.16,13.7,23.2,4.4,4.7,UPI
Premier Sedan,215.0,8.34,5.0,37.1,4.3,4.9,Cash
Go Sedan,178.0,5.27,10.8,18.7,4.6,3.2,Cash
Go Mini,529.0,5.31,14.0,27.4,4.3,4.5,UPI
Auto,818.0,22.39,8.8,35.6,4.1,4.9,UPI
Go Sedan,145.0,2.97,11.4,38.9,4.5,4.3,UPI
Go Sedan,88.0,3.57,2.6,20.6,4.1,4.9,UPI
Auto,335.0,34.38,12.7,35.2,4.2,4.9,Debit Card
Go Mini,68.0,23.95,14.8,36.6,4.3,3.9,UPI
Go Mini,1713.0,20.64,15.0,35.5,3.8,4.5,UPI
Auto,397.0,26.75,10.3,32.3,4.6,4.9,UPI
Go Sedan,870.0,48.79,7.4,18.9,3.7,4.9,Uber Wallet
Bike,614.0,14.92,12.5,15.4,4.4,4.9,Cash
Premier Sedan,299.0,13.82,6.5,43.8,4.7,4.8,UPI
Bike,493.0,23.04,14.7,43.7,4.9,3.9,UPI
Go Mini,1239.0,28.79,8.7,23.3,4.9,4.5,UPI
Go Sedan,1045.0,4.26,5.5,16.3,3.5,4.7,UPI
Go Mini,689.0,47.51,6.6,25.3,3.7,4.5,Uber Wallet
eBike,498.0,33.78,11.7,30.7,4.6,5.0,Uber Wallet
eBike,340.0,27.07,14.5,37.8,4.6,4.3,Cash
Auto,78.0,33.93,14.4,22.9,4.7,4.9,Credit Card
Go Sedan,489.0,10.37,14.4,39.5,4.9,3.7,Credit Card
Go Sedan,186.0,16.98,10.7,38.7,4.6,4.3,Cash
Premier Sedan,727.0,22.88,14.9,33.0,4.6,4.4,Cash
Bike,138.0,43.54,2.1,40.8,4.9,4.3,UPI
Auto,1189.0,25.54,6.4,31.8,4.0,4.2,Credit Card
Go Sedan,496.0,7.32,10.8,27.8,4.2,4.2,UPI
Go Mini,1123.0,14.87,8.5,23.8,4.7,4.8,UPI
Go Sedan,875.0,6.58,9.8,43.5,4.7,4.3,UPI
Auto,66.0,22.57,5.9,42.7,4.5,4.8,Cash
Bike,356.0,18.2,11.8,34.2,4.9,4.4,Uber Wallet
Go Sedan,128.0,26.74,10.9,34.2,4.1,4.7,UPI
Go Sedan,349.0,27.49,8.9,17.8,4.2,3.9,UPI
Auto,1325.0,42.07,14.6,35.8,4.6,4.6,Uber Wallet
Go Mini,550.0,19.4,2.5,26.3,3.0,3.9,UPI
Auto,447.0,21.31,7.1,24.4,4.5,4.1,UPI
Go Mini,297.0,33.63,14.1,42.8,4.1,4.4,UPI
eBike,169.0,15.36,9.7,21.9,3.9,4.4,UPI
Bike,312.0,15.36,6.9,23.7,3.0,4.3,UPI
Go Sedan,617.0,22.12,6.2,40.7,4.5,5.0,Cash
Uber XL,123.0,36.2,3.7,36.7,4.2,4.7,Cash
Bike,322.0,25.91,7.9,32.9,4.2,4.8,Cash
eBike,353.0,25.08,6.3,41.7,5.0,4.0,Cash
Auto,704.0,42.76,6.2,20.1,4.1,3.8,Debit Card
Auto,935.0,39.15,4.8,36.1,4.9,4.4,Cash
Go Sedan,431.0,33.19,13.8,24.9,3.8,4.9,Cash
eBike,514.0,42.35,12.6,43.9,3.7,3.3,UPI
eBike,455.0,7.38,13.5,28.9,4.5,4.6,Credit Card
Auto,174.0,35.78,9.5,26.8,4.6,4.2,Credit Card
Go Mini,499.0,29.77,2.5,38.2,4.2,4.5,UPI
Go Sedan,516.0,49.6,6.7,36.5,3.7,4.6,Cash
Premier Sedan,100.0,12.12,10.1,25.5,4.7,4.3,Cash
Auto,187.0,3.5,3.0,18.4,4.1,4.6,UPI
eBike,477.0,24.76,6.1,15.8,4.3,4.6,Cash
Bike,564.0,6.56,14.0,42.6,4.3,4.8,Credit Card
Auto,952.0,8.49,11.5,15.8,3.9,4.2,Cash
Auto,720.0,39.05,9.0,35.5,4.9,4.6,Cash
Bike,792.0,8.92,4.4,21.6,4.2,3.7,Cash
Bike,105.0,32.27,11.2,29.9,4.6,4.7,UPI
Premier Sedan,162.0,36.36,5.4,30.1,4.6,3.7,Debit Card
Uber XL,397.0,23.93,3.9,23.4,3.9,4.1,Cash
Auto,454.0,9.96,10.4,27.1,4.2,4.9,UPI
eBike,175.0,36.63,13.2,25.9,4.2,3.9,UPI
Go Sedan,188.0,36.19,9.0,22.9,4.0,4.6,Credit Card
Auto,552.0,24.64,11.9,25.8,4.4,4.9,UPI
eBike,130.0,12.04,11.9,15.2,4.8,3.9,UPI
Auto,441.0,43.27,6.2,29.6,4.3,5.0,UPI
Go Mini,878.0,7.0,9.9,37.9,3.8,4.4,UPI
Bike,380.0,23.67,3.9,30.9,3.3,4.3,Uber Wallet
Go Mini,597.0,6.98,5.3,30.0,4.2,5.0,UPI
eBike,288.0,43.59,5.5,20.2,4.3,4.3,Credit Card
eBike,100.0,3.44,9.9,26.7,4.2,3.9,Cash
Go Mini,502.0,18.46,13.5,26.2,4.0,4.7,Cash
Uber XL,240.0,44.37,14.2,20.2,4.4,4.9,Cash
Premier Sedan,86.0,14.17,11.9,34.2,3.8,3.1,UPI
eBike,1522.0,8.67,9.4,44.9,3.1,3.9,UPI
Go Sedan,349.0,39.36,8.8,17.3,3.9,4.6,UPI
Premier Sedan,531.0,47.61,6.7,31.4,3.1,4.3,UPI
Auto,394.0,4.09,10.5,40.3,4.2,3.6,UPI
Go Mini,546.0,33.3,7.6,17.3,4.2,4.4,UPI
Auto,199.0,20.95,14.8,31.6,4.2,4.1,UPI
Premier Sedan,388.0,39.62,5.3,40.3,4.1,4.9,Credit Card
Uber XL,238.0,24.15,4.9,44.8,4.1,3.2,UPI
Bike,647.0,18.57,6.0,39.6,3.8,4.8,Uber Wallet
Go Mini,559.0,30.91,2.1,16.8,3.1,3.8,Uber Wallet
eBike,266.0,8.38,11.6,34.0,4.3,4.6,Cash
Auto,637.0,18.06,3.7,24.5,3.7,4.6,Cash
Auto,354.0,8.35,2.3,25.8,3.8,5.0,UPI
Auto,455.0,39.57,6.2,24.6,3.6,4.3,UPI
Go Mini,124.0,15.77,7.9,35.7,4.3,4.3,Credit Card
Bike,418.0,35.68,12.6,44.2,3.7,4.2,UPI
Auto,384.0,4.46,2.5,22.9,4.2,4.2,UPI
Premier Sedan,112.0,37.26,12.5,22.3,4.1,4.2,UPI
Go Sedan,661.0,15.23,4.3,29.9,4.2,4.0,Credit Card
Go Sedan,221.0,19.74,14.1,22.4,4.9,4.3,Cash
Go Mini,272.0,7.4,13.3,22.4,5.0,4.2,Cash
Auto,452.0,30.81,2.2,22.3,3.9,4.4,Cash
Go Sedan,364.0,16.08,11.7,17.9,4.4,3.8,Debit Card
Go Mini,518.0,15.38,4.8,32.3,3.7,4.6,UPI
eBike,456.0,6.06,4.1,24.1,4.3,4.2,Uber Wallet
Go Mini,874.0,33.99,10.0,43.8,4.2,3.5,Cash
Auto,103.0,25.04,10.4,32.6,4.5,3.5,Debit Card
Auto,452.0,3.5,7.3,32.2,4.1,4.5,UPI
Bike,197.0,33.29,11.7,40.5,4.1,4.5,UPI
Go Mini,334.0,48.51,14.6,28.6,3.0,4.7,Cash
Auto,336.0,8.04,6.3,38.4,4.5,4.3,UPI
Bike,442.0,37.75,12.9,19.7,4.7,4.2,Uber Wallet
Auto,252.0,25.54,12.1,32.4,4.6,5.0,Credit Card
Auto,104.0,2.55,13.4,21.6,3.0,4.2,UPI
Bike,632.0,49.65,8.8,27.5,4.4,4.8,UPI
eBike,394.0,3.15,14.7,31.3,3.4,4.0,Uber Wallet
Bike,325.0,6.52,4.6,38.2,3.9,4.7,Uber Wallet
Go Mini,743.0,46.76,8.3,42.8,4.3,3.5,UPI
Auto,1349.0,19.86,13.9,37.5,5.0,4.9,UPI
Auto,1577.0,2.65,11.7,26.8,3.3,3.5,UPI
Go Mini,226.0,48.89,5.9,20.8,4.9,4.3,UPI
Go Sedan,131.0,14.75,8.7,24.5,3.8,4.3,Cash
Auto,142.0,33.21,8.2,24.0,3.0,4.3,Uber Wallet
Premier Sedan,456.0,39.13,2.0,44.6,4.3,4.4,UPI
Auto,572.0,3.64,10.5,37.5,3.8,4.8,Credit Card
Auto,415.0,11.54,6.5,43.7,4.2,4.2,Cash
Auto,407.0,48.43,14.4,27.4,4.0,4.5,Credit Card
Uber XL,688.0,42.44,13.6,38.1,3.5,4.9,UPI
Auto,607.0,39.83,5.4,29.9,4.7,3.7,Debit Card
Auto,358.0,13.55,11.6,18.5,4.3,4.8,Cash
Go Mini,209.0,2.3,12.1,24.8,4.3,3.9,Cash
Auto,793.0,2.53,9.6,41.0,4.5,4.6,Debit Card
Auto,97.0,47.32,2.1,15.2,4.8,4.9,UPI
Go Sedan,227.0,48.52,6.5,23.0,4.3,3.9,UPI
Go Sedan,880.0,2.53,5.6,26.1,4.9,4.5,UPI
Go Sedan,316.0,19.39,5.7,32.8,3.3,3.9,UPI
Auto,219.0,2.23,5.6,36.9,4.4,4.7,Cash
eBike,670.0,44.62,12.4,24.9,4.3,4.6,UPI
Go Mini,549.0,44.56,12.6,19.8,4.3,4.5,Cash
Bike,733.0,32.04,11.5,26.0,4.7,5.0,UPI
Go Mini,585.0,40.19,14.8,27.2,4.4,3.7,Cash
Go Mini,123.0,28.81,10.1,44.4,3.6,4.2,Credit Card
Uber XL,858.0,24.89,9.8,39.1,4.3,4.2,Credit Card
Auto,356.0,32.49,10.8,34.1,3.4,4.4,Cash
Go Mini,1975.0,2.34,9.0,37.4,4.7,4.2,UPI
Auto,676.0,25.93,2.3,17.5,4.6,4.6,UPI
Auto,722.0,39.08,12.1,43.2,4.1,4.3,Cash
Bike,442.0,49.82,3.2,39.5,3.9,4.7,Cash
Auto,476.0,16.84,3.8,36.2,4.4,3.9,Cash
Bike,552.0,40.96,6.8,26.0,4.5,4.5,Uber Wallet
Bike,481.0,40.97,14.4,44.7,4.3,4.2,UPI
Auto,243.0,8.58,11.9,23.3,4.6,4.3,Cash
Auto,139.0,10.62,9.6,30.9,4.2,3.0,UPI
Auto,615.0,39.18,9.5,39.8,4.3,4.8,Credit Card
Premier Sedan,326.0,43.05,10.9,35.3,4.1,4.2,UPI
Auto,130.0,31.9,12.8,42.8,4.3,4.1,Cash
Premier Sedan,340.0,40.72,11.4,42.5,4.2,4.7,Debit Card
Go Sedan,534.0,11.82,14.8,32.4,4.2,5.0,UPI
Go Mini,383.0,29.88,9.0,40.6,4.9,4.1,Debit Card
Auto,289.0,23.14,3.8,23.2,3.1,3.6,Cash
Go Mini,535.0,2.45,6.7,32.8,4.4,3.8,Cash
Go Sedan,599.0,16.36,13.8,15.5,4.2,4.9,Credit Card
Premier Sedan,527.0,31.85,13.1,44.0,4.3,4.1,UPI
Go Sedan,1201.0,26.52,2.8,39.2,3.1,4.2,UPI
Go Mini,233.0,2.41,11.9,36.0,4.4,4.5,UPI
Bike,367.0,26.81,12.0,42.2,3.8,4.9,UPI
eBike,163.0,12.25,9.0,24.7,4.3,4.9,Cash
Uber XL,479.0,7.32,11.2,44.6,4.6,5.0,UPI
Premier Sedan,823.0,20.24,13.5,28.1,3.6,3.7,Uber Wallet
Go Sedan,170.0,38.77,13.1,17.5,4.3,5.0,UPI
eBike,201.0,36.75,14.0,26.0,4.2,4.6,Cash
Go Mini,655.0,43.65,14.4,43.0,4.3,4.3,Debit Card
Bike,224.0,36.8,4.6,20.8,3.7,4.3,UPI
Auto,243.0,3.38,12.2,22.4,4.3,4.8,UPI
Bike,841.0,27.69,3.7,20.8,4.8,4.6,UPI
Bike,313.0,45.86,14.2,35.6,3.5,4.8,UPI
Go Mini,641.0,31.01,3.1,20.7,4.3,4.6,Uber Wallet
Premier Sedan,495.0,46.79,3.7,42.9,4.2,4.6,Uber Wallet
Premier Sedan,475.0,12.5,12.0,38.3,4.9,4.5,Uber Wallet
Auto,323.0,43.64,10.7,37.1,3.6,4.9,Uber Wallet
Go Mini,983.0,31.15,8.4,19.8,4.5,5.0,UPI
Premier Sedan,674.0,45.39,13.5,31.1,3.8,4.9,Credit Card
Auto,644.0,10.64,13.5,29.6,4.4,5.0,Cash
Go Mini,339.0,22.31,12.7,40.9,3.0,4.3,UPI
Auto,328.0,28.6,10.9,37.9,4.9,4.3,UPI
Go Mini,424.0,16.92,5.4,27.4,4.4,5.0,Cash
Auto,1000.0,6.29,6.5,34.6,4.1,4.7,Uber Wallet
Auto,399.0,4.13,3.3,18.0,4.3,4.7,UPI
Bike,275.0,47.16,10.3,24.0,4.1,4.3,Cash
Auto,333.0,30.3,11.4,32.2,4.6,5.0,Uber Wallet
Auto,156.0,14.57,8.7,23.2,4.3,3.7,UPI
Auto,471.0,7.53,9.2,25.1,4.2,4.6,UPI
Auto,111.0,32.74,3.5,32.8,3.6,4.5,Cash
Auto,464.0,34.11,6.2,21.3,4.2,4.9,UPI
Auto,303.0,42.59,7.6,43.3,3.5,4.9,Debit Card
Premier Sedan,305.0,48.73,5.2,40.1,3.7,4.6,Cash
Bike,162.0,40.75,4.6,35.1,4.3,4.6,UPI
Auto,318.0,5.06,14.1,23.4,4.6,4.2,Uber Wallet
Auto,1660.0,31.35,9.7,39.0,4.3,4.6,Cash
Go Mini,425.0,45.38,6.3,31.3,4.9,4.2,UPI
Uber XL,248.0,47.44,7.6,19.7,4.2,4.1,Debit Card
Auto,366.0,2.95,10.4,43.4,4.3,4.7,Cash
Go Sedan,688.0,47.54,2.3,24.5,5.0,4.3,Credit Card
Auto,66.0,24.58,6.5,31.1,4.2,4.9,UPI
Auto,177.0,6.48,10.1,36.1,3.2,4.6,UPI
Go Sedan,792.0,10.59,3.4,15.1,4.1,4.5,Uber Wallet
Auto,161.0,24.94,7.5,29.5,3.9,4.8,UPI
Bike,154.0,20.77,4.1,34.0,4.7,4.2,Credit Card
Auto,365.0,34.52,6.0,22.9,4.2,3.9,Credit Card
Go Sedan,145.0,27.87,4.7,15.6,4.3,4.6,UPI
Bike,812.0,44.94,6.2,30.8,4.6,4.8,Debit Card
Bike,447.0,22.51,6.4,26.7,4.2,4.9,UPI
Go Mini,52.0,16.63,4.3,39.1,4.8,4.5,Cash
Bike,434.0,12.0,5.5,35.2,4.6,4.2,UPI
Auto,611.0,21.69,12.6,32.9,4.9,4.5,UPI
Auto,117.0,24.88,10.3,36.3,3.8,4.8,Cash
Bike,2309.0,39.88,4.3,38.6,4.2,4.7,Uber Wallet
Bike,694.0,38.57,7.4,41.7,3.7,4.2,UPI
Go Sedan,1365.0,23.75,2.0,33.5,4.4,4.2,Credit Card
Go Sedan,273.0,17.35,11.6,44.9,4.5,3.6,UPI
Go Mini,587.0,25.1,10.2,29.8,4.6,4.9,Cash
Go Mini,1028.0,9.76,9.7,42.1,4.6,4.3,UPI
Go Sedan,417.0,26.65,2.4,25.9,5.0,4.8,Debit Card
eBike,327.0,13.25,6.3,20.6,3.3,4.1,UPI
Auto,327.0,44.24,11.0,16.0,4.3,4.8,Cash
Auto,275.0,17.7,2.6,18.2,4.6,4.4,UPI
Go Mini,771.0,36.37,10.3,32.8,4.3,4.7,Cash
Go Sedan,144.0,4.95,7.0,25.7,4.2,4.7,Uber Wallet
Premier Sedan,742.0,26.69,2.4,22.9,4.4,5.0,UPI
Go Mini,286.0,20.0,11.3,26.9,3.2,5.0,UPI
Go Mini,454.0,23.85,11.1,43.7,4.2,4.7,UPI
Auto,1178.0,19.8,7.0,42.7,4.3,4.6,UPI
Go Mini,884.0,46.08,10.5,36.9,4.0,3.9,UPI
Premier Sedan,356.0,2.65,4.3,22.5,4.4,4.2,Cash
Premier Sedan,278.0,13.31,9.9,23.3,4.1,3.8,UPI
Go Sedan,1090.0,25.49,13.4,21.3,4.4,3.1,Debit Card
Go Sedan,603.0,40.62,8.9,42.0,4.2,4.4,Cash
Go Mini,823.0,7.56,6.1,40.2,4.2,5.0,UPI
Go Mini,350.0,7.7,5.7,36.6,4.4,4.1,Cash
Go Mini,367.0,42.95,2.1,19.2,3.9,4.9,Cash
Auto,217.0,44.01,13.6,20.5,4.4,4.5,UPI
Premier Sedan,404.0,38.88,5.0,18.5,3.2,4.6,Debit Card
Auto,360.0,35.45,14.8,15.5,4.3,4.9,Uber Wallet
Go Mini,691.0,20.29,13.5,18.8,4.2,5.0,Cash
Go Mini,352.0,9.15,12.8,23.6,4.2,4.6,Cash
Go Sedan,673.0,40.34,8.6,39.4,4.6,4.2,Cash
Go Mini,1125.0,25.98,14.8,37.2,4.2,4.3,UPI
Go Mini,263.0,7.23,3.5,31.4,4.2,4.8,UPI
Go Mini,995.0,11.93,11.1,33.6,5.0,4.2,Cash
Go Sedan,249.0,16.23,11.1,33.0,4.3,3.7,UPI
Go Mini,281.0,46.16,9.5,29.1,4.2,4.4,Uber Wallet
Bike,723.0,26.65,5.7,16.6,4.3,5.0,Cash
Go Mini,1261.0,28.29,4.1,28.1,4.6,3.8,UPI
Go Mini,327.0,27.66,12.2,29.7,4.7,4.3,UPI
Go Mini,383.0,6.32,4.7,42.5,4.1,4.2,Debit Card
eBike,583.0,43.76,5.4,27.4,5.0,4.3,Cash
Bike,247.0,36.08,13.2,35.2,4.7,4.6,UPI
Auto,151.0,24.0,4.9,20.0,4.3,4.1,Debit Card
Auto,995.0,49.42,2.6,41.2,4.2,4.7,Debit Card
Premier Sedan,596.0,8.76,5.1,31.2,3.7,5.0,UPI
Auto,75.0,29.43,11.2,44.7,4.6,4.9,Cash
Auto,509.0,7.62,8.8,44.5,4.5,4.6,Uber Wallet
Go Mini,154.0,29.14,5.6,44.9,4.4,4.7,UPI
Auto,139.0,3.29,7.5,38.8,4.3,4.5,Debit Card
Auto,482.0,6.03,12.4,42.2,4.2,4.7,UPI
Auto,372.0,27.57,7.1,43.9,4.3,4.9,UPI
Bike,572.0,38.7,11.5,29.4,4.3,4.2,UPI
Go Mini,237.0,40.18,4.5,17.4,3.8,4.5,Cash
Go Mini,1094.0,26.78,7.4,23.7,3.9,4.9,UPI
Auto,1094.0,7.71,5.9,36.6,4.3,4.4,Credit Card
Auto,855.0,28.3,10.5,32.3,4.3,3.8,UPI
Go Sedan,209.0,7.28,11.1,20.5,3.8,4.4,Cash
Bike,155.0,7.43,14.4,24.6,3.7,4.4,UPI
Go Sedan,314.0,23.8,14.2,38.2,4.1,3.6,UPI
Premier Sedan,308.0,3.22,6.1,16.2,4.2,4.4,UPI
Bike,1218.0,32.09,4.4,32.6,3.9,4.1,UPI
Premier Sedan,1247.0,21.13,5.9,43.7,4.4,4.9,Cash
Premier Sedan,454.0,4.46,11.5,43.8,4.2,4.6,Debit Card
Auto,930.0,33.66,11.9,23.9,3.2,4.3,UPI
Auto,223.0,21.08,8.2,30.7,4.1,4.2,UPI
Premier Sedan,603.0,47.16,7.5,34.7,4.0,4.3,UPI
Premier Sedan,813.0,26.72,10.8,22.5,4.6,3.0,UPI
eBike,683.0,3.94,6.2,16.6,4.9,4.3,Debit Card
Auto,701.0,32.98,13.8,27.2,4.1,4.3,UPI
Auto,146.0,38.98,11.9,27.7,4.8,4.3,UPI
Uber XL,958.0,30.8,2.5,44.8,4.6,4.2,Cash
Go Mini,781.0,49.12,14.9,33.4,4.1,5.0,Uber Wallet
Go Sedan,176.0,9.17,3.0,30.4,3.9,4.7,Uber Wallet
eBike,207.0,22.32,2.7,20.3,3.8,4.2,Uber Wallet
Go Sedan,343.0,17.62,14.4,23.8,4.4,5.0,UPI
Go Mini,631.0,19.45,12.9,25.2,4.2,4.1,Cash
eBike,413.0,22.8,11.3,18.3,3.9,4.6,Cash
Bike,960.0,18.1,14.1,29.2,3.8,3.4,Credit Card
eBike,1490.0,24.32,8.0,28.7,4.3,5.0,Cash
Go Sedan,648.0,15.62,9.4,43.9,4.9,4.4,Cash
Go Sedan,333.0,30.44,10.2,42.2,4.6,4.2,UPI
Bike,818.0,11.72,5.6,25.3,4.6,4.3,Cash
Go Mini,1747.0,39.27,7.5,33.4,4.6,4.6,UPI
Auto,351.0,10.8,11.1,35.2,4.4,4.6,UPI
Uber XL,1212.0,8.09,8.0,39.8,4.2,4.9,UPI
Auto,601.0,26.52,14.6,27.3,4.1,4.2,Debit Card
Uber XL,1089.0,21.44,7.9,25.3,4.3,4.9,UPI
Bike,1236.0,44.31,12.1,22.1,4.3,4.1,UPI
Auto,551.0,45.19,13.4,33.0,3.9,4.2,Cash
Go Sedan,909.0,26.91,12.6,34.5,4.9,4.2,UPI
Bike,395.0,44.2,10.5,38.5,4.1,4.4,UPI
Go Mini,477.0,43.85,12.8,24.8,4.6,3.7,Uber Wallet
eBike,794.0,9.77,3.2,44.2,4.2,4.5,Credit Card
Bike,83.0,14.47,5.8,38.0,4.4,4.1,Credit Card
Bike,300.0,32.92,3.7,19.6,4.8,4.5,Uber Wallet
Bike,306.0,12.05,4.0,34.3,4.1,3.8,UPI
Bike,252.0,5.29,13.8,18.8,4.1,4.2,Cash
Auto,202.0,6.7,11.0,28.9,4.2,4.4,UPI
Go Mini,162.0,33.34,11.1,26.9,4.7,4.3,Cash
Go Mini,145.0,10.38,6.6,36.2,4.6,4.3,UPI
Auto,700.0,9.52,2.8,26.6,4.3,4.8,Debit Card
eBike,95.0,40.35,6.9,43.7,4.2,3.9,UPI
Auto,736.0,21.42,2.4,16.5,4.6,4.8,UPI
Go Mini,224.0,35.19,6.2,43.6,3.6,4.7,UPI
Premier Sedan,654.0,43.87,13.6,20.0,4.5,4.1,UPI
Go Sedan,446.0,14.34,9.6,29.4,4.6,3.9,UPI
Go Mini,530.0,10.08,14.4,27.3,4.8,4.2,Uber Wallet
Premier Sedan,763.0,27.38,9.6,42.2,4.7,5.0,UPI
Auto,937.0,40.17,7.0,43.1,3.8,4.3,UPI
Go Sedan,767.0,30.82,7.1,31.6,4.6,4.9,UPI
Premier Sedan,201.0,4.78,8.2,33.8,4.3,4.7,Cash
Bike,300.0,15.84,10.0,33.4,4.0,4.6,Cash
Go Mini,615.0,14.86,11.2,21.4,3.7,3.1,Uber Wallet
Bike,459.0,42.63,12.5,38.9,4.2,4.9,UPI
Go Mini,347.0,29.33,2.1,35.2,3.9,4.1,UPI
Go Sedan,262.0,6.29,14.2,39.2,4.7,3.7,UPI
Go Mini,182.0,42.94,7.4,19.4,4.6,4.8,UPI
Premier Sedan,388.0,23.23,10.6,17.5,4.8,4.5,Debit Card
Bike,1312.0,45.95,11.2,18.3,4.3,4.8,Cash
Go Sedan,168.0,8.34,11.7,16.4,4.4,5.0,Cash
Bike,801.0,44.35,7.1,45.0,4.7,4.7,UPI
Go Sedan,178.0,44.97,6.2,41.1,4.3,4.9,UPI
Go Sedan,595.0,32.78,10.6,26.5,4.2,4.9,Uber Wallet
Bike,221.0,7.85,9.4,16.9,4.1,4.9,UPI
Go Sedan,178.0,21.67,6.5,26.8,4.3,4.7,UPI
Auto,660.0,38.64,14.4,15.1,4.6,4.8,Credit Card
Auto,365.0,15.55,9.9,44.8,4.1,4.2,Debit Card
Go Sedan,528.0,14.17,11.0,34.7,4.2,3.2,Uber Wallet
Auto,488.0,28.52,12.8,30.7,3.6,4.2,Cash
Bike,565.0,42.93,15.0,40.8,4.7,4.1,Cash
Premier Sedan,348.0,41.19,8.4,24.0,4.1,4.0,Uber Wallet
Go Sedan,766.0,22.8,5.7,29.5,4.3,4.3,Uber Wallet
Auto,796.0,24.67,6.5,24.9,3.1,4.6,UPI
Bike,125.0,2.06,11.5,39.5,4.2,4.6,Cash
Auto,82.0,48.57,5.0,24.7,3.9,4.0,UPI
Auto,145.0,31.32,7.0,41.4,4.1,4.7,UPI
eBike,213.0,28.38,3.9,21.8,4.6,3.3,Cash
Auto,78.0,25.3,12.2,16.0,4.2,4.3,UPI
Auto,587.0,9.25,2.8,39.4,3.3,4.0,Cash
Auto,783.0,11.55,3.3,44.4,4.1,4.2,UPI
Go Sedan,579.0,45.64,4.5,27.1,4.6,4.3,Cash
Go Sedan,1094.0,4.21,9.5,15.3,4.0,4.4,UPI
Auto,588.0,47.89,11.0,15.3,3.3,4.5,Cash
Go Mini,244.0,8.35,11.8,26.3,4.9,4.3,Cash
Bike,113.0,40.65,9.2,25.9,4.1,4.6,Uber Wallet
Go Mini,538.0,15.52,12.5,17.9,4.3,4.7,Uber Wallet
Go Mini,418.0,14.12,2.2,22.8,4.6,4.7,Cash
Auto,83.0,7.54,7.4,16.4,4.2,3.8,Uber Wallet
Auto,556.0,25.86,8.5,21.2,4.6,3.7,Cash
eBike,252.0,45.7,12.9,30.2,4.2,4.4,UPI
Auto,346.0,28.51,3.2,18.6,4.7,4.7,Debit Card
Go Mini,305.0,37.29,14.0,44.6,4.3,4.2,Cash
Bike,421.0,49.12,6.1,38.2,4.2,4.8,UPI
Go Mini,604.0,41.54,5.7,28.2,4.8,4.2,UPI
Uber XL,364.0,33.42,3.0,27.3,4.1,4.3,UPI
Auto,463.0,36.74,10.1,23.8,4.1,4.3,Credit Card
Auto,399.0,9.11,2.0,43.0,3.3,4.3,UPI
Premier Sedan,366.0,43.93,3.1,18.7,4.6,5.0,Debit Card
Bike,119.0,18.74,8.1,31.3,4.3,4.7,UPI
Premier Sedan,280.0,40.26,3.4,28.1,4.4,4.3,Cash
Auto,193.0,38.73,3.9,16.2,4.1,3.9,UPI
Go Mini,1018.0,16.32,13.0,40.5,3.7,4.2,UPI
Go Mini,444.0,17.07,12.3,17.0,4.6,3.8,UPI
Auto,529.0,8.67,6.4,27.1,4.9,3.6,Cash
Premier Sedan,375.0,31.28,12.6,27.7,4.1,4.3,Uber Wallet
Auto,271.0,20.44,3.7,43.2,4.8,5.0,UPI
eBike,768.0,10.02,3.2,18.1,4.7,3.8,UPI
Auto,3841.0,5.71,10.9,37.2,4.7,4.4,Cash
Auto,693.0,13.08,11.8,24.5,4.1,4.3,UPI
Bike,965.0,26.61,14.1,23.2,4.2,4.7,Cash
Go Sedan,220.0,9.06,4.3,19.1,4.9,4.2,Debit Card
Bike,866.0,34.05,9.0,38.1,4.1,4.1,Uber Wallet
Go Sedan,291.0,18.84,5.5,33.2,4.4,4.5,Uber Wallet
Auto,1332.0,11.06,4.4,43.2,4.6,4.6,Credit Card
Premier Sedan,789.0,19.04,14.6,18.5,4.3,4.8,UPI
Go Sedan,74.0,31.98,9.3,27.0,3.2,3.3,Cash
Auto,942.0,5.86,12.3,34.5,3.5,4.1,UPI
Bike,210.0,42.18,7.5,41.5,4.6,4.5,UPI
Bike,820.0,44.39,8.4,21.9,4.7,4.4,UPI
Go Mini,422.0,31.35,2.3,17.6,4.3,4.9,Credit Card
Auto,908.0,19.73,3.2,29.9,4.9,4.4,Cash
Premier Sedan,682.0,30.99,6.1,18.8,3.8,4.6,Cash
Go Mini,780.0,32.69,7.4,18.5,4.3,4.8,UPI
Auto,1314.0,41.03,12.0,26.4,4.0,4.2,UPI
Go Mini,271.0,28.95,2.8,18.5,4.2,4.3,UPI
Go Mini,341.0,22.63,6.5,44.7,4.2,4.6,Cash
Premier Sedan,671.0,13.44,14.7,33.6,4.4,4.4,UPI
Premier Sedan,86.0,7.97,10.1,26.9,3.6,4.9,UPI
Auto,434.0,7.78,7.2,37.8,4.1,4.2,UPI
Bike,141.0,20.67,7.3,19.3,4.6,3.2,Cash
Bike,204.0,38.68,3.0,25.0,4.1,4.5,UPI
Premier Sedan,563.0,6.69,3.3,35.1,4.4,4.2,Cash
Premier Sedan,60.0,7.89,5.0,42.2,4.2,4.6,UPI
Premier Sedan,943.0,21.14,2.5,22.1,4.2,4.2,UPI
Go Sedan,155.0,14.7,7.2,38.5,4.3,4.3,UPI
Go Mini,820.0,36.23,2.2,16.5,3.7,4.6,Cash
Premier Sedan,314.0,47.63,11.3,33.5,4.3,4.3,Cash
Auto,65.0,10.93,10.7,24.4,3.7,4.2,Uber Wallet
Go Mini,87.0,45.2,6.1,37.2,4.2,3.3,UPI
Premier Sedan,403.0,7.24,9.6,42.3,4.2,3.8,UPI
Uber XL,668.0,23.96,6.7,34.8,4.1,5.0,UPI
Go Mini,371.0,30.67,12.9,34.9,4.1,4.1,Credit Card
Go Mini,272.0,40.65,3.8,34.8,4.0,4.9,Cash
eBike,696.0,10.85,9.0,32.6,4.6,4.9,UPI
Bike,502.0,23.44,3.3,18.6,4.2,4.3,Debit Card
Bike,861.0,29.71,3.1,16.1,3.9,3.9,UPI
Go Mini,336.0,28.24,3.7,28.7,4.3,4.6,UPI
Go Mini,715.0,40.16,8.8,31.7,4.4,4.1,UPI
Auto,383.0,13.97,7.4,16.2,4.5,4.8,Credit Card
Premier Sedan,942.0,30.39,14.1,35.9,4.2,4.6,UPI
Uber XL,406.0,16.14,14.2,27.7,4.3,4.7,UPI
Go Mini,252.0,34.27,5.3,30.5,3.8,4.2,Credit Card
Premier Sedan,330.0,46.68,7.4,40.2,3.7,4.3,UPI
Auto,735.0,18.04,12.1,27.6,4.2,4.5,Credit Card
Go Sedan,186.0,15.73,12.7,15.3,4.2,5.0,Cash
eBike,2152.0,26.18,11.3,36.1,4.2,4.1,Cash
Go Mini,802.0,5.95,8.1,40.6,4.1,4.2,UPI
Auto,831.0,30.37,10.4,26.7,4.4,4.5,UPI
Go Sedan,948.0,28.23,15.0,21.3,3.1,4.2,Credit Card
Auto,787.0,49.9,2.3,26.9,4.7,4.9,UPI
Auto,357.0,18.75,7.6,16.4,4.1,4.9,UPI
Go Mini,376.0,43.68,13.6,21.0,4.4,4.3,Cash
Bike,179.0,30.94,10.2,20.5,4.3,4.3,UPI
Go Mini,758.0,16.5,4.7,21.5,3.1,4.0,UPI
Bike,324.0,3.41,6.7,18.7,4.0,5.0,UPI
Go Mini,667.0,18.61,3.0,43.0,4.5,4.8,UPI
Premier Sedan,664.0,17.13,6.7,33.6,4.5,4.3,Cash
Uber XL,474.0,39.18,11.6,37.8,4.6,4.9,Uber Wallet
Premier Sedan,440.0,20.43,6.4,32.8,3.6,4.9,UPI
Premier Sedan,471.0,5.38,12.4,41.0,4.4,3.1,Cash
Auto,1290.0,42.45,10.0,43.6,4.6,4.2,UPI
Bike,573.0,2.17,12.4,16.8,3.0,4.4,UPI
Auto,190.0,13.79,6.4,33.0,4.3,4.7,UPI
Go Sedan,661.0,6.3,2.2,34.7,4.3,4.8,Cash
Bike,499.0,9.69,7.8,35.0,4.3,3.7,Cash
Go Sedan,191.0,43.47,13.7,42.3,4.2,4.4,Credit Card
Bike,336.0,27.91,5.1,16.7,3.3,4.7,Cash
Auto,710.0,34.62,6.1,43.9,4.1,4.8,UPI
Go Mini,234.0,29.93,12.2,36.2,4.5,4.3,Uber Wallet
Go Mini,683.0,23.59,9.1,25.5,4.9,4.3,Cash
eBike,823.0,19.97,7.9,42.7,4.2,4.2,Credit Card
Bike,270.0,13.14,2.0,34.1,4.4,4.6,UPI
Go Mini,222.0,13.58,12.4,44.7,4.4,3.8,Cash
Go Sedan,370.0,6.52,3.2,44.4,4.6,4.7,Debit Card
Auto,451.0,5.05,7.7,26.3,3.9,4.2,Uber Wallet
Go Mini,778.0,40.84,12.3,28.4,4.3,4.7,Uber Wallet
Go Mini,126.0,23.79,7.8,22.3,4.0,3.4,Cash
Auto,637.0,16.85,8.2,29.2,4.2,4.6,UPI
Auto,320.0,9.41,14.3,18.7,3.1,5.0,UPI
Bike,385.0,36.0,14.7,37.7,4.1,4.2,Cash
Go Sedan,931.0,10.34,10.6,40.1,4.1,4.6,UPI
Premier Sedan,872.0,41.01,8.9,23.8,3.9,4.6,UPI
Go Mini,537.0,17.4,13.8,21.0,3.1,4.8,Cash
Auto,491.0,7.36,12.2,19.4,4.2,4.6,Cash
Auto,92.0,36.88,11.5,19.3,5.0,4.8,UPI
Auto,96.0,6.27,4.8,34.4,4.5,3.0,UPI
Auto,331.0,34.5,10.7,29.9,3.5,4.1,Uber Wallet
Auto,259.0,10.95,3.1,39.7,3.7,4.1,UPI
Bike,609.0,18.87,8.7,16.6,4.2,5.0,UPI
Go Sedan,224.0,33.84,9.4,33.2,4.4,4.2,Cash
Premier Sedan,139.0,34.32,9.9,25.2,4.1,3.1,Debit Card
Auto,653.0,38.53,13.9,16.0,3.7,4.1,UPI
Bike,106.0,43.61,8.2,28.1,3.0,4.6,Debit Card
Auto,414.0,23.92,6.7,28.9,4.3,4.5,Uber Wallet
eBike,1244.0,37.93,2.1,26.7,4.7,4.4,UPI
Go Sedan,89.0,5.3,4.8,38.2,4.0,3.6,Cash
Go Sedan,430.0,39.53,13.3,44.9,4.2,5.0,Credit Card
Go Mini,556.0,11.04,4.6,35.3,4.7,4.7,Credit Card
Bike,320.0,28.78,9.9,22.0,4.2,4.5,UPI
eBike,127.0,25.73,10.2,25.6,4.6,4.8,UPI
Go Sedan,470.0,14.77,2.1,37.8,4.3,4.6,Debit Card
Uber XL,240.0,48.7,10.8,45.0,3.8,4.5,Cash
Uber XL,686.0,14.45,4.1,43.4,4.5,4.3,Credit Card
Auto,410.0,25.25,11.9,20.5,3.5,4.7,UPI
Auto,128.0,17.67,8.0,42.3,4.1,4.0,UPI
Go Sedan,480.0,2.35,2.8,32.5,4.3,4.7,UPI
Bike,690.0,46.22,12.3,24.8,3.0,4.3,UPI
Auto,183.0,23.47,3.2,34.6,4.2,3.9,UPI
Auto,250.0,40.5,14.7,44.2,4.4,4.8,UPI
Auto,92.0,22.12,5.6,26.9,4.9,4.2,Credit Card
Premier Sedan,149.0,39.16,7.6,28.3,4.6,4.1,Debit Card
Go Mini,50.0,19.9,13.9,24.0,4.2,4.2,Cash
Bike,483.0,4.62,11.4,20.4,4.9,4.6,UPI
Go Mini,368.0,46.73,10.5,24.9,4.2,4.1,Credit Card
Auto,413.0,19.87,13.5,23.0,4.1,3.3,UPI
Auto,74.0,36.79,4.3,29.6,4.9,3.9,UPI
Go Sedan,160.0,14.17,12.5,17.3,4.4,4.2,UPI
Uber XL,1443.0,36.55,4.6,40.6,4.6,4.3,UPI
Premier Sedan,457.0,2.58,10.2,34.0,4.7,4.3,Credit Card
Go Mini,459.0,26.27,12.7,43.4,3.8,5.0,UPI
Bike,1172.0,4.45,4.9,21.3,4.3,4.9,Credit Card
Auto,79.0,9.61,13.5,33.0,4.3,4.2,Cash
Go Sedan,248.0,37.61,10.1,17.9,3.9,3.7,UPI
Go Mini,216.0,8.75,5.8,27.0,4.3,4.6,Credit Card
Bike,754.0,12.46,9.9,26.1,4.2,4.9,UPI
Go Sedan,565.0,35.99,4.5,33.8,4.6,4.3,UPI
Auto,878.0,40.64,6.7,43.7,4.3,4.1,Cash
Bike,263.0,12.27,9.8,26.8,3.9,4.1,Credit Card
Auto,275.0,26.41,9.1,19.7,4.9,3.9,UPI
Auto,223.0,13.56,9.0,39.2,4.3,4.0,Cash
Go Mini,497.0,47.5,8.1,41.2,4.7,4.2,Cash
Bike,444.0,46.29,8.1,35.0,4.6,3.9,Credit Card
Go Mini,756.0,49.88,5.4,20.6,4.3,4.9,UPI
Auto,746.0,2.87,14.7,33.6,4.2,4.2,UPI
eBike,57.0,17.07,9.5,33.9,4.5,4.8,UPI
Go Mini,222.0,20.02,14.5,15.3,4.9,4.2,Uber Wallet
Go Sedan,87.0,3.95,6.4,37.4,4.4,4.6,Cash
Go Sedan,690.0,17.93,4.2,19.0,4.1,4.6,Uber Wallet
Auto,779.0,25.16,6.1,39.6,3.4,4.9,UPI
Auto,458.0,30.61,7.5,35.4,4.6,4.9,Uber Wallet
Auto,640.0,38.47,7.3,34.1,4.3,4.2,Cash
Go Sedan,463.0,34.32,6.4,16.7,3.7,4.5,Uber Wallet
Premier Sedan,395.0,39.19,3.9,23.0,3.7,4.2,UPI
Bike,420.0,27.7,5.1,32.2,4.6,4.1,UPI
Go Mini,329.0,32.57,14.2,44.2,4.2,4.7,Credit Card
Go Sedan,833.0,44.53,5.9,41.6,4.9,4.6,UPI
Go Sedan,818.0,21.11,6.9,20.3,3.3,4.3,Cash
Go Sedan,166.0,18.05,8.0,31.4,4.7,4.9,Uber Wallet
Bike,86.0,34.57,9.6,25.0,4.3,4.9,UPI
Auto,831.0,2.89,5.8,42.8,4.9,4.6,Uber Wallet
Bike,931.0,25.54,13.9,34.8,4.4,4.2,Debit Card
Go Sedan,920.0,18.79,12.4,16.9,4.9,4.1,Cash
Go Mini,590.0,19.29,14.7,24.3,3.9,4.2,Cash
Auto,598.0,42.94,10.5,34.1,4.3,4.2,Cash
Premier Sedan,474.0,6.41,6.6,16.0,4.6,4.9,Cash
Auto,939.0,13.17,7.4,19.2,4.7,4.2,UPI
Go Mini,692.0,33.3,3.2,27.2,3.4,4.3,Cash
Premier Sedan,395.0,20.13,11.0,30.4,5.0,3.3,UPI
Go Mini,777.0,34.57,9.6,23.7,4.7,3.7,UPI
Premier Sedan,459.0,21.65,13.7,35.2,5.0,4.7,Debit Card
Go Mini,360.0,46.81,6.1,20.9,4.6,4.1,Credit Card
Uber XL,285.0,21.11,8.1,36.5,4.2,3.9,Cash
Go Sedan,281.0,49.87,3.3,41.4,3.3,4.5,UPI
Premier Sedan,829.0,8.45,12.9,15.3,4.1,4.7,UPI
Bike,295.0,7.47,13.8,40.4,4.1,3.9,Uber Wallet
Go Mini,639.0,36.6,6.1,19.2,4.2,4.9,Uber Wallet
Auto,388.0,5.5,10.2,44.9,4.6,4.4,Uber Wallet
Auto,1729.0,16.25,3.4,32.7,4.7,4.4,UPI
Go Sedan,51.0,43.78,10.0,15.1,4.6,3.6,UPI
Bike,696.0,6.98,11.2,34.7,4.2,4.1,UPI
Bike,303.0,36.27,7.1,24.4,4.8,4.8,Cash
Auto,494.0,2.2,13.7,22.7,3.7,4.2,UPI
Go Sedan,239.0,13.5,14.3,16.7,4.3,4.6,Uber Wallet
Premier Sedan,278.0,26.24,10.1,36.8,4.3,4.6,Cash
Auto,544.0,42.36,13.5,32.2,4.3,4.1,Cash
Bike,167.0,40.51,3.8,38.8,4.7,3.4,Cash
Go Mini,186.0,25.47,13.4,15.9,3.0,4.7,UPI
Auto,168.0,5.53,5.5,30.0,4.3,4.9,Cash
Premier Sedan,120.0,6.02,8.4,20.1,3.1,4.2,UPI
Premier Sedan,430.0,33.12,2.6,24.3,4.0,4.4,Cash
Auto,476.0,35.89,12.2,36.8,4.3,4.8,UPI
eBike,111.0,17.45,3.1,31.3,5.0,4.6,Debit Card
Auto,538.0,48.81,3.3,20.0,4.8,4.7,Cash
Go Sedan,275.0,47.6,3.8,28.1,4.4,4.7,UPI
Auto,232.0,3.91,2.4,25.9,4.6,4.9,UPI
Premier Sedan,667.0,17.52,8.0,24.0,4.7,4.2,UPI
Go Mini,1470.0,26.98,4.4,34.9,4.3,4.5,UPI
Go Sedan,824.0,20.86,12.9,21.8,4.4,3.8,UPI
Go Sedan,141.0,32.1,12.9,24.5,4.3,4.1,Credit Card
Auto,137.0,13.31,14.1,24.8,3.5,4.3,UPI
Auto,462.0,38.3,6.4,30.9,3.3,4.7,UPI
Premier Sedan,345.0,14.9,8.0,28.5,3.4,4.2,Cash
Go Mini,971.0,43.53,10.1,29.3,4.7,4.6,Uber Wallet
Premier Sedan,727.0,10.53,5.8,36.8,3.3,4.3,UPI
Go Mini,824.0,8.63,13.1,30.5,4.1,3.8,Cash
Go Sedan,337.0,26.3,6.5,43.8,4.2,5.0,UPI
Go Mini,334.0,43.83,11.9,20.7,4.2,4.3,Cash
Auto,59.0,12.75,6.0,25.6,4.2,4.6,Cash
Go Mini,580.0,41.79,5.0,33.9,3.8,4.2,UPI
Go Sedan,320.0,7.4,2.7,26.9,4.2,4.3,Uber Wallet
Auto,661.0,41.75,13.8,15.7,4.2,4.6,Cash
Go Sedan,187.0,6.81,9.6,17.3,4.9,4.3,UPI
Auto,928.0,30.09,5.5,38.7,4.1,4.8,Debit Card
Go Mini,432.0,21.43,5.8,16.2,3.8,4.1,UPI
Go Mini,253.0,44.8,4.1,33.2,4.2,4.9,UPI
Go Mini,787.0,36.08,14.8,33.6,4.6,4.9,UPI
eBike,734.0,31.73,3.5,42.9,5.0,5.0,UPI
Go Mini,1474.0,16.68,5.2,23.1,4.2,3.1,Debit Card
Auto,373.0,9.04,14.2,15.6,3.4,4.6,Cash
Auto,576.0,42.75,8.6,23.0,3.6,4.3,Cash
Premier Sedan,327.0,33.58,5.7,36.5,4.2,4.2,Debit Card
Bike,198.0,24.33,12.5,22.3,4.1,4.2,Uber Wallet
Premier Sedan,155.0,28.1,13.2,25.4,4.3,4.9,Cash
Go Sedan,151.0,39.27,9.5,28.9,3.9,4.6,UPI
eBike,820.0,29.1,3.6,21.4,5.0,3.8,Cash
Bike,488.0,42.17,5.5,32.6,4.2,4.8,UPI
Auto,59.0,8.44,7.0,26.3,3.6,4.2,UPI
Auto,71.0,19.6,2.2,35.8,4.6,4.2,Credit Card
Auto,422.0,28.41,11.5,34.5,4.1,4.3,Credit Card
Go Sedan,253.0,28.9,9.3,24.8,4.6,4.0,Cash
Go Mini,352.0,10.56,11.2,18.5,4.1,4.4,UPI
Go Sedan,1224.0,31.6,4.7,43.9,3.9,4.9,Cash
Go Mini,68.0,13.57,4.8,19.3,4.1,4.7,UPI
Bike,350.0,44.72,5.0,20.2,4.2,4.2,UPI
Bike,878.0,12.83,2.2,44.0,4.5,4.7,UPI
Go Sedan,886.0,5.74,3.7,28.7,4.6,4.3,Cash
Go Sedan,566.0,11.55,2.4,21.9,4.6,4.8,UPI
Go Sedan,721.0,10.8,11.9,16.3,4.6,4.3,UPI
Go Mini,583.0,36.85,7.9,20.5,4.1,4.6,UPI
Auto,504.0,30.17,12.1,19.7,4.3,5.0,UPI
Premier Sedan,450.0,40.8,7.0,32.2,4.3,4.3,UPI
Go Sedan,443.0,9.49,7.3,28.0,4.6,3.7,UPI
Premier Sedan,830.0,17.3,8.3,22.4,3.8,4.8,UPI
Bike,1745.0,36.84,4.6,21.7,3.2,4.2,Credit Card
Go Sedan,123.0,2.06,8.8,16.1,4.3,3.3,Uber Wallet
Bike,257.0,30.19,11.6,30.0,3.5,4.3,Cash
Uber XL,387.0,21.62,7.2,27.1,4.9,4.5,UPI
Premier Sedan,580.0,34.57,8.7,44.4,4.3,4.8,Cash
Auto,1371.0,8.59,9.4,23.7,4.2,4.5,Cash
Auto,479.0,17.9,2.6,24.2,4.9,4.2,Cash
Go Sedan,636.0,30.76,2.9,44.8,3.8,4.8,UPI
Go Sedan,90.0,29.23,9.3,16.7,4.2,4.8,Credit Card
Go Mini,505.0,34.12,2.1,32.7,4.4,4.2,UPI
Auto,181.0,26.88,2.6,31.7,3.9,4.5,UPI
Bike,285.0,33.15,5.5,30.7,4.1,4.5,Credit Card
Auto,479.0,37.67,10.0,36.1,4.6,3.8,UPI
eBike,60.0,12.16,9.5,19.0,4.3,4.9,Cash
Auto,918.0,44.14,5.6,37.1,4.8,4.7,Uber Wallet
Premier Sedan,390.0,44.23,7.4,37.6,4.5,4.2,UPI
Bike,261.0,10.63,11.9,34.2,4.2,4.1,UPI
Go Mini,388.0,20.73,12.4,22.4,4.3,4.6,UPI
Uber XL,187.0,41.4,6.2,33.8,3.4,5.0,Cash
Go Sedan,696.0,47.35,13.3,17.7,4.9,4.9,UPI
Bike,410.0,6.76,5.9,38.2,4.6,4.5,UPI
Go Mini,613.0,47.86,14.7,26.6,4.3,4.5,UPI
Auto,271.0,11.1,5.0,16.3,4.0,4.3,Uber Wallet
Auto,997.0,49.97,9.4,36.7,4.7,4.2,UPI
Go Mini,158.0,15.32,5.9,16.2,3.1,4.4,UPI
eBike,145.0,37.09,2.7,36.4,3.0,4.6,Cash
Premier Sedan,720.0,13.05,6.0,23.1,4.2,4.1,Uber Wallet
Auto,483.0,25.16,9.8,27.7,3.4,4.3,Cash
Go Mini,546.0,39.45,12.2,40.6,4.3,4.3,UPI
Go Sedan,142.0,40.8,8.1,30.6,4.3,4.2,UPI
Go Mini,1281.0,24.12,13.8,27.7,4.4,4.2,Cash
Bike,546.0,27.85,6.6,33.5,4.5,4.4,Debit Card
Auto,466.0,20.45,10.0,17.9,4.6,4.8,UPI
Bike,470.0,7.71,7.3,36.4,3.2,4.6,Cash
Bike,420.0,10.72,10.4,26.4,4.7,4.3,UPI
Go Sedan,212.0,8.42,7.6,34.6,4.3,4.4,Credit Card
Auto,758.0,31.83,10.7,31.0,4.3,4.8,Credit Card
Go Sedan,609.0,34.47,13.5,22.5,4.6,4.9,UPI
Go Sedan,126.0,6.27,14.8,26.6,3.9,4.3,UPI
eBike,265.0,31.65,11.5,35.1,4.2,4.5,Cash
Go Mini,1115.0,40.54,8.1,35.7,4.2,3.3,UPI
Go Sedan,857.0,48.04,12.2,37.3,4.6,5.0,Cash
Bike,271.0,34.34,9.5,25.1,4.9,3.7,UPI
Go Sedan,317.0,16.64,6.2,43.3,4.1,4.4,Cash
eBike,905.0,33.52,4.6,25.0,5.0,4.5,UPI
Premier Sedan,117.0,49.18,11.8,41.7,4.4,4.1,UPI
Auto,618.0,33.14,14.0,16.2,4.3,4.8,Cash
Auto,695.0,38.48,7.5,42.1,4.3,3.7,UPI
Go Sedan,462.0,15.43,2.1,42.0,3.8,4.1,UPI
Go Mini,923.0,21.8,12.0,17.4,4.2,4.6,UPI
Go Mini,444.0,41.85,5.7,37.2,4.3,3.2,UPI
Go Mini,164.0,5.56,4.2,18.9,4.3,4.2,Credit Card
Auto,843.0,30.87,7.8,21.3,4.9,4.2,Cash
Go Mini,423.0,3.13,4.4,28.3,4.5,4.5,UPI
Auto,224.0,12.26,9.0,16.6,4.3,4.3,Cash
Go Mini,1005.0,15.99,6.3,29.8,4.4,5.0,Cash
Auto,410.0,21.73,3.3,44.3,4.3,5.0,Credit Card
Bike,342.0,6.97,5.8,34.9,4.3,3.3,Cash
Bike,249.0,6.64,13.8,42.3,4.1,4.9,UPI
Go Mini,202.0,16.53,4.5,24.4,4.1,4.6,UPI
Premier Sedan,430.0,11.53,3.3,15.2,4.5,4.3,Cash
Go Mini,315.0,17.83,10.8,23.2,3.7,4.8,Debit Card
Premier Sedan,746.0,21.72,6.9,32.8,3.2,4.7,UPI
Bike,578.0,3.44,14.3,44.8,4.2,4.0,Debit Card
Uber XL,635.0,7.51,3.3,25.7,4.2,4.9,Uber Wallet
Go Mini,491.0,42.49,10.0,31.4,4.6,4.6,Uber Wallet
Auto,3450.0,39.85,8.5,37.2,3.9,4.3,Uber Wallet
Go Mini,141.0,5.34,4.6,16.0,4.2,4.4,Cash
eBike,350.0,47.68,2.2,34.8,4.4,3.6,UPI
Premier Sedan,687.0,20.85,6.9,23.3,3.8,3.7,UPI
Auto,251.0,32.88,2.1,42.2,4.0,5.0,UPI
Auto,309.0,12.24,5.0,35.3,4.3,4.4,Debit Card
Auto,63.0,42.55,2.9,20.9,4.9,4.8,UPI
Auto,351.0,4.34,5.9,40.0,4.3,4.4,UPI
Go Mini,423.0,48.87,7.6,31.1,4.5,4.5,Cash
Premier Sedan,983.0,32.75,13.4,32.9,3.9,4.6,Uber Wallet
Go Sedan,661.0,16.48,7.4,27.9,5.0,3.8,Debit Card
Premier Sedan,1682.0,18.91,14.9,28.3,4.6,4.9,UPI
Bike,241.0,31.14,9.0,43.9,3.8,5.0,Credit Card
Go Sedan,54.0,26.0,13.1,22.8,5.0,4.2,UPI
Uber XL,90.0,23.88,8.4,28.2,4.9,4.2,UPI
Go Sedan,72.0,14.4,10.7,25.0,5.0,3.3,Cash
Auto,936.0,9.74,11.5,29.2,3.7,4.3,Credit Card
eBike,117.0,16.08,4.7,30.2,4.5,4.9,UPI
Go Sedan,489.0,37.61,2.9,19.2,4.3,4.6,UPI
Auto,568.0,27.25,6.0,20.6,4.4,3.6,UPI
Go Mini,791.0,15.26,3.2,35.0,4.1,4.8,UPI
eBike,586.0,49.57,13.5,38.1,4.2,4.7,UPI
Go Sedan,400.0,15.83,7.1,39.5,3.0,5.0,Debit Card
Go Mini,284.0,44.91,4.8,24.1,4.2,4.5,Cash
Auto,648.0,41.24,2.9,31.7,4.3,4.2,UPI
eBike,129.0,2.47,6.3,32.4,4.5,4.2,Cash
Bike,95.0,48.19,3.6,32.0,4.4,4.8,Debit Card
Auto,565.0,44.92,14.0,28.8,4.2,4.1,UPI
Auto,219.0,21.04,11.4,41.9,3.5,3.7,UPI
Go Sedan,354.0,28.2,10.8,32.6,4.8,4.3,Uber Wallet
Auto,871.0,7.55,15.0,33.5,4.2,4.3,UPI
Premier Sedan,357.0,41.19,14.4,18.5,4.5,4.5,UPI
Go Mini,53.0,2.63,8.5,37.5,4.3,4.2,UPI
Auto,126.0,7.64,2.8,19.1,3.2,4.4,Credit Card
Auto,341.0,8.74,6.6,37.3,4.6,4.3,Uber Wallet
Auto,271.0,2.15,10.2,24.8,4.3,5.0,UPI
Go Mini,1005.0,27.75,5.3,40.0,5.0,4.8,UPI
Go Mini,438.0,5.12,5.7,23.7,4.2,4.7,Cash
Go Mini,393.0,30.78,8.2,18.7,3.9,4.8,Cash
Go Mini,221.0,39.19,4.4,24.5,4.1,5.0,Cash
Bike,111.0,48.95,12.2,43.7,4.9,4.6,UPI
Bike,822.0,16.14,11.4,28.7,4.2,4.1,UPI
Go Mini,654.0,42.1,5.3,20.5,4.5,4.2,Uber Wallet
Go Mini,160.0,2.88,5.0,34.8,5.0,4.3,Debit Card
Auto,136.0,5.28,5.6,24.4,3.7,3.6,Debit Card
Go Mini,486.0,25.16,9.5,20.3,4.2,4.9,UPI
Go Mini,161.0,10.67,11.5,19.2,4.8,4.3,Cash
Auto,344.0,9.97,5.6,35.3,3.7,4.8,UPI
Auto,122.0,11.75,9.4,15.7,4.2,4.3,UPI
eBike,249.0,22.59,11.7,38.4,4.8,3.2,Cash
Go Sedan,510.0,33.65,2.1,21.5,4.2,4.9,Debit Card
Go Sedan,193.0,24.18,3.2,34.5,4.1,5.0,UPI
Auto,136.0,15.57,14.1,20.9,4.6,4.3,Uber Wallet
Bike,1089.0,7.88,6.9,37.9,4.6,3.8,Cash
Go Mini,446.0,48.21,7.5,39.3,4.6,4.3,Debit Card
Go Mini,396.0,30.42,6.6,27.7,5.0,4.5,Credit Card
Auto,194.0,27.18,2.3,29.2,4.5,5.0,Debit Card
Go Mini,1249.0,21.06,8.9,35.3,4.3,4.4,UPI
Auto,410.0,16.63,11.7,20.9,4.6,4.3,UPI
Go Sedan,338.0,14.0,14.2,31.6,3.1,4.8,Cash
Auto,182.0,39.88,14.3,24.1,3.9,4.3,UPI
Uber XL,206.0,2.76,12.3,24.5,4.2,4.6,UPI
Go Sedan,391.0,26.96,5.9,25.7,4.9,5.0,UPI
Premier Sedan,484.0,28.3,3.0,17.2,3.8,4.8,UPI
Auto,277.0,37.38,13.1,24.9,4.6,4.6,UPI
eBike,258.0,40.41,10.3,39.8,4.4,4.6,Cash
Go Mini,233.0,33.92,7.6,15.2,4.4,4.7,UPI
Bike,293.0,47.73,12.2,19.3,3.1,4.6,Uber Wallet
Go Mini,153.0,7.97,9.9,37.3,3.7,3.1,Cash
eBike,88.0,43.17,9.0,22.8,3.6,4.3,Credit Card
Go Sedan,1039.0,45.18,12.2,18.2,3.7,4.9,UPI
Go Mini,160.0,28.39,13.0,28.2,3.3,3.1,UPI
Premier Sedan,481.0,42.37,7.0,21.5,3.4,4.7,UPI
Premier Sedan,653.0,18.85,10.6,42.6,4.8,4.1,Cash
Uber XL,719.0,6.45,5.3,27.9,4.0,4.7,Credit Card
Go Mini,605.0,41.74,11.9,42.7,4.6,3.7,Uber Wallet
Go Mini,253.0,34.58,6.5,40.2,4.8,3.6,UPI
Premier Sedan,118.0,31.13,14.4,40.5,4.4,4.5,UPI
Bike,739.0,16.51,2.2,35.3,3.9,4.1,UPI
Go Mini,134.0,11.51,12.9,16.9,4.6,4.8,UPI
Premier Sedan,529.0,2.11,3.4,43.2,3.7,4.3,Debit Card
Bike,1112.0,34.86,12.2,43.4,4.5,4.5,Debit Card
Go Mini,98.0,16.83,12.1,38.0,4.6,4.2,UPI
Premier Sedan,299.0,22.25,5.7,17.0,4.4,4.3,Cash
Auto,993.0,44.88,5.3,39.4,4.2,3.2,UPI
Auto,284.0,29.81,5.8,36.1,4.2,4.9,UPI
Premier Sedan,1045.0,19.97,10.0,27.6,4.3,4.2,Cash
Go Mini,1050.0,43.43,8.7,23.6,3.4,4.1,UPI
Bike,603.0,4.55,13.7,35.4,5.0,4.4,UPI
eBike,517.0,17.19,10.4,22.1,4.8,4.6,Credit Card
Go Mini,277.0,33.28,13.4,27.6,4.1,4.6,UPI
Auto,1050.0,40.6,11.1,34.9,5.0,4.3,Cash
Go Sedan,416.0,17.13,12.1,38.5,4.5,4.9,UPI
Bike,2228.0,20.41,7.3,42.6,3.9,4.1,UPI
Premier Sedan,397.0,49.2,12.1,40.6,4.4,4.6,Debit Card
Go Sedan,181.0,21.55,8.9,34.2,4.3,4.6,Uber Wallet
Go Mini,242.0,39.21,8.5,39.8,4.2,4.9,Cash
Go Sedan,393.0,23.79,8.1,21.7,3.7,5.0,UPI
Auto,447.0,14.75,4.3,35.0,3.8,4.6,UPI
Bike,248.0,41.14,7.4,44.0,4.2,4.3,UPI
eBike,802.0,22.04,2.3,15.2,4.2,5.0,UPI
Go Sedan,950.0,47.66,3.8,35.3,4.6,4.1,UPI
Go Mini,768.0,36.98,4.4,20.3,4.1,4.4,Credit Card
Bike,237.0,21.54,7.1,23.0,4.2,4.2,Debit Card
Go Mini,322.0,7.49,5.3,34.9,4.3,3.7,Cash
Go Mini,51.0,37.09,4.9,26.9,4.2,4.1,Cash
Go Mini,499.0,5.15,10.0,39.5,4.7,4.9,UPI
Go Mini,158.0,12.37,6.3,26.4,4.3,3.3,Uber Wallet
Premier Sedan,237.0,26.69,7.0,41.3,4.3,4.2,UPI
Auto,132.0,23.45,4.7,31.5,4.5,4.3,Cash
Premier Sedan,270.0,39.04,13.3,32.5,4.4,3.9,UPI
Go Mini,425.0,4.05,9.1,17.9,4.2,4.2,UPI
Premier Sedan,367.0,14.8,8.9,22.9,4.3,4.3,Cash
Auto,367.0,7.0,12.3,24.5,4.3,4.5,Uber Wallet
Premier Sedan,111.0,9.4,11.8,43.0,4.8,4.9,Credit Card
eBike,767.0,13.47,11.5,21.3,3.1,4.6,Credit Card
Go Sedan,548.0,32.68,9.5,42.5,4.9,4.3,Cash
Bike,566.0,17.94,10.5,42.5,4.3,4.6,Cash
Auto,599.0,46.38,3.1,30.2,4.7,4.4,UPI
Go Mini,432.0,46.81,7.8,28.8,3.6,3.4,UPI
Go Sedan,235.0,32.08,4.2,28.6,4.6,4.5,UPI
eBike,565.0,40.71,12.2,41.5,3.8,4.6,Credit Card
Go Sedan,92.0,4.51,6.2,20.6,3.7,4.5,Cash
Go Mini,102.0,30.91,12.8,39.3,4.0,4.9,Credit Card
Bike,911.0,35.7,11.2,20.2,5.0,4.1,Uber Wallet
Auto,94.0,24.58,14.2,33.0,4.6,4.4,Credit Card
Go Mini,376.0,41.04,10.6,32.0,4.1,3.4,Uber Wallet
Bike,531.0,37.55,12.9,37.8,5.0,4.3,Uber Wallet
Premier Sedan,119.0,38.89,14.6,35.9,4.2,5.0,UPI
Go Sedan,547.0,24.45,13.2,44.6,4.2,3.9,Cash
Uber XL,354.0,16.96,4.7,44.5,4.4,4.9,Cash
eBike,61.0,25.55,5.4,38.6,3.6,4.9,UPI
Auto,790.0,38.73,4.7,32.3,4.4,3.9,Debit Card
Auto,556.0,3.18,10.5,41.0,4.1,4.6,Debit Card
Go Sedan,885.0,18.76,6.4,33.1,3.9,4.9,UPI
Go Sedan,227.0,23.94,11.9,32.7,3.2,4.9,Cash
Bike,1753.0,7.96,11.6,39.9,4.2,3.6,UPI
Go Sedan,938.0,39.61,2.9,19.4,4.6,4.8,UPI
Premier Sedan,326.0,5.87,9.1,22.6,4.3,4.3,UPI
Auto,744.0,39.54,2.5,42.2,4.3,4.6,Cash
Auto,209.0,43.1,3.0,33.5,4.6,4.3,UPI
Go Mini,388.0,3.3,4.6,19.6,4.5,4.6,Uber Wallet
Premier Sedan,1469.0,49.59,2.4,26.6,3.6,4.8,UPI
Go Mini,696.0,40.0,11.3,30.8,4.4,5.0,UPI
Go Sedan,517.0,38.91,14.6,44.0,3.8,4.4,Cash
Auto,54.0,44.19,4.1,25.1,4.1,4.2,UPI
Go Sedan,165.0,9.02,8.8,26.2,4.2,5.0,Debit Card
Go Sedan,1119.0,43.35,6.1,38.6,3.8,4.8,Uber Wallet
Go Mini,236.0,40.43,13.6,20.6,4.3,4.8,UPI
Auto,322.0,14.52,13.4,35.8,4.6,3.7,Cash
Go Mini,1096.0,27.12,14.4,34.5,5.0,4.3,UPI
Bike,783.0,33.53,13.8,27.1,3.8,5.0,Uber Wallet
Auto,343.0,37.75,4.9,38.7,3.7,4.6,UPI
Uber XL,363.0,27.21,10.1,44.0,3.9,5.0,Debit Card
Bike,1496.0,30.81,3.1,22.5,4.8,4.6,UPI
Go Mini,959.0,4.98,2.8,44.8,4.3,4.8,Cash
Go Mini,353.0,36.67,7.8,32.1,4.2,4.9,UPI
Go Sedan,288.0,48.39,4.6,43.7,4.4,3.8,Credit Card
Bike,207.0,15.32,8.6,32.5,4.3,4.9,UPI
Go Mini,666.0,31.02,5.5,21.6,4.8,4.9,UPI
Auto,281.0,27.06,8.4,17.6,3.7,4.5,Cash
Auto,838.0,2.28,2.6,16.3,4.4,4.4,UPI
Go Mini,77.0,39.47,13.4,18.8,3.9,4.6,UPI
Bike,391.0,47.06,5.0,16.5,3.1,4.2,UPI
Go Sedan,279.0,14.62,14.2,31.6,5.0,4.9,UPI
Go Sedan,197.0,2.31,8.5,37.7,3.3,4.5,UPI
Go Sedan,741.0,17.86,6.1,34.8,4.9,4.6,Debit Card
Go Sedan,471.0,33.47,11.8,26.3,4.3,4.9,UPI
Auto,266.0,49.83,7.0,17.8,4.6,4.6,UPI
Premier Sedan,159.0,37.91,2.1,24.8,4.9,4.3,Cash
Go Mini,289.0,32.35,12.1,44.5,4.6,4.9,UPI
Auto,714.0,22.65,2.7,28.1,4.1,4.3,Debit Card
Go Sedan,448.0,24.49,12.5,39.6,4.3,4.1,Credit Card
Auto,404.0,26.85,7.7,35.6,4.3,4.5,UPI
Go Mini,323.0,27.02,7.4,20.4,4.5,4.1,Cash
Bike,471.0,47.75,5.7,35.8,3.4,3.6,UPI
Premier Sedan,931.0,17.92,12.9,27.1,4.4,4.2,UPI
Go Sedan,622.0,20.54,8.9,28.2,4.4,4.3,UPI
Go Sedan,286.0,7.39,3.9,26.1,3.8,4.0,UPI
eBike,102.0,31.93,7.7,25.9,3.7,4.7,Cash
Auto,129.0,29.77,4.0,42.9,4.0,4.8,Cash
Uber XL,167.0,42.85,13.3,28.7,3.7,4.6,Cash
Auto,350.0,6.27,8.9,19.4,4.2,4.3,Uber Wallet
Go Sedan,1006.0,19.92,6.4,32.0,4.3,4.8,Credit Card
Go Mini,197.0,45.54,7.6,27.7,3.2,4.5,UPI
Premier Sedan,158.0,29.63,12.4,42.8,4.3,3.8,UPI
Premier Sedan,248.0,5.61,4.0,27.0,4.3,3.0,Debit Card
eBike,387.0,17.95,11.4,24.9,4.2,4.8,Cash
Auto,820.0,6.8,5.1,29.8,3.9,4.7,Cash
Bike,255.0,5.43,12.2,22.9,4.3,4.8,UPI
Auto,902.0,32.29,11.5,22.8,5.0,3.6,UPI
Go Mini,206.0,44.85,5.5,37.6,3.4,4.6,UPI
Bike,2148.0,48.65,11.4,42.0,3.4,4.4,Debit Card
Go Sedan,397.0,41.48,14.0,38.6,4.1,4.3,Cash
Go Mini,612.0,10.12,2.9,28.4,4.4,4.3,UPI
Go Sedan,209.0,42.57,6.0,15.9,4.9,4.2,Cash
Go Mini,267.0,21.48,3.5,36.9,4.6,4.5,Cash
Go Sedan,1408.0,7.41,14.0,23.5,3.6,4.9,Uber Wallet
Premier Sedan,389.0,20.23,10.6,38.5,4.6,4.3,Credit Card
Go Sedan,261.0,36.83,13.6,29.8,4.2,3.7,Uber Wallet
Auto,163.0,18.46,3.2,37.8,3.4,4.2,Cash
Go Mini,213.0,36.82,8.5,20.1,4.5,4.7,UPI
Premier Sedan,684.0,12.24,9.2,18.7,3.9,4.3,Cash
Bike,186.0,18.44,5.2,29.6,4.2,5.0,UPI
Auto,744.0,6.18,7.0,25.2,4.0,4.9,Debit Card
Auto,63.0,10.41,10.8,30.1,4.3,4.6,UPI
Auto,496.0,20.87,2.1,27.7,4.4,4.3,Credit Card
Go Sedan,168.0,40.62,12.6,17.2,3.7,4.3,Cash
Premier Sedan,180.0,38.47,3.9,41.0,4.2,4.2,Uber Wallet
Go Mini,1242.0,20.2,8.6,43.5,4.6,3.7,UPI
Auto,163.0,16.03,14.1,35.6,3.8,4.8,UPI
Bike,531.0,33.99,3.2,27.4,4.1,4.4,UPI
Bike,302.0,10.78,4.1,29.4,4.2,4.3,Credit Card
Go Mini,1930.0,48.41,13.7,44.5,4.3,4.6,UPI
Bike,50.0,7.45,14.5,33.7,4.4,4.1,Uber Wallet
Go Sedan,476.0,11.19,5.9,39.8,4.2,4.1,Debit Card
Auto,733.0,18.76,12.0,40.3,3.8,4.0,Cash
Go Sedan,60.0,4.86,12.0,20.0,3.6,4.3,Uber Wallet
Premier Sedan,57.0,43.96,6.7,41.0,4.5,4.8,Cash
Go Sedan,320.0,38.08,6.8,42.6,3.9,4.8,Cash
Go Sedan,392.0,44.79,11.2,31.6,4.3,4.9,UPI
Go Sedan,702.0,31.2,8.5,35.9,4.2,4.2,Cash
Premier Sedan,904.0,18.76,2.6,44.1,3.7,3.0,UPI
Go Sedan,152.0,45.03,5.9,24.4,3.1,4.9,UPI
Auto,280.0,16.66,3.6,30.7,4.6,4.3,Cash
Premier Sedan,1034.0,49.78,2.8,34.0,3.5,4.6,Uber Wallet
Auto,2135.0,26.92,2.8,26.6,4.9,4.4,UPI
Go Sedan,276.0,40.63,5.1,23.4,3.8,4.3,Cash
Bike,918.0,31.14,5.7,44.7,3.4,4.3,UPI
Go Mini,236.0,37.47,4.9,37.1,3.7,4.2,Uber Wallet
Auto,984.0,36.94,3.8,29.7,4.8,5.0,UPI
Auto,161.0,39.27,5.9,40.3,4.9,4.8,Debit Card
Go Sedan,966.0,3.66,10.1,39.3,4.3,4.3,UPI
Uber XL,246.0,22.42,11.4,44.8,4.2,4.2,Cash
Auto,614.0,42.62,4.5,16.7,4.3,4.6,Debit Card
Go Sedan,408.0,23.93,11.3,24.1,5.0,4.0,UPI
Premier Sedan,503.0,46.09,4.4,44.7,4.1,4.6,UPI
Go Sedan,376.0,28.14,9.7,17.1,4.0,4.9,UPI
Go Mini,629.0,48.04,13.3,42.6,3.6,4.9,UPI
Go Mini,1292.0,12.82,11.0,19.9,4.0,4.7,UPI
Auto,595.0,30.75,11.9,42.5,4.3,4.7,UPI
Premier Sedan,282.0,12.65,10.5,24.6,4.2,3.3,Credit Card
Go Sedan,310.0,23.63,11.2,36.9,4.3,3.7,Uber Wallet
Auto,327.0,3.39,5.0,44.2,4.8,4.9,UPI
Go Mini,265.0,7.98,2.1,16.0,4.1,3.0,Uber Wallet
Auto,155.0,48.49,13.5,42.7,3.3,4.3,UPI
Go Sedan,263.0,17.1,4.4,35.0,4.2,4.1,Cash
Bike,322.0,13.52,14.4,36.9,4.2,4.5,Uber Wallet
Auto,998.0,30.65,10.4,25.9,3.1,4.1,Uber Wallet
Auto,217.0,43.61,5.1,36.7,3.9,4.3,UPI
Go Sedan,861.0,34.04,12.3,15.2,4.8,4.3,UPI
Auto,724.0,40.56,14.8,20.7,3.3,4.2,Debit Card
Auto,204.0,20.89,5.2,15.9,4.4,4.2,UPI
eBike,484.0,33.99,13.6,30.5,4.4,4.4,UPI
eBike,273.0,17.69,4.6,29.9,4.5,4.3,Debit Card
Go Mini,899.0,44.31,5.9,41.2,3.7,4.9,Credit Card
Go Mini,696.0,5.18,9.3,30.2,4.4,4.7,Cash
eBike,362.0,12.11,10.4,28.7,4.3,4.8,Credit Card
Bike,225.0,13.85,2.7,43.3,4.2,3.8,UPI
Go Sedan,592.0,2.86,10.5,20.3,4.2,4.3,UPI
Bike,611.0,35.68,7.3,23.7,3.6,4.4,Cash
Go Sedan,915.0,33.03,10.3,40.9,4.4,4.6,Uber Wallet
Auto,282.0,15.09,12.0,36.3,4.6,4.4,Cash
Go Mini,915.0,39.02,2.8,42.8,3.7,4.4,UPI
Go Mini,312.0,13.04,3.5,32.7,4.3,4.9,Cash
Premier Sedan,584.0,11.07,4.2,23.7,4.4,4.9,Credit Card
Go Sedan,218.0,34.15,8.2,33.0,4.3,3.9,UPI
eBike,155.0,11.96,7.4,41.3,4.4,4.3,Debit Card
Go Sedan,922.0,4.01,12.4,41.6,4.6,4.6,Uber Wallet
Go Sedan,369.0,28.06,14.9,44.2,4.6,3.6,UPI
Auto,270.0,14.22,3.5,17.4,3.5,3.6,UPI
Bike,229.0,4.91,8.1,42.3,4.2,3.3,Credit Card
Go Sedan,325.0,31.26,7.6,22.8,4.2,4.5,UPI
Go Mini,1281.0,26.24,7.0,15.2,4.2,4.6,UPI
eBike,292.0,36.04,7.6,32.2,4.3,4.5,Credit Card
Premier Sedan,826.0,34.57,8.1,32.9,3.3,4.6,UPI
Auto,345.0,4.02,3.8,34.3,4.2,4.6,UPI
Go Sedan,643.0,33.68,3.0,17.1,4.1,4.7,UPI
Premier Sedan,336.0,44.88,8.1,41.6,3.7,4.6,Cash
Bike,112.0,49.17,10.8,44.0,4.6,4.7,Debit Card
Go Sedan,637.0,9.33,4.1,24.8,4.9,4.6,Uber Wallet
Bike,1020.0,24.29,7.3,23.7,4.3,3.2,UPI
Auto,914.0,41.2,11.6,37.8,4.8,4.9,Cash
Go Sedan,1199.0,12.25,11.2,37.7,4.3,4.8,UPI
Premier Sedan,80.0,12.99,3.6,44.2,4.7,3.3,UPI
eBike,499.0,39.33,13.3,31.6,4.8,4.0,Cash
Go Sedan,552.0,27.22,12.8,36.7,4.3,5.0,Credit Card
eBike,281.0,33.56,11.1,39.6,4.3,4.4,Uber Wallet
Go Mini,249.0,26.03,6.3,19.2,4.2,4.2,UPI
Go Sedan,215.0,31.67,13.8,32.3,4.3,4.2,Debit Card
eBike,692.0,4.82,5.8,24.2,4.9,4.9,UPI
Bike,209.0,22.1,6.1,42.9,3.4,4.1,UPI
Premier Sedan,297.0,44.02,14.1,38.0,4.4,4.7,Credit Card
Go Sedan,91.0,25.09,7.5,28.3,3.8,4.6,UPI
Premier Sedan,421.0,6.79,6.6,41.8,4.2,4.5,Credit Card
Go Sedan,697.0,33.67,12.0,15.8,4.4,4.7,Cash
Go Sedan,315.0,44.84,3.0,20.4,4.6,4.8,Debit Card
Go Sedan,929.0,38.14,2.1,44.7,4.2,4.5,Cash
Go Sedan,795.0,48.17,13.0,34.1,4.3,4.4,Credit Card
eBike,865.0,17.52,5.4,28.3,4.1,4.6,Cash
Auto,422.0,25.43,10.0,43.0,3.4,3.7,Cash
Auto,89.0,28.29,4.4,36.3,4.3,4.8,UPI
Go Mini,374.0,46.4,5.2,29.9,3.3,4.2,Credit Card
eBike,369.0,7.67,5.2,15.6,4.3,4.3,UPI
Auto,509.0,15.03,13.6,20.6,4.2,4.7,UPI
Auto,382.0,40.23,12.5,19.0,3.8,4.1,Cash
Go Mini,768.0,16.07,7.6,20.2,5.0,4.3,Cash
Bike,439.0,30.7,14.3,34.6,4.3,3.7,UPI
Auto,325.0,35.05,10.7,33.9,3.9,4.1,UPI
Go Mini,796.0,22.37,6.4,30.2,3.6,4.7,Cash
eBike,468.0,25.97,10.9,23.6,4.6,4.4,Cash
eBike,1107.0,8.48,5.6,30.6,4.6,4.8,UPI
Go Sedan,425.0,23.11,11.2,20.5,4.4,4.9,Credit Card
Auto,963.0,20.01,10.6,29.2,4.6,5.0,Cash
Bike,751.0,26.98,8.6,27.6,4.6,4.2,UPI
Auto,190.0,47.63,14.0,26.9,4.2,4.2,UPI
Go Sedan,172.0,36.65,14.5,15.4,4.7,4.1,Cash
Bike,201.0,9.48,5.4,18.4,4.7,4.7,UPI
eBike,241.0,16.15,10.2,40.9,3.7,4.6,UPI
Go Sedan,425.0,9.52,2.8,39.8,3.7,4.2,UPI
Go Mini,543.0,16.85,8.5,21.6,5.0,3.9,Uber Wallet
Auto,338.0,24.35,5.9,40.4,4.3,3.7,Debit Card
Go Mini,310.0,44.58,10.2,42.3,3.9,4.6,UPI
Go Mini,1566.0,6.52,11.0,21.6,4.3,4.3,Credit Card
Go Sedan,375.0,24.44,4.7,15.1,4.4,4.9,UPI
Go Sedan,149.0,11.25,12.8,36.3,4.2,4.2,Debit Card
Auto,630.0,13.68,4.0,34.5,4.2,4.2,UPI
Go Sedan,444.0,43.39,3.4,34.6,4.2,5.0,UPI
Premier Sedan,784.0,39.79,14.2,19.7,4.2,4.9,UPI
Premier Sedan,1421.0,11.56,13.4,19.9,4.2,4.6,Uber Wallet
eBike,190.0,40.68,14.8,25.7,4.3,3.7,Uber Wallet
Go Sedan,96.0,9.11,12.9,40.5,3.7,4.1,UPI
Go Mini,641.0,37.46,8.4,30.8,4.5,5.0,Cash
Go Mini,126.0,26.09,5.8,28.3,4.6,4.5,UPI
Go Sedan,552.0,45.03,5.0,27.5,3.9,3.7,Cash
Auto,1641.0,25.46,14.2,35.4,4.8,3.8,Cash
Auto,657.0,47.59,8.3,17.9,4.9,4.3,UPI
Auto,185.0,49.2,11.9,40.3,4.9,4.3,Debit Card
Auto,379.0,43.14,8.0,23.6,4.3,3.9,UPI
Go Mini,1049.0,33.84,12.5,34.1,4.6,4.2,Credit Card
Bike,171.0,31.09,14.7,34.3,4.2,3.9,Uber Wallet
Bike,210.0,25.2,14.4,23.5,4.1,4.3,UPI
Go Mini,777.0,45.97,12.1,24.1,5.0,4.8,Credit Card
Auto,102.0,34.31,14.5,34.4,4.9,4.2,UPI
Go Mini,156.0,31.17,10.8,23.5,4.5,4.6,Uber Wallet
Bike,63.0,4.1,13.3,37.8,3.9,4.3,Cash
Bike,234.0,36.3,10.5,26.7,5.0,4.8,UPI
Bike,91.0,31.01,11.5,15.3,4.5,4.9,UPI
Go Sedan,631.0,41.61,13.7,27.9,4.6,4.7,Cash
Go Sedan,355.0,48.09,10.8,27.2,4.9,4.9,UPI
Go Sedan,1247.0,39.63,9.0,27.0,4.1,4.8,UPI
Bike,489.0,42.64,7.5,25.2,4.3,4.1,Cash
Bike,138.0,39.21,13.8,37.1,5.0,4.2,Debit Card
Bike,147.0,27.19,2.4,38.3,4.0,4.2,Cash
Go Sedan,162.0,36.35,3.6,17.0,4.3,4.4,Debit Card
Go Sedan,733.0,45.6,7.6,36.3,4.9,4.9,Cash
Auto,1327.0,19.03,10.4,44.5,4.2,4.5,UPI
Go Mini,373.0,49.01,14.5,22.9,4.1,4.3,UPI
Auto,373.0,13.53,6.4,42.1,4.6,4.8,Cash
Go Mini,394.0,19.73,7.1,39.9,4.8,4.6,UPI
Auto,208.0,17.3,13.3,34.8,3.9,4.2,Cash
Go Mini,421.0,8.99,2.5,29.1,4.3,3.7,Credit Card
Premier Sedan,866.0,25.28,14.6,25.8,3.2,4.6,Uber Wallet
Auto,186.0,46.37,5.1,38.5,4.1,4.3,UPI
Go Sedan,117.0,32.35,11.3,36.5,4.2,4.9,UPI
Auto,713.0,35.81,14.0,43.8,4.2,4.3,UPI
Go Mini,917.0,38.98,7.1,16.7,4.3,4.6,UPI
Bike,888.0,38.54,14.0,43.0,3.9,3.8,UPI
Bike,1245.0,15.27,9.7,37.1,4.2,4.1,Credit Card
Go Sedan,306.0,26.41,5.1,36.0,4.6,3.5,UPI
Go Sedan,316.0,25.81,6.8,37.8,4.1,4.6,UPI
Bike,273.0,10.42,11.5,32.7,4.3,4.6,UPI
Go Mini,894.0,48.87,7.9,18.3,4.8,4.8,UPI
Premier Sedan,347.0,44.5,6.5,41.6,4.2,4.8,Debit Card
Auto,391.0,39.19,3.4,39.0,4.1,4.5,Uber Wallet
Go Mini,248.0,2.94,6.1,43.7,4.4,4.4,Cash
Auto,479.0,29.74,11.7,28.8,4.8,4.8,UPI
Go Sedan,1319.0,20.09,7.8,30.5,3.3,4.5,UPI
Premier Sedan,216.0,20.58,13.7,17.3,4.4,4.9,UPI
eBike,1025.0,25.33,9.8,37.0,3.9,4.4,UPI
Go Sedan,586.0,27.02,6.4,24.0,4.3,4.6,Cash
Auto,169.0,41.35,9.0,34.0,3.9,3.4,UPI
Go Mini,109.0,17.1,4.3,15.9,4.4,4.6,UPI
Bike,377.0,43.29,5.2,42.9,4.8,4.8,UPI
eBike,762.0,6.22,3.5,28.4,4.1,4.5,Cash
Premier Sedan,372.0,4.37,6.6,43.5,4.2,4.1,Cash
Premier Sedan,95.0,23.55,14.4,25.4,4.9,4.5,UPI
Go Mini,166.0,5.38,8.3,36.1,4.2,4.1,UPI
Go Mini,316.0,30.24,10.6,29.1,4.0,4.2,UPI
Bike,81.0,38.54,5.3,44.3,4.6,4.8,UPI
Bike,73.0,37.59,5.5,20.4,3.8,4.1,Debit Card
Go Mini,308.0,11.47,8.3,23.3,4.1,4.9,UPI
Premier Sedan,284.0,33.71,5.8,34.4,3.9,4.3,Cash
Premier Sedan,277.0,7.02,8.2,23.3,4.1,3.9,Cash
Bike,341.0,8.02,4.8,39.3,4.2,4.2,UPI
Go Sedan,499.0,30.07,12.4,43.9,4.2,3.8,UPI
Auto,191.0,2.4,5.6,29.7,4.1,4.2,UPI
Go Sedan,89.0,47.95,4.3,37.2,4.2,4.2,UPI
Bike,235.0,4.18,8.9,22.0,3.9,4.4,UPI
Go Mini,637.0,46.16,11.7,32.8,3.7,4.8,UPI
Auto,328.0,34.38,3.8,26.0,4.3,3.9,Credit Card
Auto,273.0,47.15,7.7,33.7,4.3,4.1,UPI
Go Mini,123.0,6.52,10.0,41.6,4.3,4.5,UPI
Go Mini,590.0,33.81,13.6,32.7,4.7,4.0,UPI
Premier Sedan,65.0,14.07,14.9,31.6,3.8,4.8,Cash
Go Mini,486.0,9.17,5.5,28.1,4.6,4.1,Cash
Bike,234.0,5.78,8.1,43.9,3.7,4.3,Debit Card
Go Mini,143.0,11.03,4.6,17.5,3.1,5.0,UPI
Go Mini,952.0,23.84,2.3,24.8,4.3,4.2,Uber Wallet
Premier Sedan,376.0,28.18,6.4,27.8,4.9,4.9,Debit Card
Auto,386.0,37.8,2.2,16.5,4.6,5.0,Cash
Auto,312.0,21.24,15.0,18.2,4.0,4.6,Uber Wallet
Go Mini,123.0,16.84,2.1,27.2,4.6,4.3,Cash
Premier Sedan,477.0,18.31,7.0,29.2,4.6,4.3,Cash
Go Mini,1082.0,23.05,11.1,36.8,4.2,3.7,UPI
Bike,133.0,33.86,9.4,30.9,4.8,3.9,UPI
Go Mini,887.0,39.81,12.0,35.1,4.2,4.9,Credit Card
Premier Sedan,195.0,29.19,6.5,39.0,3.6,4.7,UPI
Bike,180.0,48.86,7.9,24.9,4.3,4.8,UPI
Go Mini,498.0,39.68,14.8,35.0,3.6,4.2,UPI
Go Sedan,316.0,38.72,12.3,16.5,4.7,4.6,UPI
Uber XL,762.0,3.07,7.1,22.3,4.3,3.8,UPI
Bike,328.0,24.72,8.4,41.9,4.2,4.9,Debit Card
Go Mini,938.0,30.73,11.1,26.3,4.2,4.9,Cash
Auto,287.0,29.86,14.3,18.3,4.2,4.6,Cash
Auto,1398.0,39.35,12.0,25.4,4.3,4.3,Cash
Bike,967.0,33.95,6.5,39.6,5.0,4.3,UPI
eBike,396.0,27.27,7.6,40.4,4.4,4.2,Debit Card
Auto,197.0,33.29,5.5,15.9,4.9,3.8,Cash
Go Mini,1374.0,39.65,4.8,30.5,4.6,3.5,UPI
Auto,481.0,5.17,11.8,34.9,4.1,4.2,UPI
Go Mini,128.0,18.66,8.6,20.4,4.1,4.2,Cash
Auto,910.0,7.66,4.1,23.1,4.4,4.6,UPI
Go Mini,1124.0,10.22,14.2,30.8,4.3,4.3,Cash
Go Sedan,397.0,36.02,7.8,38.6,3.3,5.0,UPI
Uber XL,51.0,27.17,13.9,24.6,4.2,4.7,Credit Card
Go Sedan,1120.0,10.25,2.0,26.7,3.7,4.2,UPI
Bike,895.0,15.89,3.9,39.9,4.6,4.3,UPI
Auto,618.0,40.23,2.4,18.5,3.8,4.2,UPI
Go Sedan,886.0,36.51,13.2,26.2,4.0,4.1,Uber Wallet
Go Sedan,949.0,5.76,8.6,33.6,4.2,4.2,Uber Wallet
Go Mini,326.0,20.21,5.5,32.0,3.4,4.6,UPI
Auto,493.0,2.42,7.5,29.4,4.1,4.9,Uber Wallet
Go Mini,748.0,19.09,2.3,35.7,4.4,3.7,Cash
Bike,737.0,30.37,6.6,18.6,4.0,3.8,UPI
Go Sedan,178.0,45.11,5.0,18.2,4.6,3.1,UPI
Auto,1088.0,5.85,3.7,29.5,4.2,5.0,Credit Card
Go Sedan,1331.0,19.76,6.0,17.5,4.6,4.4,Credit Card
Auto,1548.0,24.51,7.1,39.5,4.1,4.7,Cash
Go Mini,1178.0,15.69,3.8,36.1,4.5,4.1,UPI
Bike,475.0,23.61,7.1,16.3,4.2,4.3,UPI
Premier Sedan,131.0,4.08,14.3,23.7,4.2,4.9,Credit Card
Go Sedan,120.0,36.92,8.9,27.2,4.2,4.6,Credit Card
Go Mini,392.0,28.38,5.1,32.9,4.6,4.9,UPI
Go Mini,963.0,21.36,5.0,31.0,3.1,4.5,UPI
Auto,471.0,10.57,2.6,22.6,4.8,4.7,Debit Card
Auto,175.0,38.82,7.6,22.2,3.2,4.6,UPI
eBike,228.0,28.15,6.1,34.4,4.7,5.0,Cash
Auto,578.0,27.85,10.2,17.2,4.3,4.7,UPI
Auto,440.0,45.76,13.6,44.1,4.2,4.9,Cash
Go Sedan,502.0,41.75,8.1,37.9,3.9,4.8,Cash
Go Sedan,617.0,27.09,12.2,23.9,4.3,4.1,UPI
Premier Sedan,382.0,40.02,4.7,39.7,5.0,4.1,Uber Wallet
Bike,158.0,29.41,4.9,16.2,4.3,4.5,UPI
Auto,193.0,16.61,7.1,43.0,4.2,4.1,UPI
Premier Sedan,278.0,31.92,4.0,33.1,4.1,4.3,UPI
Auto,694.0,47.17,12.6,29.9,4.6,4.4,Uber Wallet
Premier Sedan,553.0,49.12,2.4,25.9,4.4,4.9,Cash
Bike,223.0,14.81,7.5,33.3,4.1,4.3,Credit Card
Bike,447.0,46.6,14.4,44.7,4.2,4.7,UPI
Bike,85.0,26.65,3.0,43.0,4.6,4.1,Cash
Premier Sedan,741.0,43.2,9.0,23.9,3.9,4.2,Uber Wallet
Premier Sedan,454.0,18.78,3.5,19.4,3.9,3.7,Cash
Premier Sedan,659.0,27.18,7.7,33.6,4.6,4.6,UPI
Go Mini,456.0,35.31,9.7,42.4,3.9,4.5,Credit Card
Uber XL,518.0,5.16,4.7,30.4,3.4,3.8,Cash
Go Mini,292.0,45.41,9.0,15.0,5.0,4.8,UPI
Auto,760.0,26.22,9.8,15.0,4.4,5.0,UPI
Auto,482.0,28.88,5.2,41.9,4.1,4.8,Debit Card
Auto,77.0,39.23,7.2,23.7,3.9,4.5,Cash
Premier Sedan,314.0,36.97,3.1,27.0,4.5,4.3,Cash
Bike,838.0,47.51,4.3,26.7,3.7,4.7,Uber Wallet
Auto,905.0,32.62,4.5,26.7,4.3,4.7,Cash
Auto,2037.0,16.54,7.2,29.5,4.4,4.6,Uber Wallet
Auto,695.0,31.13,5.1,18.6,4.2,4.6,Credit Card
eBike,164.0,30.09,3.2,40.3,4.3,4.6,UPI
eBike,195.0,6.37,2.1,28.6,3.7,4.4,Credit Card
Auto,130.0,8.33,13.5,40.6,4.3,4.7,UPI
Auto,202.0,32.66,4.1,21.4,4.8,4.2,Cash
Go Sedan,264.0,37.16,4.4,15.7,3.7,4.7,Cash
Bike,774.0,3.11,7.9,27.5,3.6,4.2,UPI
Auto,127.0,15.86,14.8,17.1,4.9,4.2,UPI
Bike,694.0,3.51,12.9,25.1,4.6,3.4,UPI
Premier Sedan,413.0,30.16,8.4,37.1,3.1,4.3,UPI
Go Mini,150.0,18.4,13.1,32.5,3.9,4.9,UPI
Go Mini,943.0,12.62,7.3,35.2,3.9,4.6,Debit Card
Bike,789.0,45.55,7.3,18.8,4.6,4.3,UPI
Go Mini,157.0,14.81,3.1,22.1,3.2,4.9,UPI
Go Sedan,1163.0,44.14,8.9,19.1,4.2,3.3,Credit Card
Premier Sedan,244.0,33.95,11.2,29.7,4.2,4.1,UPI
Go Mini,87.0,18.08,14.7,18.0,4.3,3.2,Credit Card
Go Mini,800.0,30.47,14.3,42.9,4.0,4.9,Uber Wallet
Auto,124.0,3.9,10.9,25.8,4.4,4.3,UPI
Uber XL,268.0,38.28,5.2,19.8,3.7,4.6,Uber Wallet
Go Sedan,659.0,18.56,7.2,15.0,4.3,4.6,UPI
Go Mini,443.0,9.97,13.3,34.2,3.8,3.7,UPI
Bike,114.0,15.03,10.0,21.0,4.6,4.9,Cash
Premier Sedan,668.0,2.39,13.7,42.5,4.2,3.7,Cash
Auto,895.0,49.31,10.7,33.6,3.3,4.3,Cash
Auto,312.0,25.46,9.5,22.5,3.9,5.0,Debit Card
Go Mini,302.0,14.03,14.2,25.0,4.2,5.0,Debit Card
Go Mini,140.0,16.38,13.3,32.4,3.8,4.6,Uber Wallet
Go Mini,388.0,36.69,5.7,39.4,4.7,4.0,UPI
Bike,680.0,13.4,8.7,33.4,4.3,4.2,Cash
Uber XL,981.0,2.94,13.2,41.3,4.6,3.7,UPI
Premier Sedan,440.0,21.75,11.7,26.0,3.3,3.7,UPI
Auto,1225.0,7.11,10.3,36.9,4.4,4.5,UPI
Uber XL,63.0,47.7,13.3,23.6,4.3,4.9,Credit Card
Go Mini,179.0,35.33,12.4,44.1,4.9,4.2,UPI
Auto,956.0,15.28,6.6,36.4,3.1,4.3,UPI
Go Mini,628.0,48.94,10.4,29.9,4.6,4.3,Cash
Bike,861.0,8.15,3.4,32.2,3.9,4.9,Cash
Premier Sedan,2383.0,19.98,12.3,22.2,4.9,4.6,UPI
Go Mini,695.0,34.45,9.2,33.5,3.3,4.9,UPI
Auto,508.0,38.83,14.7,30.6,4.4,4.9,UPI
Auto,342.0,39.74,12.5,20.0,4.3,4.9,Cash
Premier Sedan,961.0,11.26,4.2,43.0,3.2,4.6,UPI
Auto,682.0,41.79,14.7,16.4,4.3,4.3,UPI
eBike,148.0,30.01,3.6,40.3,4.2,4.2,Uber Wallet
Go Mini,527.0,10.29,13.8,37.6,4.7,4.2,Debit Card
Auto,107.0,28.39,7.4,19.4,4.2,4.3,UPI
Premier Sedan,978.0,37.84,13.3,27.0,3.9,3.8,UPI
Bike,471.0,46.88,10.2,22.7,4.1,5.0,UPI
Bike,533.0,45.82,4.3,17.9,3.6,3.3,UPI
Auto,333.0,17.59,4.0,35.5,4.3,4.2,Cash
Premier Sedan,51.0,16.18,3.5,20.3,4.3,4.3,Debit Card
Go Sedan,601.0,4.3,6.0,37.3,4.0,4.2,Cash
Go Sedan,356.0,33.14,8.7,28.3,3.1,4.9,Credit Card
Auto,239.0,38.92,5.1,43.7,3.0,3.3,Uber Wallet
Go Mini,523.0,16.91,9.5,33.4,4.0,4.6,Cash
Go Sedan,920.0,4.87,7.0,38.4,3.7,4.1,Cash
Go Sedan,498.0,7.62,14.8,40.8,4.2,3.7,Uber Wallet
Auto,283.0,32.56,3.1,23.9,4.3,4.8,Debit Card
Auto,1496.0,26.06,10.7,44.5,3.4,4.4,Uber Wallet
Bike,206.0,21.98,6.6,24.6,4.9,4.2,Cash
eBike,196.0,29.18,4.6,16.5,4.6,4.7,Uber Wallet
Go Sedan,77.0,33.87,6.6,23.0,4.6,4.9,Uber Wallet
Auto,473.0,47.72,14.7,20.7,4.7,4.4,Credit Card
Premier Sedan,897.0,3.36,12.6,44.7,4.5,4.2,UPI
Go Mini,824.0,31.96,13.0,27.6,5.0,3.2,Credit Card
Auto,319.0,30.15,4.0,33.8,3.7,4.4,Uber Wallet
Premier Sedan,957.0,23.06,14.4,39.2,5.0,4.0,UPI
Auto,342.0,2.73,6.0,40.7,4.4,4.2,Credit Card
eBike,199.0,6.82,14.6,15.4,4.3,4.2,UPI
Bike,114.0,42.51,3.8,25.1,4.6,4.1,Cash
Premier Sedan,342.0,42.07,10.2,40.0,3.5,5.0,Credit Card
Premier Sedan,106.0,9.18,2.9,39.0,4.3,4.9,UPI
Bike,560.0,37.97,6.8,42.3,4.2,4.9,UPI
Go Sedan,230.0,31.89,7.0,40.5,3.8,5.0,UPI
Auto,558.0,43.48,10.4,39.6,4.4,4.4,UPI
eBike,101.0,42.94,2.1,28.3,4.1,3.7,UPI
Auto,1240.0,36.43,5.9,35.9,4.4,4.6,UPI
Auto,702.0,29.66,12.7,28.4,3.8,4.2,Cash
Premier Sedan,757.0,31.38,10.1,17.1,3.8,4.7,UPI
eBike,91.0,49.87,12.8,25.1,5.0,4.3,Cash
Auto,298.0,43.87,13.8,23.6,3.2,4.2,Debit Card
Uber XL,485.0,39.29,5.6,25.8,4.3,4.8,UPI
Auto,141.0,16.41,14.0,17.7,4.3,5.0,Cash
Go Sedan,81.0,18.5,7.1,21.9,4.5,4.9,Cash
Go Sedan,96.0,35.48,4.1,42.0,4.3,4.6,UPI
eBike,180.0,22.96,13.4,24.5,4.3,3.8,Debit Card
Go Sedan,693.0,8.06,3.9,25.1,4.6,4.2,UPI
Go Sedan,706.0,46.33,14.5,37.1,4.6,4.3,Cash
Auto,344.0,24.73,4.0,43.5,4.5,4.5,Credit Card
Premier Sedan,376.0,23.49,12.2,28.9,4.2,3.9,UPI
Bike,932.0,13.35,12.2,40.2,4.4,4.2,Cash
Go Sedan,1161.0,7.36,13.0,17.1,4.7,4.4,Cash
Go Sedan,253.0,4.02,7.8,36.1,4.6,5.0,UPI
Premier Sedan,61.0,28.42,8.8,40.5,4.6,4.9,Uber Wallet
Premier Sedan,368.0,24.57,11.6,16.8,4.5,4.9,Credit Card
Auto,733.0,24.12,4.3,28.6,4.3,4.9,Cash
Go Sedan,627.0,23.83,14.4,34.4,4.4,4.2,UPI
Premier Sedan,88.0,26.64,8.3,20.4,4.2,4.2,UPI
Go Sedan,479.0,42.7,2.3,36.4,4.7,4.3,Uber Wallet
Auto,871.0,29.75,10.8,30.7,4.5,4.5,UPI
Auto,222.0,37.74,13.5,34.7,5.0,4.8,Uber Wallet
Premier Sedan,302.0,34.12,7.5,16.2,4.7,3.3,UPI
Bike,277.0,42.5,2.3,23.5,3.8,4.9,UPI
Bike,874.0,25.78,8.6,18.0,4.4,4.9,UPI
Auto,385.0,38.67,3.2,31.9,3.9,4.7,UPI
Bike,358.0,30.02,9.3,28.1,4.4,5.0,Debit Card
Auto,370.0,5.11,7.9,31.5,4.2,5.0,Uber Wallet
Go Mini,373.0,23.18,8.2,37.6,4.5,4.3,Debit Card
Auto,595.0,44.38,8.4,39.7,4.4,4.9,Debit Card
Auto,954.0,9.31,7.1,26.1,4.1,4.7,UPI
eBike,1102.0,33.68,10.3,35.0,4.6,4.0,Debit Card
Premier Sedan,501.0,24.31,5.5,41.5,4.3,4.2,Uber Wallet
Auto,343.0,18.63,13.9,44.5,4.9,4.9,Uber Wallet
Auto,786.0,8.39,5.6,37.7,4.1,4.9,Credit Card
Bike,746.0,11.91,13.2,42.4,4.2,4.9,Cash
Premier Sedan,430.0,3.03,9.7,21.4,4.2,4.4,UPI
Premier Sedan,129.0,4.75,9.0,21.7,4.2,5.0,Cash
Go Sedan,459.0,21.01,11.0,39.2,3.1,4.9,Uber Wallet
Go Sedan,461.0,11.89,2.0,24.9,4.4,4.3,Debit Card
Bike,733.0,48.89,10.5,22.1,3.8,4.9,Credit Card
Bike,673.0,12.85,14.8,21.4,4.3,4.4,Debit Card
eBike,121.0,37.04,11.8,42.8,4.0,4.9,Uber Wallet
Go Sedan,560.0,3.88,3.9,30.1,4.3,4.9,Cash
Bike,361.0,41.61,13.4,22.3,4.3,4.3,Debit Card
Premier Sedan,513.0,30.78,3.8,35.7,4.5,4.1,UPI
Auto,71.0,10.89,13.8,18.9,4.5,5.0,UPI
Premier Sedan,493.0,25.67,4.6,42.9,3.8,4.3,Cash
Go Sedan,358.0,23.2,5.3,16.0,3.9,4.1,UPI
Go Sedan,438.0,49.57,4.0,36.4,4.1,4.4,Cash
Bike,128.0,36.9,14.7,31.5,4.3,4.9,Cash
Go Mini,407.0,4.19,12.5,15.1,4.6,4.6,Credit Card
Bike,1513.0,47.58,4.0,41.3,4.7,4.5,Cash
Auto,755.0,31.75,5.7,43.7,4.6,4.5,Cash
Auto,651.0,34.64,7.9,15.9,3.4,4.2,Credit Card
Premier Sedan,522.0,29.42,2.9,16.8,4.2,4.3,Debit Card
Auto,480.0,5.76,2.5,18.3,4.2,4.6,Debit Card
Premier Sedan,515.0,33.42,10.6,18.9,4.8,4.6,Uber Wallet
Bike,751.0,33.82,9.9,23.2,4.9,4.8,Cash
Bike,256.0,43.39,9.4,16.0,4.3,4.8,Cash
eBike,682.0,23.53,12.0,39.4,4.3,4.2,UPI
Bike,655.0,35.84,11.1,16.0,4.2,4.4,Credit Card
Go Sedan,253.0,43.08,12.6,18.1,4.7,4.2,Cash
Go Sedan,402.0,13.89,12.7,43.5,4.6,5.0,Credit Card
Premier Sedan,206.0,12.69,10.0,24.1,4.6,5.0,Debit Card
Bike,83.0,31.56,4.7,30.3,4.9,4.9,UPI
Premier Sedan,689.0,22.02,13.0,19.0,4.2,4.3,Cash
Go Mini,81.0,3.44,4.9,36.8,4.5,3.1,UPI
eBike,276.0,25.15,12.1,35.0,4.7,4.9,UPI
Premier Sedan,726.0,14.56,9.9,29.8,3.6,4.0,Cash
Auto,992.0,23.19,10.5,34.4,3.8,5.0,Uber Wallet
Go Mini,269.0,44.85,5.7,42.9,4.3,4.7,Uber Wallet
Premier Sedan,395.0,32.69,12.6,35.2,3.7,4.6,UPI
Go Mini,257.0,5.65,3.8,39.2,4.1,4.7,UPI
Bike,2804.0,29.52,6.8,36.2,4.3,4.6,UPI
Bike,194.0,31.98,14.1,38.4,4.5,4.3,UPI
Go Sedan,990.0,35.42,12.7,31.2,4.1,4.9,UPI
Auto,189.0,49.08,6.3,38.6,4.6,4.6,Credit Card
Auto,484.0,43.48,3.3,27.7,4.2,4.2,UPI
Go Sedan,289.0,16.01,10.3,34.7,4.6,4.2,Credit Card
Bike,820.0,42.9,4.6,33.9,4.1,4.2,Uber Wallet
Bike,188.0,3.91,8.8,44.9,4.2,4.2,Cash
Auto,578.0,42.27,8.0,39.0,4.6,4.5,UPI
Bike,1466.0,33.91,9.6,29.1,4.8,4.9,UPI
Bike,461.0,22.2,13.0,21.1,4.3,4.5,UPI
Premier Sedan,161.0,6.88,8.5,23.2,3.6,5.0,Cash
Premier Sedan,982.0,14.31,11.5,28.9,4.6,4.5,UPI
Go Mini,51.0,47.03,10.3,30.8,4.2,4.5,Credit Card
Auto,316.0,21.64,7.7,21.1,4.1,4.9,Credit Card
Go Sedan,493.0,17.36,14.9,37.6,4.3,4.1,Uber Wallet
Go Mini,207.0,35.65,7.8,33.6,3.9,4.2,Cash
Auto,745.0,24.78,8.5,17.7,4.2,4.1,UPI
Auto,165.0,16.31,6.1,37.3,4.2,4.8,UPI
Go Mini,392.0,36.43,2.0,23.0,4.3,4.4,Credit Card
Go Sedan,796.0,44.28,6.9,19.5,4.1,3.9,Uber Wallet
Auto,2401.0,48.03,10.0,16.8,3.6,4.6,Credit Card
Auto,483.0,5.68,11.3,17.0,4.2,4.9,UPI
Bike,109.0,41.71,2.2,31.3,4.1,4.2,Credit Card
Auto,88.0,22.94,6.0,40.9,4.5,4.8,Uber Wallet
Go Sedan,799.0,28.66,2.1,34.7,4.6,4.9,Credit Card
Bike,908.0,28.4,12.5,17.0,4.3,4.4,UPI
Go Sedan,682.0,3.05,4.2,18.9,4.7,4.3,UPI
Go Sedan,1166.0,2.63,13.9,24.0,4.2,4.4,Cash
Bike,979.0,10.26,4.1,16.3,4.6,4.4,UPI
Go Sedan,845.0,5.5,6.1,43.3,4.9,4.5,Cash
Auto,819.0,5.02,6.5,37.8,3.7,4.2,UPI
Bike,204.0,41.59,11.6,30.2,4.3,4.1,Cash
Auto,572.0,8.09,14.4,17.3,3.1,4.6,Uber Wallet
Premier Sedan,714.0,6.78,5.7,21.2,3.5,4.3,UPI
Auto,565.0,24.5,12.0,19.5,4.6,4.9,Uber Wallet
Auto,201.0,8.97,5.2,32.7,4.7,4.8,Credit Card
Auto,184.0,39.25,2.5,20.5,4.2,4.1,UPI
Go Sedan,170.0,6.17,10.0,42.0,4.2,4.5,Cash
Go Sedan,208.0,46.27,8.5,32.8,4.4,4.1,UPI
Bike,1263.0,36.66,3.2,31.8,4.3,4.9,UPI
eBike,159.0,38.13,12.2,40.7,4.5,3.7,Debit Card
Auto,938.0,8.86,2.0,20.1,3.4,3.3,UPI
Uber XL,499.0,15.06,6.1,24.3,3.9,4.6,Cash
Go Sedan,219.0,19.12,4.5,34.2,3.4,4.2,Cash
Go Mini,1559.0,13.07,14.1,25.6,4.1,4.6,Cash
Go Mini,450.0,7.65,13.4,17.1,4.2,4.5,UPI
Auto,106.0,40.34,9.3,42.2,5.0,3.0,UPI
Premier Sedan,644.0,27.83,8.9,32.8,5.0,4.8,Debit Card
Go Mini,325.0,26.87,8.3,20.6,4.8,4.6,UPI
Go Sedan,840.0,13.96,15.0,25.1,4.2,4.3,UPI
Auto,867.0,41.26,13.0,28.0,4.4,4.7,Cash
Bike,425.0,12.58,12.9,15.5,4.3,4.9,UPI
Go Sedan,1071.0,41.68,7.2,32.2,4.5,4.1,Credit Card
Uber XL,414.0,12.73,14.9,20.6,4.2,4.2,Cash
Premier Sedan,587.0,45.74,6.4,16.8,4.1,4.7,UPI
Go Sedan,275.0,9.74,7.9,32.0,4.2,4.2,UPI
Go Sedan,296.0,5.78,6.9,43.4,4.3,4.8,UPI
Uber XL,235.0,16.97,14.8,27.3,4.5,3.2,Debit Card
Bike,310.0,26.31,2.7,32.5,3.0,4.8,UPI
Auto,829.0,32.68,13.9,44.6,4.2,4.2,UPI
Uber XL,164.0,20.39,8.9,15.2,4.6,4.2,UPI
Bike,856.0,41.68,13.6,25.0,4.6,4.2,UPI
Bike,198.0,31.87,14.4,33.9,4.3,4.4,UPI
Go Sedan,341.0,45.58,10.0,21.5,4.3,4.3,Uber Wallet
Go Sedan,56.0,24.88,6.5,43.4,4.2,4.9,UPI
Auto,189.0,3.67,13.8,24.2,4.3,3.1,Cash
Premier Sedan,349.0,40.67,4.5,19.4,3.4,4.6,UPI
Go Mini,451.0,29.69,3.9,32.9,3.8,4.6,UPI
eBike,363.0,24.05,12.5,37.8,3.4,4.9,UPI
Bike,146.0,47.32,3.1,18.5,4.6,4.9,UPI
Go Sedan,347.0,45.06,6.0,34.7,4.2,4.7,UPI
Auto,729.0,25.72,4.7,19.1,4.3,4.2,UPI
Bike,253.0,24.47,6.7,17.8,4.2,4.1,UPI
Auto,152.0,38.28,5.1,40.4,4.4,4.2,Credit Card
Bike,232.0,24.96,12.1,39.6,4.4,4.6,UPI
Go Sedan,382.0,40.6,3.5,40.2,3.7,4.2,Credit Card
Auto,581.0,15.95,5.2,43.5,4.3,4.3,Uber Wallet
eBike,734.0,45.52,4.5,16.6,4.4,4.9,Uber Wallet
Auto,754.0,39.1,11.4,31.5,4.3,4.9,Credit Card
Go Sedan,92.0,13.17,3.3,28.0,4.3,4.3,Credit Card
Bike,149.0,37.17,4.8,36.5,3.9,4.6,UPI
Go Sedan,2368.0,3.54,9.9,40.4,4.2,4.3,UPI
Go Sedan,305.0,7.49,2.5,21.1,3.4,4.3,UPI
Auto,315.0,31.95,4.3,34.1,4.2,3.9,Uber Wallet
Uber XL,421.0,9.62,14.8,29.0,3.7,4.6,UPI
Bike,1117.0,33.43,3.7,42.1,4.2,5.0,Uber Wallet
eBike,419.0,16.12,11.0,38.5,3.5,4.3,Credit Card
Auto,643.0,30.72,11.8,17.3,4.2,4.9,Credit Card
Go Mini,2602.0,36.13,9.6,42.3,4.2,4.9,Credit Card
Auto,142.0,37.09,3.7,35.8,4.0,4.4,UPI
Go Sedan,616.0,21.58,4.8,15.2,4.3,4.4,UPI
Premier Sedan,418.0,38.33,13.9,24.6,3.9,4.8,Debit Card
Bike,1450.0,21.84,13.9,20.6,4.0,4.1,Credit Card
Go Sedan,1933.0,23.6,12.2,40.3,4.8,3.8,Debit Card
Premier Sedan,430.0,48.16,13.9,40.2,4.6,4.9,Cash
Go Mini,427.0,6.83,7.6,40.1,4.6,4.9,UPI
eBike,602.0,24.39,7.0,29.3,4.4,4.2,UPI
Auto,264.0,23.57,13.7,43.9,4.3,5.0,UPI
Go Sedan,131.0,12.08,7.3,24.7,3.7,4.8,Credit Card
Auto,949.0,34.47,10.1,23.1,4.0,4.5,UPI
Bike,137.0,47.62,6.6,33.4,4.8,3.9,UPI
Go Sedan,472.0,35.94,11.9,19.6,3.8,4.4,Credit Card
Premier Sedan,251.0,32.56,6.0,18.0,4.6,4.3,Credit Card
Auto,416.0,5.47,3.4,41.8,4.3,3.9,UPI
Auto,524.0,6.18,12.2,44.6,4.1,4.7,Uber Wallet
Bike,428.0,42.96,6.2,29.6,3.4,4.7,Cash
eBike,890.0,10.8,8.3,17.1,3.3,4.9,Cash
Go Sedan,404.0,2.5,6.6,38.7,4.3,4.4,Uber Wallet
Bike,402.0,48.28,11.2,18.3,3.1,4.3,UPI
Auto,253.0,3.47,10.3,27.1,3.4,4.3,UPI
Go Mini,789.0,37.04,14.8,15.4,4.4,4.9,Debit Card
Go Mini,419.0,21.9,11.7,36.4,4.2,3.7,Cash
Premier Sedan,156.0,11.77,5.6,22.7,4.1,4.5,UPI
Auto,3141.0,18.93,9.6,16.5,3.7,4.2,Uber Wallet
Go Sedan,453.0,21.61,11.6,39.3,4.3,4.6,UPI
Auto,741.0,11.03,8.4,42.2,3.9,4.2,Cash
Go Sedan,157.0,31.64,4.0,30.6,4.2,4.6,UPI
Go Mini,239.0,45.52,11.7,29.8,4.3,4.9,Cash
eBike,309.0,45.95,6.6,36.1,3.2,4.2,UPI
Bike,80.0,7.32,13.7,25.3,4.2,4.3,Credit Card
Bike,887.0,18.87,2.3,37.6,4.2,4.1,UPI
Auto,524.0,4.14,14.1,24.0,3.9,4.2,UPI
Go Sedan,373.0,36.32,12.3,39.1,3.8,4.6,Cash
eBike,249.0,32.02,4.9,37.5,4.2,4.2,Credit Card
Go Sedan,459.0,12.29,9.6,31.4,4.2,4.7,UPI
Auto,878.0,22.45,13.9,44.3,4.2,3.2,Cash
Auto,474.0,17.27,8.5,34.7,4.3,4.1,Debit Card
Go Mini,160.0,46.96,9.3,24.6,4.8,4.2,UPI
Auto,411.0,43.86,7.1,39.6,5.0,4.8,UPI
Go Sedan,253.0,15.34,13.7,16.0,3.8,4.9,UPI
Auto,941.0,40.89,14.7,43.2,4.2,5.0,Credit Card
Uber XL,709.0,11.4,11.9,24.5,4.2,3.2,Cash
Go Mini,78.0,4.14,11.9,30.1,3.6,4.3,UPI
Bike,470.0,47.06,3.4,36.9,4.2,4.5,Uber Wallet
Auto,390.0,45.63,13.2,22.5,4.3,4.8,Debit Card
Auto,199.0,16.23,7.8,44.1,4.2,3.7,Cash
Bike,319.0,47.98,10.1,29.1,4.2,3.8,Cash
Premier Sedan,565.0,9.02,6.0,19.6,4.2,4.3,Cash
Go Sedan,108.0,37.67,2.8,19.5,4.2,4.4,Cash
Go Mini,391.0,32.77,5.4,35.4,4.3,4.8,UPI
Auto,1412.0,39.26,14.5,36.3,3.1,4.7,Debit Card
Auto,1232.0,11.38,7.5,15.5,4.4,4.4,UPI
Uber XL,902.0,10.05,3.1,22.7,4.5,4.1,Cash
Go Mini,76.0,21.79,3.2,20.1,4.7,3.6,Uber Wallet
Go Sedan,133.0,29.5,5.4,41.2,4.9,4.3,Cash
Bike,681.0,47.65,5.4,40.4,4.2,4.1,UPI
Premier Sedan,492.0,35.0,14.3,26.7,4.6,4.3,UPI
Auto,1129.0,45.19,7.9,28.8,4.3,4.6,Credit Card
Go Mini,241.0,12.96,2.6,27.7,4.6,4.6,Cash
Go Mini,164.0,8.64,4.6,38.3,4.9,4.2,UPI
Premier Sedan,53.0,2.14,14.9,34.5,4.3,4.7,Debit Card
Premier Sedan,438.0,2.52,5.5,16.2,4.6,4.9,Debit Card
Premier Sedan,170.0,45.91,13.6,35.1,3.7,4.5,UPI
Auto,56.0,12.97,4.8,17.1,4.3,4.2,Debit Card
Auto,276.0,35.68,8.2,27.8,4.3,4.3,UPI
eBike,1317.0,12.72,8.4,29.6,3.0,4.4,UPI
Go Mini,342.0,9.76,9.4,25.6,4.9,4.6,UPI
Go Mini,154.0,46.63,6.9,37.9,3.7,4.8,Uber Wallet
Auto,413.0,43.17,2.6,15.8,3.8,4.2,Credit Card
Auto,199.0,4.79,10.2,38.1,3.8,4.7,UPI
Bike,208.0,48.99,10.7,19.9,4.3,4.1,UPI
Go Sedan,1327.0,35.5,11.4,15.4,4.3,5.0,Cash
Go Mini,266.0,47.14,8.3,29.8,4.7,4.3,UPI
Premier Sedan,837.0,30.78,7.1,39.0,4.2,4.7,Debit Card
Auto,784.0,3.32,10.1,33.7,4.3,3.2,UPI
Bike,736.0,40.27,12.5,44.1,4.2,4.0,UPI
Bike,98.0,48.41,6.9,24.6,4.5,4.7,Credit Card
Auto,361.0,40.12,9.9,39.8,4.5,4.5,Uber Wallet
Premier Sedan,82.0,2.2,13.2,35.2,4.9,3.3,UPI
Bike,364.0,33.53,10.7,42.0,4.5,4.1,Credit Card
Auto,453.0,29.99,10.5,42.9,4.5,4.3,UPI
Auto,522.0,37.96,11.6,35.8,3.5,4.6,Cash
Bike,758.0,11.89,10.1,38.6,4.2,4.3,Uber Wallet
Go Mini,562.0,22.23,11.4,43.2,4.2,3.9,UPI
Go Sedan,679.0,12.21,3.7,33.2,4.4,4.6,Cash
Auto,727.0,32.39,11.4,24.3,4.6,4.5,Cash
Auto,1029.0,31.11,3.9,38.3,3.4,4.6,Credit Card
Go Sedan,2488.0,21.54,9.7,25.8,4.5,4.7,Uber Wallet
Auto,1505.0,23.86,2.1,32.7,4.1,3.7,Cash
Uber XL,394.0,6.41,6.2,42.7,4.8,3.6,UPI
Go Sedan,383.0,10.01,9.5,18.1,4.5,4.5,Cash
Premier Sedan,598.0,25.95,11.0,39.7,3.8,4.3,UPI
Auto,866.0,46.71,14.2,17.1,4.6,5.0,Credit Card
Go Sedan,400.0,33.56,5.7,17.8,3.8,4.8,Cash
Auto,828.0,4.5,10.1,34.6,4.1,4.3,Cash
Auto,499.0,16.09,3.4,20.1,4.3,4.3,UPI
Go Mini,471.0,27.31,10.1,18.1,4.2,4.9,UPI
Go Mini,1324.0,16.3,12.4,20.4,3.8,4.9,Uber Wallet
Bike,425.0,17.69,13.5,34.4,4.2,4.2,UPI
eBike,244.0,14.99,5.2,25.4,3.8,4.3,Uber Wallet
Go Mini,2008.0,33.98,12.5,44.1,4.2,4.2,UPI
eBike,549.0,29.67,3.0,41.2,4.1,4.1,UPI
Go Sedan,617.0,8.52,13.9,19.5,4.3,4.8,Uber Wallet
Go Mini,316.0,32.32,11.5,16.5,5.0,4.5,UPI
Go Mini,79.0,48.29,11.3,22.0,4.9,4.9,Credit Card
Go Sedan,349.0,34.99,4.2,40.0,4.2,4.2,Credit Card
Auto,526.0,13.08,7.9,38.6,4.3,5.0,Uber Wallet
Auto,55.0,33.85,8.1,29.4,3.8,4.9,Cash
Bike,427.0,31.91,14.1,27.8,4.8,4.2,UPI
Go Mini,414.0,30.48,9.5,15.6,4.3,5.0,Uber Wallet
Go Sedan,990.0,6.96,5.5,34.1,3.3,4.2,Cash
Bike,634.0,41.96,4.5,25.6,4.2,4.3,UPI
Auto,323.0,21.43,9.1,31.8,4.3,4.3,Debit Card
Premier Sedan,377.0,27.31,10.7,24.6,4.5,4.3,Cash
Uber XL,147.0,34.43,5.3,31.7,4.2,5.0,Cash
Bike,219.0,38.89,9.3,33.0,4.2,4.3,Debit Card
Auto,597.0,42.36,8.2,31.6,4.8,4.7,Cash
Go Sedan,240.0,22.14,5.1,41.0,3.9,4.0,UPI
Go Mini,402.0,37.61,3.6,19.5,4.3,5.0,Cash
Premier Sedan,154.0,36.05,4.3,27.3,3.7,3.6,Cash
Auto,752.0,21.96,5.5,35.2,4.3,4.8,Cash
Auto,847.0,34.13,14.2,44.0,4.5,4.4,Uber Wallet
Auto,924.0,48.87,9.5,40.6,4.3,4.8,UPI
Auto,406.0,47.76,14.8,17.9,4.6,4.7,Cash
Go Mini,410.0,29.09,11.1,31.4,4.6,3.1,Cash
Auto,436.0,4.55,10.8,20.0,4.3,3.1,UPI
Go Sedan,85.0,15.19,10.9,44.2,3.3,4.3,UPI
Auto,69.0,12.8,14.2,32.4,4.4,5.0,Uber Wallet
eBike,819.0,15.09,9.9,43.3,3.7,4.6,UPI
Bike,439.0,35.48,3.5,24.0,4.3,4.2,Uber Wallet
Auto,311.0,23.97,12.4,38.9,4.7,4.3,Cash
Go Sedan,940.0,41.83,12.4,25.5,4.4,4.6,UPI
Go Sedan,179.0,3.18,14.4,25.1,3.9,3.7,UPI
Auto,692.0,17.98,7.9,27.3,4.2,3.8,UPI
Go Sedan,430.0,25.54,12.4,28.8,4.9,4.6,UPI
Go Sedan,727.0,30.41,14.9,44.9,4.1,4.6,Credit Card
Premier Sedan,754.0,3.58,9.6,15.6,4.5,4.6,Uber Wallet
Premier Sedan,757.0,36.78,13.2,26.2,4.2,4.4,Credit Card
Auto,905.0,37.83,14.4,15.5,3.9,4.4,UPI
Premier Sedan,230.0,20.45,4.5,32.6,4.3,4.2,Cash
Premier Sedan,1222.0,35.4,4.7,43.3,4.5,4.8,Credit Card
Premier Sedan,349.0,24.7,2.2,16.0,3.2,4.8,Credit Card
Auto,792.0,22.64,6.0,21.8,4.4,4.7,UPI
eBike,630.0,47.2,6.8,39.2,4.4,4.9,Cash
Go Sedan,436.0,11.5,12.0,41.5,4.2,4.9,Credit Card
Auto,952.0,11.95,4.1,42.7,4.2,4.8,Cash
Auto,1170.0,43.65,3.4,33.0,4.2,5.0,Cash
Premier Sedan,303.0,39.46,14.1,36.2,4.5,4.9,Cash
Auto,776.0,46.21,11.8,27.9,4.0,4.2,Uber Wallet
Go Sedan,433.0,23.11,2.5,25.1,3.2,4.8,Cash
Go Mini,1438.0,39.38,6.3,29.7,4.3,3.1,UPI
Bike,158.0,7.33,8.0,15.2,4.2,5.0,Cash
Auto,326.0,46.33,5.4,20.1,3.2,4.2,UPI
Premier Sedan,1241.0,16.48,5.7,41.3,4.6,4.1,Cash
Auto,328.0,3.43,8.9,40.6,3.9,4.8,Cash
Go Mini,954.0,48.68,14.8,33.3,4.6,4.5,UPI
Auto,203.0,43.83,3.1,43.6,4.6,4.3,UPI
Premier Sedan,268.0,25.21,3.5,26.8,4.6,4.0,Uber Wallet
eBike,179.0,4.83,8.1,15.6,3.9,4.2,UPI
eBike,292.0,47.0,4.2,31.9,4.2,4.3,Cash
Bike,439.0,37.41,7.9,41.9,4.6,4.8,Uber Wallet
Premier Sedan,239.0,33.14,14.6,39.9,4.3,4.2,Uber Wallet
Go Sedan,1072.0,31.12,13.0,35.6,4.2,5.0,Cash
Bike,921.0,44.72,3.9,38.0,4.6,4.9,UPI
Auto,139.0,2.82,2.4,22.4,4.2,4.6,Debit Card
Auto,134.0,10.17,14.1,27.2,3.5,4.9,Credit Card
Premier Sedan,463.0,45.79,11.2,19.5,4.3,4.9,UPI
Go Sedan,424.0,47.62,14.0,15.4,5.0,4.9,UPI
Go Sedan,499.0,23.66,14.8,28.1,4.1,4.1,Uber Wallet
Bike,456.0,2.84,2.2,41.9,3.9,4.5,UPI
Auto,811.0,44.32,2.6,44.5,4.3,5.0,Cash
Auto,117.0,2.73,5.1,34.9,3.6,4.4,UPI
Premier Sedan,385.0,11.13,7.1,42.5,4.2,3.7,UPI
Auto,264.0,10.47,3.6,34.5,4.6,3.3,Cash
Bike,3009.0,15.32,13.6,43.9,4.7,4.1,UPI
Auto,469.0,33.44,14.0,16.0,4.5,4.0,Credit Card
Premier Sedan,412.0,37.56,12.6,20.9,4.1,4.0,Debit Card
Go Sedan,440.0,49.22,12.0,43.1,4.3,4.1,UPI
Go Mini,126.0,15.58,5.4,30.3,4.2,4.2,UPI
Go Sedan,355.0,48.43,11.9,44.1,4.2,3.3,UPI
Premier Sedan,959.0,32.18,11.8,32.5,4.7,4.7,UPI
Bike,218.0,18.08,9.0,27.7,4.1,3.7,Cash
Go Mini,118.0,16.79,10.1,25.6,4.6,4.7,Cash
Uber XL,1372.0,21.64,11.3,31.6,4.9,4.1,Cash
eBike,560.0,48.61,11.5,22.5,4.2,4.6,UPI
eBike,276.0,49.26,8.1,32.8,3.2,4.9,Cash
Go Sedan,367.0,35.35,13.8,29.6,4.6,4.2,UPI
Go Sedan,943.0,49.67,6.1,27.5,4.9,4.8,Uber Wallet
Go Mini,977.0,23.15,13.2,37.0,4.3,4.2,Uber Wallet
Premier Sedan,389.0,20.68,11.7,22.9,4.3,4.3,Credit Card
Premier Sedan,397.0,14.51,5.2,18.8,4.9,5.0,UPI
Bike,264.0,22.39,8.8,17.5,4.1,4.4,Uber Wallet
Go Sedan,2372.0,36.22,12.7,21.1,3.8,4.8,Uber Wallet
Auto,210.0,33.25,4.7,39.1,3.6,4.5,UPI
Bike,1346.0,27.75,13.3,22.0,3.7,4.2,UPI
Go Mini,188.0,44.84,7.0,28.2,4.9,3.9,Cash
Auto,1245.0,49.34,3.3,40.9,4.2,4.3,UPI
Auto,643.0,26.28,2.2,23.3,5.0,3.6,Credit Card
Go Sedan,292.0,45.93,7.1,37.8,3.4,4.7,UPI
Auto,521.0,17.01,5.1,33.4,4.7,3.9,Credit Card
Premier Sedan,327.0,37.9,4.4,33.1,4.3,4.7,UPI
Go Sedan,785.0,35.9,11.7,24.3,4.0,4.3,Cash
Auto,164.0,37.65,2.5,19.9,3.3,4.2,UPI
Bike,381.0,46.61,6.8,19.8,4.3,4.6,Uber Wallet
Go Mini,1010.0,14.76,15.0,30.9,3.8,4.7,Credit Card
Auto,1038.0,3.36,11.2,17.7,4.6,4.6,Cash
Go Sedan,416.0,46.98,12.9,35.1,4.6,4.3,UPI
Bike,977.0,19.45,10.0,41.7,4.3,4.7,UPI
Go Mini,264.0,25.75,4.8,22.7,4.9,4.6,UPI
Premier Sedan,999.0,22.71,4.9,44.1,4.7,4.6,UPI
Go Sedan,910.0,43.8,7.7,18.4,4.4,4.5,UPI
Auto,502.0,45.62,11.1,38.2,4.5,4.8,UPI
Go Mini,350.0,27.6,9.7,24.1,4.6,4.5,Cash
Premier Sedan,1181.0,13.82,12.5,15.7,4.6,4.2,UPI
Go Mini,956.0,47.47,8.1,21.8,3.8,4.4,UPI
Premier Sedan,93.0,11.5,7.4,31.2,3.7,5.0,Uber Wallet
Premier Sedan,218.0,39.36,9.7,21.8,4.2,4.9,UPI
eBike,447.0,46.92,12.6,21.0,3.9,4.6,UPI
Premier Sedan,86.0,5.44,8.0,37.9,4.2,3.3,Uber Wallet
Auto,163.0,19.89,7.5,21.2,3.8,4.2,Cash
Go Sedan,238.0,18.27,2.4,25.4,4.9,4.6,UPI
Bike,220.0,38.33,3.4,20.3,4.1,4.4,Cash
Go Sedan,130.0,34.04,2.6,33.7,3.3,4.5,Debit Card
Go Mini,121.0,19.48,10.8,37.8,4.1,5.0,UPI
Bike,93.0,37.49,3.0,20.4,3.8,4.9,UPI
Bike,535.0,10.47,6.1,36.5,3.8,4.3,UPI
Auto,416.0,2.14,3.8,15.9,5.0,4.3,UPI
Auto,1444.0,17.97,5.6,41.1,4.2,3.8,Cash
Go Mini,1247.0,13.65,13.5,41.6,4.9,4.9,UPI
Premier Sedan,436.0,16.42,12.2,38.4,3.4,4.0,Debit Card
Auto,841.0,26.99,6.2,25.6,4.2,4.9,Debit Card
Go Sedan,71.0,3.51,14.3,26.4,4.2,3.9,Debit Card
Go Sedan,916.0,35.84,10.3,37.5,3.1,3.8,Debit Card
Bike,190.0,21.69,12.5,18.3,4.2,4.2,Cash
Go Sedan,975.0,27.53,13.5,20.4,4.3,4.9,UPI
Auto,527.0,8.95,10.1,33.6,4.5,4.3,UPI
Auto,306.0,12.03,9.9,43.9,4.2,4.7,Cash
Auto,166.0,3.24,3.9,29.0,4.3,5.0,UPI
Go Sedan,267.0,4.13,9.2,30.3,4.2,4.7,Uber Wallet
Auto,545.0,44.68,8.2,25.7,4.3,5.0,UPI
Auto,1207.0,3.69,7.3,32.2,4.5,4.6,Cash
Auto,900.0,5.63,2.7,25.2,3.4,4.6,Debit Card
Go Sedan,764.0,9.57,4.8,22.2,4.7,4.4,Cash
Bike,51.0,4.63,10.9,15.0,4.4,3.8,Cash
Premier Sedan,176.0,30.2,14.1,36.9,4.3,4.7,Uber Wallet
Auto,1020.0,24.85,4.6,23.6,3.7,4.8,Cash
Premier Sedan,207.0,36.52,3.8,27.5,3.7,4.2,Uber Wallet
Go Mini,353.0,6.39,3.5,35.1,3.7,4.3,Uber Wallet
Bike,527.0,45.71,4.9,22.3,4.4,4.6,Debit Card
Bike,283.0,13.07,13.3,37.0,4.3,3.2,Cash
Bike,479.0,45.11,2.6,21.0,4.2,3.9,Uber Wallet
Go Sedan,860.0,9.79,10.1,34.9,4.8,4.9,UPI
Auto,535.0,16.11,9.3,21.5,4.3,5.0,Cash
Go Sedan,661.0,10.86,13.4,32.5,4.6,3.2,UPI
Auto,285.0,49.96,9.1,31.2,4.7,4.2,UPI
Go Sedan,283.0,11.28,14.5,22.8,5.0,4.1,UPI
Go Sedan,814.0,9.66,8.6,17.9,3.8,4.2,UPI
Auto,200.0,49.97,8.9,18.6,4.3,4.4,UPI
Go Sedan,364.0,27.04,8.2,30.0,3.5,4.6,Credit Card
Auto,1798.0,26.03,8.2,43.8,4.1,4.7,UPI
Go Mini,659.0,33.06,7.2,35.4,3.9,4.3,UPI
Go Mini,489.0,32.26,8.6,27.4,4.7,4.6,UPI
Bike,217.0,4.89,5.5,44.4,4.4,4.6,Cash
Bike,852.0,36.78,4.6,26.9,4.9,5.0,Debit Card
Premier Sedan,443.0,38.35,12.6,30.7,3.6,4.4,Cash
Auto,872.0,39.59,5.2,33.3,4.1,3.7,Credit Card
eBike,170.0,32.44,8.5,36.3,4.2,4.4,Uber Wallet
Bike,442.0,21.17,7.3,44.1,4.7,4.9,Cash
Go Mini,587.0,3.64,10.1,17.8,4.1,4.2,UPI
Auto,325.0,35.4,5.4,18.2,3.7,4.2,Uber Wallet
Auto,457.0,34.12,5.3,29.7,4.4,4.7,Credit Card
Auto,57.0,27.98,10.1,32.2,4.6,4.0,UPI
Go Mini,598.0,16.25,2.5,22.4,4.3,4.1,Cash
Bike,147.0,41.0,4.0,35.3,4.0,4.2,Credit Card
Auto,274.0,36.49,5.5,18.5,4.3,4.3,UPI
Go Mini,555.0,24.09,8.8,31.7,4.2,4.4,Cash
Go Mini,601.0,16.43,9.5,22.5,3.4,4.7,UPI
Go Mini,2023.0,32.78,3.4,36.7,4.2,4.5,UPI
Auto,110.0,39.58,14.7,29.3,4.5,5.0,Uber Wallet
Go Sedan,81.0,41.47,10.6,20.4,4.5,3.2,Debit Card
Premier Sedan,292.0,31.82,2.4,42.8,4.6,4.3,UPI
Premier Sedan,82.0,41.51,12.4,25.9,4.9,4.3,Uber Wallet
Bike,65.0,33.31,11.6,44.9,4.2,4.8,Uber Wallet
Go Sedan,725.0,40.78,11.7,24.5,4.1,4.7,UPI
Go Mini,674.0,33.21,11.9,19.3,4.7,4.4,Cash
Go Mini,185.0,38.74,12.1,35.0,4.0,4.3,UPI
Auto,396.0,24.12,4.3,33.5,4.2,4.3,Uber Wallet
Premier Sedan,82.0,3.97,7.0,31.1,4.5,4.7,UPI
Go Sedan,77.0,20.11,12.7,30.1,3.9,4.2,Cash
Auto,85.0,45.47,4.8,29.1,4.6,4.9,Uber Wallet
eBike,496.0,11.36,2.1,38.1,4.6,4.2,UPI
Go Mini,762.0,18.45,10.2,31.0,4.3,4.6,Cash
Bike,1085.0,31.97,13.5,42.7,4.4,4.6,Uber Wallet
Uber XL,219.0,11.03,6.7,15.4,3.7,4.2,UPI
Bike,524.0,19.05,11.7,19.0,4.2,3.0,UPI
eBike,428.0,33.9,11.9,41.9,4.5,4.6,UPI
Go Mini,189.0,12.27,3.1,40.9,3.4,4.6,Cash
Go Sedan,195.0,38.06,12.5,41.4,4.4,4.6,Cash
Go Mini,424.0,43.37,2.8,20.3,4.3,4.5,Debit Card
Uber XL,69.0,27.53,12.8,22.5,4.3,4.7,Cash
Auto,710.0,44.59,13.7,30.4,4.5,4.8,Cash
Bike,277.0,32.91,4.5,22.6,4.5,4.5,UPI
Uber XL,894.0,49.06,9.7,19.7,4.7,4.2,UPI
Bike,423.0,2.96,12.2,44.5,5.0,3.6,Cash
Go Sedan,506.0,5.3,8.1,26.9,4.3,4.9,Debit Card
Premier Sedan,448.0,43.79,15.0,38.5,4.6,3.9,UPI
Auto,190.0,3.21,8.3,42.4,4.2,4.7,Uber Wallet
Bike,956.0,32.4,9.6,23.0,4.2,3.2,Cash
Go Sedan,179.0,28.28,11.7,43.1,4.7,4.9,Cash
Go Mini,398.0,23.87,13.5,16.2,4.8,4.2,Credit Card
Go Mini,302.0,46.25,2.9,36.9,3.6,4.6,UPI
Auto,723.0,11.29,13.8,18.5,3.9,4.9,Cash
Go Sedan,722.0,16.4,13.6,15.8,4.2,3.9,Cash
Auto,199.0,30.35,12.0,36.4,4.6,4.2,Cash
Bike,299.0,18.52,3.6,30.9,3.9,4.9,UPI
Premier Sedan,486.0,37.41,5.1,27.5,4.5,4.2,Credit Card
Go Sedan,928.0,46.99,8.4,41.0,4.6,4.4,Uber Wallet
Premier Sedan,779.0,3.7,12.0,42.3,4.2,4.3,UPI
Auto,186.0,22.39,5.0,44.1,4.2,4.6,Uber Wallet
Auto,552.0,22.57,8.1,24.3,4.3,4.0,Uber Wallet
Auto,433.0,42.42,13.2,27.0,4.8,4.3,Cash
eBike,990.0,29.84,12.9,22.5,4.2,4.6,UPI
Auto,587.0,44.56,2.7,16.2,4.4,3.9,Cash
Bike,412.0,17.14,3.8,15.6,4.4,4.9,Cash
Auto,194.0,20.7,10.8,24.1,3.0,3.4,UPI
Premier Sedan,169.0,41.19,13.0,42.2,4.2,3.8,UPI
Premier Sedan,1275.0,8.67,14.2,27.1,4.3,4.9,UPI
eBike,706.0,33.94,3.5,26.7,3.9,5.0,Debit Card
Bike,612.0,38.19,7.6,17.3,4.9,4.7,UPI
eBike,741.0,41.18,9.5,17.9,3.7,4.5,UPI
Go Sedan,162.0,6.43,6.7,33.3,4.1,4.1,UPI
Auto,786.0,37.53,12.2,19.2,4.1,4.4,UPI
Auto,212.0,46.8,2.5,17.3,4.6,4.2,Uber Wallet
Go Mini,370.0,7.0,13.9,34.1,3.3,4.9,UPI
Go Mini,174.0,36.27,12.5,37.9,4.1,4.8,UPI
Auto,343.0,35.7,8.8,23.3,3.3,4.1,Credit Card
Go Mini,339.0,3.09,8.1,36.6,4.2,4.3,Credit Card
Auto,2206.0,22.77,8.8,33.8,4.0,4.7,Debit Card
eBike,158.0,5.15,7.9,42.8,3.6,4.6,Debit Card
Go Sedan,277.0,11.84,5.6,25.1,4.2,4.3,Debit Card
Bike,137.0,35.36,2.3,43.4,4.2,4.5,Cash
Uber XL,840.0,29.41,2.5,32.3,4.2,4.5,Uber Wallet
Bike,909.0,26.07,5.2,39.5,4.4,4.9,Uber Wallet
Auto,101.0,28.3,13.1,42.3,4.3,4.4,Credit Card
Go Mini,348.0,29.64,5.0,40.7,4.3,3.9,Debit Card
Go Sedan,506.0,11.3,5.3,39.0,3.4,4.3,Debit Card
Bike,233.0,27.99,13.2,23.5,4.3,3.9,UPI
Go Mini,442.0,48.56,9.7,43.1,3.9,4.2,Debit Card
Go Sedan,127.0,29.61,4.7,34.8,4.4,4.9,Cash
Premier Sedan,209.0,48.11,11.1,17.8,3.2,4.3,Credit Card
Auto,785.0,43.58,7.5,25.7,4.5,4.6,Credit Card
Premier Sedan,211.0,43.16,11.7,34.7,3.2,4.6,Uber Wallet
Uber XL,163.0,19.79,12.5,24.0,4.4,4.2,Credit Card
Go Mini,528.0,6.9,12.5,20.4,4.2,4.4,Cash
Go Sedan,270.0,31.34,14.2,16.9,4.4,4.9,Cash
Auto,272.0,42.83,7.2,20.3,4.1,4.6,UPI
Auto,322.0,31.27,9.2,25.0,4.3,3.0,Cash
Go Sedan,69.0,41.28,5.3,27.7,4.9,5.0,Debit Card
Go Mini,1535.0,25.53,3.5,37.3,3.7,5.0,Debit Card
Go Mini,677.0,38.6,12.2,36.4,4.2,3.8,UPI
Premier Sedan,521.0,7.9,7.6,32.4,4.0,4.9,UPI
Go Mini,509.0,47.82,6.9,27.9,4.3,3.1,UPI
Premier Sedan,638.0,28.59,7.7,33.0,4.2,4.1,Credit Card
Go Mini,206.0,6.6,9.0,29.9,4.7,3.8,UPI
Auto,518.0,15.19,3.5,29.6,4.4,4.2,UPI
Go Mini,414.0,41.98,11.7,28.1,3.8,4.1,Credit Card
Premier Sedan,206.0,25.22,2.7,21.6,4.6,4.3,UPI
Premier Sedan,215.0,40.16,10.9,24.8,4.1,4.0,UPI
Bike,429.0,37.39,13.6,24.8,4.1,4.6,Cash
Auto,188.0,12.0,8.7,37.7,3.2,4.6,UPI
Premier Sedan,470.0,32.54,8.9,41.0,4.3,4.7,Credit Card
Go Sedan,1517.0,12.56,14.7,29.0,4.8,4.7,Credit Card
Auto,243.0,47.18,7.2,39.6,4.3,4.4,Cash
Go Sedan,974.0,26.52,10.3,33.0,4.5,4.0,Cash
Bike,664.0,10.9,7.5,15.3,4.5,3.9,UPI
Premier Sedan,94.0,29.64,11.3,37.0,4.9,4.4,Uber Wallet
Go Sedan,643.0,36.25,14.6,40.6,4.2,4.8,UPI
Premier Sedan,303.0,15.97,6.8,19.8,4.1,3.8,UPI
Go Mini,107.0,17.67,4.2,44.6,4.1,4.6,UPI
Bike,995.0,3.44,3.3,44.4,4.4,4.9,UPI
Bike,56.0,17.39,5.8,34.6,5.0,4.9,Uber Wallet
Go Mini,218.0,36.6,13.5,34.8,4.2,4.3,UPI
Bike,250.0,19.7,3.5,16.1,4.6,4.5,Credit Card
Go Sedan,837.0,29.09,12.2,34.1,4.3,5.0,Cash
eBike,383.0,27.77,8.3,41.9,3.6,4.9,Uber Wallet
Bike,568.0,36.08,12.9,43.6,4.7,3.8,Cash
Auto,413.0,18.27,5.8,41.0,3.7,4.5,Cash
Go Sedan,395.0,18.6,14.4,43.0,3.4,4.3,Cash
Go Mini,82.0,5.05,14.7,33.4,3.4,4.8,UPI
Bike,612.0,38.52,11.2,31.6,3.4,5.0,Cash
Auto,107.0,21.68,10.5,33.9,4.3,4.9,UPI
Go Mini,658.0,38.73,4.8,34.7,3.6,5.0,Debit Card
Go Sedan,487.0,36.36,7.2,17.7,3.2,4.1,Cash
Go Mini,456.0,23.6,10.9,31.6,4.3,4.5,UPI
Premier Sedan,126.0,22.36,2.7,28.5,3.2,4.1,Credit Card
Premier Sedan,920.0,16.1,10.3,17.7,3.3,4.9,Uber Wallet
Go Mini,572.0,42.61,8.9,42.8,4.5,4.3,UPI
Go Sedan,201.0,5.29,11.2,44.1,4.7,4.3,Cash
Go Sedan,269.0,10.03,5.0,20.1,3.2,4.0,Credit Card
Auto,779.0,10.35,8.6,22.7,4.5,3.1,Credit Card
Bike,1979.0,13.79,15.0,19.9,4.2,4.2,Uber Wallet
Auto,428.0,5.72,14.2,35.3,4.3,4.9,UPI
Go Mini,489.0,3.71,6.3,29.4,4.3,4.7,Uber Wallet
Go Sedan,974.0,22.3,10.6,28.2,3.8,4.0,UPI
Go Sedan,442.0,44.17,2.9,21.2,3.3,4.9,UPI
Go Sedan,242.0,34.07,13.3,24.2,3.1,4.4,Cash
Go Mini,94.0,44.86,2.5,41.4,4.7,4.6,Cash
Premier Sedan,659.0,10.52,4.0,32.2,5.0,3.9,UPI
Go Sedan,761.0,18.1,6.6,15.2,4.4,5.0,UPI
Go Mini,556.0,16.9,10.5,19.0,3.7,4.6,Cash
Premier Sedan,516.0,47.98,10.1,18.1,4.2,4.8,Uber Wallet
Bike,90.0,32.75,9.0,33.1,3.2,4.2,Uber Wallet
Auto,317.0,17.8,14.5,34.0,3.6,4.8,UPI
Premier Sedan,195.0,28.69,4.8,35.3,3.9,4.3,UPI
Bike,577.0,46.45,10.3,41.0,4.2,4.6,UPI
Auto,405.0,23.86,4.1,33.5,4.1,4.9,Cash
eBike,234.0,13.6,7.3,26.3,4.2,4.3,UPI
Go Mini,141.0,49.7,3.6,24.9,3.7,4.4,UPI
Auto,181.0,11.17,4.0,20.0,4.3,4.9,UPI
Go Sedan,846.0,45.02,11.5,18.6,3.9,4.1,UPI
Go Mini,476.0,15.59,2.0,33.3,4.4,4.9,UPI
Go Mini,647.0,9.22,2.7,20.9,4.2,4.5,Credit Card
Go Mini,764.0,26.52,3.7,40.4,3.3,3.5,UPI
Go Mini,904.0,3.27,7.8,42.6,4.1,4.6,UPI
Go Sedan,2008.0,29.17,14.4,19.6,4.2,5.0,UPI
Bike,428.0,5.49,5.6,26.8,4.7,4.4,Cash
Auto,184.0,8.84,6.1,33.9,4.8,4.5,Cash
Bike,868.0,17.6,11.1,32.2,4.9,3.8,UPI
Bike,259.0,30.48,13.4,21.8,3.6,4.4,Cash
Auto,170.0,13.7,3.5,42.7,4.0,4.2,UPI
Bike,370.0,32.99,12.8,33.6,4.5,4.5,Cash
Bike,457.0,3.44,12.9,34.4,4.7,3.2,Debit Card
Uber XL,321.0,34.03,13.7,20.8,4.2,4.2,UPI
Auto,731.0,13.96,9.4,21.8,4.4,4.4,Cash
Go Mini,538.0,22.8,6.7,42.1,4.3,4.3,UPI
Go Sedan,712.0,41.51,14.1,40.9,4.0,4.5,Credit Card
Premier Sedan,626.0,34.32,9.7,31.3,5.0,4.1,UPI
Premier Sedan,532.0,47.72,14.1,31.7,4.7,5.0,Credit Card
Bike,530.0,13.51,13.3,24.4,3.6,4.8,Cash
eBike,165.0,34.2,7.9,38.1,3.8,4.5,Uber Wallet
Go Mini,367.0,18.66,3.5,21.0,4.3,4.5,Cash
Premier Sedan,241.0,42.42,7.6,23.9,4.3,3.6,UPI
Bike,2157.0,19.8,14.7,31.0,4.3,4.8,UPI
Bike,2286.0,42.29,9.8,39.4,4.7,5.0,Debit Card
Auto,315.0,23.76,13.7,21.2,4.2,4.9,Cash
Premier Sedan,1004.0,47.26,6.5,23.3,4.2,4.6,Cash
Go Mini,685.0,43.5,5.3,16.3,4.6,4.4,Debit Card
Bike,877.0,19.08,6.8,15.2,4.6,4.9,UPI
Go Sedan,724.0,4.49,11.1,17.0,5.0,4.5,UPI
Auto,340.0,48.64,14.5,30.3,4.2,5.0,UPI
Bike,657.0,33.09,4.2,44.4,4.4,4.9,Cash
Go Sedan,347.0,45.38,13.9,30.4,5.0,5.0,Credit Card
Premier Sedan,200.0,24.71,2.6,35.3,4.1,5.0,UPI
Go Sedan,967.0,40.56,13.6,18.4,4.6,4.8,UPI
Bike,626.0,42.68,4.3,33.3,4.7,4.3,Cash
Bike,505.0,23.55,4.2,30.1,3.2,4.8,UPI
Go Mini,531.0,43.61,12.8,33.2,3.7,4.6,UPI
Go Mini,559.0,6.71,2.2,31.0,4.2,4.3,UPI
eBike,703.0,29.21,14.4,23.5,4.3,3.1,Uber Wallet
Go Mini,304.0,48.17,11.6,39.8,4.6,3.9,Uber Wallet
eBike,483.0,44.06,12.1,25.7,3.9,4.0,Credit Card
Premier Sedan,769.0,46.35,6.0,15.9,3.0,4.7,Cash
Auto,880.0,27.82,6.0,30.8,3.4,3.9,Debit Card
Auto,417.0,5.39,12.7,30.3,3.7,4.2,UPI
Go Mini,401.0,48.73,6.6,23.0,4.7,4.6,UPI
Go Mini,127.0,18.89,11.9,34.2,3.8,4.7,UPI
Go Sedan,188.0,49.58,14.0,44.5,4.5,4.6,UPI
Auto,295.0,11.64,2.7,39.2,4.3,4.7,Uber Wallet
Auto,243.0,31.24,2.9,39.2,4.6,3.3,Cash
Premier Sedan,911.0,29.78,3.9,21.3,4.5,5.0,Cash
Bike,724.0,43.91,7.0,30.7,4.4,4.3,UPI
Go Mini,923.0,14.01,8.2,39.0,4.6,4.8,Cash
Premier Sedan,408.0,19.4,9.3,34.4,3.7,4.4,Cash
Auto,336.0,13.11,9.5,19.1,3.3,3.9,Cash
Auto,910.0,40.61,5.3,41.4,4.3,3.8,UPI
Go Sedan,1162.0,44.34,9.8,39.7,4.1,3.2,UPI
Go Mini,372.0,9.31,7.8,17.5,4.9,4.9,Debit Card
Go Sedan,421.0,46.57,13.6,17.8,3.0,4.1,Cash
Go Mini,459.0,11.98,3.7,21.7,4.4,4.4,UPI
Premier Sedan,73.0,45.97,12.1,44.8,3.0,3.4,UPI
Auto,2459.0,17.58,3.3,34.9,4.1,4.3,Cash
Premier Sedan,904.0,19.79,8.3,45.0,4.6,3.3,UPI
Go Mini,448.0,33.1,10.2,18.1,3.9,4.3,Uber Wallet
Bike,290.0,22.81,2.5,27.2,4.6,4.2,Cash
Auto,328.0,34.35,10.1,25.1,4.2,4.9,UPI
Go Mini,264.0,20.55,12.2,17.2,4.3,4.2,UPI
Bike,92.0,22.97,5.2,37.1,4.2,4.9,UPI
Bike,256.0,5.26,4.7,44.7,4.3,5.0,Uber Wallet
Bike,720.0,22.91,11.5,28.3,4.2,4.4,UPI
Go Mini,423.0,29.73,4.1,28.1,4.3,4.2,UPI
Go Mini,1040.0,24.36,9.3,41.9,4.3,5.0,UPI
Bike,699.0,11.2,13.4,17.4,4.3,4.3,Debit Card
Premier Sedan,506.0,19.68,12.8,44.4,4.2,4.2,UPI
Auto,166.0,9.01,11.8,22.0,4.2,4.3,Uber Wallet
eBike,224.0,37.29,11.0,18.5,3.6,4.9,UPI
Go Sedan,92.0,43.0,10.8,31.4,3.2,4.6,UPI
Bike,965.0,39.35,5.6,34.4,4.1,4.3,Cash
Go Mini,77.0,14.74,14.8,26.7,4.8,4.2,UPI
Bike,286.0,45.63,6.5,28.5,4.1,4.5,Cash
Go Mini,222.0,3.37,3.3,38.6,3.1,4.1,Cash
Bike,498.0,40.2,5.9,30.0,4.2,4.0,Credit Card
Bike,1064.0,12.49,4.6,28.7,4.2,4.7,UPI
Go Sedan,404.0,46.75,11.5,20.0,4.2,4.2,Credit Card
Premier Sedan,235.0,32.8,6.8,36.4,3.9,4.3,Cash
Go Sedan,1170.0,38.79,4.2,34.3,4.3,4.6,Uber Wallet
Bike,261.0,21.79,5.0,22.5,3.8,3.4,Uber Wallet
Go Sedan,89.0,35.22,5.8,15.3,4.3,4.9,UPI
Uber XL,229.0,21.79,9.2,31.1,3.9,4.6,UPI
Bike,778.0,3.39,2.9,36.7,4.8,4.8,UPI
Auto,134.0,20.99,3.0,25.6,4.0,4.6,UPI
Bike,796.0,36.99,10.6,27.9,3.9,4.6,UPI
Premier Sedan,495.0,32.35,2.2,15.3,4.3,4.9,UPI
Go Mini,197.0,5.3,3.6,37.4,4.1,4.5,Uber Wallet
Go Mini,79.0,32.91,9.0,39.1,4.4,3.8,Uber Wallet
Auto,471.0,40.38,4.4,22.5,4.6,4.5,UPI
Go Sedan,245.0,8.69,4.1,28.0,4.6,4.4,Debit Card
Go Mini,228.0,5.22,2.1,42.8,4.5,4.3,UPI
eBike,924.0,46.25,8.6,40.1,3.5,5.0,Cash
Go Sedan,540.0,16.67,10.2,41.2,4.4,4.3,Cash
eBike,437.0,29.59,14.2,18.8,4.6,4.3,UPI
Premier Sedan,85.0,7.46,14.5,23.3,4.8,4.9,UPI
Premier Sedan,282.0,47.68,2.7,34.7,3.7,3.7,Uber Wallet
Auto,894.0,47.54,13.1,31.1,4.3,4.5,UPI
Bike,372.0,35.99,3.8,43.1,3.5,4.9,Cash
Go Sedan,359.0,21.45,9.9,43.7,3.8,4.6,UPI
Bike,709.0,48.4,11.6,41.4,4.1,4.6,UPI
Go Mini,419.0,41.53,14.4,24.5,4.3,3.7,UPI
Premier Sedan,379.0,33.84,12.9,33.3,4.2,4.6,Cash
Auto,163.0,11.8,7.7,37.7,4.6,3.8,Debit Card
Auto,231.0,38.58,4.2,42.9,4.6,3.1,UPI
Bike,242.0,20.98,5.2,19.2,3.8,4.3,Uber Wallet
eBike,1006.0,26.66,3.1,28.8,4.5,3.1,Cash
Premier Sedan,702.0,6.7,9.5,27.5,3.8,5.0,UPI
Premier Sedan,412.0,32.7,11.2,36.6,4.9,3.7,UPI
Bike,153.0,36.2,7.0,42.0,4.2,4.3,Cash
Auto,234.0,39.97,6.6,40.9,4.3,4.9,Cash
Auto,400.0,37.37,6.2,39.1,4.6,4.2,UPI
Premier Sedan,2055.0,14.29,2.2,26.7,4.9,3.4,UPI
Go Mini,307.0,43.32,7.3,44.4,3.2,4.7,UPI
Go Mini,706.0,36.77,14.0,42.6,4.3,4.8,UPI
Uber XL,401.0,25.84,8.1,19.7,4.3,4.9,UPI
Go Mini,477.0,2.96,3.8,15.0,4.5,4.1,Cash
Go Sedan,106.0,17.62,8.6,36.8,3.3,4.9,Uber Wallet
Go Sedan,371.0,28.28,8.1,37.1,4.6,4.6,UPI
Go Mini,489.0,42.37,14.2,33.3,4.2,4.9,UPI
Auto,541.0,15.19,10.8,23.5,4.1,4.3,UPI
Go Mini,319.0,16.79,9.7,18.3,4.3,3.8,Cash
Auto,355.0,7.37,14.1,21.0,4.9,4.3,Credit Card
Go Sedan,931.0,28.42,8.9,30.0,3.4,4.4,Cash
Go Mini,622.0,24.16,9.3,25.7,4.3,4.5,UPI
Auto,127.0,4.02,2.1,41.5,4.5,4.2,UPI
Go Mini,235.0,37.01,7.1,39.2,5.0,4.6,Cash
Auto,186.0,49.71,3.5,35.5,4.2,4.5,UPI
Go Sedan,1216.0,33.42,13.8,17.5,4.6,4.0,Cash
eBike,393.0,31.52,2.4,31.7,4.3,3.0,Cash
Premier Sedan,460.0,9.72,2.5,31.1,4.1,4.5,Cash
Go Mini,1503.0,24.57,11.7,16.0,4.6,4.6,Credit Card
eBike,65.0,22.86,11.8,24.2,4.6,4.7,UPI
Premier Sedan,953.0,47.83,8.0,25.6,4.6,4.9,UPI
Premier Sedan,161.0,40.41,5.8,21.4,4.6,5.0,Debit Card
Bike,119.0,6.76,3.5,41.7,3.9,4.9,Uber Wallet
Auto,227.0,31.9,8.8,15.8,3.6,4.7,Credit Card
eBike,700.0,12.55,2.4,33.9,4.4,4.3,UPI
Go Sedan,259.0,37.66,6.5,43.4,4.3,4.3,UPI
Go Mini,177.0,38.79,2.7,38.1,4.2,4.6,Cash
Premier Sedan,906.0,28.51,5.5,20.9,4.6,4.1,Cash
Auto,490.0,43.36,7.8,22.9,4.0,4.6,UPI
Premier Sedan,624.0,11.1,10.6,22.6,4.5,4.2,Uber Wallet
Auto,2188.0,49.55,6.6,40.5,3.4,4.6,UPI
Auto,487.0,28.26,9.1,22.0,4.1,4.2,Uber Wallet
Auto,357.0,38.15,12.5,19.2,4.6,4.3,UPI
Premier Sedan,426.0,44.29,8.4,22.6,4.4,3.8,UPI
Go Sedan,670.0,37.01,13.3,35.5,4.2,4.7,Cash
Premier Sedan,362.0,13.14,2.8,16.0,4.1,4.9,Cash
Auto,817.0,47.14,11.3,44.0,4.7,4.3,Credit Card
Auto,469.0,43.8,8.9,19.6,4.5,4.2,Cash
Go Sedan,498.0,2.24,2.6,20.5,4.6,3.7,Cash
Auto,686.0,18.86,4.5,38.8,4.3,3.6,Uber Wallet
Premier Sedan,316.0,20.19,8.8,35.7,4.4,4.2,Debit Card
Auto,273.0,13.66,13.6,30.0,4.3,4.6,UPI
eBike,1170.0,28.31,5.1,22.2,4.3,4.6,Cash
Premier Sedan,269.0,31.17,8.8,44.5,3.3,3.3,Uber Wallet
Bike,501.0,36.55,5.6,35.9,3.4,4.8,UPI
Bike,381.0,29.25,10.4,17.1,4.8,4.6,UPI
Go Mini,586.0,4.82,7.1,29.8,5.0,4.9,Uber Wallet
eBike,227.0,7.94,6.7,36.6,4.6,4.9,Uber Wallet
eBike,409.0,43.31,12.7,35.1,4.1,4.3,UPI
Premier Sedan,889.0,28.01,10.2,29.2,4.2,4.5,UPI
Go Sedan,823.0,3.06,5.3,24.0,4.3,5.0,UPI
Premier Sedan,176.0,40.79,5.2,27.2,4.2,3.9,Uber Wallet
Auto,495.0,41.21,4.9,22.1,4.3,4.1,UPI
Go Mini,258.0,35.94,10.5,32.3,3.8,4.7,UPI
Go Mini,162.0,20.99,4.9,36.0,4.4,4.2,Cash
Uber XL,579.0,3.83,9.7,38.1,4.4,3.1,Uber Wallet
Go Sedan,932.0,43.58,9.6,40.1,4.7,4.4,Cash
Auto,189.0,48.04,8.9,32.3,4.4,4.6,UPI
Go Sedan,150.0,33.88,4.2,43.0,4.4,4.3,UPI
Premier Sedan,298.0,12.52,4.5,34.2,4.4,4.6,Debit Card
Bike,344.0,45.22,13.9,25.7,4.3,4.2,Debit Card
Go Sedan,450.0,35.04,3.6,44.1,4.2,5.0,UPI
Premier Sedan,180.0,2.87,3.3,34.2,4.7,4.2,UPI
Premier Sedan,266.0,14.34,13.5,36.0,4.1,3.9,Cash
Auto,481.0,27.14,11.7,15.2,4.1,4.3,Cash
Go Sedan,1438.0,7.27,7.5,44.2,4.4,3.6,Credit Card
Auto,141.0,18.03,8.6,35.4,4.8,4.4,UPI
Auto,628.0,36.18,6.9,43.7,4.6,4.2,Uber Wallet
Auto,881.0,6.5,12.2,45.0,4.2,3.2,Uber Wallet
Uber XL,973.0,34.47,9.1,27.3,4.6,3.7,Debit Card
Go Mini,339.0,10.89,9.2,27.7,4.2,4.8,Credit Card
Go Mini,388.0,16.21,11.6,42.0,5.0,4.9,Uber Wallet
eBike,922.0,24.32,14.8,29.1,4.6,3.8,UPI
Go Sedan,96.0,49.18,4.7,28.6,4.3,4.2,UPI
Bike,304.0,15.28,11.1,42.0,4.4,4.4,Debit Card
Go Sedan,331.0,31.84,10.0,29.1,4.2,4.5,UPI
Bike,481.0,41.21,10.0,38.9,4.3,4.2,Cash
Auto,107.0,3.42,11.1,17.2,3.4,3.8,UPI
Bike,2265.0,23.43,14.6,41.2,4.5,3.7,UPI
Bike,383.0,26.71,12.8,25.5,4.1,4.6,UPI
Bike,2306.0,7.62,8.5,29.0,4.8,4.9,Uber Wallet
Go Mini,587.0,33.99,10.1,23.9,3.9,5.0,UPI
Auto,940.0,41.11,9.5,19.9,3.1,3.9,Cash
eBike,57.0,41.46,5.0,16.2,4.4,4.9,Cash
Bike,470.0,5.37,8.3,22.0,4.6,4.3,UPI
Bike,153.0,11.84,8.9,42.8,4.8,4.2,Cash
Auto,606.0,25.32,11.3,22.4,4.9,4.5,Cash
Go Mini,681.0,31.57,3.4,29.8,4.6,5.0,Uber Wallet
Go Mini,162.0,5.88,3.0,30.6,4.4,4.6,Uber Wallet
Go Mini,381.0,39.74,3.9,42.8,4.2,4.9,Cash
Go Sedan,198.0,24.27,14.0,16.2,4.7,4.5,Credit Card
Premier Sedan,296.0,9.44,3.0,32.2,4.6,4.2,Debit Card
Premier Sedan,815.0,29.51,10.7,22.8,4.1,3.7,UPI
Auto,488.0,10.14,13.8,44.5,4.4,4.1,Cash
Auto,570.0,24.19,8.8,32.6,3.8,4.6,UPI
Go Sedan,547.0,9.98,14.5,16.5,4.2,3.2,Cash
Auto,2602.0,9.41,5.9,44.4,4.3,4.8,Uber Wallet
Uber XL,156.0,41.38,2.3,36.7,4.2,4.3,Cash
Auto,473.0,42.89,5.6,35.2,4.8,5.0,Debit Card
Auto,367.0,49.07,3.6,22.3,3.7,4.8,UPI
Bike,148.0,25.93,9.8,34.9,3.7,3.1,UPI
Go Sedan,270.0,29.95,10.8,26.0,4.2,4.3,Credit Card
Auto,924.0,14.89,13.0,16.5,4.2,4.2,UPI
Auto,733.0,8.63,2.5,36.8,4.4,4.7,UPI
Go Sedan,2395.0,32.91,14.2,29.2,3.8,4.5,Uber Wallet
Go Mini,629.0,4.13,3.9,16.4,4.7,5.0,Credit Card
Go Mini,260.0,2.09,4.6,43.5,4.3,3.8,Uber Wallet
Auto,183.0,45.33,13.1,44.7,4.9,4.7,Cash
Go Sedan,63.0,33.1,12.6,22.4,4.2,4.2,UPI
Auto,80.0,8.18,6.9,21.9,4.6,4.3,Cash
Auto,817.0,33.24,13.0,32.5,4.3,4.9,UPI
Go Mini,404.0,44.65,5.1,32.4,4.2,4.4,UPI
Go Mini,269.0,2.46,2.1,19.2,4.3,4.6,UPI
Bike,428.0,9.67,5.0,26.5,4.3,4.7,UPI
Go Mini,593.0,28.86,11.5,40.9,3.9,3.6,Cash
eBike,608.0,20.3,5.3,26.2,4.2,4.9,UPI
Premier Sedan,113.0,38.57,5.5,16.0,3.7,4.2,Credit Card
Bike,383.0,40.5,9.0,36.9,4.4,4.4,UPI
Go Sedan,600.0,35.79,7.8,35.6,3.9,3.0,UPI
Auto,493.0,47.99,3.0,39.6,4.3,4.9,Cash
Go Sedan,1506.0,17.68,10.4,38.3,4.2,4.8,Debit Card
eBike,135.0,7.82,10.7,36.8,4.3,4.2,Cash
Auto,247.0,34.36,10.3,36.7,4.4,4.8,UPI
Bike,396.0,36.47,2.6,37.7,4.2,4.7,Uber Wallet
Auto,70.0,46.43,10.4,17.4,4.1,3.9,Uber Wallet
Go Mini,224.0,22.79,9.4,38.8,4.1,4.7,Cash
Go Mini,105.0,10.2,5.9,20.8,4.7,4.3,UPI
Go Mini,648.0,48.12,2.9,17.5,4.3,4.4,Credit Card
Premier Sedan,750.0,12.21,9.7,20.8,4.3,4.3,Cash
Go Sedan,855.0,31.91,9.3,44.0,4.5,4.2,Cash
Premier Sedan,479.0,46.32,9.0,19.0,5.0,4.6,Cash
Go Sedan,399.0,37.84,9.4,37.6,4.2,4.9,Uber Wallet
Go Sedan,352.0,42.74,7.3,43.5,4.3,4.5,Cash
Go Sedan,171.0,29.75,2.6,24.5,4.6,4.2,UPI
Premier Sedan,449.0,7.71,9.1,34.8,4.3,4.5,Credit Card
Go Mini,1592.0,19.27,5.2,43.9,4.6,4.1,Uber Wallet
eBike,210.0,29.24,5.5,27.7,4.2,4.9,Cash
Go Sedan,178.0,7.56,5.1,42.8,4.3,4.9,Credit Card
Auto,489.0,37.22,10.8,33.0,4.4,4.4,Debit Card
Go Sedan,691.0,45.09,12.5,28.7,4.3,3.3,Uber Wallet
Go Sedan,871.0,31.25,9.0,22.0,4.8,4.7,UPI
Go Mini,359.0,13.41,5.6,42.5,3.3,4.5,UPI
Bike,1240.0,17.72,10.8,23.8,4.1,4.0,Cash
Go Sedan,358.0,47.19,8.4,32.0,3.1,5.0,Cash
Premier Sedan,117.0,27.21,10.3,31.0,4.2,4.7,UPI
Auto,356.0,26.67,9.5,39.6,4.2,4.9,UPI
Go Mini,593.0,40.14,2.7,17.9,4.2,3.7,Cash
Go Mini,949.0,23.53,6.1,39.3,4.7,3.0,Cash
Go Mini,922.0,46.83,13.4,43.8,4.2,4.5,UPI
Uber XL,209.0,10.49,3.8,41.6,4.1,4.5,UPI
Premier Sedan,679.0,39.24,10.1,25.3,4.2,4.6,UPI
Go Mini,368.0,28.03,13.7,42.9,4.3,4.2,UPI
Go Mini,77.0,15.97,7.4,21.8,4.3,4.5,Credit Card
eBike,958.0,4.83,7.7,15.7,4.2,4.3,UPI
Go Sedan,298.0,39.13,14.1,28.5,4.6,4.2,Cash
Auto,292.0,15.36,4.5,23.9,4.6,4.9,UPI
Uber XL,402.0,43.9,6.1,17.6,4.2,4.1,Debit Card
Premier Sedan,703.0,39.84,4.1,37.6,4.6,4.1,Uber Wallet
Go Mini,202.0,39.76,2.7,38.7,4.7,4.4,Cash
Auto,319.0,8.02,8.3,33.3,4.3,4.7,Credit Card
Go Mini,443.0,36.55,7.2,33.0,4.1,4.7,Cash
Go Mini,131.0,49.0,8.6,24.0,4.3,5.0,Credit Card
Bike,346.0,37.79,5.8,21.4,4.3,4.3,UPI
Premier Sedan,865.0,2.88,5.5,40.4,4.3,5.0,Uber Wallet
Premier Sedan,944.0,40.77,10.0,41.1,4.2,4.6,UPI
Go Mini,488.0,19.4,6.1,35.2,4.3,4.2,Cash
Premier Sedan,60.0,38.14,14.0,24.1,4.9,5.0,Cash
Bike,490.0,38.47,7.8,18.1,4.5,4.7,UPI
Go Sedan,920.0,41.21,14.6,22.9,4.2,4.9,UPI
Auto,891.0,10.1,5.3,30.1,4.3,5.0,Uber Wallet
Auto,932.0,13.43,11.6,33.9,3.7,4.2,UPI
Premier Sedan,1320.0,39.7,5.2,43.9,4.9,4.9,Debit Card
Auto,814.0,24.5,5.9,26.6,3.9,4.9,Credit Card
Bike,2310.0,39.21,6.8,38.6,4.2,4.1,UPI
eBike,432.0,43.11,4.5,32.7,4.7,3.7,UPI
Auto,488.0,15.23,13.5,17.5,4.0,4.3,UPI
Go Sedan,608.0,12.74,7.5,44.5,4.6,4.9,Credit Card
Go Mini,398.0,3.23,4.3,15.4,4.1,5.0,UPI
Go Sedan,480.0,22.99,14.8,15.5,4.5,4.9,UPI
Go Sedan,1417.0,6.05,4.7,31.9,4.1,4.1,Credit Card
Auto,483.0,16.42,12.8,43.0,4.6,3.9,UPI
eBike,910.0,44.48,12.0,19.0,4.7,4.2,Cash
Auto,580.0,16.8,6.0,25.1,4.1,3.6,UPI
Go Sedan,202.0,29.89,8.9,29.3,4.6,4.5,Credit Card
Go Mini,153.0,34.03,12.9,36.8,4.3,4.5,Cash
Go Sedan,725.0,41.49,5.2,27.6,4.1,4.9,Cash
Go Sedan,1073.0,20.57,7.0,30.0,3.4,4.2,Credit Card
Go Mini,350.0,5.71,13.6,26.1,4.8,4.9,UPI
Go Mini,200.0,19.55,4.2,40.3,4.4,4.1,UPI
Go Sedan,846.0,30.07,14.2,18.8,4.2,4.2,Cash
Auto,959.0,41.51,11.7,22.1,4.2,4.7,UPI
Auto,1303.0,2.24,13.4,34.7,4.6,4.3,UPI
Go Mini,515.0,10.06,13.4,26.4,3.8,4.1,Uber Wallet
Go Sedan,145.0,35.44,2.1,26.3,4.3,4.3,Credit Card
Go Sedan,137.0,39.51,12.8,39.4,4.4,4.9,UPI
Go Mini,2316.0,36.3,3.4,30.1,4.1,4.7,Uber Wallet
Auto,146.0,40.49,8.4,25.0,4.9,3.1,Cash
eBike,86.0,48.85,8.0,33.4,4.2,4.1,UPI
Go Sedan,134.0,3.53,3.5,44.6,4.9,4.9,UPI
Uber XL,674.0,48.47,11.5,29.6,3.9,4.0,Cash
Bike,350.0,3.32,5.9,43.7,4.7,4.6,UPI
Auto,766.0,33.53,9.0,31.8,4.9,5.0,UPI
Go Sedan,1044.0,34.18,9.6,36.8,5.0,4.9,Cash
Auto,1879.0,31.02,13.3,26.6,4.2,4.3,UPI
Go Sedan,116.0,24.14,4.0,26.1,4.2,4.6,UPI
Go Mini,413.0,20.9,11.4,40.9,3.6,3.9,UPI
Uber XL,207.0,39.39,6.6,16.3,4.4,3.7,UPI
Premier Sedan,924.0,5.2,12.8,35.1,3.4,4.7,UPI
Go Mini,325.0,42.79,12.0,18.7,4.4,4.9,Credit Card
Bike,274.0,17.29,6.3,37.1,5.0,4.2,Credit Card
Auto,583.0,17.95,12.7,35.3,3.7,4.5,Uber Wallet
Go Mini,853.0,6.15,5.9,42.9,4.2,4.1,UPI
Go Mini,487.0,42.59,9.9,15.5,4.1,4.8,Cash
Go Mini,423.0,29.49,2.8,21.2,3.7,4.6,Cash
Premier Sedan,358.0,14.82,12.0,42.2,4.5,4.2,Credit Card
Auto,210.0,36.28,6.8,35.1,3.9,4.6,UPI
Go Sedan,375.0,2.63,10.6,32.9,3.1,4.7,Debit Card
Bike,165.0,38.38,5.4,35.6,4.6,3.7,UPI
Bike,171.0,36.39,9.7,27.9,4.6,5.0,Uber Wallet
Auto,1287.0,14.16,14.2,24.0,5.0,4.2,UPI
Go Mini,583.0,37.62,7.7,32.9,3.0,3.8,UPI
Premier Sedan,668.0,34.29,2.5,34.1,4.4,4.5,Uber Wallet
Auto,599.0,36.06,8.7,26.3,4.6,4.5,UPI
Go Mini,290.0,17.23,2.5,35.2,4.9,4.3,UPI
Go Sedan,219.0,9.55,15.0,17.1,3.1,4.9,Cash
eBike,270.0,20.54,8.1,26.0,4.9,5.0,Cash
Auto,716.0,13.72,12.4,20.2,4.9,4.9,UPI
Auto,91.0,44.93,11.6,32.5,3.3,4.2,Debit Card
Go Sedan,3382.0,49.79,5.5,32.5,3.5,4.8,Cash
Premier Sedan,178.0,31.07,8.7,40.4,4.6,5.0,Cash
Premier Sedan,424.0,48.89,10.7,17.8,4.7,4.8,Uber Wallet
Auto,605.0,23.6,8.3,27.2,3.8,4.9,UPI
Premier Sedan,462.0,2.57,12.7,42.1,4.6,4.3,UPI
Premier Sedan,930.0,8.76,10.8,39.1,3.6,4.6,Uber Wallet
Go Sedan,1047.0,43.24,8.1,42.3,4.8,4.2,UPI
Go Sedan,362.0,10.38,8.0,20.8,4.8,5.0,UPI
Premier Sedan,528.0,34.29,3.8,39.6,4.4,4.7,Debit Card
Auto,460.0,13.36,13.2,42.8,4.6,4.8,Cash
Auto,214.0,24.7,6.0,32.4,4.3,3.8,UPI
Go Mini,771.0,7.87,8.3,30.4,4.3,5.0,UPI
Go Sedan,670.0,34.8,6.5,35.4,3.8,4.7,Uber Wallet
Auto,390.0,9.8,3.4,35.1,4.3,3.7,UPI
Auto,1408.0,10.26,2.2,43.7,4.5,4.7,Cash
Go Sedan,312.0,36.19,12.7,28.8,5.0,4.2,UPI
Auto,632.0,27.59,8.0,38.0,4.7,4.8,Credit Card
Auto,297.0,5.63,7.5,22.8,4.1,4.6,UPI
Go Mini,343.0,13.3,11.3,19.7,3.9,3.9,Uber Wallet
Go Mini,360.0,38.9,4.0,38.6,4.4,3.8,Cash
Go Sedan,249.0,34.8,3.8,44.0,4.4,3.0,Uber Wallet
Auto,964.0,12.15,14.4,29.9,4.7,4.3,Uber Wallet
Go Mini,85.0,39.94,5.5,28.1,4.7,3.8,Cash
Auto,276.0,25.41,7.2,22.5,4.1,4.3,Cash
Auto,112.0,9.21,7.0,37.4,4.3,4.5,Cash
Uber XL,576.0,12.32,2.4,22.9,3.6,4.9,Cash
Premier Sedan,573.0,16.67,4.7,24.8,3.5,4.2,UPI
Uber XL,323.0,49.75,4.1,15.5,3.6,3.5,Credit Card
Go Sedan,287.0,46.56,5.8,36.3,4.8,4.3,Debit Card
eBike,233.0,6.86,7.7,16.7,4.6,4.5,Cash
Auto,792.0,47.56,9.4,26.7,3.0,4.3,UPI
Go Mini,671.0,15.57,9.2,42.3,5.0,4.9,UPI
Go Mini,1057.0,7.47,11.0,16.6,3.9,3.7,UPI
Auto,341.0,10.46,2.6,25.0,4.2,4.9,Cash
Go Mini,542.0,43.38,3.7,41.3,5.0,4.3,UPI
Go Mini,921.0,40.53,2.9,31.8,3.9,4.6,UPI
eBike,476.0,33.22,14.0,33.6,3.8,4.6,UPI
Go Mini,219.0,21.0,8.8,42.7,4.1,4.7,Debit Card
Auto,646.0,43.75,3.9,39.3,3.9,5.0,Cash
Auto,465.0,49.3,3.1,24.0,4.2,5.0,UPI
Auto,1116.0,37.99,8.4,24.0,3.7,3.5,UPI
Premier Sedan,55.0,3.02,4.3,43.5,4.6,4.8,Uber Wallet
Go Sedan,409.0,8.68,7.0,41.1,4.3,3.7,Cash
eBike,237.0,13.46,11.6,40.1,3.3,4.3,Cash
Auto,51.0,9.73,6.0,29.7,4.3,4.9,Cash
Premier Sedan,772.0,5.6,9.4,32.8,4.7,4.6,UPI
Auto,306.0,34.12,5.1,31.2,4.2,4.7,Cash
Auto,935.0,37.73,6.8,19.3,4.5,4.3,Credit Card
Premier Sedan,95.0,42.95,4.1,35.2,3.9,4.3,UPI
Auto,900.0,27.61,6.4,18.9,5.0,4.6,UPI
Go Mini,608.0,9.88,10.7,16.5,4.2,4.3,Cash
Premier Sedan,1279.0,48.88,10.9,30.4,5.0,4.3,UPI
Auto,998.0,46.83,2.4,40.0,4.6,4.5,Credit Card
Auto,242.0,19.67,9.3,23.0,4.6,4.3,Uber Wallet
Uber XL,829.0,3.05,6.0,42.9,4.2,3.9,Uber Wallet
Premier Sedan,202.0,34.02,10.4,26.8,3.9,4.9,Uber Wallet
Bike,610.0,11.89,13.1,44.5,4.2,4.4,UPI
Bike,798.0,18.3,14.1,24.7,4.2,4.7,Cash
Premier Sedan,81.0,36.31,13.7,35.0,3.7,4.0,Debit Card
Go Mini,214.0,44.77,8.1,21.1,3.8,4.6,Cash
Auto,676.0,5.94,10.7,35.0,4.9,4.9,Cash
Auto,125.0,15.7,10.5,24.4,4.4,4.4,UPI
eBike,465.0,19.4,9.6,21.0,4.8,4.3,UPI
eBike,168.0,12.28,2.3,41.4,4.3,4.4,UPI
Auto,97.0,46.11,7.1,44.0,4.3,4.3,UPI
Auto,127.0,31.6,11.4,35.9,4.7,4.1,Credit Card
Premier Sedan,157.0,11.76,9.5,25.2,3.3,4.6,Uber Wallet
Go Mini,374.0,16.53,9.9,28.3,4.3,3.9,Cash
Auto,1198.0,38.31,14.2,38.5,4.2,3.3,UPI
Premier Sedan,923.0,2.76,12.9,41.7,4.7,4.6,UPI
Auto,381.0,9.28,6.2,37.2,4.4,4.1,UPI
Go Sedan,370.0,28.59,13.2,17.6,3.0,3.8,UPI
Auto,73.0,6.8,12.3,22.1,3.3,4.8,Uber Wallet
Bike,288.0,11.26,3.7,33.9,4.6,4.5,Credit Card
Go Sedan,714.0,12.94,13.1,42.8,4.6,4.4,UPI
Auto,618.0,15.2,4.6,45.0,4.6,4.3,UPI
Go Sedan,559.0,39.45,3.7,31.8,4.1,4.6,Uber Wallet
Auto,489.0,18.82,2.3,21.0,4.2,4.9,Debit Card
Go Sedan,1325.0,22.65,5.1,21.6,4.6,4.2,UPI
Bike,122.0,25.38,10.1,38.8,3.5,4.6,Credit Card
Go Mini,133.0,47.92,4.4,44.1,5.0,4.9,UPI
Go Mini,569.0,10.54,12.2,30.9,4.9,5.0,Debit Card
Go Mini,928.0,25.77,3.8,38.9,4.3,4.8,UPI
Auto,877.0,2.24,6.1,32.1,3.7,4.3,UPI
Go Mini,216.0,47.97,8.9,33.3,4.7,4.9,Cash
Premier Sedan,71.0,3.74,3.2,29.9,4.2,4.5,Credit Card
Bike,407.0,9.02,6.8,18.1,3.8,4.6,UPI
Uber XL,924.0,12.1,12.9,26.6,4.3,4.5,UPI
Auto,456.0,28.51,9.8,16.2,4.3,4.1,Cash
Auto,374.0,44.94,7.2,27.8,4.6,4.3,UPI
Go Mini,259.0,45.13,10.1,28.8,4.7,4.2,UPI
Auto,484.0,35.04,14.8,35.7,4.1,4.6,UPI
eBike,932.0,3.46,11.9,25.7,3.7,4.9,UPI
Auto,95.0,33.07,3.2,22.5,3.9,4.2,UPI
Premier Sedan,523.0,26.95,9.7,42.6,4.2,4.2,UPI
Auto,908.0,25.19,6.4,32.2,4.6,4.6,Debit Card
Go Mini,517.0,41.57,14.1,23.4,4.3,4.6,UPI
Auto,219.0,48.82,12.9,29.5,4.2,4.2,UPI
Auto,550.0,32.22,12.2,16.3,4.5,4.5,UPI
Go Mini,484.0,21.85,11.0,30.0,4.5,4.9,UPI
Auto,156.0,30.7,4.2,24.7,4.9,4.5,Cash
Bike,1231.0,26.11,13.8,19.1,4.4,4.2,UPI
Premier Sedan,423.0,23.48,10.5,25.0,4.2,4.7,Credit Card
Go Mini,156.0,29.51,14.8,42.0,3.9,3.2,Credit Card
Go Sedan,296.0,27.2,14.6,31.9,4.4,4.3,UPI
Go Sedan,913.0,15.03,14.8,22.5,4.5,4.9,UPI
Go Sedan,212.0,46.61,9.7,15.3,4.2,4.1,UPI
Go Mini,187.0,33.26,7.9,18.4,4.6,4.5,Credit Card
Premier Sedan,256.0,26.08,11.8,43.3,4.6,4.5,Cash
Go Mini,846.0,45.92,13.6,31.6,4.2,4.3,UPI
Go Mini,851.0,20.78,9.1,29.9,4.6,4.4,Debit Card
Uber XL,89.0,21.68,13.3,33.4,3.8,4.2,UPI
Go Mini,78.0,48.78,11.2,39.0,4.1,3.9,Cash
Go Mini,308.0,20.2,9.6,38.3,4.7,4.6,UPI
Go Mini,188.0,23.61,8.4,24.8,4.1,3.6,Credit Card
Go Sedan,759.0,28.85,12.6,21.5,4.6,4.6,Cash
Premier Sedan,977.0,16.75,8.8,20.2,4.1,3.4,Cash
Go Mini,245.0,48.17,3.5,30.0,4.8,4.6,Debit Card
Go Mini,831.0,2.19,12.2,18.5,4.2,4.3,UPI
Auto,84.0,47.39,8.9,22.3,4.5,3.9,Debit Card
Bike,849.0,43.96,12.4,27.4,4.5,4.9,Cash
Go Sedan,2302.0,14.85,2.4,20.4,4.2,3.8,UPI
Go Mini,333.0,22.82,4.7,34.3,4.8,4.2,Cash
eBike,149.0,23.56,5.1,36.6,4.6,4.4,Cash
eBike,486.0,21.07,9.9,21.1,3.6,4.8,UPI
Go Mini,323.0,34.89,11.0,39.4,4.4,4.6,Cash
eBike,937.0,49.69,3.7,42.3,4.3,4.4,UPI
Go Sedan,922.0,11.37,2.3,15.4,4.5,3.7,UPI
Uber XL,490.0,14.3,7.4,36.7,3.8,4.9,UPI
Bike,175.0,44.43,11.5,17.0,4.1,4.2,UPI
Go Mini,835.0,26.56,5.8,23.8,4.4,4.6,Cash
Premier Sedan,210.0,28.44,11.0,37.7,4.4,4.8,UPI
Go Mini,730.0,37.65,2.4,28.3,4.2,4.9,UPI
Go Sedan,139.0,24.24,12.5,33.0,4.1,4.3,UPI
Bike,532.0,6.92,12.3,19.4,4.4,4.9,UPI
Premier Sedan,2488.0,8.7,10.7,26.0,4.7,4.1,Cash
Uber XL,595.0,19.27,13.7,31.9,3.4,4.2,UPI
Go Mini,963.0,41.96,5.7,24.9,4.7,4.7,UPI
Bike,865.0,33.13,9.6,39.9,3.9,4.7,Cash
Bike,847.0,13.34,12.5,44.1,3.8,4.2,Debit Card
eBike,334.0,29.39,11.6,23.1,4.9,4.1,Uber Wallet
Go Mini,462.0,7.56,10.2,22.7,4.2,4.8,UPI
Premier Sedan,99.0,6.21,7.4,32.2,3.7,4.2,UPI
Go Mini,602.0,47.87,11.2,35.0,3.8,4.3,Debit Card
Go Sedan,173.0,9.74,7.5,24.6,4.6,4.8,UPI
Go Sedan,614.0,9.89,10.2,31.4,4.1,4.9,Cash
Go Mini,658.0,18.63,9.3,36.9,4.6,3.8,UPI
Auto,379.0,25.83,3.7,24.1,4.9,4.8,UPI
Bike,403.0,10.92,12.0,21.3,4.2,4.3,Uber Wallet
Go Mini,299.0,49.59,8.5,39.6,3.6,4.8,UPI
Bike,212.0,30.33,10.5,21.4,4.2,4.5,Cash
Auto,483.0,45.5,14.5,33.4,3.7,4.6,Credit Card
Auto,749.0,48.95,4.8,41.5,4.1,4.8,Cash
Premier Sedan,153.0,33.68,2.0,26.5,4.4,4.5,UPI
Go Sedan,661.0,24.95,6.3,43.6,4.7,4.6,Uber Wallet
Go Sedan,1697.0,46.73,12.7,23.7,4.9,5.0,Cash
Go Sedan,85.0,8.9,12.7,26.6,4.6,4.4,Cash
Go Sedan,474.0,16.87,6.8,21.8,3.5,4.5,Debit Card
eBike,337.0,21.65,6.0,38.0,3.7,4.6,UPI
Go Mini,157.0,44.56,7.5,32.7,4.9,4.7,UPI
Auto,885.0,27.84,14.2,41.3,4.2,4.7,Credit Card
Go Mini,396.0,17.95,7.6,15.2,4.2,4.4,UPI
Premier Sedan,597.0,26.6,10.5,38.0,4.3,4.8,UPI
Auto,549.0,19.08,11.4,36.9,4.3,4.6,UPI
Go Mini,558.0,20.95,9.1,35.3,4.9,4.6,Cash
Premier Sedan,419.0,32.04,7.1,18.3,4.8,4.8,UPI
Go Sedan,71.0,41.87,4.4,22.3,4.3,4.7,UPI
Go Sedan,622.0,39.7,2.1,22.9,4.2,4.3,Debit Card
Go Mini,654.0,37.41,3.4,17.3,4.2,4.1,Cash
Premier Sedan,473.0,46.55,6.8,43.5,3.9,4.6,UPI
Go Sedan,535.0,14.36,14.0,35.4,4.7,4.5,Debit Card
Premier Sedan,425.0,6.38,10.3,16.5,4.9,4.6,Debit Card
Go Mini,71.0,9.83,6.9,28.5,4.5,5.0,UPI
Premier Sedan,81.0,34.75,13.3,21.0,3.9,4.3,UPI
Bike,83.0,37.56,9.3,37.5,4.3,4.7,Cash
eBike,969.0,5.44,7.0,19.6,5.0,4.2,Debit Card
Go Mini,334.0,43.54,14.6,25.9,3.6,5.0,UPI
Auto,1998.0,34.62,5.0,30.2,4.2,4.6,UPI
Auto,696.0,34.04,9.0,36.2,3.8,4.9,Cash
Auto,121.0,32.05,14.6,31.7,3.0,4.3,UPI
Auto,412.0,27.22,11.5,20.9,4.2,4.8,Credit Card
Go Mini,1118.0,19.8,10.4,16.9,4.6,5.0,UPI
eBike,51.0,16.3,6.2,41.2,4.3,4.9,Cash
Go Mini,131.0,19.71,5.6,27.9,4.6,4.1,UPI
Auto,128.0,8.02,3.7,39.8,3.9,4.9,Credit Card
Auto,432.0,35.01,5.0,16.3,4.4,4.6,UPI
Bike,487.0,12.64,14.0,19.9,4.2,4.8,UPI
Bike,205.0,2.17,7.7,42.4,4.0,4.6,Uber Wallet
Go Sedan,402.0,29.98,5.5,29.2,4.6,5.0,Cash
Auto,176.0,26.27,3.1,33.3,4.2,4.3,Credit Card
Go Sedan,1616.0,22.88,15.0,20.8,4.6,4.6,Cash
Auto,708.0,20.8,10.5,16.7,4.1,4.4,UPI
Go Sedan,99.0,20.55,11.1,24.7,3.5,3.4,Cash
Go Sedan,913.0,35.82,2.1,28.8,4.4,4.2,Cash
Auto,650.0,42.88,14.1,38.3,4.6,4.6,Uber Wallet
Go Sedan,398.0,5.37,7.3,43.4,3.8,4.3,Cash
Auto,225.0,2.86,14.3,17.3,4.3,4.2,UPI
Auto,298.0,36.39,4.8,31.4,3.1,4.2,UPI
Auto,698.0,12.66,9.2,38.8,4.4,4.6,UPI
Go Mini,115.0,47.54,7.7,40.8,3.8,4.2,Cash
Go Sedan,784.0,12.49,5.1,23.6,3.9,4.7,UPI
Premier Sedan,748.0,5.16,6.6,41.6,3.7,4.2,UPI
Premier Sedan,177.0,33.86,9.0,23.6,4.3,5.0,UPI
eBike,279.0,7.66,12.5,18.3,4.9,4.6,Cash
Premier Sedan,56.0,26.71,7.9,24.9,4.3,4.9,Uber Wallet
Premier Sedan,227.0,41.2,6.7,32.4,4.4,4.4,UPI
Go Sedan,297.0,9.64,8.1,36.6,4.5,4.8,UPI
Auto,1311.0,8.24,13.7,29.0,4.2,4.1,UPI
Go Mini,371.0,24.02,14.2,41.0,4.3,3.1,UPI
eBike,860.0,6.91,14.4,33.1,4.4,4.5,Credit Card
Go Sedan,476.0,28.96,7.6,32.6,4.2,4.1,Cash
Auto,960.0,3.38,15.0,30.3,4.9,4.2,Cash
Go Mini,342.0,41.24,4.2,41.5,3.9,4.9,UPI
eBike,376.0,48.42,6.6,20.0,4.5,4.9,Cash
Go Mini,632.0,13.46,10.0,40.3,3.0,4.9,UPI
Premier Sedan,995.0,28.8,4.8,27.2,4.2,4.9,UPI
Go Mini,78.0,29.03,3.4,43.4,4.6,4.9,Cash
Premier Sedan,238.0,2.97,10.8,19.7,4.1,4.2,UPI
Premier Sedan,1244.0,42.08,4.5,18.1,4.2,4.2,Debit Card
eBike,875.0,42.71,4.1,35.7,4.5,4.4,Credit Card
Auto,87.0,7.42,4.9,25.5,4.9,4.4,Cash
Bike,669.0,18.81,7.2,36.7,3.2,4.8,UPI
Auto,302.0,30.19,9.2,39.7,4.1,4.6,Credit Card
Go Sedan,688.0,6.94,13.6,41.2,3.1,4.2,UPI
Bike,180.0,32.45,14.4,33.1,4.0,4.8,Uber Wallet
Go Mini,1648.0,42.8,14.3,40.3,3.9,4.9,Debit Card
Bike,965.0,46.08,9.0,24.7,4.0,4.1,Cash
Auto,226.0,36.56,8.0,19.8,3.6,3.6,Cash
Premier Sedan,465.0,40.8,8.7,27.5,4.6,4.4,UPI
Premier Sedan,377.0,21.62,2.4,22.3,4.5,4.2,Cash
Bike,155.0,47.68,6.0,35.3,4.2,4.6,Uber Wallet
Go Mini,656.0,42.06,10.4,26.4,3.9,4.3,UPI
Bike,673.0,35.7,14.1,22.7,4.3,4.3,Uber Wallet
Auto,143.0,40.12,10.7,22.7,4.3,4.6,Cash
Go Sedan,446.0,12.58,8.7,40.3,4.6,4.4,UPI
Go Mini,70.0,36.82,6.9,23.7,4.2,4.3,UPI
Auto,447.0,35.83,6.6,31.9,4.6,4.9,UPI
eBike,552.0,12.8,5.2,31.5,4.5,4.2,Uber Wallet
Go Mini,682.0,17.96,10.0,25.0,4.6,4.8,UPI
Go Sedan,294.0,18.56,9.3,27.0,4.5,4.7,UPI
Go Mini,326.0,31.28,5.6,17.5,4.3,4.1,UPI
Auto,1007.0,12.48,4.5,25.0,4.8,4.7,UPI
Go Mini,1174.0,45.14,2.9,24.9,4.3,4.2,UPI
Go Sedan,444.0,5.16,9.5,44.8,4.5,4.0,Cash
Go Sedan,116.0,39.64,5.4,37.6,4.7,4.3,Cash
Bike,484.0,31.48,9.2,37.9,3.7,4.3,Credit Card
Premier Sedan,441.0,11.37,3.3,38.5,4.1,4.3,Cash
Go Sedan,487.0,47.55,6.2,37.0,4.0,4.6,Debit Card
Premier Sedan,143.0,9.13,8.3,21.3,4.1,4.2,Cash
Auto,228.0,36.77,5.6,17.4,3.8,4.8,UPI
Go Sedan,242.0,13.42,3.1,23.1,4.9,4.6,UPI
Go Mini,962.0,4.54,7.8,15.3,3.7,4.2,UPI
Go Mini,316.0,13.57,6.2,39.0,4.1,4.7,Credit Card
Bike,370.0,39.08,9.7,17.3,3.8,4.9,Cash
Go Mini,1358.0,4.15,13.7,36.9,3.8,4.4,UPI
Go Mini,158.0,47.52,8.8,32.3,4.8,4.6,Credit Card
Auto,107.0,22.54,10.7,22.6,4.6,4.5,UPI
Auto,282.0,34.49,10.8,33.9,4.7,4.4,UPI
Uber XL,585.0,9.18,13.6,43.1,4.4,4.6,Cash
Auto,135.0,3.74,8.7,40.5,3.7,4.6,UPI
eBike,193.0,16.61,6.1,22.6,4.6,4.2,UPI
eBike,504.0,30.46,11.8,32.5,4.3,4.5,Uber Wallet
Go Sedan,379.0,12.87,14.6,39.9,3.7,4.0,Cash
Go Mini,377.0,32.38,2.2,27.2,3.9,4.4,UPI
Premier Sedan,1648.0,48.39,9.0,37.9,4.2,4.9,Credit Card
eBike,51.0,4.46,10.5,16.0,4.3,5.0,Cash
eBike,220.0,44.83,13.8,37.9,4.9,5.0,Cash
Go Sedan,809.0,27.88,14.5,24.0,4.6,4.9,Cash
Bike,491.0,6.81,8.2,30.2,4.5,4.3,Credit Card
Auto,132.0,36.92,13.3,33.7,4.7,4.7,UPI
Auto,80.0,14.49,11.4,42.3,4.4,4.8,Debit Card
Auto,1065.0,30.14,12.7,33.5,4.2,4.2,UPI
Uber XL,677.0,6.85,10.3,24.9,4.0,4.4,Credit Card
Auto,207.0,22.29,9.4,44.5,4.3,4.6,Credit Card
Auto,114.0,2.8,10.8,41.5,4.1,4.5,Debit Card
Go Mini,172.0,17.67,14.4,18.6,4.2,4.6,UPI
Auto,56.0,18.69,3.8,20.1,4.2,4.2,Uber Wallet
eBike,321.0,49.74,12.3,42.1,4.1,4.9,Uber Wallet
Go Sedan,919.0,15.68,4.8,16.4,4.3,4.4,Credit Card
Bike,826.0,43.84,5.9,36.3,4.6,3.8,Credit Card
Bike,323.0,20.04,3.8,15.0,5.0,4.5,UPI
Go Mini,925.0,22.91,4.6,36.4,4.4,4.2,UPI
Bike,480.0,8.87,10.5,17.5,4.2,4.3,Cash
Bike,304.0,7.8,14.6,21.8,4.6,3.0,UPI
Premier Sedan,147.0,2.67,11.9,31.3,3.2,4.5,Uber Wallet
Premier Sedan,114.0,28.96,12.6,41.5,4.1,4.2,UPI
Auto,933.0,21.68,10.8,34.5,4.6,4.2,UPI
Auto,724.0,39.36,6.2,35.9,4.2,5.0,UPI
eBike,115.0,12.69,8.5,22.5,3.8,4.6,UPI
Go Sedan,126.0,3.43,6.3,20.6,4.5,4.6,UPI
Go Mini,261.0,30.94,9.7,26.9,4.3,4.6,UPI
eBike,238.0,6.87,7.2,18.1,3.6,4.2,UPI
Go Mini,515.0,29.02,15.0,32.9,4.4,4.5,Cash
Go Mini,241.0,32.17,4.1,39.8,4.3,4.8,Cash
Auto,440.0,43.22,5.8,31.0,4.4,4.5,UPI
Auto,1076.0,23.61,8.7,43.2,4.2,4.9,UPI
Auto,578.0,29.1,5.3,41.0,4.2,4.5,Uber Wallet
Auto,535.0,17.27,4.9,36.1,5.0,4.8,UPI
Go Mini,484.0,4.51,5.2,38.4,3.5,4.3,UPI
Go Mini,163.0,11.68,8.7,22.3,4.4,4.2,UPI
Bike,245.0,19.37,7.9,25.5,3.9,4.1,Credit Card
Auto,1119.0,12.72,9.0,18.5,3.8,4.9,Cash
Go Sedan,658.0,33.03,12.4,21.3,4.8,4.8,Debit Card
Auto,310.0,10.44,3.4,44.8,4.6,3.7,UPI
Auto,893.0,23.08,9.2,27.2,4.6,4.3,UPI
eBike,249.0,22.89,8.4,16.2,3.6,3.7,UPI
Bike,1672.0,40.3,14.6,21.4,4.1,4.1,Cash
Auto,171.0,7.28,5.7,40.6,4.1,4.4,Uber Wallet
eBike,723.0,31.79,6.9,26.7,3.8,5.0,Uber Wallet
Auto,119.0,18.37,13.1,30.8,4.3,5.0,UPI
Go Mini,425.0,37.73,10.4,37.5,3.8,4.7,Cash
Premier Sedan,209.0,7.48,13.1,32.9,4.4,4.7,UPI
eBike,68.0,16.41,6.1,40.0,3.3,3.0,UPI
Uber XL,237.0,31.7,7.9,26.2,4.3,4.7,Cash
eBike,129.0,32.03,5.5,36.6,4.1,4.1,Debit Card
Bike,683.0,19.11,13.7,44.7,4.7,5.0,Uber Wallet
Auto,876.0,5.87,13.1,38.0,3.8,4.4,Debit Card
Go Sedan,352.0,17.67,4.6,28.7,3.6,5.0,UPI
Premier Sedan,427.0,18.24,13.6,30.7,4.4,4.4,UPI
Go Mini,635.0,29.54,7.5,33.6,4.5,4.3,Cash
Go Sedan,930.0,33.69,13.1,33.1,4.2,4.9,UPI
Bike,387.0,14.03,13.8,37.7,3.7,4.3,UPI
Auto,494.0,12.48,14.6,32.6,4.8,4.9,Cash
Auto,590.0,19.18,5.2,36.2,4.5,4.2,UPI
Premier Sedan,333.0,34.29,4.9,21.1,3.9,4.3,UPI
Go Mini,483.0,49.75,14.2,28.4,4.2,4.2,Cash
Bike,631.0,9.86,9.3,20.0,4.3,4.3,Cash
Auto,135.0,5.61,5.5,40.4,5.0,3.3,Credit Card
Bike,649.0,28.96,5.6,33.3,4.1,3.6,UPI
Go Mini,151.0,17.39,3.8,40.8,4.3,4.3,Credit Card
Auto,842.0,40.04,13.3,20.1,3.9,4.8,Credit Card
Bike,683.0,22.37,3.0,32.1,4.7,4.7,UPI
Go Mini,266.0,11.47,9.2,25.6,4.6,4.9,UPI
Go Mini,394.0,24.78,6.9,33.7,4.4,4.9,UPI
Go Sedan,196.0,30.68,13.6,39.3,4.1,5.0,Cash
Premier Sedan,342.0,7.59,9.8,25.4,4.4,4.6,Cash
eBike,133.0,32.42,13.5,37.8,4.2,4.3,Debit Card
Go Mini,341.0,7.23,3.0,35.7,4.7,4.1,Cash
Go Mini,446.0,17.08,7.0,42.7,4.9,5.0,Uber Wallet
Premier Sedan,199.0,44.95,11.9,42.3,4.3,4.2,UPI
Uber XL,331.0,15.34,4.9,24.2,4.2,4.9,UPI
Bike,513.0,18.07,9.3,18.0,4.0,4.2,Cash
Go Mini,116.0,41.75,10.9,21.7,4.8,4.4,Credit Card
Bike,1022.0,14.8,12.1,20.7,4.8,4.3,Credit Card
Go Sedan,162.0,19.96,11.1,21.8,4.2,4.4,UPI
Auto,755.0,35.39,2.0,44.8,4.3,4.6,Uber Wallet
Go Sedan,720.0,21.26,9.5,21.6,3.0,3.9,UPI
Go Sedan,205.0,7.1,4.7,34.8,3.6,4.0,Debit Card
Auto,428.0,39.12,5.6,33.9,4.4,4.2,UPI
Bike,275.0,42.93,9.0,32.2,4.6,4.4,UPI
Go Sedan,925.0,11.27,5.1,18.2,4.4,4.6,UPI
Auto,471.0,10.9,14.3,40.6,3.3,4.7,Cash
Go Sedan,487.0,24.22,14.6,23.6,4.2,3.8,UPI
eBike,531.0,25.76,7.4,24.6,4.6,4.9,Cash
eBike,125.0,25.15,13.7,15.9,4.6,4.3,UPI
Go Sedan,338.0,45.71,13.8,23.9,4.2,3.7,Cash
Premier Sedan,857.0,43.36,10.5,15.9,3.3,4.9,UPI
Auto,456.0,23.04,9.0,19.1,3.9,3.3,UPI
Go Sedan,269.0,28.91,14.9,27.2,4.4,5.0,UPI
Auto,810.0,23.14,5.6,31.5,4.8,4.9,UPI
Premier Sedan,2790.0,10.67,4.4,17.6,4.2,3.9,Uber Wallet
Premier Sedan,324.0,43.98,14.7,26.9,4.3,4.8,Debit Card
Go Sedan,465.0,30.16,4.9,43.9,4.4,4.9,UPI
Go Sedan,383.0,41.88,12.8,15.2,4.1,4.9,Cash
Auto,726.0,31.57,13.1,21.7,4.4,5.0,Debit Card
Go Mini,803.0,23.57,5.1,22.0,3.4,3.9,Cash
eBike,349.0,26.17,10.2,32.3,4.2,4.3,Cash
Go Mini,684.0,46.58,12.9,39.7,3.3,5.0,Credit Card
Bike,272.0,22.84,9.5,28.0,3.4,3.0,UPI
Premier Sedan,220.0,18.1,6.0,44.1,4.3,5.0,Credit Card
Go Sedan,938.0,13.47,13.4,39.2,4.5,4.9,UPI
Auto,298.0,45.23,5.6,37.3,4.9,4.2,UPI
Auto,611.0,33.98,14.5,21.3,4.2,4.3,UPI
Bike,302.0,42.57,14.8,20.6,5.0,3.9,UPI
Go Mini,554.0,19.61,6.5,33.6,4.2,4.7,Credit Card
Go Mini,890.0,16.75,13.3,37.0,4.5,4.9,UPI
Uber XL,780.0,30.4,6.7,39.1,4.5,4.9,UPI
Go Sedan,819.0,20.21,5.0,27.8,4.4,4.9,Uber Wallet
Go Sedan,103.0,24.76,9.0,33.6,4.2,3.0,Debit Card
Bike,395.0,24.2,4.2,38.1,3.6,4.2,UPI
Auto,526.0,22.41,2.7,36.5,4.6,4.3,Credit Card
Auto,738.0,5.92,3.6,43.9,3.5,3.7,Cash
Premier Sedan,859.0,2.01,10.0,44.7,4.5,4.3,Cash
Go Mini,302.0,44.25,5.9,28.7,4.3,4.6,UPI
Auto,220.0,33.43,6.7,17.8,4.6,4.4,Cash
Bike,425.0,10.98,13.7,16.9,3.5,4.0,Credit Card
Auto,792.0,2.92,4.0,37.6,4.2,5.0,UPI
Go Mini,657.0,9.82,12.5,25.0,4.3,5.0,Uber Wallet
Go Mini,376.0,37.05,8.3,40.5,4.0,4.3,UPI
Auto,274.0,28.25,9.4,39.1,4.5,4.6,UPI
Go Mini,435.0,36.03,12.3,30.5,5.0,3.6,Credit Card
Premier Sedan,731.0,33.99,2.5,31.5,4.3,4.9,UPI
Auto,335.0,41.36,11.6,26.9,3.3,4.4,Credit Card
Bike,1418.0,41.73,3.5,21.7,3.6,4.2,UPI
Uber XL,404.0,25.47,9.5,24.2,4.9,4.4,UPI
Bike,801.0,20.52,9.0,39.8,4.6,4.9,UPI
Go Mini,307.0,15.53,2.1,33.4,3.0,4.6,Cash
Go Sedan,689.0,16.38,3.2,36.2,4.7,4.7,Credit Card
Go Mini,582.0,34.17,9.1,19.6,4.1,4.3,Cash
Auto,304.0,46.75,6.0,36.8,4.9,4.6,Debit Card
Premier Sedan,241.0,12.15,11.2,24.8,4.7,3.9,UPI
Auto,264.0,34.07,9.5,41.6,3.9,3.1,Debit Card
Bike,485.0,25.11,2.6,19.6,4.2,4.9,UPI
Auto,758.0,31.14,11.5,16.3,4.7,4.3,UPI
Premier Sedan,186.0,24.06,6.5,15.2,3.9,3.7,Cash
eBike,308.0,38.41,12.0,33.0,4.7,4.9,Credit Card
Auto,128.0,31.06,2.6,27.8,4.8,4.6,Credit Card
Go Sedan,435.0,9.61,12.2,24.5,4.4,4.5,UPI
Auto,664.0,47.1,3.5,15.5,3.7,5.0,Credit Card
Auto,724.0,17.93,11.7,27.8,4.6,4.3,Cash
Premier Sedan,241.0,10.03,5.2,16.5,4.8,4.4,UPI
Go Mini,280.0,29.89,13.2,20.1,4.1,4.7,Cash
Bike,427.0,11.0,14.0,39.9,4.2,4.2,UPI
Auto,766.0,22.28,5.5,25.8,4.3,4.3,Cash
Auto,152.0,38.07,8.4,21.7,4.6,4.3,UPI
Auto,144.0,6.0,5.8,17.5,4.6,4.8,Credit Card
Go Sedan,244.0,38.3,14.5,20.8,4.8,4.2,Cash
Go Sedan,1410.0,34.68,8.2,28.3,4.9,4.3,Cash
eBike,398.0,49.49,6.6,26.1,4.2,3.0,Cash
Go Sedan,1339.0,15.24,5.7,36.9,4.1,4.2,Credit Card
Premier Sedan,266.0,4.67,6.4,37.7,3.2,4.4,Cash
Auto,521.0,2.11,12.5,36.5,4.9,4.9,Cash
Go Mini,63.0,42.65,2.5,39.2,4.3,4.2,Cash
Go Mini,61.0,44.53,2.9,33.1,4.7,4.9,Credit Card
Go Sedan,1078.0,44.52,7.8,15.9,4.0,3.3,Credit Card
Auto,816.0,45.45,7.7,44.4,4.0,4.9,Credit Card
Auto,221.0,41.75,12.7,18.2,4.6,4.1,UPI
Go Mini,147.0,10.37,13.7,22.4,4.7,4.1,Cash
eBike,1483.0,24.88,11.3,23.7,4.3,4.5,UPI
Bike,504.0,49.61,4.0,25.2,4.6,3.1,UPI
Go Mini,450.0,35.31,4.0,21.3,3.7,3.8,Credit Card
Go Mini,592.0,46.06,12.1,36.3,4.2,4.2,Uber Wallet
Go Sedan,584.0,8.96,13.3,43.3,3.4,4.6,UPI
Bike,216.0,25.56,14.3,40.0,4.1,4.2,Cash
Bike,236.0,4.36,3.7,25.0,3.8,3.8,Uber Wallet
Auto,865.0,47.33,10.7,41.9,4.5,4.2,Cash
Auto,1556.0,9.83,12.9,35.0,4.2,4.4,UPI
Go Mini,306.0,49.94,6.9,18.1,4.2,5.0,Debit Card
Go Mini,269.0,34.4,10.8,18.5,4.4,4.5,UPI
Auto,939.0,42.88,9.0,17.9,4.3,4.9,Cash
Bike,137.0,48.72,10.5,36.5,4.6,4.7,UPI
Go Mini,243.0,6.79,11.8,40.7,4.5,4.8,Uber Wallet
Auto,299.0,5.22,10.6,39.3,3.7,4.6,UPI
Premier Sedan,393.0,41.83,13.3,16.6,4.1,4.2,Cash
Go Mini,482.0,33.45,5.9,32.8,3.8,4.6,UPI
Go Mini,73.0,15.29,3.6,44.3,4.5,4.3,Debit Card
Go Sedan,593.0,32.49,13.7,40.6,3.9,3.3,Cash
Go Mini,121.0,13.52,12.9,23.4,4.6,4.3,UPI
Premier Sedan,678.0,33.15,3.0,37.4,4.2,4.8,Cash
Go Sedan,843.0,10.03,8.5,38.0,4.4,4.3,Credit Card
Auto,852.0,37.43,2.9,18.5,4.6,4.5,Cash
Auto,95.0,26.28,8.2,44.2,3.9,4.9,UPI
Auto,286.0,8.51,10.6,26.6,4.6,4.0,Cash
Premier Sedan,378.0,26.65,10.1,22.7,3.8,4.7,UPI
Go Mini,980.0,39.95,5.2,37.9,3.5,5.0,UPI
eBike,610.0,33.91,7.4,37.8,4.2,5.0,UPI
Auto,74.0,15.7,4.9,18.4,3.2,4.4,Cash
Auto,72.0,5.36,8.2,30.5,3.7,4.2,Cash
Go Mini,343.0,5.0,2.5,21.6,4.6,4.5,UPI
Bike,213.0,37.68,9.2,35.9,4.3,4.4,UPI
Go Mini,73.0,46.22,7.0,27.0,3.9,4.9,UPI
Auto,2188.0,7.24,7.7,17.8,4.1,5.0,UPI
Bike,1303.0,30.62,2.4,33.8,4.2,3.8,UPI
Auto,963.0,27.57,8.6,44.0,3.7,4.3,UPI
Auto,959.0,44.26,8.8,18.0,4.5,4.2,UPI
Go Sedan,628.0,21.82,7.7,38.9,4.4,4.3,Cash
Go Sedan,124.0,10.29,10.4,43.9,4.4,4.6,UPI
Bike,174.0,45.56,7.2,26.2,4.1,4.3,Cash
Go Mini,942.0,36.4,12.1,43.2,4.9,4.7,UPI
Auto,59.0,23.28,2.7,22.6,3.7,3.8,Credit Card
Go Mini,226.0,32.12,9.2,38.9,3.2,3.8,Uber Wallet
Auto,306.0,16.37,10.8,43.4,3.8,4.6,Credit Card
Auto,760.0,13.12,7.2,17.2,4.6,4.5,UPI
Uber XL,343.0,18.57,8.0,28.8,4.1,4.9,UPI
Go Sedan,492.0,35.22,11.9,22.0,4.6,4.4,Cash
Go Mini,169.0,49.09,10.6,31.4,4.2,5.0,Cash
Go Sedan,227.0,27.05,6.2,42.1,4.4,4.2,UPI
Bike,414.0,20.51,13.3,26.2,4.8,4.3,Uber Wallet
Premier Sedan,679.0,9.17,10.1,25.9,4.3,4.2,Uber Wallet
Uber XL,255.0,49.2,8.9,28.6,4.2,4.1,UPI
Premier Sedan,155.0,6.06,6.4,19.7,3.9,4.3,Debit Card
Go Sedan,285.0,36.29,8.0,15.5,4.3,4.6,Debit Card
Auto,428.0,17.92,6.4,20.2,4.2,4.4,Debit Card
Uber XL,70.0,27.71,6.2,33.3,4.6,3.9,UPI
Auto,312.0,12.26,11.6,24.0,3.2,4.7,UPI
Premier Sedan,344.0,11.36,11.2,29.5,4.6,4.6,Cash
Bike,866.0,8.94,8.1,16.0,4.3,4.2,UPI
Auto,241.0,9.7,3.5,31.8,4.1,4.7,Cash
Go Sedan,816.0,11.94,12.8,41.2,3.6,4.9,UPI
Bike,421.0,32.71,3.5,42.9,4.3,4.5,Cash
Go Mini,492.0,24.96,12.8,25.0,4.2,4.6,UPI
Go Sedan,517.0,34.76,14.9,27.8,4.9,4.3,Debit Card
Go Sedan,91.0,29.8,11.3,44.7,3.1,3.7,UPI
Premier Sedan,947.0,35.02,3.4,39.5,4.3,4.4,Credit Card
Go Mini,585.0,6.5,3.2,41.5,3.9,4.3,Debit Card
Go Mini,103.0,17.69,9.5,31.3,4.1,4.5,UPI
Go Mini,74.0,37.8,11.0,42.5,3.1,4.6,Cash
Auto,51.0,22.63,5.1,28.5,3.6,4.6,Debit Card
Go Sedan,293.0,6.13,5.4,32.8,4.5,4.8,Cash
Go Sedan,217.0,21.59,11.9,35.2,4.0,4.8,Uber Wallet
eBike,635.0,30.16,4.6,36.5,3.1,4.1,UPI
Auto,1931.0,20.26,4.0,26.4,4.9,4.1,UPI
Uber XL,161.0,33.28,11.1,30.1,3.9,4.4,UPI
Bike,600.0,36.45,2.5,31.8,4.9,4.8,UPI
Auto,429.0,13.01,9.2,43.7,4.5,4.8,Uber Wallet
Auto,212.0,19.44,9.7,33.8,4.1,4.5,UPI
Auto,87.0,35.53,7.0,17.8,4.9,4.2,UPI
Bike,115.0,44.15,6.4,33.0,4.0,4.1,Uber Wallet
Auto,572.0,23.19,7.1,40.7,4.6,4.2,UPI
Auto,352.0,26.7,8.5,23.2,4.9,4.9,UPI
Auto,50.0,41.06,2.4,39.3,4.7,4.8,Credit Card
Go Mini,648.0,48.81,6.7,32.2,4.2,4.1,Cash
Bike,330.0,12.49,7.5,20.2,3.8,4.7,UPI
Auto,178.0,19.93,3.8,25.4,4.2,3.4,Cash
Auto,353.0,18.7,2.8,25.1,4.3,4.3,UPI
Auto,213.0,42.94,11.7,32.0,4.2,4.9,Credit Card
Go Sedan,53.0,36.35,6.4,28.5,4.1,3.8,UPI
Premier Sedan,272.0,30.12,9.9,40.8,4.9,4.2,UPI
Auto,913.0,24.29,11.6,19.6,4.3,4.8,Credit Card
Uber XL,381.0,18.6,10.7,28.7,5.0,4.8,UPI
Auto,461.0,33.45,12.3,26.4,3.9,5.0,UPI
Bike,301.0,27.66,9.8,26.8,4.3,3.9,UPI
Bike,94.0,35.11,8.6,40.1,4.4,4.3,UPI
Uber XL,403.0,29.55,7.4,16.1,5.0,4.3,Debit Card
Go Mini,1415.0,36.39,14.7,15.8,4.3,4.3,UPI
Auto,464.0,3.68,12.1,36.7,4.7,4.2,Debit Card
Premier Sedan,373.0,20.47,11.4,24.4,4.3,4.1,Cash
Bike,278.0,8.04,3.7,37.2,4.1,4.2,Cash
Go Mini,755.0,36.12,4.6,31.8,3.0,3.8,Cash
Auto,419.0,41.18,4.0,27.4,5.0,4.6,UPI
Go Sedan,469.0,49.04,13.7,38.6,3.9,3.7,UPI
Premier Sedan,73.0,37.03,7.8,36.4,4.4,4.9,Uber Wallet
Bike,104.0,12.29,13.9,17.9,3.2,4.9,Cash
Go Mini,2405.0,19.89,5.2,20.7,4.3,4.9,Uber Wallet
Auto,1056.0,28.24,4.3,15.7,3.9,4.3,Uber Wallet
Auto,795.0,12.27,3.2,43.7,4.5,4.6,UPI
Premier Sedan,419.0,31.81,5.1,23.3,4.3,4.3,UPI
Bike,243.0,29.58,7.7,35.8,4.0,4.7,Cash
Go Mini,624.0,16.32,7.8,41.3,4.6,4.2,Uber Wallet
Uber XL,786.0,49.85,11.8,42.6,4.2,3.3,Uber Wallet
Auto,486.0,3.11,11.3,38.9,4.2,4.4,UPI
Go Sedan,744.0,22.36,6.1,38.5,3.1,4.3,Cash
Bike,1288.0,31.16,8.6,38.0,4.4,4.3,Credit Card
Premier Sedan,594.0,2.71,3.3,42.9,4.2,4.3,Credit Card
Premier Sedan,353.0,37.61,5.1,21.9,4.3,4.6,Cash
Go Sedan,207.0,7.18,11.3,15.8,3.4,3.8,Debit Card
Premier Sedan,339.0,42.29,9.8,17.8,4.2,4.7,Uber Wallet
Bike,244.0,20.71,7.1,38.2,3.7,4.8,Uber Wallet
Uber XL,148.0,33.85,9.8,23.6,3.8,4.3,Debit Card
Bike,793.0,45.15,6.1,38.7,3.9,4.2,UPI
Go Sedan,189.0,38.78,7.5,16.9,4.1,4.8,Credit Card
eBike,701.0,32.57,14.4,27.4,4.4,4.2,Uber Wallet
Go Mini,918.0,44.05,13.9,24.3,4.2,4.9,UPI
Go Mini,171.0,34.55,4.4,23.2,4.1,5.0,Uber Wallet
Bike,275.0,26.16,4.2,37.4,3.4,3.2,UPI
Premier Sedan,575.0,16.78,12.9,31.2,3.7,4.9,Credit Card
Premier Sedan,393.0,5.16,11.7,25.4,3.6,4.9,UPI
Go Mini,531.0,38.43,11.6,33.1,3.6,3.8,Cash
Auto,93.0,38.07,7.0,29.3,4.2,4.9,UPI
Go Sedan,450.0,17.94,5.0,42.0,4.5,4.2,Cash
Bike,386.0,30.22,2.2,32.0,4.7,4.5,UPI
Go Mini,205.0,7.98,2.2,31.4,4.6,3.9,UPI
Go Mini,447.0,31.36,6.3,40.4,4.2,4.4,Cash
Auto,284.0,15.67,9.7,23.4,3.6,5.0,Cash
Go Mini,698.0,40.99,11.3,40.3,3.6,4.3,Cash
Go Mini,1335.0,18.92,12.3,43.8,4.2,4.5,Cash
eBike,493.0,48.23,3.9,36.1,4.9,3.7,Cash
Go Sedan,187.0,16.21,7.8,38.6,4.2,4.9,UPI
Auto,182.0,36.38,12.2,37.8,4.2,4.3,UPI
Go Mini,338.0,8.16,13.2,22.6,4.2,3.9,UPI
Premier Sedan,705.0,29.2,6.0,33.3,4.2,4.5,Cash
Go Mini,612.0,29.23,2.3,44.7,4.8,4.5,Debit Card
Auto,69.0,48.22,13.3,43.4,3.1,4.9,Cash
Auto,144.0,3.84,12.0,23.0,4.9,5.0,Cash
Go Mini,569.0,3.82,12.7,15.8,4.5,4.6,UPI
Auto,84.0,44.73,12.0,39.5,4.6,4.8,Debit Card
eBike,307.0,28.24,13.0,15.6,4.3,4.2,UPI
Auto,628.0,7.98,4.5,41.0,3.9,3.4,Credit Card
eBike,924.0,20.62,11.7,43.9,4.3,4.6,UPI
Premier Sedan,692.0,28.86,12.1,27.4,4.7,4.3,Credit Card
Bike,298.0,30.27,5.2,20.5,4.3,4.5,UPI
Go Mini,257.0,40.05,2.5,18.9,3.6,4.3,UPI
Go Mini,749.0,32.39,10.4,16.2,4.5,4.8,Credit Card
Auto,238.0,47.29,9.1,18.3,4.6,4.7,UPI
Bike,107.0,32.72,2.6,41.8,3.8,3.7,Cash
Bike,967.0,40.07,6.6,17.3,5.0,4.4,UPI
Go Sedan,350.0,12.51,12.1,23.7,3.7,4.3,Cash
Premier Sedan,346.0,26.92,8.4,22.9,4.6,3.6,Debit Card
Premier Sedan,980.0,29.2,11.3,34.8,4.3,4.6,Uber Wallet
Go Mini,834.0,23.12,3.7,20.4,4.4,4.1,UPI
Premier Sedan,406.0,49.58,8.1,22.9,4.6,4.5,UPI
Go Mini,547.0,46.28,10.2,23.6,4.3,4.3,UPI
Bike,263.0,29.37,3.1,37.0,3.0,4.9,UPI
eBike,235.0,9.12,15.0,19.4,3.6,4.9,Credit Card
Go Sedan,256.0,22.66,12.8,28.0,4.4,4.2,Cash
Auto,433.0,2.57,7.7,20.2,4.2,4.4,UPI
Go Sedan,121.0,45.76,6.5,39.6,4.9,4.6,Uber Wallet
Bike,160.0,29.73,8.5,42.6,4.2,4.9,UPI
eBike,519.0,46.49,10.9,28.3,4.3,4.3,Debit Card
eBike,297.0,34.58,5.2,18.7,4.2,3.4,UPI
Auto,81.0,18.46,7.9,40.7,3.5,4.1,Uber Wallet
Go Sedan,184.0,42.7,4.7,32.7,4.2,4.6,UPI
Go Mini,201.0,31.25,11.0,21.7,4.1,3.9,UPI
Go Mini,181.0,7.67,3.2,39.3,4.3,3.9,Cash
Premier Sedan,355.0,6.1,3.9,30.0,4.5,4.7,Credit Card
Premier Sedan,771.0,12.99,13.6,37.7,3.9,4.7,UPI
Go Sedan,1027.0,42.26,8.0,19.3,4.3,4.5,Cash
eBike,1115.0,47.14,14.1,38.1,4.9,4.6,UPI
Premier Sedan,349.0,26.01,3.7,44.2,4.4,4.9,Cash
Go Sedan,441.0,41.95,14.2,41.1,4.3,4.7,UPI
Bike,1294.0,15.86,8.7,41.0,4.3,4.6,UPI
Auto,930.0,20.15,6.5,16.6,4.2,4.1,UPI
Go Mini,256.0,37.34,9.7,28.0,4.9,4.3,Uber Wallet
Go Mini,95.0,16.01,10.3,42.4,4.8,4.6,Cash
eBike,448.0,38.72,8.8,31.1,4.4,4.3,Cash
Auto,311.0,30.4,13.7,22.8,4.1,4.3,UPI
Go Mini,1648.0,43.18,8.7,20.1,4.6,4.2,UPI
Go Mini,152.0,42.55,2.1,29.6,4.3,3.9,Debit Card
eBike,739.0,28.5,6.6,25.0,4.6,4.2,UPI
Premier Sedan,332.0,41.98,5.5,31.7,3.8,4.5,Credit Card
eBike,1968.0,41.0,9.9,23.8,4.0,4.9,Cash
Go Sedan,193.0,49.73,12.4,27.2,3.2,4.9,UPI
Go Mini,416.0,15.0,13.8,25.6,4.4,4.9,UPI
Auto,549.0,31.63,10.8,19.7,4.8,4.6,UPI
Go Sedan,952.0,30.46,6.9,41.9,4.1,4.1,Credit Card
Premier Sedan,497.0,10.27,14.9,23.0,4.7,4.6,UPI
Go Sedan,622.0,13.09,7.8,40.0,4.3,4.4,UPI
Premier Sedan,369.0,13.55,9.5,28.2,4.9,4.3,UPI
Auto,292.0,29.14,6.3,23.6,4.1,3.8,Debit Card
Go Mini,308.0,20.85,13.4,33.8,3.9,4.8,Uber Wallet
Auto,967.0,48.02,5.1,35.8,3.8,4.9,UPI
Go Mini,468.0,34.02,13.8,42.3,3.9,3.2,Uber Wallet
Go Mini,1110.0,11.6,10.7,16.2,4.1,3.4,Credit Card
Go Mini,172.0,19.5,7.5,38.1,4.2,4.6,UPI
Bike,287.0,41.43,12.5,15.9,4.4,4.3,UPI
Go Mini,297.0,6.5,14.3,22.5,3.7,4.2,UPI
Go Sedan,88.0,49.0,14.4,38.4,3.8,4.5,UPI
Uber XL,280.0,4.08,6.9,36.0,4.9,4.8,Credit Card
Auto,79.0,8.0,2.2,18.3,4.2,4.2,UPI
Auto,665.0,25.64,11.2,22.0,4.7,4.6,Credit Card
Auto,328.0,35.29,10.5,28.6,4.0,4.3,UPI
Auto,516.0,34.69,2.5,26.1,4.6,4.5,Cash
Auto,412.0,41.46,12.5,18.1,4.7,4.7,Cash
Auto,544.0,19.41,5.8,16.3,3.4,5.0,UPI
Auto,228.0,33.53,9.4,27.4,3.4,3.9,UPI
Auto,560.0,21.78,13.4,41.5,4.4,4.5,Cash
eBike,567.0,10.2,14.0,35.3,4.2,3.1,Cash
Go Sedan,732.0,21.28,13.8,18.8,4.3,4.9,Cash
Uber XL,734.0,16.34,3.1,31.9,5.0,3.8,UPI
Go Sedan,123.0,45.55,4.3,35.6,4.1,4.5,UPI
Bike,258.0,45.45,10.4,28.3,4.3,3.4,UPI
Go Sedan,361.0,23.21,7.2,19.6,4.2,4.3,Uber Wallet
Go Mini,424.0,15.95,9.8,38.3,4.1,4.6,Cash
Bike,369.0,3.24,4.1,21.2,3.9,3.6,Cash
Bike,620.0,29.68,2.8,26.1,4.3,4.2,Cash
Auto,226.0,47.96,12.8,21.1,4.6,4.1,UPI
Auto,165.0,48.88,13.9,39.2,3.7,4.1,UPI
Go Mini,480.0,15.17,5.0,30.2,4.6,5.0,UPI
Go Mini,113.0,44.38,2.5,33.3,3.3,4.4,UPI
Auto,1719.0,27.34,9.8,29.1,4.3,4.7,UPI
Go Mini,2349.0,40.68,6.6,26.0,4.2,4.6,UPI
Premier Sedan,447.0,48.69,9.2,41.7,4.2,4.2,Cash
Go Sedan,1891.0,26.1,4.6,21.0,3.6,4.9,UPI
Go Mini,459.0,28.39,2.8,29.4,4.1,4.9,UPI
Auto,725.0,49.99,12.2,42.5,4.0,4.4,UPI
Auto,776.0,22.95,2.2,37.0,3.3,4.7,UPI
Auto,61.0,17.87,13.2,35.7,4.3,4.3,UPI
Bike,176.0,17.63,7.8,38.9,3.1,5.0,UPI
Bike,236.0,5.05,4.2,45.0,4.4,3.9,Credit Card
Go Mini,122.0,32.28,6.9,39.1,4.3,4.6,Debit Card
Premier Sedan,134.0,35.19,13.7,30.8,3.2,4.1,Debit Card
Bike,705.0,36.99,10.2,26.2,3.5,4.8,UPI
Auto,325.0,44.66,3.2,31.9,3.4,4.5,UPI
Premier Sedan,378.0,6.36,4.8,33.2,3.8,4.9,Uber Wallet
Go Mini,467.0,12.73,7.7,35.5,4.9,4.2,Debit Card
Premier Sedan,60.0,33.77,13.7,38.9,4.9,4.7,UPI
Go Sedan,268.0,35.63,11.1,15.3,4.5,4.3,UPI
Go Sedan,997.0,17.53,11.5,24.1,4.7,4.5,Cash
Go Sedan,355.0,42.02,11.4,40.9,3.3,4.7,UPI
Premier Sedan,148.0,42.71,6.3,35.2,4.6,4.3,Cash
Bike,81.0,8.65,11.2,25.5,4.2,4.9,Cash
Bike,196.0,25.4,5.3,24.6,3.2,4.3,Uber Wallet
Go Mini,489.0,37.53,7.1,29.0,4.3,4.2,UPI
Auto,368.0,17.68,14.5,44.2,3.6,4.2,UPI
eBike,111.0,46.62,11.2,28.4,4.2,3.3,UPI
Uber XL,52.0,7.95,9.0,31.9,3.3,3.8,Credit Card
Auto,572.0,41.85,3.3,40.9,4.1,4.8,Debit Card
Go Sedan,976.0,37.58,2.4,41.5,4.0,4.7,UPI
Bike,768.0,18.06,11.8,24.0,4.3,4.8,UPI
Premier Sedan,900.0,27.41,9.6,29.0,3.7,4.9,Credit Card
Bike,852.0,19.82,5.6,31.9,4.5,4.5,UPI
Go Mini,803.0,48.79,6.1,21.1,4.1,5.0,Uber Wallet
Go Mini,1356.0,10.44,8.0,42.8,4.6,4.3,Debit Card
Bike,558.0,44.28,12.8,31.3,4.0,4.6,UPI
Go Mini,467.0,22.02,5.4,34.5,4.2,3.2,Credit Card
Auto,1209.0,38.59,3.0,16.5,4.9,4.3,UPI
Go Sedan,1356.0,15.61,8.8,25.1,4.1,4.7,Cash
Bike,327.0,22.46,2.2,43.0,4.3,4.2,UPI
Go Sedan,379.0,47.11,9.3,39.8,4.7,4.1,Credit Card
Go Sedan,429.0,15.56,7.8,20.9,4.6,4.2,UPI
Auto,465.0,46.74,12.2,28.4,4.8,4.6,Credit Card
Go Mini,681.0,29.55,3.1,21.2,4.1,4.9,Uber Wallet
Auto,930.0,27.93,9.6,22.5,4.3,3.8,Cash
Auto,401.0,17.5,3.9,38.7,3.8,3.5,Cash
Premier Sedan,337.0,47.71,3.7,32.0,4.3,3.8,Credit Card
Bike,566.0,18.49,14.4,22.4,4.4,4.6,UPI
Go Sedan,192.0,26.43,4.0,19.0,3.1,4.3,Debit Card
Go Sedan,130.0,5.42,14.9,37.2,4.4,4.1,UPI
Bike,1620.0,10.14,4.9,32.7,3.9,4.9,UPI
Bike,355.0,35.34,6.0,40.7,4.2,4.3,Debit Card
Auto,93.0,32.61,7.0,36.4,3.9,4.1,UPI
Bike,130.0,21.74,8.7,27.7,4.1,5.0,UPI
eBike,266.0,35.71,14.1,22.8,3.9,4.9,Credit Card
Go Sedan,493.0,37.55,8.2,24.7,4.3,4.9,Credit Card
Auto,179.0,21.57,8.1,40.0,3.1,4.2,Cash
Go Sedan,76.0,14.03,8.2,30.5,4.8,4.2,UPI
Auto,437.0,32.88,3.8,33.7,4.5,5.0,UPI
Go Sedan,735.0,41.46,9.1,37.6,4.4,4.7,UPI
Go Mini,479.0,15.62,11.1,24.5,4.3,4.3,UPI
Auto,209.0,5.62,14.2,34.2,4.2,4.9,UPI
Go Sedan,392.0,9.15,4.2,44.2,3.9,4.6,UPI
Go Mini,388.0,30.32,6.5,21.0,3.8,4.2,Uber Wallet
Premier Sedan,532.0,4.59,12.2,42.8,3.9,4.2,UPI
Go Mini,162.0,32.37,7.7,22.1,4.3,4.6,UPI
Go Sedan,527.0,21.4,8.9,15.2,4.2,4.1,UPI
Go Sedan,220.0,18.99,2.0,29.7,4.6,5.0,Cash
Premier Sedan,2097.0,17.91,4.3,26.7,4.9,4.1,Cash
Bike,546.0,15.47,2.6,42.7,4.3,4.5,Uber Wallet
Go Mini,195.0,27.69,13.1,37.8,4.2,4.7,UPI
Auto,1132.0,45.67,8.1,37.1,4.7,4.7,UPI
Uber XL,865.0,43.37,5.9,21.0,4.6,4.3,Cash
Go Mini,616.0,26.2,14.4,15.0,5.0,4.8,UPI
Auto,171.0,18.73,11.8,25.3,4.7,4.9,Cash
Auto,191.0,37.95,11.2,16.0,4.3,4.9,UPI
Auto,448.0,23.65,14.1,27.2,4.2,4.2,Credit Card
Premier Sedan,756.0,9.33,8.6,34.1,4.2,4.4,Credit Card
Premier Sedan,352.0,49.85,6.3,22.7,4.7,3.6,Cash
Auto,416.0,18.39,2.2,29.1,4.4,4.1,Cash
Premier Sedan,282.0,22.41,8.9,25.4,4.6,4.5,Debit Card
eBike,372.0,33.76,14.5,33.1,3.6,5.0,UPI
Go Sedan,294.0,40.49,8.6,22.9,4.3,4.9,UPI
Auto,61.0,19.32,11.8,36.8,4.9,4.9,UPI
Bike,988.0,22.07,3.4,21.5,4.4,4.6,Cash
Auto,269.0,28.47,8.5,15.1,4.0,4.3,Cash
Auto,407.0,16.71,9.3,38.4,4.3,5.0,Credit Card
Auto,2741.0,20.16,7.4,39.1,4.8,4.1,Uber Wallet
Go Sedan,105.0,43.04,9.3,17.9,5.0,4.2,Uber Wallet
eBike,687.0,2.27,3.7,15.1,4.6,4.6,Debit Card
Bike,374.0,29.72,6.2,34.2,4.2,3.9,UPI
Bike,709.0,35.26,14.0,31.4,4.3,4.7,UPI
Go Mini,300.0,25.97,9.3,38.8,4.9,4.6,Cash
Bike,969.0,18.26,8.5,30.5,4.5,4.9,UPI
Bike,568.0,17.17,14.1,28.9,4.5,4.6,Uber Wallet
Go Mini,306.0,32.33,5.0,44.2,5.0,4.3,Cash
Go Mini,158.0,48.49,13.0,40.4,4.6,3.2,Uber Wallet
Auto,764.0,47.78,4.2,16.8,4.6,4.7,Debit Card
Go Sedan,822.0,28.48,10.2,19.6,4.4,4.8,UPI
Bike,315.0,11.53,2.5,34.7,4.2,4.1,UPI
Bike,318.0,10.84,14.5,27.3,4.9,5.0,UPI
Go Mini,518.0,15.48,5.3,28.8,4.5,4.0,Uber Wallet
Go Sedan,1249.0,24.16,9.3,17.8,3.9,4.2,UPI
eBike,285.0,23.85,13.8,29.4,4.9,3.8,UPI
Auto,1047.0,48.41,11.2,35.0,4.7,4.8,Credit Card
Auto,93.0,30.77,9.4,24.8,3.7,4.9,UPI
Go Sedan,95.0,10.09,12.9,42.5,4.3,4.1,Cash
Auto,214.0,17.66,8.4,34.6,4.0,4.7,Credit Card
Premier Sedan,409.0,25.44,6.4,29.8,4.3,4.9,UPI
Go Mini,485.0,24.35,12.5,21.4,4.3,4.5,UPI
Auto,255.0,48.21,9.1,22.0,4.2,4.6,UPI
Auto,1213.0,41.46,14.6,33.1,4.6,4.3,Cash
Go Sedan,406.0,43.18,11.5,16.0,4.7,3.9,Credit Card
Go Mini,862.0,4.89,15.0,16.3,3.3,4.1,UPI
Go Mini,395.0,47.22,6.6,39.4,4.6,4.2,Cash
Go Mini,355.0,3.65,2.3,40.5,4.2,4.3,Cash
Go Sedan,892.0,47.55,8.3,21.5,4.6,5.0,Cash
Go Sedan,374.0,29.76,7.8,42.8,4.3,3.7,UPI
Go Mini,697.0,18.73,6.8,20.9,4.4,4.1,Cash
Premier Sedan,166.0,48.15,10.7,34.8,4.9,4.2,Credit Card
Auto,355.0,30.58,12.2,15.6,4.9,4.3,UPI
Bike,637.0,40.11,14.2,25.7,4.3,4.4,UPI
Bike,191.0,21.26,13.7,40.6,4.3,5.0,Cash
Go Mini,127.0,33.72,3.8,37.9,4.1,4.9,Credit Card
Premier Sedan,141.0,29.67,2.4,44.6,3.0,4.2,Cash
Bike,1396.0,43.39,14.3,32.1,3.8,4.6,UPI
Go Sedan,219.0,18.28,4.2,41.1,4.4,4.7,UPI
Auto,422.0,9.59,5.9,44.4,3.8,4.9,UPI
Go Sedan,904.0,42.02,10.5,23.3,3.8,4.6,UPI
Auto,271.0,11.08,11.5,21.5,4.2,4.9,Cash
Bike,152.0,48.83,4.8,40.7,4.6,5.0,UPI
Bike,532.0,35.97,6.0,33.2,4.6,4.9,Credit Card
Premier Sedan,1126.0,37.64,8.9,42.8,4.4,3.6,UPI
Go Sedan,840.0,33.36,14.8,44.5,4.3,4.7,UPI
Go Sedan,249.0,26.69,4.8,16.3,3.6,5.0,Cash
Go Mini,996.0,39.91,11.4,23.5,4.2,4.3,Debit Card
Bike,118.0,20.97,13.2,40.8,4.4,4.6,Credit Card
eBike,1161.0,34.65,5.2,29.8,4.1,4.9,Cash
Bike,243.0,42.89,14.2,41.9,4.1,3.7,UPI
Auto,55.0,21.75,13.1,23.8,4.3,4.2,Debit Card
Go Sedan,565.0,10.18,5.7,39.7,3.9,3.8,Cash
Premier Sedan,64.0,33.89,4.7,19.3,4.6,3.9,UPI
Auto,1280.0,14.56,9.1,31.4,4.6,4.2,Cash
Go Mini,81.0,18.01,12.2,43.6,4.0,4.5,Credit Card
Auto,93.0,31.89,13.6,44.0,4.6,4.4,UPI
Auto,622.0,21.62,14.6,32.7,4.5,4.9,UPI
Bike,260.0,49.8,9.2,23.7,4.4,4.7,UPI
Auto,436.0,7.95,12.8,44.5,4.1,4.2,UPI
Go Sedan,460.0,27.91,14.6,32.6,4.9,4.8,Cash
Go Mini,447.0,3.1,14.9,20.8,4.4,4.2,Credit Card
Auto,157.0,27.36,4.4,30.7,4.8,4.3,Uber Wallet
Go Mini,442.0,49.51,11.6,34.9,4.2,4.6,Cash
Uber XL,739.0,26.19,8.9,32.3,4.1,4.6,UPI
Premier Sedan,442.0,2.55,2.5,26.4,3.2,3.8,UPI
Auto,612.0,9.27,12.5,36.9,4.2,3.2,Credit Card
Go Mini,190.0,39.31,14.0,21.2,3.6,3.9,Cash
Bike,386.0,49.63,7.3,21.4,4.2,3.8,UPI
Premier Sedan,571.0,46.71,7.7,29.7,5.0,4.9,UPI
Go Sedan,419.0,34.76,10.4,44.5,4.6,3.7,UPI
Go Mini,186.0,14.12,13.6,32.2,3.0,4.6,Uber Wallet
Go Sedan,774.0,38.95,7.4,40.6,3.2,4.3,Cash
Bike,574.0,40.61,4.2,25.7,3.7,4.6,UPI
Bike,1579.0,36.13,4.1,34.6,3.1,4.9,UPI
Go Sedan,1754.0,13.41,2.8,23.9,5.0,5.0,Cash
Bike,62.0,43.17,4.1,23.7,3.2,4.6,Cash
Premier Sedan,912.0,15.19,4.2,22.5,4.3,4.9,Credit Card
Auto,176.0,20.62,14.8,38.7,4.8,3.9,Debit Card
eBike,365.0,42.62,7.8,16.1,4.3,4.7,UPI
Go Mini,387.0,47.9,7.2,30.6,3.8,4.4,Uber Wallet
Go Sedan,264.0,47.55,13.4,30.7,5.0,4.8,UPI
Bike,649.0,27.02,9.4,21.6,4.4,4.3,Uber Wallet
Auto,98.0,19.88,4.8,40.0,4.0,4.6,Uber Wallet
Auto,80.0,49.49,3.2,26.3,4.3,4.1,Credit Card
Auto,119.0,13.76,8.4,18.5,4.0,4.2,Uber Wallet
Go Mini,1272.0,48.25,12.7,32.7,4.7,3.1,Cash
Go Sedan,808.0,11.92,11.3,17.2,4.3,4.9,Uber Wallet
eBike,167.0,15.09,14.2,43.9,4.4,4.8,UPI
Premier Sedan,636.0,31.54,3.2,30.7,4.9,4.0,UPI
Bike,345.0,19.91,5.5,24.2,4.2,4.6,Debit Card
Premier Sedan,279.0,6.69,2.6,43.0,4.4,4.6,Uber Wallet
Auto,328.0,10.04,13.1,42.5,4.7,4.3,Cash
Go Sedan,1132.0,21.0,12.0,23.3,4.9,4.3,UPI
Go Sedan,1003.0,12.95,11.0,25.0,4.7,4.1,Debit Card
Go Sedan,260.0,30.74,6.2,25.6,3.8,3.6,UPI
Bike,738.0,17.79,2.4,25.1,4.9,3.3,Uber Wallet
Premier Sedan,414.0,2.7,3.8,37.1,4.6,5.0,UPI
Go Sedan,314.0,12.79,6.3,44.2,4.1,4.3,UPI
Auto,327.0,25.14,12.6,21.4,4.2,4.3,UPI
Go Sedan,140.0,33.52,7.4,16.2,4.6,4.6,UPI
Auto,731.0,13.92,6.5,29.3,4.6,3.6,Cash
Auto,967.0,39.32,10.6,36.2,4.4,4.1,UPI
Go Sedan,1262.0,32.2,9.8,37.5,4.5,4.0,Credit Card
Premier Sedan,331.0,22.39,11.0,21.2,4.2,3.9,Uber Wallet
Bike,1242.0,14.3,3.0,16.5,4.2,4.6,UPI
Auto,501.0,8.35,9.5,23.4,4.2,4.5,UPI
Go Sedan,91.0,12.7,5.3,34.7,4.3,4.2,UPI
Go Mini,99.0,49.87,14.9,20.5,4.3,4.6,UPI
Auto,998.0,21.95,6.1,28.6,4.2,4.6,UPI
Premier Sedan,126.0,26.32,10.1,22.2,3.6,5.0,UPI
eBike,294.0,22.31,3.1,15.2,4.2,4.3,Uber Wallet
Bike,764.0,26.22,12.3,28.9,4.4,4.7,UPI
Premier Sedan,127.0,22.6,4.0,37.7,4.3,3.8,Debit Card
Bike,271.0,46.62,9.5,27.6,4.5,4.9,UPI
Go Mini,441.0,49.71,6.6,22.3,4.5,4.3,Cash
Go Mini,1251.0,49.88,3.1,41.4,4.1,4.8,Cash
Auto,658.0,48.29,5.6,43.0,4.1,3.9,Cash
Go Mini,93.0,5.82,14.4,37.6,3.0,4.6,UPI
Go Sedan,418.0,9.82,6.1,38.7,4.4,4.3,UPI
Auto,439.0,46.97,7.1,41.4,4.9,4.4,UPI
Go Sedan,854.0,20.84,13.7,19.9,4.4,4.6,UPI
Auto,829.0,20.2,10.5,41.2,3.7,5.0,UPI
Auto,211.0,42.94,3.7,23.0,4.2,5.0,Cash
Bike,1452.0,20.41,4.7,30.3,3.7,4.2,UPI
Auto,784.0,44.43,14.9,39.5,4.2,4.7,Cash
Go Mini,645.0,34.1,10.8,44.2,4.3,5.0,UPI
Go Sedan,499.0,38.61,11.2,19.3,4.3,4.1,Cash
Auto,299.0,48.09,6.7,28.4,4.3,3.9,Cash
Auto,758.0,21.8,3.8,31.9,3.3,4.2,UPI
Auto,342.0,36.91,5.3,38.8,4.0,4.8,UPI
Bike,815.0,15.01,11.7,24.0,4.9,4.1,Credit Card
Auto,1596.0,38.53,6.2,20.6,4.6,4.5,Debit Card
eBike,464.0,48.43,10.1,38.0,4.3,4.3,UPI
Auto,85.0,26.65,9.6,16.0,4.1,4.3,Cash
Auto,514.0,19.82,12.5,44.6,3.5,4.8,UPI
Auto,541.0,23.36,10.6,33.5,4.6,4.5,Uber Wallet
Go Sedan,555.0,27.66,11.2,18.8,4.2,4.0,Uber Wallet
Auto,229.0,43.83,2.9,25.7,4.8,4.3,UPI
Go Mini,559.0,8.73,2.6,17.0,4.3,5.0,Uber Wallet
Bike,158.0,14.43,8.7,19.9,4.7,4.3,UPI
Go Sedan,193.0,35.28,8.7,35.8,3.4,4.3,UPI
Go Mini,230.0,26.74,10.6,35.5,4.2,4.9,UPI
Auto,821.0,7.05,14.0,24.3,4.6,4.3,Debit Card
Go Mini,402.0,18.95,6.3,43.0,4.2,4.1,UPI
eBike,776.0,39.02,12.8,19.1,5.0,4.8,UPI
Auto,213.0,13.38,6.9,23.9,5.0,4.6,UPI
Go Sedan,301.0,27.46,12.3,24.6,3.4,4.0,Cash
Go Sedan,944.0,36.02,7.0,28.5,4.2,4.2,Debit Card
eBike,239.0,6.01,8.8,34.6,4.9,4.4,UPI
Premier Sedan,883.0,38.28,9.3,37.0,4.3,4.7,Cash
eBike,289.0,10.12,11.5,19.7,4.7,4.9,UPI
Go Mini,218.0,41.1,10.6,35.2,3.4,4.0,UPI
Auto,975.0,28.3,10.5,20.1,3.7,3.7,Debit Card
Premier Sedan,111.0,42.6,6.3,39.1,4.6,4.6,UPI
Go Mini,311.0,17.63,8.4,26.9,3.2,4.9,Debit Card
eBike,431.0,23.38,14.1,42.8,3.8,3.8,UPI
Go Mini,145.0,11.73,8.2,35.0,4.2,4.9,UPI
Auto,458.0,2.73,4.2,19.5,4.7,3.8,Cash
Auto,352.0,10.94,9.6,24.8,3.8,4.2,UPI
Bike,304.0,17.53,2.6,29.1,4.5,4.2,UPI
Go Mini,587.0,6.93,11.3,25.1,4.3,4.2,Cash
Go Sedan,615.0,6.45,10.9,40.6,4.2,4.1,Debit Card
Auto,395.0,18.71,14.6,30.8,3.9,4.6,UPI
Go Sedan,442.0,34.27,11.8,42.3,3.6,4.7,Uber Wallet
Premier Sedan,216.0,25.05,14.6,31.6,3.7,4.3,UPI
Auto,465.0,45.55,11.8,40.3,4.9,3.9,Cash
Auto,151.0,28.16,14.8,22.4,3.1,4.8,Credit Card
Uber XL,282.0,14.7,9.0,38.6,4.6,4.1,UPI
Premier Sedan,139.0,24.01,10.7,17.5,4.3,3.2,UPI
Auto,208.0,30.94,5.0,33.6,3.7,4.2,Credit Card
Auto,373.0,44.3,14.7,43.1,4.7,4.6,UPI
Auto,904.0,5.62,12.4,16.0,4.2,5.0,Cash
Go Mini,55.0,40.77,4.8,23.3,4.4,4.3,Debit Card
Auto,543.0,49.04,10.9,31.0,4.8,4.3,UPI
Bike,70.0,8.63,14.4,19.0,4.1,4.9,Cash
Bike,419.0,45.89,8.9,19.3,4.9,3.3,UPI
Go Sedan,378.0,30.58,9.2,35.0,4.5,3.1,Cash
Auto,426.0,49.03,11.9,21.5,4.6,4.9,Uber Wallet
Go Sedan,561.0,41.79,11.4,44.3,4.2,4.6,UPI
Go Mini,253.0,40.78,2.6,32.9,3.7,4.5,Uber Wallet
Go Mini,266.0,23.43,12.1,30.7,4.4,4.6,UPI
Go Mini,315.0,10.64,5.1,34.9,4.3,5.0,Uber Wallet
Go Sedan,58.0,37.22,7.7,31.7,3.4,4.4,Cash
Bike,1309.0,42.75,11.7,37.6,4.5,3.7,UPI
Auto,158.0,28.8,4.9,26.8,4.2,4.6,Cash
Premier Sedan,107.0,42.4,5.5,35.0,3.5,4.0,UPI
Go Mini,593.0,13.66,10.3,35.0,4.3,3.7,UPI
Uber XL,389.0,25.57,4.8,35.6,4.4,4.9,UPI
Go Mini,344.0,40.44,5.7,26.9,4.2,4.7,Debit Card
Auto,269.0,8.97,7.0,44.9,4.2,3.2,Cash
Auto,622.0,17.74,4.6,35.0,4.8,4.4,Uber Wallet
eBike,275.0,15.05,2.9,26.3,3.8,5.0,UPI
Auto,494.0,44.1,8.7,28.7,3.1,4.3,UPI
Auto,348.0,8.82,5.4,25.6,4.2,4.1,Uber Wallet
Go Mini,344.0,39.08,4.0,21.0,3.8,4.2,Cash
Go Mini,155.0,20.94,9.8,22.6,4.9,4.9,UPI
Premier Sedan,60.0,7.97,7.0,31.1,4.8,5.0,UPI
Go Sedan,502.0,30.2,9.7,27.0,4.3,4.5,Uber Wallet
eBike,490.0,40.68,6.4,17.4,4.3,4.3,UPI
Go Sedan,860.0,22.23,2.6,17.5,4.1,3.3,Cash
eBike,299.0,41.49,11.3,35.4,3.9,4.3,Cash
Go Sedan,1205.0,14.73,4.0,16.9,3.9,4.5,Debit Card
Go Sedan,343.0,8.25,5.5,43.6,4.7,4.6,UPI
Auto,741.0,3.25,14.1,31.8,4.1,4.9,Cash
Go Mini,729.0,17.99,11.2,44.1,4.7,3.8,UPI
Bike,1236.0,5.91,13.8,39.9,3.8,3.8,Credit Card
Go Mini,563.0,25.07,8.8,23.3,4.3,4.9,Cash
Bike,872.0,20.05,6.8,40.6,4.7,4.3,Cash
Go Mini,222.0,17.81,4.3,24.9,4.6,4.6,Uber Wallet
Auto,542.0,23.38,14.4,15.6,5.0,3.8,Cash
Go Mini,67.0,3.93,7.4,39.6,4.6,4.5,Uber Wallet
Go Mini,486.0,45.45,6.7,15.5,4.3,3.2,Credit Card
Premier Sedan,876.0,48.5,10.1,32.9,3.6,3.7,Cash
Bike,723.0,49.19,7.7,42.7,4.6,3.7,Cash
Premier Sedan,710.0,28.85,13.4,24.2,5.0,4.6,Uber Wallet
Premier Sedan,137.0,14.47,14.2,29.9,4.6,4.6,UPI
Go Mini,154.0,19.82,6.9,16.1,4.6,4.3,UPI
Bike,883.0,10.59,14.6,27.2,4.3,4.1,Debit Card
Auto,921.0,48.69,13.3,35.8,3.8,4.6,Uber Wallet
eBike,787.0,42.97,12.2,40.3,4.0,4.8,Uber Wallet
Auto,855.0,49.7,8.2,26.3,4.1,3.7,UPI
Go Mini,141.0,5.5,13.5,24.1,4.8,4.4,Uber Wallet
Go Mini,148.0,13.91,8.7,39.5,4.2,4.2,UPI
Bike,193.0,43.51,13.6,25.5,4.1,3.7,Credit Card
Go Mini,260.0,19.88,3.8,34.0,3.9,4.9,UPI
Auto,486.0,27.09,13.3,42.7,3.9,4.1,Cash
Go Sedan,64.0,36.67,6.7,22.4,4.3,4.7,Uber Wallet
Go Mini,196.0,7.8,5.5,35.2,4.3,4.7,UPI
Uber XL,174.0,31.97,8.8,44.3,4.9,4.6,Debit Card
Auto,937.0,4.98,12.8,20.0,3.9,3.8,Debit Card
Premier Sedan,557.0,20.42,10.7,45.0,3.8,3.9,UPI
Bike,1196.0,6.36,9.1,20.9,4.0,5.0,Debit Card
Premier Sedan,422.0,48.69,2.9,40.7,4.3,4.2,Cash
Bike,238.0,13.65,9.2,34.4,4.2,4.6,UPI
Go Sedan,446.0,5.34,4.3,22.6,4.1,4.3,Uber Wallet
Bike,500.0,17.51,4.1,15.6,4.1,4.7,UPI
Premier Sedan,185.0,23.77,14.8,28.0,4.7,4.3,UPI
Auto,492.0,25.97,11.1,28.4,3.4,4.3,UPI
Go Sedan,417.0,10.25,11.5,38.5,4.2,4.8,UPI
Bike,797.0,34.75,11.2,34.4,4.2,5.0,Credit Card
Go Mini,359.0,2.64,5.5,25.5,4.0,4.7,Debit Card
Go Mini,614.0,32.62,10.4,37.6,4.9,3.8,UPI
Go Sedan,175.0,20.13,7.3,26.4,4.2,4.9,UPI
Auto,947.0,24.44,12.8,24.4,4.8,4.8,Cash
Go Sedan,328.0,27.83,5.9,40.0,4.3,4.6,Debit Card
Bike,257.0,3.47,14.8,36.7,4.4,5.0,UPI
eBike,119.0,21.67,11.9,44.1,4.8,4.6,UPI
eBike,309.0,27.97,11.5,37.1,3.8,5.0,UPI
Go Sedan,259.0,48.97,14.1,42.8,3.9,4.7,Cash
Go Mini,282.0,31.61,9.2,43.9,4.9,4.3,Uber Wallet
Go Mini,290.0,36.88,3.2,33.0,3.9,4.2,UPI
Auto,704.0,19.35,2.8,15.7,4.2,4.3,Cash
Bike,236.0,6.91,4.4,29.4,4.1,4.8,Uber Wallet
eBike,115.0,24.54,9.8,32.3,3.8,4.9,Debit Card
Bike,73.0,10.88,10.4,29.5,4.2,5.0,Uber Wallet
Go Mini,113.0,16.3,4.9,18.1,4.3,3.9,UPI
Go Sedan,972.0,49.64,11.2,28.5,4.2,4.3,UPI
Auto,288.0,46.09,7.7,41.9,4.2,4.7,UPI
Bike,104.0,41.5,12.8,33.4,4.5,4.3,UPI
Go Sedan,108.0,47.6,2.9,18.7,3.7,4.1,Credit Card
Go Mini,414.0,15.75,4.3,30.0,4.5,4.8,UPI
Bike,1244.0,11.53,11.3,16.4,4.6,3.8,Cash
Go Mini,518.0,33.05,4.5,39.2,4.6,3.8,Uber Wallet
Auto,217.0,45.28,14.9,36.8,4.6,4.9,UPI
Auto,840.0,21.97,4.0,21.1,4.3,3.7,Cash
Go Sedan,565.0,24.06,12.4,35.5,4.0,4.2,Credit Card
eBike,370.0,40.05,14.5,22.2,3.2,4.4,UPI
Bike,741.0,46.68,2.3,36.4,4.7,4.6,Cash
Go Mini,313.0,11.34,5.6,33.8,4.4,4.7,Uber Wallet
Go Sedan,839.0,9.18,13.5,23.2,4.6,4.1,Credit Card
Go Mini,358.0,46.15,2.9,43.4,4.3,4.9,UPI
Auto,673.0,24.49,6.4,24.6,4.2,4.6,UPI
Auto,254.0,43.21,12.1,15.3,3.8,4.7,UPI
Go Sedan,1537.0,27.84,5.4,37.6,3.8,4.6,Credit Card
Go Mini,659.0,41.42,7.2,33.7,5.0,3.4,Debit Card
Go Mini,94.0,11.93,5.8,23.8,4.2,5.0,Cash
Auto,807.0,5.22,6.0,21.2,4.9,4.6,Credit Card
Premier Sedan,673.0,27.61,8.4,28.4,4.9,3.1,UPI
Go Mini,418.0,11.67,9.9,34.4,4.9,4.5,UPI
Premier Sedan,1563.0,8.86,7.4,20.6,4.7,4.6,Cash
Auto,475.0,6.79,9.4,32.7,3.9,4.1,Uber Wallet
Go Mini,510.0,37.13,10.8,35.6,3.7,4.4,Cash
Premier Sedan,615.0,38.68,7.4,17.9,4.2,3.8,Cash
Go Sedan,724.0,13.26,4.3,16.8,4.3,4.8,Cash
eBike,290.0,3.99,2.1,41.2,3.2,4.6,Debit Card
Auto,794.0,24.03,2.5,31.7,4.2,4.3,UPI
eBike,284.0,5.44,11.6,39.1,4.2,4.1,Uber Wallet
Bike,360.0,24.24,8.8,41.6,4.5,4.2,Debit Card
Go Sedan,107.0,29.19,14.0,22.6,4.1,4.6,UPI
Go Mini,582.0,25.79,3.7,19.5,4.6,4.1,UPI
Auto,430.0,39.33,3.0,38.4,4.5,3.9,UPI
Go Sedan,314.0,34.64,5.6,34.7,4.3,3.9,Debit Card
Auto,313.0,7.98,4.3,29.6,3.8,4.6,Debit Card
Auto,77.0,39.23,7.6,43.5,4.1,4.5,Uber Wallet
Premier Sedan,418.0,25.1,7.9,30.1,5.0,4.6,Cash
Auto,532.0,13.61,8.9,37.6,3.2,4.9,Uber Wallet
eBike,385.0,35.21,13.7,35.3,3.8,4.1,Uber Wallet
Bike,110.0,7.97,9.7,16.3,4.7,3.1,UPI
eBike,856.0,27.61,9.2,18.3,4.8,4.6,Credit Card
Uber XL,513.0,26.17,9.8,21.7,4.3,4.1,Uber Wallet
Go Mini,816.0,18.56,12.2,42.8,4.1,4.8,Cash
Premier Sedan,262.0,20.02,9.0,34.9,4.2,5.0,UPI
Go Mini,959.0,42.72,2.5,38.7,4.3,4.9,UPI
Uber XL,1255.0,9.08,12.2,25.4,3.8,5.0,Uber Wallet
Go Sedan,441.0,15.24,8.7,19.2,4.0,4.9,UPI
Premier Sedan,1742.0,5.56,11.0,33.4,4.9,5.0,UPI
Auto,722.0,19.49,2.8,18.7,4.6,3.2,UPI
Auto,858.0,30.31,12.7,27.1,4.2,4.5,UPI
Go Sedan,275.0,45.14,14.6,43.5,4.6,3.8,Cash
Bike,139.0,9.44,11.7,42.1,4.7,4.9,UPI
Auto,936.0,9.48,4.8,16.6,4.3,4.5,UPI
Auto,520.0,12.49,10.9,36.0,4.6,3.1,UPI
Bike,152.0,34.32,2.0,15.3,3.4,4.3,Uber Wallet
Uber XL,325.0,30.4,8.9,35.6,4.4,4.5,Uber Wallet
Auto,250.0,16.6,3.7,39.5,4.2,4.4,Debit Card
eBike,622.0,39.59,11.5,41.5,4.1,4.6,Cash
Go Mini,97.0,37.82,11.6,39.2,3.4,4.1,Cash
Bike,330.0,5.39,5.5,22.3,4.5,4.4,Debit Card
Auto,470.0,49.13,7.5,40.0,4.1,3.1,UPI
Auto,216.0,15.3,4.9,35.6,4.4,4.4,UPI
eBike,853.0,17.69,13.3,37.2,3.2,4.2,UPI
Bike,1101.0,6.85,13.2,44.0,4.6,4.9,UPI
Go Mini,202.0,43.12,11.6,22.0,4.2,4.9,Debit Card
Bike,810.0,33.98,8.5,41.7,3.9,4.9,UPI
Premier Sedan,230.0,23.11,8.7,26.6,4.4,5.0,UPI
eBike,745.0,33.67,2.3,23.0,4.2,4.3,Credit Card
eBike,903.0,32.49,9.7,36.2,4.6,4.2,UPI
Auto,881.0,36.85,6.6,26.1,4.2,4.6,UPI
Premier Sedan,496.0,18.59,5.0,23.0,3.4,3.7,Cash
Bike,100.0,19.8,5.4,44.8,4.5,4.9,UPI
Bike,860.0,45.99,9.2,35.3,3.8,4.5,Cash
Auto,997.0,22.18,8.9,29.2,4.2,4.2,Credit Card
Bike,362.0,26.64,4.1,34.7,4.9,4.9,UPI
Auto,334.0,4.88,12.8,32.9,4.4,4.3,Cash
Go Mini,591.0,23.23,10.9,34.3,3.5,4.2,Cash
Go Sedan,392.0,5.87,12.4,17.8,4.3,4.9,UPI
Go Mini,348.0,49.81,13.8,31.4,3.9,4.9,UPI
Go Mini,231.0,46.5,10.2,18.5,4.9,3.4,UPI
Go Sedan,262.0,19.19,9.2,28.0,4.7,4.7,UPI
Go Sedan,235.0,13.94,2.0,25.4,4.4,4.1,UPI
Bike,509.0,11.04,4.0,19.2,4.2,4.3,Debit Card
Auto,655.0,21.55,14.7,33.4,4.3,4.4,Debit Card
Go Sedan,231.0,7.65,13.6,44.4,4.3,4.3,UPI
Auto,79.0,13.92,9.6,41.3,4.3,4.9,Uber Wallet
Go Mini,516.0,7.83,3.4,17.1,4.7,4.8,Cash
Auto,583.0,20.82,2.4,21.5,3.7,4.5,Cash
Go Sedan,752.0,44.03,4.8,15.4,4.3,4.2,Debit Card
Go Sedan,413.0,49.41,12.2,41.5,4.1,4.2,UPI
Auto,175.0,23.14,7.2,35.8,3.0,4.8,Cash
Go Mini,228.0,18.59,4.4,22.3,4.7,3.2,UPI
Premier Sedan,167.0,8.03,2.4,27.9,4.5,4.2,UPI
Go Mini,813.0,48.71,7.6,33.9,4.3,4.9,Cash
Go Mini,449.0,8.09,13.6,34.0,4.3,4.2,UPI
Bike,200.0,41.69,11.4,35.6,3.2,4.6,UPI
Premier Sedan,190.0,47.57,5.4,42.0,4.3,4.8,UPI
Premier Sedan,966.0,21.4,2.4,45.0,4.6,4.9,Cash
Premier Sedan,480.0,25.93,8.9,32.1,4.4,4.9,UPI
Bike,367.0,46.51,8.6,30.3,3.8,4.6,UPI
Auto,65.0,4.25,3.5,38.4,4.5,5.0,Cash
Auto,86.0,7.86,4.8,16.3,4.3,4.8,Uber Wallet
Go Mini,124.0,32.48,8.7,25.9,3.6,4.3,Cash
Auto,388.0,34.52,6.1,31.6,4.4,4.1,UPI
Go Mini,134.0,42.32,8.8,39.4,3.7,4.6,UPI
Premier Sedan,87.0,43.11,3.9,19.9,4.9,4.9,UPI
Uber XL,525.0,33.8,9.7,42.7,4.2,4.1,UPI
Go Mini,71.0,28.7,4.6,16.8,4.5,4.3,Cash
eBike,215.0,26.25,9.3,34.5,4.1,4.9,Uber Wallet
eBike,468.0,41.62,8.2,41.8,4.5,4.6,Cash
Go Sedan,803.0,30.1,3.2,34.6,3.0,3.9,Uber Wallet
Premier Sedan,1778.0,46.79,10.0,37.4,4.6,4.6,UPI
Auto,404.0,36.41,5.1,28.3,4.2,4.2,Cash
eBike,596.0,30.23,13.2,27.5,4.1,4.2,Credit Card
Auto,982.0,6.99,5.3,41.3,4.3,4.1,Credit Card
Auto,700.0,2.19,11.1,35.4,4.0,4.1,Uber Wallet
Go Mini,194.0,7.14,7.8,32.8,3.9,4.7,UPI
Go Sedan,853.0,48.5,10.9,41.0,4.2,4.6,Cash
Premier Sedan,456.0,34.76,3.2,39.6,4.5,4.5,UPI
Bike,379.0,47.13,11.6,38.6,4.3,3.4,UPI
Go Mini,257.0,14.51,12.7,32.6,4.9,5.0,Uber Wallet
Go Sedan,279.0,44.94,3.3,18.4,4.7,4.6,UPI
Uber XL,1167.0,46.32,12.1,36.5,4.2,4.9,Cash
Auto,180.0,43.49,7.4,44.3,4.6,4.8,UPI
Bike,877.0,41.48,12.4,30.2,4.5,4.5,UPI
Go Mini,436.0,29.46,6.7,23.6,4.8,4.8,Cash
Bike,905.0,4.64,12.8,29.7,4.1,4.4,UPI
Bike,210.0,17.45,13.5,25.9,3.8,4.6,Debit Card
Auto,508.0,2.5,6.1,33.5,4.5,3.7,UPI
Premier Sedan,233.0,48.89,3.6,26.8,4.1,4.3,Cash
Premier Sedan,416.0,49.82,6.8,27.3,4.1,4.9,Credit Card
Bike,440.0,19.38,6.2,35.9,3.1,4.6,Debit Card
Premier Sedan,435.0,13.14,7.5,29.4,4.3,4.2,Uber Wallet
eBike,245.0,45.77,7.3,37.8,4.6,4.5,Cash
Auto,464.0,29.09,13.4,28.4,3.1,4.9,Cash
Go Mini,223.0,24.56,4.9,29.7,4.3,4.7,UPI
eBike,578.0,31.88,3.8,35.8,4.9,4.8,Cash
Go Mini,758.0,34.63,14.8,22.2,4.9,4.9,Credit Card
Go Mini,180.0,35.91,5.1,41.2,4.1,4.9,Uber Wallet
Auto,186.0,26.08,7.4,27.1,4.3,4.8,UPI
eBike,532.0,9.42,12.9,38.2,4.3,3.8,UPI
Auto,173.0,49.95,10.9,35.1,3.9,4.3,Credit Card
Uber XL,802.0,7.16,12.0,38.7,4.4,5.0,UPI
Auto,817.0,44.91,7.4,30.8,4.2,4.3,Credit Card
Go Mini,214.0,10.76,6.5,17.8,4.3,4.2,UPI
Auto,217.0,6.9,14.3,43.9,4.1,4.5,Uber Wallet
Bike,589.0,46.37,5.1,22.8,3.4,5.0,UPI
eBike,122.0,37.3,3.8,37.2,4.3,5.0,UPI
Go Sedan,344.0,29.27,14.9,25.4,4.2,5.0,UPI
eBike,647.0,31.07,2.9,26.3,4.5,5.0,UPI
Go Sedan,94.0,48.34,7.0,37.6,4.4,4.1,UPI
Premier Sedan,177.0,19.74,9.8,28.2,3.6,4.7,UPI
Bike,455.0,6.44,10.6,43.0,4.2,4.9,UPI
Auto,782.0,35.05,9.1,32.0,4.6,4.3,UPI
Go Mini,327.0,22.7,3.9,27.6,4.2,4.5,UPI
Go Sedan,945.0,13.7,2.5,23.0,4.7,4.6,Cash
Premier Sedan,1010.0,7.44,8.4,16.5,4.1,4.6,UPI
Bike,315.0,33.14,4.1,31.8,3.7,4.3,Debit Card
Go Sedan,970.0,31.55,5.7,22.9,4.7,4.2,UPI
Go Sedan,312.0,38.63,10.5,30.5,4.2,4.3,Credit Card
Bike,457.0,18.76,7.6,29.1,4.1,3.8,UPI
Auto,618.0,16.14,2.4,37.2,4.1,4.2,Cash
Bike,65.0,49.73,14.5,26.9,4.0,4.8,Cash
Auto,60.0,12.59,10.4,26.3,4.1,4.7,Credit Card
Auto,258.0,34.32,8.5,38.3,4.1,3.7,Credit Card
Go Sedan,104.0,21.72,5.9,34.7,4.1,5.0,Cash
Go Mini,790.0,18.55,4.8,41.3,4.8,4.1,Uber Wallet
Auto,164.0,9.31,6.4,31.2,4.1,4.4,UPI
Premier Sedan,599.0,25.11,4.8,33.7,4.3,4.3,UPI
Go Mini,1036.0,40.39,3.2,29.7,4.7,4.3,Credit Card
Premier Sedan,234.0,19.25,7.1,24.5,4.9,4.4,Uber Wallet
Bike,913.0,28.1,9.0,16.5,4.1,4.2,UPI
Go Sedan,379.0,48.34,9.0,17.1,3.7,4.2,UPI
Go Mini,263.0,10.27,7.2,41.1,3.9,4.6,UPI
Auto,96.0,19.54,9.4,21.2,3.7,4.7,UPI
Auto,310.0,29.86,6.5,34.8,4.3,4.8,UPI
Go Mini,107.0,21.72,7.2,29.3,4.3,3.3,Cash
Go Sedan,512.0,26.37,10.2,22.7,4.1,4.2,Cash
Go Mini,1042.0,35.24,13.4,24.8,4.6,5.0,Cash
Go Sedan,661.0,33.75,6.8,37.8,3.8,4.7,UPI
Bike,200.0,44.93,14.1,19.3,4.2,4.6,Cash
Bike,189.0,8.47,14.5,19.9,4.6,4.9,Cash
Auto,594.0,26.98,10.8,24.0,4.2,4.1,UPI
Premier Sedan,337.0,27.86,3.3,29.2,4.2,4.6,UPI
Bike,1591.0,43.22,2.1,21.4,4.9,4.3,UPI
Go Sedan,261.0,11.15,2.6,39.3,4.6,4.3,Cash
Auto,373.0,27.67,14.7,26.5,3.7,4.1,Credit Card
Go Mini,185.0,7.73,13.1,39.3,3.1,4.6,Cash
Premier Sedan,169.0,15.83,10.1,40.0,4.3,4.5,UPI
Go Sedan,225.0,29.01,12.1,23.4,4.7,4.2,Cash
Auto,120.0,12.8,6.8,38.6,3.6,5.0,Uber Wallet
Premier Sedan,877.0,41.84,9.8,18.5,4.2,4.3,UPI
Auto,796.0,22.28,3.6,27.2,3.7,4.2,UPI
Uber XL,821.0,49.87,2.3,17.0,4.6,4.2,Debit Card
Premier Sedan,86.0,4.44,12.6,44.4,3.4,4.8,UPI
Go Sedan,284.0,36.54,3.3,16.3,4.0,4.2,Credit Card
Auto,532.0,22.1,4.5,17.0,4.3,4.2,UPI
Premier Sedan,152.0,17.53,5.6,37.5,3.1,4.1,UPI
Bike,99.0,49.33,12.6,20.0,3.6,4.5,Cash
Auto,539.0,37.92,11.0,19.9,5.0,4.6,Credit Card
Go Mini,505.0,38.08,9.3,17.2,4.2,4.3,Cash
eBike,106.0,43.69,7.4,37.4,4.3,4.8,UPI
Bike,309.0,9.44,8.0,45.0,4.2,4.4,Credit Card
Auto,238.0,40.52,14.7,30.0,4.3,4.6,UPI
Premier Sedan,161.0,16.39,13.1,41.1,3.3,5.0,Uber Wallet
Go Sedan,552.0,7.37,10.2,25.3,4.8,3.8,UPI
Auto,430.0,36.48,3.1,30.5,4.6,5.0,UPI
eBike,215.0,44.04,11.7,29.8,3.8,4.7,Uber Wallet
Auto,55.0,49.72,13.4,35.6,4.3,4.6,UPI
Go Sedan,425.0,9.44,7.8,19.1,4.3,4.1,Cash
Go Mini,885.0,42.99,11.1,41.6,4.7,4.3,UPI
Premier Sedan,875.0,19.41,6.6,36.4,3.1,4.8,Cash
Bike,700.0,14.4,7.1,40.2,4.3,4.3,Debit Card
Go Mini,906.0,49.81,5.1,24.3,4.6,4.9,Uber Wallet
Auto,778.0,11.38,6.5,38.9,4.9,4.4,Uber Wallet
eBike,449.0,27.08,2.8,34.9,4.3,4.5,UPI
Go Mini,98.0,17.84,11.3,27.0,4.1,3.0,UPI
Bike,398.0,26.46,12.4,37.8,4.9,4.2,UPI
Auto,426.0,28.81,13.1,19.3,4.2,3.9,UPI
Go Mini,200.0,24.64,9.7,29.6,4.1,4.8,UPI
Go Mini,825.0,16.33,14.0,31.4,4.2,4.5,UPI
Bike,1106.0,45.11,6.2,21.9,4.0,3.6,Cash
Go Mini,3578.0,27.16,4.8,27.1,3.0,3.8,UPI
Auto,1343.0,21.95,3.8,20.3,4.7,4.6,UPI
Premier Sedan,333.0,23.84,8.3,18.3,4.4,4.9,UPI
Premier Sedan,576.0,25.58,8.7,22.0,3.8,3.9,Credit Card
Bike,861.0,45.03,10.8,20.8,4.3,4.2,Uber Wallet
Auto,497.0,40.64,13.9,37.3,4.5,4.6,UPI
Go Mini,577.0,29.53,9.8,35.1,3.8,4.7,Uber Wallet
Bike,357.0,28.74,8.5,28.6,4.6,4.9,UPI
Uber XL,326.0,17.68,7.2,37.2,4.7,4.0,UPI
Auto,148.0,32.55,12.8,30.1,4.7,4.6,Uber Wallet
Premier Sedan,581.0,10.15,11.6,38.3,4.2,4.5,UPI
Go Mini,118.0,3.5,13.3,43.9,4.1,4.7,UPI
Go Mini,73.0,31.81,12.9,35.8,3.7,4.1,Cash
Auto,164.0,3.43,6.8,40.2,4.3,3.1,Cash
Go Sedan,142.0,12.32,4.6,21.0,4.5,4.6,UPI
Auto,455.0,47.09,5.0,31.7,4.2,3.6,Credit Card
Go Sedan,473.0,45.33,6.1,27.4,4.6,4.9,UPI
Auto,255.0,33.04,8.4,33.2,4.3,3.4,Debit Card
Bike,201.0,33.14,8.0,19.2,4.7,4.6,UPI
Premier Sedan,825.0,4.95,6.3,42.2,4.5,4.2,UPI
Go Mini,381.0,15.0,5.1,32.6,3.9,4.9,UPI
Premier Sedan,176.0,7.3,12.6,19.6,4.6,4.3,UPI
Auto,129.0,13.92,12.3,42.7,4.6,4.8,UPI
Premier Sedan,593.0,7.26,8.5,36.2,4.1,4.1,Cash
Auto,874.0,9.91,4.7,33.6,4.1,4.2,Credit Card
Go Sedan,320.0,23.81,5.1,27.4,4.5,4.5,UPI
Uber XL,429.0,13.4,13.6,44.5,4.9,4.9,UPI
Go Sedan,873.0,3.04,8.1,15.9,4.2,4.1,Credit Card
Premier Sedan,316.0,22.45,5.9,15.4,4.2,4.8,UPI
Go Mini,182.0,28.87,12.4,27.4,4.2,4.9,Debit Card
Go Mini,128.0,8.95,5.1,29.1,4.2,4.6,Cash
Auto,87.0,12.3,14.0,29.5,4.3,4.8,Cash
Auto,446.0,17.49,12.2,42.3,4.2,4.7,UPI
Auto,454.0,49.94,10.1,15.8,4.2,4.2,Cash
Auto,459.0,20.34,10.9,35.3,4.6,4.9,Debit Card
Go Sedan,841.0,46.41,9.9,31.3,4.6,5.0,UPI
Bike,326.0,38.32,11.8,38.6,4.3,4.4,UPI
eBike,247.0,23.55,5.9,18.8,4.6,4.5,Cash
Uber XL,1103.0,38.77,9.3,39.8,4.1,5.0,Uber Wallet
Auto,936.0,48.87,12.5,37.1,3.9,4.8,UPI
Bike,432.0,12.11,6.7,31.2,4.3,3.4,Debit Card
Go Mini,511.0,17.81,14.6,42.9,3.7,3.6,Cash
Auto,303.0,31.71,14.1,18.4,4.1,4.2,Uber Wallet
eBike,342.0,10.16,12.0,24.4,4.3,3.0,UPI
Auto,581.0,28.72,7.5,29.6,5.0,4.8,UPI
Bike,386.0,16.48,4.7,45.0,4.5,3.3,Cash
Go Sedan,98.0,48.26,3.3,28.4,4.3,4.3,Credit Card
Bike,440.0,48.29,8.3,18.2,4.3,4.9,Cash
Go Mini,714.0,48.09,14.0,19.6,3.1,5.0,Credit Card
Go Mini,761.0,25.3,8.4,38.2,4.9,4.9,Uber Wallet
Go Sedan,1234.0,10.89,3.3,33.9,4.7,4.4,UPI
eBike,740.0,21.75,6.8,17.0,4.6,3.6,Credit Card
Bike,932.0,27.4,5.9,31.8,3.8,4.5,Cash
Premier Sedan,271.0,45.18,10.0,27.5,4.6,4.2,UPI
eBike,90.0,2.33,4.3,20.9,4.2,4.7,UPI
eBike,255.0,40.93,9.8,42.9,4.6,5.0,UPI
Go Sedan,2589.0,38.52,10.4,37.8,4.4,4.7,UPI
Go Sedan,88.0,42.41,6.1,39.6,4.6,4.4,UPI
Auto,188.0,44.98,4.1,25.0,4.8,4.8,Uber Wallet
Go Sedan,82.0,18.65,2.2,38.5,4.7,4.6,UPI
Go Mini,495.0,34.95,3.7,36.3,4.6,4.4,UPI
Premier Sedan,945.0,7.92,11.4,41.7,4.5,4.6,Uber Wallet
Go Mini,615.0,38.6,12.9,37.8,4.1,4.6,Cash
Go Sedan,1375.0,44.99,7.2,30.1,4.5,4.3,UPI
Go Mini,136.0,48.73,13.9,38.5,4.2,4.7,Debit Card
Go Mini,86.0,39.95,6.2,36.0,4.2,4.4,Cash
Uber XL,365.0,11.69,14.5,26.6,3.7,5.0,UPI
Go Sedan,899.0,32.53,3.2,23.4,4.4,4.3,Cash
Bike,720.0,6.56,14.0,36.0,4.6,4.6,Cash
eBike,159.0,48.6,9.9,34.7,4.6,4.4,Debit Card
Go Mini,901.0,33.27,4.0,17.3,4.1,4.2,Debit Card
Go Sedan,242.0,48.36,2.4,36.0,4.3,4.0,Cash
Premier Sedan,735.0,39.24,12.0,32.2,3.6,4.6,UPI
Go Sedan,1119.0,42.34,13.9,23.3,4.7,4.2,UPI
Go Sedan,962.0,30.56,10.1,42.2,4.4,4.2,UPI
Go Mini,962.0,6.05,4.7,36.0,4.1,5.0,UPI
Bike,213.0,13.08,10.7,37.3,4.1,3.7,UPI
Auto,207.0,7.7,12.4,36.1,4.8,4.3,Cash
Go Sedan,439.0,32.01,10.9,17.4,4.0,4.9,UPI
Bike,694.0,11.1,2.9,39.9,4.4,4.8,UPI
Bike,287.0,28.09,12.3,32.7,4.5,4.8,Credit Card
Bike,774.0,42.16,8.3,27.0,4.4,4.9,Credit Card
Go Mini,706.0,47.99,12.1,16.3,4.9,4.3,Uber Wallet
Auto,119.0,42.45,9.4,39.7,4.4,4.6,Cash
Go Sedan,107.0,33.62,14.1,25.3,4.2,4.3,UPI
Go Mini,336.0,43.87,10.6,40.3,4.4,4.4,Cash
Auto,666.0,13.86,4.2,41.6,3.3,4.6,UPI
Auto,387.0,48.01,10.1,20.1,4.5,4.9,UPI
Bike,311.0,45.64,8.3,24.9,4.4,4.2,UPI
Auto,459.0,32.48,7.9,30.2,4.8,4.2,Cash
Auto,608.0,43.32,3.4,18.1,4.1,4.3,UPI
Go Sedan,91.0,49.68,6.4,28.0,4.2,5.0,UPI
Bike,804.0,28.54,11.4,25.2,4.4,4.7,Credit Card
Auto,373.0,27.1,4.2,26.9,4.2,4.9,Cash
Go Sedan,965.0,17.91,14.9,40.3,4.2,3.7,Uber Wallet
Bike,837.0,48.86,10.6,37.4,4.2,4.3,UPI
Auto,51.0,24.78,10.7,16.3,4.2,4.9,UPI
Premier Sedan,493.0,15.76,5.5,27.1,4.3,4.2,Cash
Go Sedan,688.0,37.35,12.0,44.5,4.4,4.7,Cash
Auto,404.0,19.0,10.4,26.2,3.7,5.0,Cash
Go Sedan,362.0,37.9,3.4,35.3,3.2,4.9,UPI
Go Sedan,397.0,13.17,9.7,15.1,4.6,4.3,UPI
eBike,136.0,38.73,8.5,38.6,4.4,4.8,UPI
Premier Sedan,388.0,25.27,7.6,29.9,4.3,4.6,Cash
Auto,658.0,45.01,5.2,35.7,4.1,4.3,UPI
Go Mini,355.0,7.8,3.4,18.0,4.1,3.9,Credit Card
Bike,491.0,48.13,6.9,43.3,4.7,4.8,Cash
Bike,558.0,7.75,13.9,34.5,3.2,4.4,UPI
Go Mini,184.0,44.05,12.2,42.9,3.4,4.9,UPI
eBike,154.0,5.15,5.7,20.5,4.4,3.8,Cash
Premier Sedan,1129.0,8.05,3.7,33.2,4.5,4.3,UPI
Go Mini,473.0,19.74,3.2,43.6,4.6,4.9,UPI
Bike,122.0,25.55,7.0,35.8,4.0,3.7,Debit Card
Auto,225.0,40.17,13.5,17.4,4.2,3.8,Uber Wallet
Go Sedan,910.0,29.93,14.7,29.2,4.6,4.6,Credit Card
Go Mini,72.0,31.37,2.6,25.4,4.2,4.5,Debit Card
Go Sedan,482.0,21.12,8.6,21.6,4.5,4.2,UPI
Go Mini,487.0,45.01,5.2,41.0,4.7,4.9,UPI
Go Mini,193.0,18.69,10.5,29.6,4.6,4.9,UPI
Go Sedan,452.0,29.53,7.3,39.6,3.4,4.4,UPI
Auto,197.0,3.31,10.9,34.9,4.4,4.7,UPI
eBike,107.0,28.58,13.2,44.9,4.2,5.0,UPI
Go Sedan,1587.0,40.67,12.6,20.7,4.7,4.9,Cash
Uber XL,546.0,46.45,3.2,23.5,4.1,4.4,Credit Card
Auto,1334.0,35.69,5.7,43.8,4.4,5.0,Cash
eBike,515.0,34.21,8.3,42.2,4.2,4.5,UPI
Auto,259.0,34.54,7.1,29.5,4.2,4.1,UPI
Go Mini,697.0,20.23,2.8,36.3,4.3,4.4,Cash
Premier Sedan,207.0,14.83,10.4,34.3,3.8,4.1,UPI
Go Sedan,704.0,46.68,11.4,34.9,5.0,4.7,UPI
Go Mini,524.0,42.46,11.9,25.0,4.1,4.9,Cash
Go Mini,118.0,42.93,7.8,18.1,3.2,4.1,Uber Wallet
Go Sedan,307.0,6.58,6.0,24.2,4.9,4.0,Debit Card
Auto,766.0,40.83,13.2,28.5,4.9,4.7,Cash
Go Mini,632.0,10.68,9.0,42.9,5.0,4.9,Cash
Go Sedan,265.0,40.92,14.9,26.3,4.2,3.7,Cash
Uber XL,835.0,11.29,5.6,41.9,4.9,4.6,Cash
Go Sedan,1065.0,25.51,9.6,26.2,3.7,3.6,Debit Card
Go Sedan,440.0,37.6,13.3,44.0,3.9,3.9,Credit Card
eBike,214.0,2.71,10.9,19.4,4.2,4.6,Credit Card
Go Sedan,542.0,32.63,11.5,15.8,4.6,4.5,Uber Wallet
eBike,991.0,45.63,13.9,43.5,4.4,4.3,Debit Card
Auto,871.0,47.22,4.2,25.8,4.9,5.0,Credit Card
Go Mini,115.0,38.5,9.6,15.9,4.1,4.9,UPI
Go Sedan,327.0,37.72,8.0,41.8,4.3,4.0,Cash
Go Sedan,2789.0,29.53,10.8,22.2,4.1,4.9,Cash
Go Mini,200.0,40.59,5.7,35.1,3.8,4.7,Debit Card
Bike,358.0,34.78,11.5,32.6,4.2,4.5,UPI
Go Sedan,1616.0,44.43,7.0,32.1,4.4,4.2,UPI
Bike,68.0,6.22,9.6,23.8,4.1,4.2,Cash
Bike,418.0,3.98,7.5,28.3,4.6,4.7,Credit Card
Premier Sedan,172.0,49.86,11.4,44.0,4.2,4.6,UPI
Premier Sedan,1861.0,46.83,2.4,16.5,4.1,3.3,UPI
Go Sedan,320.0,48.98,5.6,43.7,4.2,3.1,Cash
Go Mini,455.0,48.5,4.0,37.8,3.1,4.6,Uber Wallet
Auto,386.0,10.2,9.5,30.2,4.6,4.5,UPI
Auto,50.0,12.58,3.1,20.4,4.2,4.7,Cash
Go Mini,1153.0,2.33,4.6,22.8,4.6,4.8,Credit Card
Auto,564.0,46.38,10.5,26.9,4.3,4.6,Uber Wallet
Go Sedan,208.0,32.28,11.9,39.8,4.4,4.3,UPI
Bike,434.0,24.6,10.4,32.5,4.2,3.2,Debit Card
Go Mini,519.0,12.54,2.7,29.9,4.7,4.1,Cash
Bike,488.0,22.71,14.9,21.4,4.8,4.6,Credit Card
Go Mini,451.0,25.63,7.2,30.0,4.4,4.1,Cash
Go Sedan,142.0,42.27,13.1,41.0,4.7,4.1,Uber Wallet
Go Mini,506.0,28.89,10.5,35.7,4.3,3.4,UPI
Go Sedan,128.0,4.58,12.7,20.9,4.6,3.1,Cash
Premier Sedan,1244.0,14.79,2.2,20.7,4.9,4.5,UPI
Auto,881.0,19.45,7.4,31.2,4.6,4.4,Debit Card
Auto,393.0,35.79,11.8,37.4,4.2,4.5,Cash
Go Sedan,666.0,29.41,13.4,16.6,4.8,4.5,UPI
Bike,537.0,21.63,15.0,23.9,4.0,4.6,UPI
Premier Sedan,244.0,47.6,2.0,23.5,3.8,4.8,UPI
Auto,179.0,40.21,13.5,41.9,4.6,5.0,Cash
Go Sedan,252.0,42.33,13.4,22.8,3.6,4.9,Debit Card
Go Mini,971.0,5.71,9.5,33.3,4.6,4.9,Cash
Auto,106.0,20.32,8.6,38.6,5.0,4.4,UPI
Go Mini,570.0,48.23,6.3,41.5,4.4,4.6,Uber Wallet
Go Sedan,423.0,45.8,3.3,24.7,4.4,4.9,Uber Wallet
Bike,910.0,18.67,6.0,35.8,4.3,4.3,Debit Card
Go Mini,676.0,26.41,8.2,39.0,4.2,4.3,UPI
Go Mini,341.0,15.89,6.7,16.8,4.4,3.8,UPI
Go Sedan,574.0,29.56,14.1,15.2,4.7,4.2,Credit Card
Go Mini,366.0,28.2,8.1,37.9,4.4,4.2,Uber Wallet
Premier Sedan,926.0,35.74,4.9,41.2,3.9,5.0,UPI
Auto,882.0,2.54,7.6,34.6,5.0,4.9,Cash
Go Mini,111.0,18.63,2.1,18.5,4.2,4.4,UPI
Go Mini,397.0,8.82,3.3,28.5,4.4,4.2,UPI
Auto,735.0,18.67,13.4,25.4,4.3,4.3,UPI
Go Mini,657.0,13.23,8.3,21.6,3.7,4.7,Uber Wallet
eBike,332.0,30.31,2.5,25.3,4.2,4.4,UPI
Premier Sedan,242.0,25.57,14.0,37.4,4.2,4.6,Cash
Go Mini,259.0,14.51,2.2,42.5,3.0,5.0,Uber Wallet
Auto,643.0,6.99,7.8,29.5,4.2,4.0,Cash
Auto,238.0,4.22,8.1,23.0,4.3,4.1,UPI
Go Sedan,1251.0,11.54,7.5,43.5,4.6,4.9,Debit Card
Auto,389.0,32.45,8.2,37.6,3.7,4.7,UPI
Go Sedan,246.0,30.66,9.7,42.5,5.0,4.9,Credit Card
Go Mini,845.0,36.34,10.3,41.0,4.7,4.3,Uber Wallet
Bike,213.0,14.51,8.0,17.2,3.8,4.9,UPI
Go Sedan,378.0,14.45,12.0,19.7,4.2,4.4,Uber Wallet
Go Sedan,417.0,41.42,6.1,37.8,4.6,4.2,Uber Wallet
Auto,124.0,9.76,4.3,37.8,3.3,4.1,Cash
Premier Sedan,513.0,40.11,9.3,23.5,4.1,4.6,UPI
Uber XL,576.0,26.63,12.6,26.9,4.1,4.3,UPI
Go Mini,153.0,23.53,9.0,19.6,3.4,4.4,UPI
Bike,276.0,42.25,9.2,23.1,4.8,5.0,UPI
Bike,165.0,29.26,11.7,43.2,3.6,4.5,UPI
Premier Sedan,617.0,24.55,12.3,33.5,4.6,4.6,UPI
Uber XL,151.0,24.52,10.3,38.7,3.5,4.4,UPI
Auto,1148.0,23.73,4.1,37.3,3.3,3.1,Uber Wallet
Premier Sedan,258.0,15.69,13.2,35.9,4.5,5.0,UPI
Bike,401.0,45.98,10.2,24.1,4.4,4.9,Debit Card
Go Mini,363.0,29.53,13.3,27.2,4.3,4.6,UPI
Premier Sedan,270.0,13.18,5.5,24.3,3.9,3.1,UPI
Go Mini,1356.0,29.77,4.8,32.8,3.9,4.3,Cash
Go Sedan,308.0,22.25,9.8,15.2,4.9,4.3,UPI
Auto,824.0,39.5,5.8,23.1,4.3,4.5,UPI
Premier Sedan,155.0,22.7,4.0,39.9,4.3,4.3,Cash
Premier Sedan,937.0,20.5,14.0,20.9,4.3,3.9,UPI
eBike,338.0,12.38,14.9,40.5,4.3,4.7,Cash
Go Mini,689.0,17.17,6.7,25.5,4.2,4.2,Cash
Go Sedan,568.0,10.28,12.3,23.2,4.7,3.9,UPI
Premier Sedan,104.0,35.75,10.2,21.4,4.2,4.6,Uber Wallet
Go Mini,192.0,41.24,14.9,31.6,4.6,4.2,Credit Card
Premier Sedan,245.0,17.52,8.1,43.1,4.5,4.6,Cash
Auto,360.0,25.39,13.9,23.6,4.6,4.9,Debit Card
Go Sedan,453.0,20.88,11.1,22.7,4.4,4.1,Uber Wallet
Bike,725.0,7.45,9.4,26.9,4.3,4.2,UPI
Go Mini,930.0,27.64,4.7,34.0,4.6,3.9,Cash
Bike,456.0,46.96,3.7,32.8,4.2,4.2,UPI
Bike,255.0,34.71,6.2,32.0,4.4,4.9,UPI
Bike,332.0,26.11,5.6,44.5,4.9,3.7,Cash
Go Sedan,1232.0,45.85,2.4,41.9,4.7,3.2,Cash
Auto,216.0,42.37,9.6,35.6,4.2,5.0,UPI
Bike,298.0,42.49,4.3,35.7,4.7,4.8,Cash
Bike,229.0,7.5,11.4,17.1,4.1,4.4,Credit Card
Go Sedan,687.0,36.6,13.3,39.6,3.8,4.7,UPI
Go Mini,50.0,49.6,6.0,43.3,4.9,5.0,UPI
Auto,108.0,5.35,14.2,29.7,4.3,4.7,UPI
Auto,471.0,36.93,14.0,37.8,3.2,5.0,Cash
eBike,424.0,44.62,5.5,31.1,4.1,4.2,Cash
Uber XL,351.0,31.13,9.2,26.6,4.2,4.3,Cash
Auto,486.0,11.3,10.4,36.0,3.2,4.3,Cash
Uber XL,328.0,5.79,13.4,25.5,4.1,4.9,UPI
Premier Sedan,1328.0,4.0,7.5,40.7,4.6,4.0,Cash
Auto,456.0,8.6,4.4,16.3,4.7,4.6,Cash
Go Mini,725.0,10.41,11.1,28.3,4.1,4.9,Cash
eBike,747.0,42.65,14.1,16.9,3.1,4.9,Uber Wallet
Go Mini,200.0,15.54,3.8,29.9,4.2,5.0,Debit Card
Auto,382.0,8.73,10.4,35.1,4.3,4.9,Uber Wallet
Auto,342.0,9.65,5.7,30.5,4.4,4.6,UPI
Premier Sedan,1296.0,6.98,5.8,35.9,3.7,4.3,Uber Wallet
Auto,183.0,40.68,11.4,40.1,4.4,4.4,Cash
Premier Sedan,696.0,15.88,12.0,32.4,4.5,4.3,Debit Card
Go Sedan,133.0,19.37,7.4,34.6,4.6,4.2,UPI
Bike,59.0,31.91,2.2,34.3,3.8,4.9,UPI
Bike,737.0,47.56,9.7,35.1,4.6,4.1,Cash
Bike,301.0,21.94,12.9,38.1,4.5,4.6,UPI
Go Mini,1153.0,10.56,5.1,32.5,4.2,4.2,Debit Card
Go Mini,912.0,19.8,10.3,35.0,3.9,4.1,Credit Card
Go Mini,580.0,21.91,6.2,21.6,4.1,4.3,Cash
Go Sedan,1149.0,35.45,3.9,36.4,4.9,4.9,Debit Card
Premier Sedan,154.0,26.92,11.0,31.9,4.7,5.0,Cash
Auto,341.0,26.0,7.7,44.4,4.6,4.6,Cash
Bike,288.0,49.36,3.5,19.9,4.9,4.5,Debit Card
Auto,921.0,43.21,10.3,20.6,4.9,4.8,UPI
Go Sedan,306.0,30.99,8.6,24.4,4.6,4.3,Debit Card
Auto,513.0,8.5,2.6,43.7,4.4,4.8,Cash
Auto,328.0,37.19,6.6,19.0,4.2,4.3,UPI
Go Sedan,174.0,31.29,7.4,41.5,4.6,4.6,Cash
Auto,489.0,46.34,5.5,39.7,3.4,4.3,UPI
Go Sedan,214.0,2.31,2.5,33.6,4.9,4.4,UPI
eBike,1273.0,16.82,2.4,45.0,4.3,4.2,Cash
Bike,533.0,13.81,4.8,21.2,4.4,4.7,UPI
Auto,144.0,49.98,10.4,17.5,3.8,4.6,Debit Card
Go Mini,636.0,45.13,2.7,21.4,4.2,3.8,Credit Card
Go Sedan,420.0,18.78,14.0,32.6,4.3,3.2,Cash
eBike,601.0,10.55,8.8,23.8,5.0,4.9,UPI
eBike,515.0,32.94,5.5,39.1,4.2,4.9,Cash
Premier Sedan,84.0,15.09,11.7,21.6,4.0,5.0,Credit Card
Go Mini,272.0,3.51,8.4,15.1,4.3,4.9,Cash
Auto,527.0,35.21,8.7,20.5,4.5,4.8,UPI
Go Sedan,228.0,38.71,12.2,24.1,4.2,4.1,UPI
Go Mini,296.0,24.72,10.5,41.1,4.1,4.5,Uber Wallet
Bike,81.0,45.98,13.5,29.7,3.5,3.8,UPI
Go Sedan,1404.0,48.52,14.5,34.1,4.5,4.5,UPI
Go Sedan,290.0,43.45,3.9,21.9,3.8,4.3,UPI
Bike,212.0,29.71,2.3,37.2,4.9,4.4,Cash
Go Mini,247.0,34.3,12.8,40.3,4.4,4.7,Debit Card
Bike,385.0,10.3,6.8,15.2,4.1,4.5,Cash
Go Mini,448.0,42.52,9.0,36.4,4.8,4.1,Uber Wallet
Auto,855.0,4.92,11.0,25.2,3.6,4.3,Uber Wallet
Auto,943.0,25.67,5.8,17.5,4.9,4.3,UPI
Auto,483.0,20.25,6.6,25.9,4.3,4.2,Cash
Go Sedan,977.0,40.28,6.1,40.1,4.3,4.9,UPI
Auto,459.0,4.42,12.8,30.4,4.4,4.4,UPI
Auto,116.0,38.74,6.8,38.1,4.2,4.3,Cash
eBike,732.0,4.59,8.2,35.1,4.4,3.3,Debit Card
Auto,534.0,28.78,6.7,18.6,4.3,4.9,UPI
Go Sedan,98.0,3.44,13.5,23.7,4.9,4.2,Credit Card
Auto,176.0,13.38,10.1,15.5,4.5,4.7,Credit Card
Bike,553.0,14.45,3.5,43.6,3.6,4.4,UPI
Go Mini,346.0,30.32,5.8,41.7,3.4,4.7,UPI
Auto,155.0,46.74,4.0,38.7,4.3,4.3,Credit Card
Bike,1029.0,46.56,9.3,32.7,4.5,3.7,UPI
Go Sedan,77.0,14.73,2.6,44.6,4.9,4.9,Uber Wallet
Auto,409.0,16.03,6.7,44.8,4.1,4.6,Debit Card
Go Sedan,614.0,36.48,4.9,44.0,4.5,4.6,Credit Card
Auto,287.0,43.06,11.4,33.4,4.2,3.7,Debit Card
Auto,181.0,7.34,6.4,40.6,4.6,4.5,Uber Wallet
Go Mini,806.0,39.28,6.9,28.2,4.5,4.6,UPI
Go Sedan,618.0,36.39,3.6,33.4,4.3,4.2,Cash
Go Mini,156.0,8.96,5.6,23.2,4.9,4.2,UPI
Go Sedan,1063.0,29.66,6.5,16.8,3.1,4.9,UPI
Go Mini,445.0,24.48,7.3,19.7,4.2,4.8,UPI
Go Sedan,489.0,25.77,14.3,35.3,4.0,4.7,UPI
Premier Sedan,396.0,15.43,9.7,25.7,3.8,4.6,Debit Card
eBike,849.0,31.83,4.8,36.7,4.2,4.6,UPI
Premier Sedan,126.0,7.74,2.8,19.5,4.6,4.7,Debit Card
Go Mini,66.0,45.97,8.6,42.7,4.6,3.2,Cash
Go Sedan,626.0,4.23,7.9,17.7,4.6,4.3,Uber Wallet
Go Mini,547.0,47.14,13.8,31.3,4.4,4.0,UPI
Auto,394.0,26.48,12.4,43.8,3.7,5.0,UPI
Go Sedan,72.0,34.09,10.4,24.2,4.3,4.2,Uber Wallet
Go Mini,370.0,38.18,9.1,20.7,4.9,4.5,UPI
Go Sedan,289.0,16.87,7.6,29.8,3.1,4.6,UPI
eBike,111.0,42.79,6.9,40.6,4.8,4.3,Cash
Premier Sedan,279.0,4.32,10.5,25.7,4.7,4.0,Uber Wallet
Go Sedan,473.0,29.5,10.1,17.1,4.2,4.5,Uber Wallet
Go Mini,638.0,15.71,11.1,31.9,4.4,4.3,UPI
Go Sedan,891.0,34.22,2.5,19.4,4.1,4.8,Uber Wallet
Bike,570.0,38.2,8.8,34.1,4.3,4.8,Cash
Go Sedan,503.0,32.51,14.6,20.1,4.4,4.6,UPI
Premier Sedan,71.0,16.0,7.0,34.9,4.2,4.2,UPI
Go Mini,405.0,16.52,7.3,27.4,4.1,4.7,UPI
Go Mini,268.0,48.54,10.8,31.6,4.4,4.9,Uber Wallet
Premier Sedan,483.0,45.3,3.8,28.4,4.7,4.3,UPI
Go Sedan,474.0,8.03,9.3,32.6,4.3,3.1,UPI
Auto,546.0,6.77,12.0,23.5,4.2,4.7,UPI
Auto,724.0,33.07,11.6,19.6,4.3,4.8,Credit Card
Auto,563.0,49.01,12.2,36.3,4.6,5.0,UPI
Go Mini,528.0,9.59,2.2,18.7,3.8,4.6,Credit Card
Bike,328.0,13.11,3.9,40.7,4.7,4.5,UPI
Auto,644.0,44.92,11.6,21.9,3.1,4.3,UPI
Auto,876.0,2.15,2.9,28.9,4.2,4.6,UPI
Auto,89.0,16.56,3.3,22.5,3.7,4.9,Cash
Go Mini,303.0,15.05,5.3,43.8,4.6,4.4,Cash
eBike,429.0,38.85,12.9,26.2,4.8,4.4,UPI
Auto,290.0,41.31,13.6,43.9,4.3,4.4,UPI
Go Mini,109.0,45.22,6.5,39.8,4.4,4.4,UPI
Go Sedan,112.0,46.41,8.5,32.0,4.3,4.6,Cash
Go Sedan,729.0,3.3,8.0,38.1,4.2,4.6,Cash
Auto,1680.0,7.37,14.3,20.8,3.9,3.7,Cash
Premier Sedan,138.0,34.61,9.4,40.5,4.2,3.7,UPI
Uber XL,445.0,43.31,13.6,42.4,4.2,4.9,Cash
Auto,497.0,6.66,11.6,29.1,4.7,4.2,UPI
Go Mini,145.0,29.66,11.8,32.9,3.7,4.3,Credit Card
eBike,79.0,32.28,7.4,42.7,4.4,4.2,UPI
Go Mini,142.0,36.64,3.4,37.7,4.6,4.4,Cash
Go Sedan,800.0,7.3,14.5,20.7,3.2,4.2,UPI
Premier Sedan,472.0,4.43,4.9,19.5,4.6,4.6,Credit Card
Go Mini,510.0,38.9,11.8,23.6,4.6,3.2,Cash
Go Mini,872.0,44.6,10.3,39.0,4.3,4.9,Debit Card
Go Sedan,350.0,9.29,3.7,20.8,4.6,4.4,UPI
Auto,477.0,42.28,7.8,42.1,5.0,4.5,UPI
Go Sedan,344.0,33.13,8.2,34.5,4.1,4.5,Uber Wallet
eBike,250.0,6.57,14.8,30.9,4.3,3.7,UPI
Go Sedan,1270.0,49.65,5.6,23.9,4.8,4.2,Uber Wallet
Bike,71.0,49.66,3.5,29.9,4.4,5.0,UPI
eBike,371.0,48.45,10.3,16.0,4.7,4.0,Cash
eBike,495.0,43.97,12.3,18.4,4.0,4.3,UPI
Auto,1342.0,43.16,13.9,21.5,4.5,4.9,UPI
Go Sedan,590.0,47.51,8.6,20.7,3.7,5.0,UPI
Auto,74.0,33.41,4.9,24.0,4.1,3.8,Cash
Go Sedan,666.0,12.65,3.1,16.2,4.1,4.9,Debit Card
Bike,328.0,33.35,2.3,40.5,4.2,4.8,Credit Card
Premier Sedan,956.0,30.8,5.4,25.9,4.3,4.6,Uber Wallet
Auto,822.0,39.14,3.0,21.5,4.3,4.9,Cash
Bike,371.0,22.86,9.9,44.0,4.6,5.0,Debit Card
Bike,825.0,28.7,13.0,37.9,4.3,4.4,UPI
Bike,306.0,6.76,10.2,15.6,3.8,3.4,UPI
Go Sedan,97.0,32.52,9.2,15.5,4.1,4.6,UPI
eBike,539.0,45.1,7.6,28.3,4.2,4.2,Cash
Auto,1280.0,46.3,3.4,30.9,4.2,4.9,Debit Card
Go Mini,429.0,8.91,4.3,16.0,4.6,4.9,Uber Wallet
Auto,97.0,46.46,3.4,16.8,4.5,4.7,UPI
Bike,551.0,15.71,12.0,22.0,3.9,4.6,Debit Card
Bike,251.0,33.03,9.3,17.2,4.3,3.7,UPI
eBike,398.0,9.73,2.5,21.3,3.9,4.4,UPI
Go Sedan,542.0,19.23,12.6,31.6,4.9,4.8,Uber Wallet
Uber XL,426.0,48.99,7.1,36.9,4.7,4.5,Debit Card
Go Sedan,934.0,46.42,14.2,28.1,3.1,3.3,Cash
Premier Sedan,432.0,49.19,11.0,24.9,4.1,4.4,UPI
Premier Sedan,704.0,29.94,6.9,42.3,4.1,4.8,Cash
Bike,1073.0,9.15,8.1,44.3,4.7,4.2,UPI
Premier Sedan,469.0,45.39,13.0,41.3,4.2,4.9,UPI
Premier Sedan,388.0,28.9,12.0,43.1,4.2,4.9,Cash
Go Sedan,431.0,21.98,3.4,37.0,4.6,4.9,UPI
Auto,404.0,7.38,13.0,35.1,4.6,4.9,UPI
Go Mini,981.0,6.7,11.9,25.1,3.5,3.8,UPI
Bike,289.0,39.91,4.2,28.3,4.2,4.5,Cash
Go Sedan,614.0,6.35,5.6,29.0,3.8,4.6,Debit Card
Go Sedan,712.0,37.5,14.5,26.2,4.2,4.6,Cash
Go Mini,567.0,21.45,3.5,16.7,4.3,4.6,Credit Card
Auto,92.0,39.33,9.7,41.5,4.3,5.0,UPI
Go Mini,592.0,7.43,8.2,28.8,4.1,3.7,UPI
Auto,886.0,31.74,8.3,22.8,4.4,4.6,UPI
Premier Sedan,728.0,30.02,14.0,34.2,5.0,4.1,UPI
Go Sedan,534.0,48.97,7.2,33.3,4.5,4.8,UPI
Bike,314.0,4.14,8.1,33.8,4.7,4.9,Cash
Go Mini,81.0,38.78,5.4,16.0,4.4,5.0,Cash
Go Sedan,866.0,18.79,14.6,23.0,4.3,4.8,UPI
Go Mini,195.0,31.66,10.5,42.8,4.3,4.5,Credit Card
Bike,126.0,5.53,7.5,24.9,5.0,4.6,Uber Wallet
Bike,742.0,19.56,2.5,27.0,4.3,4.6,UPI
Premier Sedan,371.0,13.5,5.6,34.0,4.1,5.0,Cash
Uber XL,388.0,16.19,2.9,42.9,4.1,3.7,Credit Card
Auto,719.0,15.98,7.5,44.5,3.7,5.0,Cash
Bike,297.0,22.27,8.9,29.3,4.8,4.3,UPI
Premier Sedan,341.0,39.17,7.3,37.9,4.3,4.2,UPI
Go Mini,214.0,30.01,5.2,41.7,3.6,4.4,UPI
Go Mini,150.0,34.44,13.2,17.2,4.8,4.5,Debit Card
Auto,259.0,40.75,7.4,21.9,4.9,4.2,UPI
eBike,367.0,4.11,13.0,17.8,3.9,4.4,UPI
Go Mini,607.0,20.35,7.5,28.0,4.4,4.1,Cash
Auto,222.0,37.62,7.1,30.6,4.6,4.2,UPI
Go Sedan,365.0,41.57,7.2,17.9,4.6,4.4,Uber Wallet
Go Mini,162.0,41.51,3.0,19.6,3.7,4.2,Cash
Auto,590.0,45.15,5.5,38.4,4.3,5.0,Credit Card
Uber XL,355.0,36.2,14.9,26.3,4.2,4.8,UPI
Bike,442.0,25.38,14.7,15.5,3.7,4.3,UPI
Go Sedan,457.0,35.45,13.9,18.6,3.6,4.4,UPI
Go Sedan,165.0,6.63,6.5,32.7,3.3,4.3,Credit Card
Go Sedan,276.0,21.73,11.8,35.9,4.5,3.2,Credit Card
Auto,378.0,25.88,8.4,17.0,3.8,4.9,Uber Wallet
Premier Sedan,761.0,29.32,5.9,41.6,3.6,4.5,UPI
eBike,410.0,39.34,8.5,36.0,4.3,4.1,UPI
Auto,566.0,11.77,4.4,30.8,4.9,3.9,Uber Wallet
Auto,478.0,24.92,10.6,32.2,4.4,3.8,UPI
Auto,412.0,44.46,14.6,31.1,4.1,4.3,UPI
Go Mini,455.0,15.18,2.1,44.0,3.7,3.7,UPI
eBike,691.0,47.82,12.3,30.8,4.9,4.2,Debit Card
Premier Sedan,488.0,42.84,14.6,15.3,4.3,4.7,UPI
Premier Sedan,305.0,10.59,12.8,35.8,3.2,4.9,UPI
Premier Sedan,175.0,38.95,12.8,33.2,4.9,3.8,UPI
Go Sedan,706.0,40.05,8.6,37.4,3.8,4.7,UPI
Auto,200.0,14.72,12.8,41.4,3.7,4.0,Cash
Go Mini,2252.0,19.48,4.8,43.8,4.2,4.5,Cash
Auto,167.0,37.05,2.1,27.3,4.5,4.9,Debit Card
Go Mini,326.0,37.62,7.9,42.2,4.9,3.9,UPI
Go Mini,322.0,47.97,3.5,27.3,4.2,4.2,Cash
Bike,479.0,36.48,8.3,21.8,3.8,4.2,UPI
Go Mini,778.0,35.86,14.1,33.9,4.7,4.5,UPI
Go Mini,322.0,11.86,8.1,34.2,4.4,4.5,Credit Card
Bike,418.0,40.19,13.3,44.1,4.0,4.5,Cash
Go Sedan,343.0,24.77,5.6,20.9,4.2,4.2,Debit Card
Premier Sedan,662.0,18.35,9.1,25.0,4.6,4.3,UPI
Premier Sedan,264.0,27.57,10.1,33.4,4.9,4.7,Cash
Auto,108.0,4.99,4.3,41.3,4.2,4.8,UPI
eBike,881.0,32.61,10.1,27.4,3.7,4.4,Credit Card
Auto,357.0,35.34,8.4,39.8,4.5,4.9,Credit Card
Auto,186.0,4.9,8.4,16.4,4.1,4.6,Uber Wallet
Go Sedan,615.0,34.91,8.8,38.6,4.4,4.3,Uber Wallet
Premier Sedan,289.0,33.64,7.9,26.7,4.9,4.3,UPI
Bike,105.0,20.32,4.7,23.6,4.2,5.0,Debit Card
Bike,568.0,13.29,11.6,25.6,4.6,4.8,Cash
Bike,57.0,12.58,2.1,20.3,3.3,3.9,Debit Card
Uber XL,942.0,35.01,13.9,27.3,4.1,4.3,Debit Card
Go Mini,469.0,21.53,5.7,41.0,4.5,5.0,UPI
Premier Sedan,319.0,34.84,14.4,21.0,4.0,4.4,Credit Card
Bike,267.0,19.59,9.3,26.4,4.2,3.9,Debit Card
Go Mini,53.0,6.03,9.6,30.5,4.1,4.9,Cash
Auto,646.0,13.53,2.2,19.6,4.4,4.5,Cash
Auto,570.0,14.82,3.2,38.4,4.7,4.9,Debit Card
Auto,331.0,39.43,13.3,15.3,4.7,4.6,Cash
Go Sedan,156.0,36.38,9.7,24.1,3.9,4.3,UPI
Auto,856.0,28.76,11.8,42.0,4.6,4.9,UPI
Go Mini,146.0,40.33,14.1,39.5,4.0,3.1,UPI
Go Sedan,680.0,45.21,4.9,42.0,4.2,4.4,UPI
Bike,369.0,15.8,14.8,35.4,4.3,5.0,Cash
Go Sedan,265.0,36.12,8.5,27.2,4.5,4.6,UPI
Go Sedan,482.0,28.4,4.8,30.4,4.8,3.3,Uber Wallet
Premier Sedan,479.0,20.18,10.2,43.1,4.3,4.7,Debit Card
Go Sedan,397.0,48.08,8.2,36.6,4.9,5.0,UPI
Go Sedan,376.0,19.37,7.6,43.6,4.3,4.3,Cash
eBike,63.0,30.38,4.6,43.3,3.9,4.6,Cash
Go Mini,60.0,5.0,9.0,27.9,4.1,4.6,Credit Card
Auto,1037.0,8.51,14.8,38.0,4.9,3.1,Uber Wallet
Auto,950.0,17.59,11.7,31.4,4.2,4.9,UPI
Auto,334.0,42.62,14.4,37.8,3.8,4.2,UPI
Auto,890.0,16.88,13.0,35.7,4.3,4.9,UPI
Auto,178.0,5.06,8.5,37.4,3.1,4.9,UPI
Go Mini,204.0,19.54,14.8,16.4,4.3,3.1,Cash
Premier Sedan,129.0,3.0,6.9,42.1,4.3,4.3,Cash
Go Mini,299.0,2.87,13.1,18.3,4.6,3.7,UPI
Bike,760.0,14.8,14.6,41.9,4.2,4.3,UPI
Auto,393.0,26.87,5.9,32.2,4.6,4.9,Uber Wallet
Auto,535.0,47.92,14.4,42.2,4.4,4.0,Credit Card
Premier Sedan,1427.0,33.23,13.6,23.2,5.0,4.2,Cash
Premier Sedan,472.0,46.4,3.1,26.1,4.6,4.3,Cash
eBike,168.0,4.35,11.8,31.5,4.7,4.1,Uber Wallet
eBike,135.0,13.11,12.4,30.6,4.6,3.7,UPI
Bike,427.0,3.49,11.0,37.0,3.9,4.2,UPI
Go Mini,105.0,22.62,13.1,25.7,4.8,4.9,UPI
Go Mini,90.0,45.63,10.0,37.5,4.3,3.7,Debit Card
Go Sedan,366.0,29.14,5.5,41.9,3.9,3.1,Debit Card
Go Sedan,156.0,27.28,6.2,25.1,4.6,4.5,UPI
Auto,125.0,30.27,6.0,15.5,4.5,4.6,UPI
Bike,1089.0,19.85,13.9,25.0,4.2,4.0,Cash
Premier Sedan,371.0,39.5,3.2,42.0,4.7,4.3,Cash
Premier Sedan,711.0,46.22,9.4,39.6,5.0,3.8,Uber Wallet
Go Mini,948.0,33.35,10.8,41.3,4.2,4.4,Cash
eBike,236.0,3.46,11.4,37.9,4.9,3.2,Debit Card
Go Sedan,403.0,39.75,14.0,37.2,4.8,4.2,UPI
Bike,543.0,46.06,11.2,26.4,4.8,4.9,UPI
Go Mini,302.0,41.02,5.5,16.1,4.4,4.4,Uber Wallet
Go Mini,501.0,41.07,7.9,34.7,4.1,4.1,Cash
eBike,394.0,32.88,8.0,24.5,4.9,4.4,Uber Wallet
Premier Sedan,106.0,34.4,7.2,22.7,4.9,4.2,UPI
Auto,847.0,8.65,6.6,43.4,4.5,4.1,Debit Card
Auto,1744.0,34.28,5.6,15.9,4.6,4.4,UPI
Go Mini,248.0,44.07,5.2,15.5,4.9,4.1,Uber Wallet
Bike,66.0,41.3,8.9,38.5,4.5,4.8,UPI
Go Mini,69.0,23.61,7.1,23.1,4.2,4.8,UPI
Auto,404.0,22.15,2.1,41.7,5.0,4.9,UPI
Go Sedan,1329.0,47.01,5.8,31.4,4.6,4.2,Uber Wallet
Auto,693.0,3.81,6.7,29.4,4.3,4.6,UPI
Go Mini,55.0,18.16,3.7,44.8,3.3,3.7,Cash
Go Mini,51.0,6.48,2.7,43.7,4.8,4.6,Uber Wallet
Auto,333.0,32.91,9.4,29.6,4.2,4.1,Credit Card
Auto,248.0,28.66,14.2,40.1,3.9,4.2,UPI
Bike,402.0,6.04,5.3,34.7,3.7,4.9,UPI
Go Mini,646.0,16.76,11.1,42.3,4.6,3.7,Cash
Bike,1223.0,4.39,13.4,30.7,3.1,4.4,Debit Card
Go Mini,204.0,3.96,5.9,19.6,3.7,4.3,UPI
Premier Sedan,337.0,25.53,11.8,15.8,4.3,4.9,Cash
Bike,177.0,44.15,12.3,39.7,4.3,4.1,UPI
Bike,810.0,24.43,6.2,23.1,4.3,4.3,UPI
eBike,191.0,22.78,2.3,23.4,4.4,4.4,UPI
Go Sedan,383.0,27.4,11.9,42.2,3.3,4.2,UPI
Go Sedan,338.0,12.05,4.1,36.1,4.2,4.1,UPI
Auto,320.0,18.37,9.4,20.7,4.3,5.0,UPI
Bike,1048.0,46.04,14.4,37.7,4.3,4.3,Cash
eBike,1001.0,47.48,3.9,22.0,5.0,4.1,Cash
Go Sedan,121.0,30.7,11.3,41.2,4.4,4.3,Cash
Bike,124.0,14.31,5.4,41.5,3.2,4.4,Cash
Go Mini,808.0,15.86,10.5,23.7,4.5,4.2,UPI
Go Mini,205.0,9.28,14.9,18.1,3.4,4.9,Credit Card
Auto,470.0,22.56,11.3,19.4,4.3,4.5,Cash
Go Sedan,429.0,35.81,6.3,22.8,4.1,3.7,UPI
Premier Sedan,379.0,33.85,14.5,28.7,4.6,4.3,Credit Card
Bike,904.0,29.12,13.5,26.4,3.8,3.7,UPI
Go Mini,1089.0,13.47,3.1,37.0,4.3,4.6,UPI
Auto,136.0,27.25,8.6,25.6,4.8,4.9,UPI
Go Sedan,903.0,29.09,6.1,27.1,4.7,4.6,Cash
Go Sedan,442.0,9.99,3.6,18.9,4.9,4.6,Uber Wallet
Premier Sedan,792.0,33.36,14.8,26.9,4.2,4.4,Debit Card
Premier Sedan,585.0,31.93,8.3,30.0,3.8,4.2,Uber Wallet
Auto,50.0,47.57,11.0,28.7,4.1,4.9,UPI
Premier Sedan,348.0,39.74,9.2,19.4,3.8,3.7,Cash
Go Mini,469.0,36.51,11.4,29.3,5.0,5.0,Credit Card
Auto,348.0,19.23,8.9,18.1,4.3,4.3,Credit Card
Go Mini,102.0,42.53,3.6,39.6,3.8,4.4,Cash
Auto,1096.0,28.79,4.5,43.0,4.6,4.1,Uber Wallet
Go Sedan,104.0,27.24,13.7,33.3,4.9,3.3,Uber Wallet
Go Sedan,145.0,22.46,13.3,19.7,3.8,3.7,UPI
Bike,565.0,47.78,12.1,30.8,4.4,4.5,Uber Wallet
Go Sedan,518.0,26.16,2.3,31.3,3.0,4.3,UPI
Premier Sedan,350.0,35.43,5.2,17.0,4.4,4.5,UPI
Uber XL,233.0,6.27,13.6,24.2,3.2,4.3,UPI
Go Sedan,485.0,43.03,2.2,24.1,3.9,4.9,Cash
Go Mini,83.0,30.99,11.5,41.0,3.7,5.0,Debit Card
Go Mini,114.0,14.78,12.0,42.7,4.9,4.1,Cash
Auto,817.0,22.39,7.7,24.2,4.3,4.6,UPI
Premier Sedan,404.0,33.83,13.1,23.7,4.6,4.6,Debit Card
eBike,53.0,38.72,5.2,16.0,3.9,4.9,Credit Card
Bike,332.0,31.48,12.9,30.4,4.4,4.8,UPI
Auto,81.0,40.01,4.7,29.9,4.3,4.6,Cash
Auto,121.0,29.93,6.0,23.3,4.3,4.9,UPI
Go Mini,732.0,20.88,10.1,33.2,4.2,4.3,UPI
Premier Sedan,112.0,13.11,6.6,32.2,4.1,4.6,UPI
Bike,300.0,40.9,11.8,36.4,4.3,4.5,UPI
Go Sedan,63.0,17.08,4.6,15.7,4.3,3.7,Uber Wallet
Go Mini,668.0,44.16,13.7,37.4,4.3,4.2,UPI
Premier Sedan,266.0,22.51,13.5,17.3,3.9,4.7,Uber Wallet
Auto,949.0,43.15,5.5,43.8,4.2,4.3,UPI
Go Mini,143.0,5.88,12.3,39.3,4.3,4.4,UPI
Go Mini,467.0,22.19,6.4,22.1,4.3,4.9,UPI
Auto,812.0,35.6,14.3,35.4,4.3,4.3,Credit Card
Go Mini,336.0,38.56,11.1,18.4,4.6,4.7,Debit Card
Go Mini,617.0,33.52,5.3,28.5,3.4,4.9,Cash
Go Sedan,127.0,40.34,10.0,30.0,4.1,4.9,Cash
Auto,322.0,3.62,9.9,29.8,4.3,4.8,UPI
Go Mini,709.0,48.43,2.5,31.2,4.2,4.4,UPI
Auto,630.0,49.24,13.2,40.2,3.7,4.6,Cash
Go Mini,777.0,19.42,8.2,37.5,3.9,4.9,Uber Wallet
Premier Sedan,365.0,16.63,11.1,36.3,4.7,4.2,UPI
Go Mini,1217.0,8.79,5.1,25.7,4.2,4.1,Uber Wallet
Premier Sedan,405.0,31.98,5.6,17.4,4.6,4.6,Credit Card
Go Sedan,315.0,33.06,11.5,30.4,4.2,3.7,Cash
Bike,406.0,45.44,11.1,24.0,4.1,4.6,UPI
Go Sedan,774.0,37.46,13.7,19.8,4.6,4.6,UPI
Bike,757.0,33.07,3.8,44.7,4.5,3.6,UPI
Go Sedan,471.0,27.47,3.0,21.0,3.9,4.9,UPI
Go Mini,302.0,48.68,4.7,15.2,4.3,4.2,UPI
Bike,160.0,38.25,3.5,34.9,3.7,4.2,UPI
Auto,136.0,15.65,9.6,29.9,4.6,4.3,Credit Card
eBike,674.0,42.61,10.8,39.3,4.1,4.2,UPI
Go Sedan,766.0,24.48,4.0,34.6,3.7,4.3,UPI
Go Mini,442.0,34.44,11.9,18.0,4.2,4.3,UPI
Bike,193.0,17.13,12.2,15.9,4.6,5.0,Cash
Bike,467.0,35.93,6.1,42.7,4.2,4.6,UPI
Uber XL,2392.0,38.16,8.3,37.4,4.3,4.1,Cash
Go Sedan,95.0,12.21,7.8,37.1,4.3,4.2,Cash
Go Mini,507.0,30.14,7.1,42.8,4.2,4.3,UPI
Go Sedan,495.0,6.03,14.6,35.2,3.6,4.6,Cash
Auto,347.0,29.87,3.4,34.9,3.0,5.0,UPI
Premier Sedan,384.0,46.91,4.3,29.9,3.2,4.9,Uber Wallet
eBike,344.0,39.14,7.5,20.5,3.7,4.3,Cash
Auto,174.0,26.2,12.8,28.8,4.5,4.1,UPI
eBike,458.0,48.95,6.3,41.9,4.1,4.8,Debit Card
Bike,346.0,9.61,6.8,18.1,4.2,4.8,Cash
Auto,296.0,28.55,7.7,40.6,4.6,3.9,Uber Wallet
Go Mini,969.0,4.54,4.4,20.1,4.1,3.8,Cash
Auto,691.0,28.88,15.0,43.9,3.5,3.4,Uber Wallet
Uber XL,382.0,41.47,4.7,34.1,4.5,4.4,UPI
Bike,136.0,13.22,8.5,40.1,4.9,4.5,UPI
Bike,141.0,4.77,10.7,15.5,3.9,4.6,UPI
Go Mini,259.0,26.35,11.2,45.0,4.3,4.3,Cash
Bike,313.0,45.6,11.0,40.5,4.3,4.9,UPI
eBike,375.0,33.71,3.7,35.3,4.3,4.5,UPI
Go Mini,365.0,46.14,9.1,34.0,4.8,4.3,Cash
Go Sedan,97.0,29.59,4.6,33.1,4.1,4.4,UPI
Go Sedan,845.0,26.44,3.1,17.6,4.1,4.8,UPI
Go Mini,285.0,43.15,10.5,27.4,4.9,4.2,Credit Card
Go Mini,494.0,15.46,10.3,20.5,4.9,4.6,Cash
Go Sedan,910.0,49.94,5.8,34.5,4.2,3.8,Debit Card
eBike,1527.0,42.96,10.9,25.2,4.2,4.3,Debit Card
Go Mini,175.0,39.86,9.5,16.1,3.6,4.8,UPI
Bike,765.0,5.47,8.0,26.0,4.3,4.2,UPI
eBike,401.0,46.45,9.9,32.0,4.1,4.2,UPI
Auto,652.0,13.14,3.5,27.6,4.3,4.2,Uber Wallet
Auto,316.0,26.36,12.9,42.5,4.7,3.8,Credit Card
Go Sedan,150.0,11.94,8.4,22.0,4.1,4.7,UPI
Bike,918.0,32.03,5.9,17.6,4.2,5.0,Cash
Go Mini,730.0,46.34,7.7,39.3,3.4,4.1,UPI
Go Sedan,411.0,40.95,4.6,20.0,3.7,4.8,UPI
Go Mini,335.0,7.56,11.4,39.6,4.3,4.4,Cash
Bike,739.0,32.66,10.2,29.6,3.3,4.2,Uber Wallet
Go Mini,923.0,23.61,3.1,21.7,3.3,4.4,UPI
Uber XL,682.0,15.32,4.6,41.2,4.7,3.9,UPI
Go Mini,1327.0,24.45,14.2,29.2,3.3,5.0,Debit Card
Go Mini,787.0,24.31,11.2,22.5,3.0,4.6,UPI
Bike,1386.0,7.32,9.8,21.0,3.6,4.1,Cash
Go Mini,299.0,24.43,15.0,24.7,4.1,4.9,Cash
Auto,257.0,2.63,10.8,31.2,5.0,4.0,Uber Wallet
Auto,961.0,5.89,7.9,29.4,4.1,3.1,Cash
Go Mini,577.0,7.55,5.4,15.0,5.0,3.2,Cash
Go Mini,627.0,26.81,10.2,25.0,4.9,4.6,UPI
Bike,362.0,6.31,10.5,41.0,3.0,4.6,UPI
Go Mini,1119.0,37.01,8.7,16.2,4.7,4.8,UPI
Go Mini,497.0,28.14,5.5,20.7,4.2,4.6,Credit Card
Bike,137.0,29.57,9.1,25.6,3.8,4.7,UPI
Premier Sedan,837.0,33.91,3.9,36.7,3.6,4.4,UPI
Bike,4228.0,11.73,14.2,41.5,4.4,5.0,Debit Card
Auto,444.0,46.21,5.3,32.6,4.5,3.1,UPI
eBike,103.0,6.51,3.7,30.9,4.2,4.2,Cash
Go Sedan,488.0,25.26,8.4,40.5,4.6,5.0,UPI
eBike,730.0,19.25,5.7,40.0,4.1,4.3,Uber Wallet
eBike,151.0,47.51,5.6,27.7,4.7,4.6,Credit Card
Premier Sedan,1059.0,27.02,4.9,17.4,4.2,4.3,UPI
Auto,676.0,39.08,5.4,42.7,4.2,3.9,UPI
Go Mini,806.0,15.11,2.6,30.4,4.1,4.8,UPI
Go Mini,797.0,30.02,7.7,29.0,3.3,4.9,Debit Card
Go Sedan,215.0,14.93,13.1,27.4,3.5,5.0,Cash
Auto,431.0,45.25,7.7,17.7,4.2,4.3,UPI
Go Mini,143.0,12.09,7.1,29.3,4.6,4.3,Cash
Premier Sedan,503.0,43.13,12.6,15.3,3.2,4.5,Uber Wallet
Go Sedan,463.0,24.85,12.3,32.0,4.1,4.3,Debit Card
Go Mini,73.0,13.59,13.5,30.1,4.3,4.6,UPI
eBike,200.0,7.34,10.1,16.4,4.3,4.9,Uber Wallet
Auto,885.0,20.89,11.4,28.0,4.1,3.1,UPI
Go Sedan,844.0,35.17,10.6,31.8,4.3,4.3,Cash
eBike,123.0,43.88,11.5,27.1,3.9,4.6,UPI
Premier Sedan,555.0,29.66,5.2,30.2,3.1,4.7,Cash
eBike,758.0,7.96,11.7,25.3,4.2,4.6,Uber Wallet
eBike,1147.0,2.87,9.4,24.0,3.9,4.7,UPI
Auto,344.0,36.17,12.9,19.4,3.5,4.8,Credit Card
Go Mini,320.0,37.7,8.2,34.6,4.4,3.7,Cash
Go Sedan,701.0,6.52,14.4,15.6,4.2,4.4,Uber Wallet
Auto,695.0,8.8,7.3,38.6,4.9,4.9,UPI
Go Sedan,77.0,19.55,11.6,39.7,4.8,3.7,Debit Card
Premier Sedan,262.0,18.5,11.3,40.8,3.9,5.0,Debit Card
Go Sedan,138.0,8.36,14.1,42.8,3.7,5.0,Cash
eBike,278.0,27.55,7.2,41.1,4.3,4.3,UPI
Auto,459.0,28.25,8.7,38.4,3.7,4.9,UPI
Go Mini,308.0,10.01,8.7,27.2,4.5,4.6,Uber Wallet
Bike,110.0,35.35,4.4,36.0,4.2,4.7,Credit Card
Auto,178.0,47.31,8.5,33.9,4.3,4.2,Credit Card
Bike,459.0,24.41,3.5,16.3,4.6,4.6,Credit Card
Auto,280.0,27.08,11.6,26.6,4.3,4.0,UPI
Go Mini,223.0,44.17,2.6,41.3,4.3,4.6,UPI
Premier Sedan,693.0,38.22,7.0,18.0,3.9,4.2,Uber Wallet
Premier Sedan,221.0,22.92,3.6,42.1,4.3,4.5,Debit Card
Auto,223.0,5.08,7.7,44.2,3.9,4.1,UPI
Premier Sedan,452.0,7.35,12.2,19.8,3.4,4.2,Credit Card
Go Sedan,315.0,46.05,6.6,17.8,4.3,4.4,UPI
Bike,758.0,44.46,9.2,22.7,4.8,4.3,UPI
Go Mini,235.0,46.12,9.9,31.8,4.1,4.6,Uber Wallet
eBike,144.0,18.92,3.1,35.0,4.2,4.8,UPI
Go Sedan,1019.0,45.21,12.6,25.3,4.4,5.0,Credit Card
Premier Sedan,76.0,24.34,2.7,32.2,3.3,4.8,Cash
Auto,1709.0,44.12,8.8,31.2,4.2,3.6,Uber Wallet
Premier Sedan,61.0,49.02,3.5,39.8,4.1,4.8,UPI
Bike,402.0,45.13,12.6,28.1,4.3,5.0,UPI
Premier Sedan,93.0,24.01,11.6,35.2,4.2,4.8,Uber Wallet
Bike,129.0,18.59,12.5,22.4,4.2,4.4,UPI
eBike,1272.0,38.15,6.4,21.3,4.3,5.0,Debit Card
Go Sedan,332.0,18.35,12.9,29.8,4.0,4.3,UPI
Go Sedan,234.0,9.61,7.1,43.4,4.6,4.3,Uber Wallet
Go Mini,278.0,40.83,6.6,26.2,3.7,4.2,Uber Wallet
Go Sedan,516.0,8.38,12.7,33.0,4.1,4.2,UPI
Auto,285.0,45.43,7.3,18.7,4.1,4.7,Cash
Bike,143.0,4.64,12.9,33.0,4.3,4.7,UPI
Go Sedan,389.0,44.78,7.7,38.4,4.6,4.7,UPI
eBike,345.0,41.49,5.3,41.8,3.5,4.1,UPI
Go Sedan,208.0,10.73,11.4,38.5,4.3,4.8,UPI
Go Sedan,844.0,15.32,6.7,34.9,4.3,4.7,Cash
Bike,480.0,42.72,14.6,32.0,4.1,4.0,Uber Wallet
Bike,93.0,49.71,8.3,15.5,4.9,4.9,Uber Wallet
Premier Sedan,350.0,44.87,3.7,25.8,4.1,4.6,Cash
Go Mini,1359.0,32.72,2.7,15.2,4.2,4.9,UPI
Go Sedan,991.0,47.04,11.5,19.5,4.9,4.6,UPI
Uber XL,138.0,35.43,12.4,28.5,4.8,4.6,Cash
Bike,319.0,37.78,9.6,42.3,4.8,5.0,UPI
Auto,340.0,8.72,6.4,24.4,4.5,4.6,UPI
Bike,583.0,27.65,7.6,39.7,4.5,4.9,UPI
Auto,95.0,22.88,11.1,29.5,4.6,4.7,UPI
Go Mini,498.0,32.25,12.4,27.0,3.6,4.9,UPI
Go Mini,479.0,37.02,3.1,41.0,4.9,4.1,UPI
Go Sedan,464.0,42.26,10.6,29.0,4.5,4.3,UPI
Go Mini,624.0,16.31,7.5,24.2,4.3,4.2,Credit Card
Premier Sedan,191.0,5.04,9.2,36.4,4.0,3.4,UPI
Auto,312.0,43.9,2.6,38.5,4.4,4.4,Cash
Go Mini,340.0,5.49,6.5,22.2,4.6,4.2,UPI
Go Mini,1007.0,7.96,7.5,21.6,4.2,4.5,UPI
Bike,54.0,23.11,14.3,37.4,4.2,3.1,UPI
Auto,1520.0,38.38,14.2,24.8,4.4,4.2,UPI
Go Mini,675.0,44.43,4.2,35.4,3.1,5.0,UPI
Go Mini,402.0,14.38,2.9,29.7,4.3,4.3,UPI
Auto,242.0,4.12,12.2,23.9,5.0,4.3,Credit Card
Go Sedan,1326.0,44.23,13.2,36.0,3.6,4.2,Credit Card
Auto,278.0,13.79,12.1,18.5,5.0,4.5,Cash
Go Mini,385.0,46.2,14.0,25.1,4.0,5.0,UPI
Go Mini,472.0,20.07,14.7,25.0,3.9,4.1,Cash
Auto,496.0,45.57,15.0,35.3,5.0,4.2,Credit Card
Go Sedan,599.0,28.9,3.0,29.7,4.2,3.7,UPI
eBike,252.0,41.2,13.5,36.7,4.0,4.2,Credit Card
Premier Sedan,644.0,29.69,4.4,16.2,3.4,4.2,Cash
Go Mini,2200.0,35.26,7.7,16.0,4.3,4.9,Cash
Go Sedan,220.0,36.05,3.1,16.7,4.6,5.0,Credit Card
Auto,378.0,36.91,13.5,33.0,4.2,4.3,Credit Card
Auto,596.0,20.95,6.8,35.4,5.0,4.3,UPI
Go Mini,518.0,42.01,11.8,19.6,3.8,4.9,UPI
Bike,291.0,47.57,8.1,33.2,3.5,4.8,Uber Wallet
Go Mini,928.0,27.82,8.3,39.5,4.6,4.9,UPI
Bike,150.0,23.15,6.0,27.7,4.3,4.3,UPI
Go Sedan,720.0,46.63,11.3,20.0,5.0,4.6,Uber Wallet
eBike,208.0,14.07,10.2,16.8,3.9,4.4,UPI
Auto,119.0,23.92,5.5,23.6,4.1,3.3,UPI
Bike,618.0,44.36,9.8,27.3,4.2,4.3,Cash
Auto,670.0,22.97,4.6,23.6,4.1,4.1,Cash
Premier Sedan,1091.0,49.01,11.0,38.4,4.0,4.6,Cash
Go Mini,76.0,14.99,8.3,44.0,4.2,5.0,Cash
Go Mini,441.0,15.86,6.2,18.2,4.2,4.9,Cash
Auto,271.0,3.63,2.8,35.9,4.2,4.0,UPI
Go Mini,63.0,2.81,2.4,34.6,4.2,4.7,Cash
Go Mini,278.0,36.49,4.1,44.5,4.6,4.6,UPI
Auto,426.0,22.12,14.1,22.1,3.6,5.0,Uber Wallet
eBike,120.0,40.5,3.5,18.1,3.6,4.9,Uber Wallet
Premier Sedan,144.0,29.01,6.1,29.6,4.6,4.9,UPI
Go Sedan,894.0,40.62,2.4,34.1,3.7,4.2,UPI
Premier Sedan,895.0,21.61,10.0,21.7,4.3,4.3,Uber Wallet
Auto,166.0,16.03,13.2,35.0,3.4,4.8,UPI
Auto,964.0,36.5,9.2,35.7,4.6,4.4,UPI
Uber XL,548.0,4.84,14.5,34.8,4.2,4.9,Cash
Go Sedan,633.0,14.12,3.4,28.9,3.6,4.3,Cash
Go Sedan,191.0,4.06,11.4,25.9,3.5,4.0,UPI
Go Mini,415.0,28.51,7.3,16.6,4.3,4.6,UPI
Go Mini,1279.0,30.27,7.6,38.5,3.6,4.3,UPI
Go Mini,260.0,18.09,14.7,15.9,4.6,4.7,UPI
eBike,753.0,24.74,13.0,29.9,3.8,4.2,Cash
Premier Sedan,722.0,21.67,11.3,31.0,3.0,4.5,UPI
Go Mini,1923.0,41.29,12.3,40.1,3.7,4.7,UPI
Go Sedan,495.0,26.86,13.8,36.6,3.6,4.4,Cash
Auto,163.0,19.44,4.6,40.6,4.1,4.3,Cash
Auto,261.0,36.71,2.6,32.8,4.9,4.2,UPI
Go Sedan,730.0,9.66,4.6,22.3,4.6,4.6,UPI
Auto,677.0,24.55,11.4,32.8,4.3,4.4,Debit Card
eBike,1312.0,10.47,12.8,31.7,4.9,3.7,Cash
Bike,419.0,45.69,7.4,40.1,4.2,4.2,Cash
Auto,902.0,29.18,6.7,31.8,4.2,4.6,UPI
Bike,1475.0,20.99,5.7,19.3,3.9,5.0,Cash
eBike,421.0,37.08,14.2,21.1,3.3,4.6,UPI
Go Mini,216.0,18.83,7.5,34.6,3.8,4.5,UPI
Auto,440.0,27.04,2.3,29.2,4.2,4.2,Uber Wallet
Go Mini,431.0,29.35,6.5,38.9,4.9,4.3,Cash
Go Mini,870.0,46.19,12.6,37.4,4.9,4.3,Cash
Bike,830.0,23.32,4.0,42.4,4.5,3.7,Uber Wallet
Premier Sedan,381.0,19.16,14.7,38.7,4.2,4.8,UPI
Auto,643.0,17.29,14.5,32.8,4.9,4.5,Cash
Auto,173.0,27.03,2.8,23.1,4.2,3.1,Cash
Go Mini,450.0,40.59,4.3,22.1,5.0,4.4,UPI
Go Sedan,401.0,43.17,4.9,28.1,3.8,4.5,Uber Wallet
Auto,176.0,40.52,4.8,25.3,3.9,4.9,Uber Wallet
Bike,473.0,43.61,7.7,24.2,3.7,4.9,UPI
Go Mini,633.0,46.75,5.8,25.3,4.9,4.9,Cash
Premier Sedan,238.0,19.74,9.5,20.3,3.8,4.2,Uber Wallet
eBike,122.0,43.53,11.0,38.3,3.8,4.2,Cash
Go Mini,164.0,15.02,13.2,36.8,4.4,4.2,UPI
Bike,328.0,43.94,2.6,19.3,4.5,4.3,UPI
Go Mini,91.0,17.23,14.3,38.7,4.3,3.7,UPI
Go Mini,874.0,22.74,2.5,24.5,4.2,4.9,Cash
Go Sedan,495.0,48.91,5.1,30.5,4.4,4.6,Cash
Go Mini,277.0,16.42,13.8,22.6,4.3,4.7,Debit Card
Premier Sedan,811.0,39.82,8.5,31.6,4.5,4.3,Debit Card
Go Sedan,667.0,19.51,6.8,23.2,3.1,4.3,UPI
Auto,277.0,23.15,3.1,39.1,4.8,4.6,Uber Wallet
Go Mini,111.0,47.04,9.1,21.3,4.6,4.6,Cash
Auto,289.0,39.91,10.6,28.2,4.4,4.3,Cash
Go Mini,972.0,48.07,3.5,33.0,4.6,4.2,UPI
Go Mini,618.0,11.08,12.5,38.3,4.3,4.9,UPI
Go Mini,330.0,16.69,14.3,31.1,4.5,4.8,Cash
Go Sedan,210.0,16.09,13.3,44.6,4.1,4.6,Credit Card
Premier Sedan,322.0,20.56,3.1,42.6,3.1,4.3,Debit Card
Bike,1157.0,29.72,13.1,39.8,4.2,4.2,UPI
Auto,368.0,15.52,10.2,38.9,4.6,5.0,Uber Wallet
Bike,475.0,17.1,13.9,40.8,4.2,4.8,UPI
Premier Sedan,692.0,19.37,3.6,32.0,4.3,4.4,UPI
Premier Sedan,89.0,38.66,10.9,36.6,4.6,4.7,Cash
Go Sedan,628.0,45.67,8.6,42.0,4.5,4.9,UPI
Go Mini,978.0,45.4,7.1,17.0,4.4,4.1,Credit Card
eBike,983.0,30.27,10.2,32.9,4.2,5.0,UPI
Go Mini,235.0,33.36,3.9,24.6,4.2,4.5,UPI
Go Sedan,565.0,38.13,7.5,37.4,4.2,4.6,Uber Wallet
Auto,765.0,8.05,13.2,22.4,4.4,4.9,Cash
Premier Sedan,102.0,27.88,10.3,27.3,4.9,4.1,UPI
Auto,237.0,21.08,3.7,44.2,4.6,4.2,UPI
Auto,1054.0,39.22,5.6,36.3,4.2,4.5,Cash
Auto,904.0,9.85,11.6,23.8,4.3,4.5,UPI
Auto,1348.0,7.65,11.4,17.7,4.2,4.3,UPI
Premier Sedan,781.0,49.42,6.7,43.1,4.6,4.8,UPI
Uber XL,387.0,27.43,6.2,19.3,3.9,4.3,UPI
Bike,713.0,42.54,7.6,33.3,4.3,4.1,Credit Card
Go Mini,367.0,20.12,10.7,27.5,4.3,3.6,UPI
Bike,780.0,47.43,11.2,25.6,4.4,4.3,UPI
Premier Sedan,345.0,42.18,12.9,42.9,4.2,4.1,UPI
eBike,688.0,17.67,4.9,30.8,4.6,4.4,UPI
Go Sedan,497.0,17.41,2.8,31.9,4.5,4.3,UPI
Go Sedan,606.0,27.19,2.5,42.0,4.1,4.2,Debit Card
Auto,790.0,49.2,9.9,16.5,4.5,4.9,Cash
Go Sedan,729.0,43.57,3.0,42.8,3.3,4.2,UPI
Uber XL,312.0,4.74,10.0,33.6,4.7,4.3,Cash
Go Mini,755.0,8.11,6.3,27.0,3.7,4.3,Uber Wallet
Premier Sedan,225.0,30.21,12.1,38.5,3.4,4.2,UPI
Auto,600.0,40.95,8.5,33.7,4.3,4.9,Debit Card
Go Mini,747.0,40.37,10.7,24.8,4.7,3.9,UPI
Bike,330.0,13.48,10.8,18.7,4.7,4.3,Cash
Auto,977.0,6.1,7.5,22.0,4.2,3.4,Cash
Go Mini,384.0,46.64,2.4,39.2,4.9,4.5,Credit Card
eBike,214.0,10.57,6.3,32.2,4.2,4.9,UPI
Auto,569.0,2.18,13.9,17.5,5.0,4.5,UPI
Go Mini,140.0,34.02,7.0,16.8,3.6,4.4,Uber Wallet
Go Sedan,108.0,49.58,8.6,16.6,4.3,4.9,Uber Wallet
eBike,291.0,45.31,6.7,36.5,5.0,4.3,Uber Wallet
Go Mini,211.0,28.48,3.3,19.7,4.9,4.3,Uber Wallet
eBike,382.0,45.28,13.4,26.2,3.8,4.1,UPI
Go Mini,229.0,25.14,2.1,37.4,4.3,4.5,Cash
Go Mini,388.0,24.44,14.2,30.6,4.2,5.0,Credit Card
Premier Sedan,83.0,43.23,6.5,25.8,4.6,4.3,Credit Card
Go Sedan,714.0,28.28,8.1,25.9,4.2,4.9,UPI
Bike,463.0,24.1,8.9,38.7,3.7,4.9,Debit Card
Go Sedan,166.0,12.83,11.0,36.8,4.1,4.7,Debit Card
Go Sedan,1547.0,5.36,11.7,44.7,4.4,4.2,Cash
Bike,310.0,23.01,13.6,34.1,4.3,4.6,UPI
Premier Sedan,149.0,29.27,4.4,35.7,4.0,4.9,Cash
Go Sedan,928.0,22.89,14.9,21.5,4.2,3.1,UPI
Go Mini,768.0,36.43,13.9,25.7,4.6,4.1,UPI
Auto,286.0,6.26,6.0,44.2,3.1,4.9,Cash
eBike,874.0,5.22,8.3,24.3,4.3,4.3,UPI
Go Mini,125.0,4.26,12.9,40.1,3.7,4.8,Cash
Bike,518.0,29.39,3.6,21.8,4.1,3.3,Cash
Go Sedan,740.0,24.71,7.3,41.6,4.2,4.6,Debit Card
Go Mini,346.0,9.0,6.8,21.9,4.2,4.1,Uber Wallet
Go Mini,264.0,18.06,11.4,34.4,4.2,4.5,UPI
Go Mini,516.0,5.37,4.4,36.9,4.4,4.3,Debit Card
Auto,227.0,41.61,11.0,18.1,4.6,4.3,UPI
Auto,250.0,41.03,14.4,29.2,3.0,4.6,Cash
Bike,235.0,21.31,6.6,21.2,3.2,4.6,Cash
Auto,294.0,10.85,9.5,36.6,4.3,4.1,UPI
Auto,219.0,48.45,14.4,20.6,3.9,3.6,Uber Wallet
Go Sedan,796.0,31.42,14.5,29.3,4.6,4.4,UPI
Auto,526.0,25.65,4.5,24.1,4.2,4.2,UPI
Bike,749.0,17.99,10.4,19.9,4.4,4.9,Cash
Go Mini,271.0,47.78,13.1,23.5,4.2,4.2,Cash
Go Mini,1228.0,15.01,5.1,42.2,4.7,4.9,UPI
Auto,122.0,15.69,3.8,20.7,4.3,4.3,UPI
Bike,882.0,34.66,13.7,41.0,4.3,4.3,UPI
Go Mini,1002.0,38.01,14.9,42.2,4.6,4.2,Cash
Auto,90.0,46.5,6.0,28.6,4.6,4.5,Cash
Go Sedan,625.0,22.09,12.5,28.9,4.4,4.9,Uber Wallet
Auto,634.0,15.97,12.4,26.3,3.1,4.7,Cash
Premier Sedan,574.0,43.35,5.1,31.3,4.9,4.4,Debit Card
Bike,972.0,9.89,8.5,40.8,3.5,4.1,Cash
eBike,414.0,45.78,6.7,25.2,4.9,4.9,UPI
Go Mini,194.0,22.26,2.3,28.3,4.0,4.2,UPI
Auto,1234.0,10.5,14.9,32.4,4.0,4.1,UPI
Bike,870.0,43.49,13.9,35.9,3.9,3.7,UPI
Go Mini,370.0,16.52,11.6,41.1,4.7,4.4,Cash
Bike,121.0,7.48,9.6,39.9,3.9,4.1,UPI
Bike,374.0,31.27,11.8,33.5,4.3,4.7,UPI
Go Sedan,1084.0,12.49,14.0,29.1,4.4,4.6,Cash
Uber XL,634.0,44.27,9.7,29.2,4.3,4.3,Cash
Auto,135.0,26.16,13.3,15.7,4.4,4.3,UPI
Bike,346.0,6.85,11.8,44.8,4.2,4.2,UPI
Go Mini,837.0,48.06,5.0,41.6,4.4,5.0,UPI
Go Sedan,391.0,2.92,12.5,43.5,4.2,4.6,UPI
Premier Sedan,228.0,48.95,11.9,24.7,4.4,4.9,Cash
Auto,173.0,31.37,8.4,42.1,4.2,4.6,UPI
Premier Sedan,557.0,41.67,12.4,22.2,4.3,4.7,UPI
Go Sedan,282.0,40.57,11.9,20.7,4.2,4.4,UPI
Auto,1643.0,30.78,10.1,34.9,3.5,4.1,Uber Wallet
Go Sedan,807.0,16.76,12.2,36.1,3.0,4.6,Uber Wallet
Go Mini,235.0,15.03,11.1,37.0,4.6,4.1,UPI
Auto,181.0,6.73,10.1,40.0,3.7,4.6,Cash
Bike,1496.0,35.26,6.3,31.4,4.3,4.3,UPI
Premier Sedan,101.0,3.58,5.0,18.3,4.8,4.3,Cash
Uber XL,458.0,4.67,10.5,32.4,4.3,4.3,UPI
Go Mini,381.0,48.1,14.4,42.9,3.7,4.3,Uber Wallet
Go Mini,105.0,6.35,12.7,22.6,4.3,4.4,Uber Wallet
Bike,336.0,36.21,7.7,19.0,3.8,4.3,Credit Card
Go Mini,250.0,44.27,12.6,41.6,5.0,4.2,Debit Card
Auto,81.0,6.86,4.4,23.0,4.5,3.0,Cash
Go Sedan,259.0,22.83,9.9,23.0,4.4,5.0,Debit Card
Auto,252.0,43.12,14.8,25.7,5.0,4.5,Cash
Premier Sedan,1224.0,23.67,7.0,15.7,4.3,5.0,Cash
Bike,456.0,44.39,4.8,33.2,4.6,4.2,Cash
Go Sedan,222.0,9.1,10.7,26.5,4.4,3.8,Uber Wallet
eBike,85.0,46.21,10.8,30.4,3.7,3.6,Cash
Go Sedan,680.0,38.15,5.3,22.6,4.3,5.0,Uber Wallet
Go Mini,315.0,2.77,8.2,23.6,3.8,4.9,UPI
eBike,606.0,48.45,2.8,24.9,4.3,4.6,UPI
Premier Sedan,596.0,4.95,15.0,43.4,4.5,4.4,Uber Wallet
Go Mini,1348.0,16.96,5.6,32.8,4.1,4.1,UPI
Bike,939.0,14.2,3.0,32.7,4.2,4.8,Credit Card
Bike,543.0,43.95,10.3,38.2,4.2,4.1,Debit Card
Go Mini,466.0,24.7,14.1,19.4,4.6,4.8,Cash
Bike,245.0,25.78,11.2,15.1,4.3,4.6,Cash
Go Mini,2482.0,48.1,13.9,33.1,4.4,4.3,Cash
Bike,887.0,30.41,7.0,25.6,4.4,4.2,Credit Card
Premier Sedan,521.0,6.88,12.9,37.3,4.3,4.3,Debit Card
Bike,309.0,30.8,11.4,29.8,4.6,4.3,UPI
Go Mini,97.0,47.36,14.3,19.4,5.0,4.8,Cash
Auto,151.0,27.97,14.3,35.0,4.6,4.6,Credit Card
Bike,787.0,36.26,10.4,28.6,4.9,4.9,Cash
Auto,738.0,41.83,6.3,30.9,4.3,4.7,UPI
Go Sedan,379.0,44.91,7.0,42.3,4.4,4.9,Debit Card
Go Sedan,207.0,39.34,4.9,22.6,3.9,4.9,Uber Wallet
Bike,59.0,14.15,4.3,30.8,3.7,5.0,Uber Wallet
Go Mini,55.0,28.38,5.1,15.6,4.6,3.2,UPI
Premier Sedan,293.0,35.71,2.1,32.1,4.2,4.5,UPI
Uber XL,432.0,39.81,11.1,33.9,4.4,5.0,Credit Card
Bike,496.0,49.18,12.0,41.0,3.8,4.2,Cash
Auto,311.0,14.25,4.4,21.7,4.2,4.4,UPI
Auto,452.0,15.36,9.1,44.4,4.8,4.4,UPI
Premier Sedan,407.0,45.59,10.0,40.8,4.4,4.9,UPI
Go Sedan,299.0,49.4,8.7,15.7,4.9,3.2,Cash
Go Mini,386.0,28.77,9.6,42.4,4.1,4.5,Cash
Go Mini,425.0,46.23,8.1,31.3,4.6,4.6,Credit Card
Go Mini,108.0,37.69,6.6,31.1,3.8,4.3,UPI
Auto,350.0,8.04,13.3,28.8,4.4,4.8,UPI
Go Mini,395.0,40.81,5.4,37.2,4.3,4.9,Uber Wallet
Go Mini,728.0,5.14,8.6,36.3,4.6,4.4,Debit Card
Bike,389.0,3.42,8.3,23.0,4.3,4.1,Debit Card
Go Mini,971.0,7.8,11.1,25.1,4.3,4.2,Cash
Go Mini,326.0,13.34,13.6,22.4,3.7,4.0,UPI
Premier Sedan,199.0,38.05,11.0,26.7,4.2,4.8,UPI
Go Mini,217.0,38.68,6.0,40.4,4.9,4.2,UPI
Go Mini,118.0,8.9,5.4,24.8,4.3,3.7,UPI
Go Sedan,1151.0,23.11,2.7,26.4,4.5,4.6,UPI
Auto,157.0,12.69,3.8,28.8,4.3,4.3,Uber Wallet
Bike,330.0,42.18,5.9,27.0,4.3,4.1,Cash
Go Mini,242.0,37.81,2.9,19.1,3.8,4.8,Debit Card
Auto,107.0,12.27,3.8,19.2,4.5,3.8,UPI
Auto,471.0,11.07,14.4,29.4,3.7,4.6,Cash
Bike,805.0,29.31,10.1,22.0,4.7,4.3,Uber Wallet
Auto,404.0,30.11,4.7,40.6,4.9,4.2,Cash
Auto,139.0,48.01,3.7,25.4,4.4,4.8,Cash
Go Sedan,319.0,9.13,9.4,37.7,4.7,4.9,Cash
Auto,609.0,5.79,11.6,36.5,4.7,4.8,UPI
eBike,868.0,36.11,13.3,35.4,4.3,4.8,Cash
Go Sedan,452.0,15.93,10.9,36.1,4.2,4.9,UPI
Go Sedan,228.0,49.17,3.2,26.3,4.5,5.0,Uber Wallet
Auto,452.0,33.93,10.2,44.1,4.4,4.1,Cash
Go Mini,117.0,3.36,8.8,31.0,4.2,4.3,UPI
eBike,904.0,33.17,8.7,41.5,4.7,4.2,UPI
Auto,390.0,47.83,12.6,25.2,4.2,4.9,UPI
Auto,214.0,35.79,14.7,32.8,3.9,4.4,Cash
Auto,230.0,41.58,2.8,31.6,4.9,4.2,Cash
Bike,656.0,33.22,2.4,44.8,4.3,3.4,Cash
Auto,306.0,9.84,11.7,41.3,4.3,5.0,UPI
Premier Sedan,298.0,28.53,3.4,32.2,3.1,4.8,Uber Wallet
Go Mini,426.0,33.58,12.9,36.7,3.3,4.1,Cash
Go Sedan,52.0,10.74,12.3,29.4,4.8,4.3,UPI
Go Mini,452.0,8.65,5.3,18.8,4.2,4.9,UPI
Go Mini,771.0,17.46,2.2,26.4,5.0,4.8,UPI
Go Mini,474.0,37.98,4.2,36.7,4.2,4.2,Uber Wallet
Go Mini,996.0,35.11,8.8,30.8,4.3,4.6,Cash
Go Mini,350.0,37.38,3.0,44.1,4.7,4.5,Uber Wallet
Go Sedan,326.0,7.52,9.1,42.0,4.6,4.9,Cash
Go Sedan,101.0,16.61,3.4,16.2,4.9,4.2,Cash
Auto,599.0,3.26,5.3,20.2,4.2,4.1,UPI
Go Mini,265.0,23.84,3.5,22.2,3.7,4.4,Cash
Auto,566.0,6.68,8.3,17.3,4.8,4.3,Credit Card
Bike,425.0,6.42,4.2,43.8,4.9,3.9,UPI
Auto,199.0,18.27,2.4,22.6,4.6,4.5,Uber Wallet
Go Sedan,183.0,8.17,14.0,22.0,4.4,4.7,Uber Wallet
Auto,397.0,19.52,9.1,16.9,4.6,3.9,UPI
Go Sedan,864.0,22.5,10.5,43.3,4.4,3.9,Cash
Go Sedan,301.0,41.44,13.0,42.7,4.2,4.8,UPI
Go Sedan,302.0,28.7,3.7,33.2,5.0,4.6,UPI
Go Mini,104.0,41.61,11.2,43.7,4.3,3.5,UPI
Auto,430.0,16.54,4.0,27.7,4.6,4.7,Uber Wallet
Go Sedan,1177.0,42.77,10.1,24.1,4.0,4.8,UPI
Go Mini,626.0,47.98,5.5,43.5,3.7,4.6,Debit Card
eBike,85.0,39.93,3.2,36.1,4.2,4.9,Debit Card
Go Mini,196.0,33.83,3.6,26.1,3.6,4.9,Cash
Uber XL,300.0,19.82,9.5,23.1,3.8,4.1,Cash
Auto,592.0,49.67,3.0,30.3,4.9,4.8,UPI
Bike,2357.0,20.05,8.0,29.1,4.4,5.0,Cash
Bike,556.0,11.62,8.2,16.6,5.0,3.6,UPI
Auto,585.0,35.01,11.6,20.8,3.9,3.2,Cash
Bike,210.0,25.77,2.5,33.6,3.9,4.2,Debit Card
Bike,140.0,29.72,11.4,33.3,5.0,4.9,Uber Wallet
Go Sedan,976.0,24.68,2.2,37.4,4.6,4.2,Debit Card
Auto,422.0,14.47,12.2,27.2,4.8,4.5,UPI
Go Mini,483.0,43.11,8.2,37.0,4.1,4.3,Credit Card
Go Mini,607.0,10.42,10.5,38.4,4.3,3.6,Credit Card
Go Mini,693.0,15.78,14.8,19.6,4.0,4.8,UPI
Auto,146.0,11.44,12.2,38.4,4.2,5.0,UPI
Go Mini,1147.0,32.05,11.5,44.4,4.1,4.6,Credit Card
Bike,530.0,4.24,10.4,33.5,4.6,3.1,UPI
eBike,716.0,23.96,14.8,21.4,4.4,4.2,UPI
Premier Sedan,865.0,47.88,11.0,25.5,3.6,4.3,Cash
Auto,329.0,45.38,4.5,24.1,4.5,4.9,UPI
Bike,806.0,9.14,5.6,42.0,4.5,4.1,Cash
Bike,197.0,31.06,12.8,15.2,4.5,4.8,UPI
Auto,105.0,24.42,13.5,34.3,4.9,3.3,Uber Wallet
Auto,565.0,21.51,6.4,36.4,4.4,4.2,Cash
Bike,223.0,29.38,9.7,44.6,3.9,3.6,Uber Wallet
Bike,410.0,22.94,11.6,37.5,3.0,4.2,Cash
Go Sedan,453.0,47.25,13.6,20.5,4.6,4.5,UPI
Go Mini,371.0,39.01,2.0,44.7,4.6,4.6,Cash
Bike,193.0,32.62,3.3,38.0,4.6,4.2,UPI
Premier Sedan,593.0,2.63,12.6,34.5,4.2,4.3,Uber Wallet
Uber XL,160.0,5.52,5.9,26.5,4.4,4.1,UPI
Auto,235.0,11.36,8.3,36.7,4.3,4.3,Uber Wallet
eBike,261.0,14.0,9.4,23.3,4.5,4.9,UPI
Go Sedan,740.0,8.94,12.6,15.0,4.3,4.6,Cash
Go Mini,379.0,3.08,4.8,33.5,4.4,4.3,UPI
Uber XL,55.0,10.23,11.0,18.9,4.2,4.3,Cash
Uber XL,598.0,25.12,5.9,42.7,4.2,4.3,Uber Wallet
Premier Sedan,468.0,22.17,6.0,41.5,4.3,4.3,UPI
Go Mini,147.0,26.13,9.8,17.3,4.7,5.0,UPI
Bike,494.0,49.22,12.9,24.5,4.3,4.9,UPI
Bike,320.0,34.13,14.9,33.2,4.3,4.6,UPI
Bike,487.0,40.26,11.6,37.7,4.2,4.9,Uber Wallet
Auto,252.0,16.62,13.1,39.9,4.9,4.6,Cash
Auto,918.0,35.03,12.1,35.4,4.6,4.9,Cash
Go Sedan,628.0,25.24,6.1,37.3,4.3,4.7,Uber Wallet
Auto,1261.0,23.12,2.6,19.1,4.4,4.8,Cash
Uber XL,1661.0,49.99,8.7,26.7,4.3,4.2,Cash
Bike,191.0,32.3,12.3,40.9,4.7,3.8,UPI
Premier Sedan,209.0,16.56,14.4,40.0,3.3,3.9,UPI
Go Sedan,290.0,20.67,13.9,31.2,3.7,4.9,Cash
eBike,151.0,2.26,7.4,44.8,3.6,4.7,Credit Card
Bike,780.0,12.8,7.2,24.8,4.7,3.9,Cash
Go Mini,2473.0,9.94,10.6,21.8,4.6,5.0,UPI
Go Mini,528.0,25.02,3.9,31.6,4.6,4.4,UPI
eBike,298.0,18.31,11.6,38.7,4.1,4.2,Cash
Bike,457.0,36.53,4.4,38.6,3.8,4.2,UPI
Go Mini,956.0,29.95,5.7,16.9,3.9,4.5,Uber Wallet
Go Sedan,215.0,3.04,9.6,17.8,4.2,4.6,Cash
Go Mini,173.0,18.92,6.5,44.8,4.1,4.8,UPI
Go Mini,514.0,16.21,14.3,23.4,4.3,3.8,UPI
Go Mini,141.0,39.14,9.8,34.6,4.2,4.3,Uber Wallet
Go Sedan,853.0,36.38,2.8,33.4,4.5,4.3,UPI
Go Mini,510.0,33.41,3.0,22.2,3.7,4.5,UPI
Auto,310.0,49.63,6.6,34.9,3.6,4.7,Debit Card
Auto,173.0,19.99,3.3,38.1,4.7,4.9,Uber Wallet
Bike,201.0,8.68,6.4,41.6,4.2,4.3,Cash
Bike,586.0,40.48,8.7,17.3,4.2,4.3,UPI
Go Mini,331.0,44.39,12.1,40.4,3.6,4.9,Debit Card
Go Sedan,421.0,22.75,11.7,33.1,3.9,4.3,Cash
Auto,1355.0,24.17,13.7,16.8,4.5,4.6,Debit Card
Go Mini,412.0,4.12,11.8,30.3,4.2,4.1,Debit Card
Auto,566.0,2.01,5.7,27.9,4.3,4.9,Cash
Go Sedan,903.0,45.13,6.7,23.7,4.1,4.6,UPI
Bike,877.0,47.96,12.6,27.3,4.1,4.2,UPI
Auto,814.0,42.85,5.2,29.3,5.0,4.9,Cash
Go Sedan,959.0,6.34,7.5,38.5,4.6,4.2,UPI
Premier Sedan,666.0,29.21,13.3,41.7,4.9,4.6,Cash
Auto,358.0,9.61,14.0,19.7,4.6,5.0,UPI
Auto,370.0,32.52,8.1,15.8,4.2,4.4,Debit Card
Go Mini,528.0,30.78,8.5,31.6,4.1,4.9,UPI
Go Mini,826.0,21.4,5.4,22.6,4.2,3.5,UPI
Bike,242.0,5.89,11.5,26.6,4.6,4.9,Cash
Go Mini,102.0,36.51,3.8,43.3,4.9,4.2,UPI
Go Sedan,712.0,49.41,14.0,28.7,4.1,4.2,UPI
Go Sedan,824.0,18.32,11.2,41.9,4.4,3.9,Credit Card
Auto,484.0,23.83,5.2,30.5,4.1,3.8,Cash
Go Mini,906.0,24.07,11.0,39.6,5.0,3.1,Debit Card
Bike,582.0,29.58,8.6,44.8,4.8,4.6,Cash
Uber XL,346.0,46.77,9.5,18.2,4.2,4.6,UPI
Go Mini,930.0,36.19,13.3,30.4,3.8,4.3,UPI
Go Mini,533.0,39.09,8.3,38.3,4.6,4.2,Credit Card
Premier Sedan,264.0,26.45,13.1,25.2,4.3,4.5,Credit Card
Bike,426.0,41.08,4.6,38.3,4.4,4.8,Cash
Auto,297.0,16.12,14.3,44.6,4.3,4.3,UPI
Auto,368.0,25.05,9.4,15.4,4.5,4.3,UPI
Auto,98.0,2.46,8.5,44.0,4.6,4.3,Cash
Go Sedan,456.0,17.63,5.8,20.4,4.5,4.7,Cash
Auto,579.0,18.26,12.9,38.6,4.9,4.3,Uber Wallet
Uber XL,352.0,14.75,3.6,25.0,4.4,4.5,UPI
Auto,712.0,4.91,14.3,19.1,4.7,4.6,Credit Card
Go Mini,573.0,6.85,12.2,33.7,3.9,4.7,UPI
Premier Sedan,228.0,2.27,12.9,21.2,4.4,4.9,UPI
Premier Sedan,227.0,8.36,10.7,33.8,3.7,3.8,Debit Card
Go Mini,191.0,31.09,3.9,24.5,3.6,3.8,Cash
Bike,322.0,19.48,4.5,35.6,4.2,4.3,UPI
Go Sedan,527.0,35.18,10.9,37.4,4.9,4.2,Cash
Auto,299.0,32.78,4.2,28.1,4.8,4.3,Cash
Go Sedan,719.0,11.72,13.7,16.5,4.3,4.5,UPI
Go Mini,656.0,2.41,4.6,21.3,5.0,4.6,Cash
Go Mini,202.0,8.87,12.2,38.5,4.2,4.8,UPI
Go Sedan,186.0,42.85,8.5,40.3,4.2,4.9,UPI
Auto,225.0,4.97,2.5,40.7,4.4,4.1,UPI
Bike,231.0,31.94,2.2,17.7,3.8,4.4,Credit Card
Go Mini,272.0,40.48,3.9,28.0,4.1,4.1,Cash
Auto,431.0,17.83,12.0,17.4,4.8,4.5,Cash
Auto,153.0,39.13,2.4,39.5,4.6,4.2,UPI
Go Sedan,595.0,36.37,7.9,42.0,4.4,4.2,Cash
Go Sedan,620.0,47.02,2.8,29.9,3.6,4.1,UPI
Auto,287.0,49.07,14.9,43.2,4.2,3.8,Credit Card
Auto,315.0,39.38,7.0,18.5,3.1,4.2,UPI
Go Mini,482.0,17.45,3.9,21.2,4.2,4.4,UPI
Auto,244.0,7.54,8.5,35.5,3.8,3.6,Uber Wallet
Go Mini,515.0,30.31,6.4,42.5,4.7,4.5,Uber Wallet
Go Mini,474.0,37.62,2.8,44.2,4.4,4.7,Cash
Go Sedan,518.0,13.98,5.4,29.5,3.9,4.2,UPI
Bike,927.0,10.11,13.1,35.2,4.3,5.0,Credit Card
Bike,404.0,24.15,12.9,23.5,4.5,4.1,UPI
Go Sedan,200.0,6.97,13.7,29.6,4.4,4.5,Credit Card
Auto,248.0,41.28,10.6,33.3,4.5,4.6,UPI
Go Mini,861.0,7.61,5.7,42.3,5.0,4.3,Cash
Auto,977.0,20.0,8.9,20.8,3.3,3.9,UPI
Go Mini,2137.0,40.75,8.7,40.3,3.2,4.3,UPI
Auto,416.0,12.81,12.5,15.4,3.9,4.2,UPI
Go Sedan,737.0,29.54,11.2,43.4,4.6,4.6,Cash
Go Mini,549.0,4.52,3.2,20.8,3.3,4.8,Uber Wallet
Go Sedan,161.0,38.01,9.8,18.9,3.1,3.0,Uber Wallet
Go Sedan,169.0,30.13,13.5,24.3,4.4,4.2,UPI
Go Sedan,199.0,48.04,11.1,42.7,3.1,4.7,UPI
Go Mini,464.0,31.13,11.8,40.5,3.1,3.8,Debit Card
Go Mini,559.0,24.68,8.8,25.5,4.2,4.8,UPI
Premier Sedan,731.0,20.91,15.0,34.1,4.9,4.6,UPI
Go Mini,486.0,27.68,14.8,44.7,4.1,4.6,Cash
Go Mini,152.0,14.42,9.4,16.3,4.2,5.0,UPI
Premier Sedan,415.0,11.66,11.9,40.6,4.1,4.6,Debit Card
Go Sedan,1272.0,9.7,10.7,28.1,4.1,4.7,UPI
Go Sedan,153.0,14.47,13.9,40.5,4.8,5.0,Cash
Premier Sedan,448.0,30.71,4.4,30.2,4.0,4.7,UPI
Go Sedan,962.0,34.82,6.3,17.9,3.9,4.8,Cash
eBike,331.0,5.22,9.7,30.6,4.9,3.8,UPI
Auto,605.0,26.96,9.1,18.0,3.7,4.6,UPI
Go Mini,325.0,18.56,5.6,21.1,4.3,4.1,Cash
Premier Sedan,246.0,6.51,14.9,30.8,3.8,4.8,UPI
eBike,209.0,14.37,5.9,17.1,4.8,4.9,Credit Card
Bike,522.0,20.79,11.5,43.8,4.1,4.9,UPI
Go Mini,383.0,19.56,13.0,33.8,3.2,4.0,UPI
Premier Sedan,240.0,45.66,12.2,28.7,4.8,3.2,UPI
Premier Sedan,220.0,30.6,2.2,21.3,4.9,4.9,Debit Card
Bike,799.0,46.31,10.1,28.9,4.3,4.6,UPI
eBike,670.0,34.9,11.7,40.8,4.4,4.6,Credit Card
Auto,478.0,20.26,7.6,25.3,4.4,4.2,Uber Wallet
Premier Sedan,51.0,19.92,3.6,26.1,4.2,3.4,Uber Wallet
Auto,761.0,46.8,13.2,19.9,3.8,4.6,UPI
Go Mini,116.0,28.93,6.6,34.4,3.9,4.1,Debit Card
Go Mini,1205.0,13.93,4.3,41.5,3.1,4.4,UPI
Bike,454.0,11.66,14.2,45.0,4.9,4.8,UPI
Premier Sedan,589.0,30.43,6.6,16.6,4.2,4.9,UPI
Bike,558.0,30.76,13.1,36.9,3.3,4.7,Cash
Go Mini,566.0,32.83,11.4,28.9,4.3,4.7,UPI
Go Sedan,2062.0,41.08,4.6,37.7,5.0,4.3,UPI
Go Sedan,133.0,20.49,14.1,22.2,4.4,4.9,UPI
Go Mini,247.0,36.58,6.3,39.1,3.9,4.4,Credit Card
eBike,1147.0,33.76,10.6,17.4,3.1,4.6,Uber Wallet
Bike,1191.0,32.19,6.8,30.5,4.6,4.9,UPI
Uber XL,370.0,11.98,11.9,25.6,3.0,4.6,Credit Card
Go Sedan,792.0,17.67,12.0,32.3,4.3,3.8,Credit Card
Go Sedan,498.0,26.58,13.4,37.0,4.5,4.1,Cash
Bike,719.0,26.15,14.0,44.9,4.3,4.6,UPI
Auto,328.0,3.05,2.1,33.9,4.4,4.4,UPI
Uber XL,507.0,14.66,9.2,30.9,4.6,4.2,Cash
Auto,648.0,40.35,7.4,44.0,4.1,3.7,UPI
Go Sedan,227.0,12.34,13.2,35.8,4.1,3.1,Cash
Go Mini,285.0,38.09,8.5,24.6,4.7,3.7,Uber Wallet
Auto,327.0,46.18,9.7,32.7,4.7,4.2,Uber Wallet
Bike,381.0,15.59,7.9,24.8,4.6,5.0,Cash
Auto,87.0,39.65,12.8,42.0,3.7,4.3,UPI
eBike,144.0,4.13,4.3,23.7,4.5,4.7,Credit Card
Bike,857.0,22.86,3.7,16.5,4.4,4.6,Cash
Auto,533.0,8.15,10.5,36.4,4.1,4.3,Credit Card
Auto,58.0,22.48,6.2,23.0,4.6,4.8,UPI
Auto,104.0,16.36,12.5,30.2,4.3,4.6,Debit Card
Auto,77.0,45.32,7.3,32.4,4.6,4.3,UPI
Auto,1161.0,49.09,4.8,18.8,4.3,4.9,UPI
Go Mini,227.0,24.96,4.3,44.7,3.7,4.2,UPI
Go Mini,132.0,26.66,5.2,35.8,4.2,4.9,UPI
Auto,91.0,11.75,14.7,39.1,4.9,4.6,UPI
Auto,666.0,27.15,4.9,33.3,3.8,4.8,Credit Card
eBike,636.0,16.21,13.7,33.2,4.6,4.6,UPI
Go Mini,283.0,48.14,15.0,28.8,4.6,4.9,Debit Card
Go Sedan,696.0,15.92,2.7,25.2,4.3,4.2,Credit Card
Go Mini,625.0,9.21,14.3,27.8,3.2,4.9,Uber Wallet
Go Sedan,1113.0,40.86,8.3,25.6,4.3,4.5,UPI
Premier Sedan,94.0,30.73,11.9,27.4,4.3,4.7,UPI
Go Mini,793.0,30.36,5.0,42.1,4.6,4.6,UPI
Auto,433.0,25.51,5.0,42.6,4.3,4.6,UPI
eBike,166.0,22.06,5.1,20.6,4.1,4.6,UPI
Bike,612.0,35.69,12.8,24.0,4.1,4.2,UPI
Go Sedan,815.0,28.32,10.4,21.8,3.9,4.3,Debit Card
Uber XL,91.0,49.03,5.1,35.2,4.2,3.9,Cash
Go Sedan,601.0,16.27,3.1,16.6,4.2,4.5,Uber Wallet
Bike,113.0,49.46,4.1,33.7,4.3,4.9,Cash
Go Mini,653.0,16.33,7.8,22.6,4.7,5.0,Cash
Go Sedan,197.0,7.51,3.9,25.9,4.3,4.2,Credit Card
Premier Sedan,215.0,32.3,11.6,25.1,3.9,5.0,Cash
Premier Sedan,1209.0,16.21,10.0,20.3,3.8,4.1,Credit Card
Go Mini,114.0,15.37,11.7,36.9,4.1,4.0,Cash
Bike,458.0,17.39,13.9,39.1,4.4,4.4,UPI
Auto,1637.0,27.68,14.8,15.0,4.1,4.9,Cash
eBike,709.0,3.51,9.4,22.4,3.8,4.4,Credit Card
Go Sedan,57.0,37.6,5.6,30.7,3.2,4.7,Debit Card
Bike,124.0,36.49,7.9,22.5,4.1,3.7,UPI
Uber XL,1938.0,26.82,11.8,34.8,3.7,4.8,UPI
Go Mini,342.0,42.79,4.5,23.6,4.3,4.8,Debit Card
Bike,92.0,15.26,9.3,38.9,4.3,4.6,UPI
eBike,173.0,17.01,13.9,42.0,3.3,4.4,UPI
Bike,156.0,15.93,5.5,44.4,4.1,5.0,Cash
Go Mini,751.0,13.73,6.5,43.7,4.6,3.9,Uber Wallet
Bike,472.0,30.03,3.6,31.3,4.2,4.6,Cash
Premier Sedan,623.0,11.29,11.5,43.6,3.1,4.6,Cash
eBike,958.0,3.13,5.5,19.7,4.3,4.5,Credit Card
Auto,851.0,48.94,13.9,42.8,4.2,4.9,UPI
Go Sedan,1272.0,33.22,12.1,25.7,3.4,4.0,UPI
Auto,228.0,8.15,10.5,19.9,4.2,4.4,Credit Card
Go Sedan,711.0,30.21,9.9,35.3,4.3,4.2,UPI
Auto,340.0,12.24,2.1,15.3,3.8,4.2,UPI
Auto,656.0,33.66,10.1,38.2,4.5,4.3,UPI
Premier Sedan,128.0,41.29,4.6,25.7,4.3,4.2,Cash
Premier Sedan,63.0,32.87,4.1,31.5,3.7,4.1,Cash
eBike,379.0,24.9,9.5,37.9,4.5,4.2,UPI
Auto,110.0,33.05,12.8,22.5,4.2,4.3,Debit Card
Auto,332.0,49.83,3.9,39.1,4.1,4.4,Cash
Bike,352.0,34.05,13.4,29.0,3.7,4.6,Uber Wallet
Go Mini,529.0,49.07,4.0,20.3,4.2,4.6,UPI
Go Sedan,236.0,18.82,7.3,36.5,4.2,4.5,UPI
Bike,1347.0,9.18,11.1,18.6,4.3,4.3,UPI
Premier Sedan,414.0,38.69,14.9,29.1,4.3,4.5,UPI
Premier Sedan,423.0,5.94,11.2,15.4,3.8,4.9,UPI
Premier Sedan,944.0,24.74,9.1,16.2,4.2,4.4,Uber Wallet
Auto,832.0,4.78,13.3,29.5,4.1,4.9,Credit Card
Go Mini,270.0,24.87,2.7,27.8,4.6,3.9,UPI
eBike,243.0,43.05,4.5,24.4,4.2,4.3,Credit Card
eBike,269.0,26.83,3.4,29.1,3.3,4.2,UPI
Go Mini,503.0,16.79,4.9,37.1,4.3,4.2,Cash
Auto,204.0,10.69,11.0,16.9,4.4,3.8,Cash
Go Sedan,593.0,25.25,6.9,34.6,4.4,4.2,Cash
Premier Sedan,82.0,7.56,11.3,40.4,4.2,4.6,Cash
Go Sedan,62.0,25.3,13.7,21.3,4.5,3.1,Uber Wallet
Premier Sedan,256.0,24.33,13.9,34.0,4.2,4.8,UPI
Bike,392.0,44.28,13.1,32.7,4.2,4.3,Cash
Auto,329.0,20.0,11.7,28.3,4.9,4.9,Credit Card
Bike,206.0,16.07,13.8,38.7,4.9,3.9,Cash
Go Mini,271.0,34.47,10.1,27.6,4.3,3.6,Cash
Go Mini,350.0,11.78,9.9,32.4,4.0,4.4,Cash
Uber XL,453.0,20.76,3.6,20.0,4.2,4.2,UPI
Auto,661.0,34.31,11.1,32.1,4.4,3.7,Credit Card
Uber XL,520.0,4.03,3.3,44.1,4.2,4.9,UPI
eBike,478.0,2.01,12.1,29.0,4.6,4.6,Cash
Premier Sedan,835.0,22.12,13.4,18.1,4.6,3.7,Cash
Premier Sedan,175.0,6.36,2.3,25.9,4.1,4.5,Cash
Go Mini,340.0,9.48,10.1,25.6,4.1,3.9,UPI
Bike,494.0,12.81,11.0,31.5,4.6,4.9,Uber Wallet
Auto,60.0,41.77,11.7,22.0,4.3,4.2,Cash
Bike,239.0,48.39,5.2,39.4,3.3,4.1,Credit Card
Auto,66.0,38.45,14.6,33.7,4.5,4.4,Cash
Go Mini,657.0,4.28,4.1,34.5,4.3,4.9,Uber Wallet
Go Sedan,459.0,2.41,3.7,43.0,4.7,3.2,UPI
Auto,650.0,34.95,3.5,44.8,3.9,4.2,Cash
Go Mini,300.0,35.48,8.5,19.9,4.3,5.0,UPI
Premier Sedan,650.0,21.73,14.1,20.6,4.5,4.6,UPI
Premier Sedan,675.0,10.34,6.3,31.8,4.3,4.3,UPI
Auto,72.0,10.62,3.9,18.9,4.2,4.9,UPI
Go Mini,256.0,42.88,6.7,34.8,3.8,5.0,UPI
Go Mini,101.0,38.12,14.8,15.8,4.2,4.2,UPI
Go Mini,803.0,27.64,10.8,29.1,3.3,3.1,Credit Card
Auto,834.0,7.61,11.9,23.6,3.7,4.5,Uber Wallet
Go Sedan,2371.0,48.96,14.8,16.6,4.5,4.5,Cash
Bike,1351.0,17.02,5.3,41.5,3.8,4.3,UPI
Bike,123.0,27.94,13.4,29.6,5.0,4.3,UPI
Go Mini,361.0,41.67,6.4,35.3,3.9,4.9,Cash
Go Sedan,157.0,25.58,9.8,29.4,4.2,4.1,UPI
Go Mini,370.0,12.74,10.8,32.2,4.2,4.4,Uber Wallet
Auto,351.0,34.62,3.7,35.2,4.3,4.3,UPI
Premier Sedan,306.0,20.32,6.1,22.5,3.6,3.9,UPI
Go Sedan,408.0,48.49,12.2,21.7,5.0,5.0,Cash
Auto,190.0,11.47,2.9,26.7,4.4,4.7,Debit Card
Bike,290.0,5.76,9.4,40.3,4.9,3.9,UPI
Go Sedan,494.0,32.57,12.9,18.9,4.6,3.0,UPI
Auto,77.0,22.17,12.3,22.1,4.6,4.6,Debit Card
Go Sedan,98.0,13.47,8.4,41.9,4.3,4.3,Uber Wallet
eBike,163.0,18.51,10.9,44.3,4.4,4.9,Cash
Premier Sedan,335.0,30.37,8.9,31.0,4.4,3.8,Cash
Go Mini,149.0,37.41,13.9,37.5,4.1,4.4,Cash
Auto,150.0,2.77,9.9,44.3,4.8,3.9,Cash
Go Sedan,455.0,45.8,9.1,35.0,3.9,4.1,UPI
Auto,135.0,40.21,9.8,17.8,4.1,5.0,UPI
Go Mini,464.0,36.2,9.7,21.1,4.9,5.0,UPI
Go Sedan,371.0,43.53,2.8,35.4,4.3,3.7,UPI
Bike,299.0,20.34,8.6,38.5,4.3,4.6,Uber Wallet
Auto,465.0,33.56,9.0,33.0,4.1,4.4,UPI
Bike,444.0,33.32,11.7,40.6,4.3,4.2,UPI
Auto,1226.0,42.61,4.5,29.4,4.4,4.9,Uber Wallet
Go Mini,350.0,22.61,2.9,37.4,3.4,4.3,UPI
Go Mini,299.0,20.72,13.7,32.6,4.2,3.8,Cash
Bike,85.0,22.14,11.5,18.5,4.5,4.4,Uber Wallet
Auto,271.0,22.39,4.6,20.2,4.2,3.8,Cash
Go Mini,894.0,4.04,2.3,20.5,4.3,4.8,UPI
Auto,336.0,32.76,3.7,29.0,3.8,4.7,UPI
Bike,376.0,19.48,10.4,21.9,4.2,4.3,UPI
Go Sedan,958.0,17.52,14.5,35.5,3.2,4.1,UPI
Bike,91.0,49.1,13.4,41.9,3.8,4.8,UPI
Go Sedan,614.0,42.31,5.0,20.8,4.1,4.5,Uber Wallet
eBike,385.0,9.48,14.9,15.8,3.9,4.4,Cash
Go Sedan,253.0,48.07,12.1,15.1,3.6,4.6,UPI
Bike,616.0,17.97,10.8,44.1,4.2,4.6,UPI
Bike,365.0,32.67,12.8,31.9,3.8,4.1,Uber Wallet
Go Mini,283.0,30.42,12.3,34.5,4.2,3.7,Uber Wallet
Bike,1293.0,42.98,8.0,26.8,4.3,4.8,Cash
Bike,291.0,48.68,13.9,38.6,4.1,4.3,Uber Wallet
Go Mini,287.0,39.63,6.1,32.6,4.1,4.9,Uber Wallet
Auto,844.0,20.56,9.9,34.2,4.5,3.9,Cash
Premier Sedan,461.0,39.56,2.1,16.9,4.2,4.6,UPI
Auto,364.0,49.07,12.6,42.1,4.3,5.0,Cash
Auto,435.0,45.8,9.5,32.5,4.5,3.4,UPI
Auto,616.0,36.26,7.0,24.4,3.9,4.6,Debit Card
Bike,135.0,44.72,3.6,17.1,4.2,4.6,Uber Wallet
Auto,132.0,30.45,2.4,25.7,4.3,3.7,UPI
Go Sedan,580.0,38.93,5.3,43.2,4.2,4.5,UPI
Go Mini,377.0,34.3,4.5,17.9,4.3,4.9,Cash
Bike,959.0,11.77,5.1,39.9,3.9,4.2,UPI
Auto,732.0,28.3,8.9,37.4,4.2,4.2,UPI
Go Mini,943.0,29.37,10.4,20.0,3.8,4.2,UPI
Go Mini,71.0,35.42,3.3,30.4,4.1,4.8,Cash
Auto,103.0,38.1,3.0,33.5,4.1,4.2,Uber Wallet
Uber XL,447.0,19.72,2.2,41.2,3.6,4.7,Cash
eBike,262.0,48.59,9.8,39.4,4.5,4.9,UPI
Bike,439.0,7.65,4.0,36.4,4.1,4.9,Cash
Auto,641.0,20.87,13.9,18.4,4.4,4.6,UPI
Premier Sedan,896.0,16.85,6.4,21.7,4.2,4.3,Cash
Go Mini,816.0,33.8,9.4,37.0,5.0,4.5,Debit Card
Go Sedan,767.0,8.07,11.9,27.0,4.1,4.5,Uber Wallet
Auto,263.0,3.43,7.4,21.8,4.0,4.2,UPI
Go Sedan,148.0,47.41,2.5,33.1,3.8,4.8,UPI
Auto,1176.0,36.19,4.2,33.9,4.6,4.1,Cash
Go Sedan,679.0,46.49,5.0,36.3,5.0,3.0,Cash
Bike,317.0,30.41,6.4,20.6,5.0,4.3,UPI
Go Mini,569.0,38.95,10.1,31.1,4.2,3.2,UPI
Premier Sedan,494.0,16.02,11.6,26.7,4.3,4.8,UPI
Bike,90.0,6.55,9.2,34.9,4.3,4.2,UPI
Go Mini,1149.0,45.04,8.4,19.0,4.2,3.0,Credit Card
Uber XL,864.0,41.52,12.8,20.5,4.2,4.6,UPI
Go Mini,927.0,35.76,7.7,16.8,4.2,3.9,Cash
Auto,102.0,44.01,10.2,40.1,3.9,4.9,Cash
Auto,960.0,15.82,4.5,16.2,4.4,3.7,UPI
Auto,116.0,44.71,9.8,42.6,4.9,5.0,Credit Card
Go Sedan,790.0,13.27,5.6,32.4,4.6,4.9,Cash
Go Mini,3306.0,42.97,3.8,29.8,4.3,4.2,UPI
Go Sedan,213.0,21.74,12.8,44.1,3.8,4.3,Debit Card
Go Sedan,150.0,9.34,3.4,28.9,3.7,4.7,Cash
Bike,531.0,49.6,5.8,33.7,4.4,4.9,UPI
Premier Sedan,457.0,29.04,7.1,30.6,3.9,4.1,UPI
Go Sedan,398.0,41.89,11.8,15.2,4.6,4.9,UPI
Auto,322.0,39.64,9.6,44.0,4.9,3.8,Credit Card
eBike,298.0,9.4,10.2,24.1,3.9,4.2,UPI
eBike,502.0,23.56,2.5,32.1,4.2,4.9,Cash
Auto,307.0,10.53,12.7,32.2,3.4,4.6,UPI
Auto,786.0,33.23,6.7,31.5,4.2,4.5,UPI
Go Sedan,113.0,47.6,2.7,23.2,4.3,4.8,UPI
Auto,504.0,34.57,12.1,40.1,4.9,4.9,Cash
Auto,886.0,8.99,10.5,23.5,4.1,4.1,Cash
Go Mini,111.0,31.47,2.6,31.9,4.3,4.5,Cash
Auto,897.0,46.48,7.9,22.1,4.3,4.2,UPI
Go Mini,250.0,20.12,12.0,32.2,3.6,5.0,UPI
Bike,98.0,20.52,10.7,44.1,4.2,4.4,Cash
Go Mini,432.0,39.44,10.5,39.6,4.6,4.2,UPI
Bike,98.0,38.84,2.4,23.8,3.6,4.9,Uber Wallet
Premier Sedan,307.0,14.78,3.6,41.0,4.2,4.6,UPI
Go Sedan,1416.0,28.15,8.8,43.9,4.3,4.3,UPI
Bike,462.0,49.02,5.2,15.1,3.4,4.6,UPI
Go Sedan,430.0,37.4,4.5,28.6,4.3,4.2,Cash
Go Sedan,179.0,32.53,9.7,22.3,4.4,4.1,Credit Card
Auto,533.0,4.36,6.4,40.2,4.1,4.2,Cash
Go Sedan,973.0,48.89,10.7,30.3,4.4,4.7,UPI
Go Sedan,1151.0,3.17,10.4,31.2,3.7,4.7,Cash
Go Sedan,89.0,49.59,13.6,36.0,3.8,4.1,Cash
Go Sedan,77.0,41.82,9.5,29.3,3.6,4.8,Cash
Bike,937.0,40.9,12.5,27.4,4.3,4.6,Credit Card
Premier Sedan,874.0,15.28,3.7,21.4,4.7,5.0,Cash
Go Sedan,982.0,10.03,7.4,44.8,4.1,4.4,UPI
Auto,909.0,2.03,9.7,41.1,4.6,4.9,UPI
Go Sedan,130.0,31.7,2.8,44.4,3.2,5.0,UPI
Premier Sedan,120.0,47.24,9.9,36.1,3.8,4.1,Cash
Go Mini,691.0,25.11,4.7,31.2,3.8,4.1,UPI
Auto,276.0,18.36,12.2,44.0,4.2,4.9,Debit Card
Bike,60.0,18.21,3.2,30.3,4.7,3.6,Cash
eBike,1327.0,29.85,13.5,36.7,4.6,5.0,UPI
Auto,689.0,31.9,2.1,16.5,3.2,4.1,UPI
eBike,177.0,28.21,3.9,15.3,4.7,4.1,Debit Card
Bike,288.0,31.91,8.0,42.9,4.4,4.1,Credit Card
Premier Sedan,215.0,5.04,13.6,26.9,3.7,3.6,UPI
Go Mini,214.0,34.27,8.8,35.6,4.2,4.3,UPI
Auto,1035.0,36.27,2.6,43.4,4.2,3.7,UPI
Go Sedan,113.0,35.86,9.6,39.3,4.3,5.0,UPI
Uber XL,438.0,18.12,15.0,18.0,4.6,4.3,Debit Card
Go Mini,616.0,27.45,14.9,42.0,4.7,4.0,UPI
Go Mini,289.0,28.06,13.2,18.0,4.5,4.2,Credit Card
Go Mini,167.0,32.7,14.2,19.4,4.1,3.9,Debit Card
Go Sedan,354.0,45.14,7.6,27.6,4.5,4.5,UPI
Auto,625.0,3.33,5.9,31.4,4.4,4.3,Cash
Go Sedan,229.0,8.43,7.9,30.2,4.6,4.8,Credit Card
Premier Sedan,402.0,17.11,11.7,41.4,3.7,4.3,Cash
Go Sedan,422.0,37.3,10.4,43.0,4.1,5.0,UPI
Go Sedan,842.0,7.36,7.6,38.6,4.9,4.1,Cash
Go Mini,134.0,10.13,13.9,37.2,4.6,4.6,UPI
Go Mini,281.0,31.77,5.9,33.2,3.3,4.8,UPI
Go Mini,453.0,35.81,10.6,43.2,4.4,4.9,UPI
Auto,79.0,2.4,10.1,17.5,3.4,5.0,UPI
Uber XL,774.0,29.85,5.5,42.9,4.8,4.3,Uber Wallet
Auto,509.0,42.41,11.1,33.1,4.6,3.7,Cash
Go Mini,212.0,7.37,4.2,20.3,4.3,4.6,UPI
Go Sedan,241.0,10.77,9.5,34.9,3.6,4.0,Uber Wallet
Go Sedan,425.0,11.9,10.2,39.6,3.4,4.9,Cash
Bike,328.0,10.62,7.8,22.9,4.2,4.9,UPI
Bike,880.0,48.6,10.1,19.3,4.1,4.6,Credit Card
eBike,66.0,24.13,13.9,32.0,4.5,5.0,UPI
Bike,682.0,10.58,9.7,41.3,3.6,4.2,Cash
Bike,206.0,44.97,5.2,19.6,4.7,4.9,Debit Card
Auto,417.0,25.98,4.6,35.5,4.4,4.4,Credit Card
eBike,659.0,31.46,10.3,42.3,4.3,4.2,Cash
Auto,281.0,2.78,12.6,30.1,3.8,4.1,Cash
Auto,354.0,17.97,5.5,19.8,3.7,3.3,Uber Wallet
Bike,639.0,32.03,6.2,38.9,4.6,4.8,UPI
eBike,70.0,12.7,10.3,38.8,4.6,4.3,UPI
Auto,941.0,38.36,14.8,42.2,4.9,4.9,Uber Wallet
Auto,338.0,35.33,10.4,34.0,3.3,3.3,Uber Wallet
Auto,719.0,25.99,10.9,42.6,3.7,4.5,UPI
Premier Sedan,594.0,48.39,7.5,21.3,4.3,4.2,UPI
Bike,394.0,30.39,3.4,44.7,3.6,4.6,Credit Card
Bike,445.0,36.95,5.5,24.8,4.3,5.0,Debit Card
Bike,146.0,32.38,4.4,32.0,4.4,4.9,Uber Wallet
Uber XL,207.0,48.71,6.6,44.9,4.1,3.9,Uber Wallet
eBike,721.0,20.87,8.9,38.0,4.2,4.9,Uber Wallet
Premier Sedan,221.0,26.87,9.5,42.0,4.9,5.0,Credit Card
Auto,237.0,18.46,12.6,44.2,4.2,4.2,UPI
Auto,705.0,12.86,4.3,22.2,4.3,3.4,Cash
Premier Sedan,346.0,15.49,2.5,15.8,3.3,3.7,UPI
Premier Sedan,287.0,30.58,4.9,15.7,3.9,4.7,Cash
Bike,140.0,27.96,5.9,43.1,4.2,4.2,Credit Card
Bike,255.0,37.67,5.0,31.0,4.3,4.3,Cash
Go Mini,549.0,8.41,13.4,25.8,4.1,4.4,UPI
Go Mini,255.0,38.14,12.3,32.0,4.3,4.3,Cash
Go Mini,1423.0,47.45,12.4,32.7,4.9,4.6,Credit Card
Auto,465.0,28.72,3.9,40.1,3.8,4.5,Debit Card
Auto,217.0,46.45,8.6,15.8,4.6,4.4,UPI
Premier Sedan,109.0,25.48,5.4,25.3,3.1,5.0,Debit Card
Go Mini,167.0,28.48,9.8,30.9,4.6,4.6,UPI
Bike,419.0,24.59,4.5,18.5,4.4,4.2,Uber Wallet
Go Mini,357.0,2.88,11.0,25.8,3.7,4.9,Credit Card
Go Mini,107.0,41.14,12.6,28.3,3.2,4.6,Debit Card
Go Mini,797.0,22.5,14.4,20.5,4.3,4.6,UPI
Go Sedan,443.0,9.32,5.5,40.6,4.1,4.5,Credit Card
Auto,376.0,22.22,14.3,22.4,4.2,4.6,UPI
Bike,341.0,18.27,4.6,44.7,4.2,4.8,Cash
Bike,314.0,16.56,4.4,28.6,3.2,4.2,UPI
Go Sedan,494.0,36.88,11.6,44.6,4.6,4.1,UPI
Auto,367.0,16.4,10.4,21.5,4.6,4.5,UPI
Auto,446.0,40.78,14.3,19.0,4.0,4.2,Credit Card
eBike,215.0,12.12,14.3,27.5,4.5,5.0,Credit Card
Premier Sedan,796.0,21.62,3.0,22.0,4.6,3.7,Credit Card
Bike,227.0,39.84,2.0,28.6,4.5,4.6,Cash
Go Sedan,384.0,48.77,2.6,44.2,3.9,4.1,UPI
Premier Sedan,183.0,21.66,4.0,41.4,4.4,5.0,Cash
Go Sedan,932.0,5.24,6.8,31.3,4.4,4.7,Uber Wallet
Auto,447.0,3.16,10.2,36.1,4.3,3.7,Cash
Auto,369.0,38.33,13.9,19.3,4.2,3.1,UPI
eBike,124.0,28.97,12.5,24.9,4.2,5.0,UPI
Uber XL,772.0,36.58,10.4,21.5,4.2,4.2,Uber Wallet
Premier Sedan,446.0,34.81,13.6,41.7,4.4,5.0,UPI
eBike,498.0,34.38,14.0,28.8,4.4,4.8,UPI
Auto,685.0,40.85,9.3,22.4,4.2,4.8,Debit Card
Auto,665.0,42.01,7.6,34.8,4.5,4.3,UPI
Bike,671.0,31.34,2.3,31.8,4.6,4.3,Credit Card
Bike,906.0,36.51,6.4,27.1,4.2,4.4,UPI
Auto,342.0,10.3,14.6,26.0,4.2,4.9,UPI
Bike,667.0,35.57,7.7,38.4,3.0,4.7,Credit Card
Auto,458.0,48.3,9.0,41.6,4.3,4.3,UPI
Go Mini,318.0,8.62,3.7,24.8,3.8,4.7,Cash
Premier Sedan,636.0,45.75,10.2,44.8,4.6,4.8,Cash
Go Sedan,162.0,6.37,12.2,24.6,4.1,3.4,Cash
Auto,226.0,20.63,14.8,36.8,4.8,4.2,Uber Wallet
Go Sedan,198.0,39.59,13.1,23.4,3.7,4.8,Cash
Bike,348.0,42.37,12.0,33.5,4.2,4.4,UPI
Auto,326.0,18.62,2.4,19.6,4.5,3.0,UPI
Go Sedan,236.0,48.39,8.9,42.4,5.0,3.8,Cash
Go Mini,414.0,32.12,9.5,32.5,3.8,4.8,UPI
Go Mini,537.0,28.94,10.7,18.7,4.9,5.0,Cash
Auto,864.0,13.13,6.5,28.2,4.7,3.8,Uber Wallet
Go Mini,643.0,47.89,12.1,16.0,3.1,4.5,UPI
Premier Sedan,252.0,16.08,9.6,41.9,4.3,5.0,Debit Card
Premier Sedan,726.0,33.51,2.2,31.2,4.8,4.2,UPI
Uber XL,215.0,31.12,7.6,20.8,3.1,4.7,Cash
Go Sedan,406.0,5.92,13.5,20.9,3.2,3.7,Debit Card
Go Sedan,220.0,21.96,2.5,29.7,4.3,4.7,Uber Wallet
Go Sedan,222.0,32.17,3.9,44.9,4.0,4.3,Cash
Go Sedan,586.0,30.09,8.5,27.9,4.6,4.2,Cash
Premier Sedan,114.0,6.99,12.1,31.3,3.0,4.7,Credit Card
Go Sedan,256.0,42.62,14.7,34.1,4.4,4.3,Credit Card
Go Sedan,313.0,13.17,5.5,36.9,4.6,4.2,Cash
Auto,82.0,7.75,2.7,18.3,3.0,4.5,Debit Card
Go Mini,711.0,11.53,14.5,17.5,4.3,4.4,UPI
Bike,175.0,24.59,13.2,22.2,4.2,4.1,Cash
Go Sedan,993.0,15.26,8.3,15.7,4.1,4.7,Debit Card
Uber XL,87.0,5.61,9.8,29.4,4.2,5.0,Cash
Premier Sedan,60.0,12.62,8.6,20.5,4.3,3.4,Uber Wallet
Go Mini,357.0,7.89,11.9,34.1,3.2,4.9,UPI
Auto,68.0,23.93,4.2,26.4,3.6,3.3,UPI
Go Sedan,167.0,14.39,9.7,32.0,3.4,5.0,UPI
Go Sedan,350.0,42.64,11.6,39.4,4.9,4.7,UPI
Bike,644.0,45.71,4.9,38.3,4.0,4.3,UPI
Bike,920.0,24.69,2.9,44.4,4.1,4.1,Cash
Go Mini,1323.0,6.72,6.7,29.9,4.2,4.4,UPI
eBike,325.0,4.8,8.9,34.3,4.6,4.4,Uber Wallet
eBike,607.0,30.73,11.4,40.8,4.0,4.8,Uber Wallet
Go Mini,588.0,9.63,2.0,16.3,4.6,4.9,UPI
Go Mini,566.0,19.93,10.1,42.0,4.5,4.9,Uber Wallet
Go Mini,425.0,7.08,11.0,32.4,4.5,4.3,UPI
Auto,779.0,26.47,2.6,41.9,4.3,4.6,Debit Card
Premier Sedan,300.0,14.21,7.3,16.2,4.7,4.4,Cash
Go Mini,1249.0,48.03,5.6,43.5,4.6,4.2,UPI
Go Sedan,221.0,12.04,6.3,16.3,4.2,3.5,Credit Card
Go Mini,56.0,3.39,6.8,21.8,5.0,3.1,Credit Card
Auto,272.0,39.52,9.2,15.6,4.1,5.0,Cash
Bike,1009.0,19.05,6.5,22.5,4.6,4.5,Credit Card
Go Sedan,490.0,32.9,10.8,33.5,4.7,4.5,Debit Card
Go Sedan,829.0,7.33,2.1,28.3,3.2,4.7,Debit Card
Go Mini,591.0,6.68,13.0,33.9,3.8,5.0,Uber Wallet
Go Sedan,2075.0,34.53,10.2,17.4,3.4,5.0,Uber Wallet
Go Mini,272.0,30.75,2.2,34.1,4.4,4.6,Credit Card
Go Sedan,724.0,14.38,9.3,23.2,3.9,4.3,Debit Card
Go Mini,787.0,31.49,3.9,23.9,3.6,4.4,UPI
Go Sedan,1135.0,13.44,2.9,24.1,3.8,4.5,UPI
Go Mini,192.0,32.67,10.5,15.4,4.3,4.3,UPI
Uber XL,118.0,14.74,5.1,22.5,3.2,3.6,UPI
Go Sedan,145.0,6.15,4.6,40.1,4.4,4.8,Cash
Auto,469.0,49.77,12.8,37.2,3.5,4.3,UPI
Bike,155.0,14.36,7.9,21.0,4.6,4.2,Debit Card
Auto,253.0,46.63,10.5,29.6,3.9,4.9,Credit Card
Premier Sedan,444.0,34.0,9.2,25.3,4.3,3.8,UPI
Auto,232.0,2.2,7.6,29.2,4.6,4.9,UPI
Bike,535.0,22.93,9.0,22.3,4.0,5.0,UPI
Go Mini,643.0,10.22,9.3,30.5,4.3,4.1,UPI
Go Sedan,624.0,30.25,9.0,22.0,4.1,4.6,Credit Card
Uber XL,520.0,40.41,13.1,39.6,4.2,4.5,Debit Card
Bike,396.0,13.08,12.1,19.2,4.4,3.8,Credit Card
Go Mini,395.0,29.89,7.2,34.3,4.4,4.7,UPI
Go Mini,603.0,26.19,10.4,42.9,4.6,4.6,Cash
Go Mini,477.0,20.1,7.7,20.2,4.3,4.6,Debit Card
Auto,471.0,5.46,13.3,29.8,4.4,4.9,UPI
Auto,610.0,43.63,7.2,31.6,4.9,4.8,UPI
Go Sedan,141.0,23.55,7.0,42.5,3.7,4.9,Uber Wallet
Uber XL,652.0,20.72,12.2,23.9,3.7,4.3,UPI
Auto,127.0,44.02,10.1,37.6,3.3,4.6,UPI
Auto,66.0,25.14,6.2,36.7,3.7,4.9,UPI
Uber XL,115.0,17.93,13.5,37.4,4.6,4.3,Cash
Auto,213.0,20.56,3.8,28.8,4.6,4.4,Cash
Go Mini,168.0,40.26,14.5,39.4,4.3,4.1,Cash
Go Mini,2564.0,12.77,9.3,37.9,4.7,5.0,Uber Wallet
Go Mini,666.0,22.21,9.7,18.6,4.2,4.3,UPI
Auto,742.0,43.1,14.7,43.6,4.1,3.9,UPI
eBike,1075.0,14.18,6.0,25.6,4.2,3.6,UPI
Premier Sedan,1222.0,46.79,3.4,25.2,4.2,4.3,Cash
Go Sedan,851.0,28.61,3.2,38.2,4.5,4.1,UPI
Bike,427.0,9.41,6.3,29.7,4.2,4.9,Cash
eBike,86.0,41.57,5.6,26.5,3.0,4.8,UPI
Auto,395.0,39.08,6.3,20.9,5.0,4.9,Uber Wallet
eBike,1429.0,31.48,10.4,24.7,4.3,4.2,Cash
Go Mini,519.0,11.64,7.1,36.9,4.5,4.8,UPI
Auto,289.0,11.88,2.3,40.4,4.3,5.0,UPI
Auto,868.0,39.94,14.4,34.6,3.4,4.5,Debit Card
Auto,463.0,39.37,5.2,18.0,4.9,4.1,Credit Card
eBike,114.0,23.68,2.1,27.3,3.7,4.4,Uber Wallet
Auto,180.0,35.6,5.6,20.0,4.4,4.9,Credit Card
Premier Sedan,121.0,44.5,6.0,31.7,4.3,3.3,UPI
Auto,868.0,9.68,14.3,21.7,3.9,3.2,Cash
Premier Sedan,648.0,41.77,11.3,37.2,4.1,4.5,Debit Card
Bike,672.0,34.99,11.4,29.0,3.0,4.2,UPI
Auto,909.0,21.29,4.9,39.7,4.8,4.8,UPI
Premier Sedan,131.0,35.44,4.6,20.8,5.0,4.1,Cash
Auto,417.0,38.29,5.1,21.2,4.0,3.4,Cash
eBike,336.0,37.14,3.6,34.7,3.3,4.8,Uber Wallet
Premier Sedan,122.0,8.68,8.4,24.8,4.2,4.2,UPI
Go Sedan,478.0,24.43,13.3,20.0,3.8,5.0,Cash
Premier Sedan,283.0,13.64,6.4,28.6,4.3,3.2,Credit Card
Go Mini,298.0,31.16,9.5,41.1,4.9,4.3,Uber Wallet
Go Sedan,50.0,22.0,3.1,22.3,4.2,4.5,UPI
Go Sedan,86.0,4.49,6.6,31.8,4.0,5.0,Debit Card
Auto,608.0,18.68,11.5,36.1,4.8,4.2,UPI
Auto,146.0,16.11,11.9,17.7,5.0,4.9,UPI
Go Mini,81.0,6.13,13.8,29.8,5.0,4.1,Uber Wallet
Auto,105.0,2.98,9.5,27.2,5.0,4.3,Uber Wallet
Bike,539.0,28.45,7.1,40.1,4.4,4.9,UPI
Go Sedan,226.0,33.66,10.5,33.7,3.2,4.6,Cash
Bike,171.0,34.36,6.4,24.7,4.4,4.1,Debit Card
Bike,273.0,38.06,10.4,28.8,3.4,4.9,UPI
Go Mini,200.0,40.31,11.1,27.7,4.6,4.6,Debit Card
Auto,355.0,31.8,8.1,30.9,4.6,4.7,Cash
Auto,102.0,33.66,9.2,27.1,3.9,3.4,UPI
Go Mini,381.0,22.34,9.6,23.7,3.5,3.7,Cash
Auto,167.0,49.89,10.3,20.3,4.2,4.3,Cash
Go Mini,212.0,15.4,13.0,32.3,5.0,4.6,UPI
Auto,288.0,10.24,8.2,25.7,3.0,4.9,Cash
Go Sedan,86.0,45.08,13.6,41.6,4.3,4.2,UPI
Auto,813.0,44.15,12.3,32.8,4.6,4.9,Debit Card
Auto,574.0,20.25,11.6,36.9,3.7,4.5,UPI
Bike,101.0,17.71,7.2,29.7,4.6,3.6,UPI
Premier Sedan,741.0,24.75,6.1,30.3,3.7,4.6,Cash
Go Mini,857.0,29.91,4.9,43.4,4.1,5.0,UPI
Auto,450.0,2.21,4.3,44.1,4.9,3.1,Cash
Go Sedan,1425.0,29.16,5.1,19.5,4.6,3.5,UPI
Auto,72.0,40.97,6.6,35.1,4.7,3.9,UPI
eBike,512.0,38.54,5.5,42.9,5.0,4.2,UPI
Go Sedan,790.0,10.61,12.9,40.7,3.9,4.3,Debit Card
Bike,1806.0,5.03,13.6,22.7,4.0,4.4,Cash
Auto,359.0,17.34,3.3,34.0,4.6,4.9,UPI
Bike,122.0,24.21,4.8,20.5,4.9,4.8,Cash
Auto,234.0,6.99,4.8,37.5,4.2,4.9,Credit Card
Go Mini,450.0,26.34,12.7,15.5,4.3,4.4,Debit Card
Go Sedan,757.0,28.22,10.4,19.9,5.0,4.9,UPI
Go Mini,217.0,29.81,3.5,28.0,3.5,4.7,Uber Wallet
Bike,99.0,44.92,14.9,18.1,4.1,4.4,UPI
Premier Sedan,410.0,17.36,3.1,37.4,4.6,3.7,Cash
Go Sedan,533.0,48.2,14.0,33.8,4.6,3.8,UPI
eBike,418.0,46.52,13.3,36.6,4.4,4.7,Uber Wallet
Bike,156.0,19.15,6.7,20.6,4.3,4.3,Cash
eBike,704.0,40.34,12.9,33.3,4.1,4.5,UPI
Auto,656.0,3.07,13.6,41.3,4.1,4.1,UPI
Go Sedan,331.0,15.59,2.4,22.3,4.6,4.0,UPI
Bike,273.0,47.91,7.6,30.9,4.2,4.2,UPI
Go Sedan,359.0,12.37,11.3,21.3,5.0,4.3,Uber Wallet
Premier Sedan,498.0,47.25,12.3,43.5,3.8,4.8,Debit Card
Bike,726.0,26.11,5.9,44.6,3.9,4.6,Cash
Premier Sedan,73.0,33.28,8.6,20.4,4.5,4.6,UPI
Go Mini,249.0,30.5,5.6,31.9,3.1,3.8,UPI
Go Mini,1805.0,19.05,11.0,31.6,4.4,3.9,UPI
Go Sedan,437.0,3.23,9.9,16.5,4.2,3.9,Credit Card
Go Mini,501.0,12.22,2.3,32.9,3.7,4.5,Cash
Uber XL,148.0,7.62,14.7,22.9,3.6,4.3,UPI
Uber XL,196.0,41.27,14.2,22.1,4.0,3.8,Uber Wallet
Auto,262.0,28.31,12.0,40.8,4.2,4.1,Credit Card
Premier Sedan,1521.0,37.22,12.2,42.1,4.2,4.2,Cash
Auto,150.0,10.92,10.0,38.7,4.3,4.9,Uber Wallet
Auto,397.0,23.27,12.3,23.0,3.2,4.2,Uber Wallet
Go Mini,511.0,44.78,3.3,29.9,3.8,3.3,Cash
Auto,228.0,31.18,7.3,31.8,4.1,4.3,Debit Card
Auto,498.0,23.55,7.0,41.0,4.4,3.9,UPI
Premier Sedan,265.0,27.34,4.0,22.4,4.6,4.7,UPI
Bike,644.0,11.94,13.7,40.5,4.9,4.3,Cash
Premier Sedan,281.0,45.35,12.6,41.9,4.2,4.9,Cash
Auto,950.0,16.81,5.8,37.7,3.2,4.9,Uber Wallet
Go Mini,411.0,6.75,14.6,35.6,3.7,4.2,Cash
Go Mini,1496.0,41.63,13.8,43.8,4.7,5.0,Cash
Auto,502.0,47.82,13.0,41.2,4.6,4.5,Credit Card
Go Sedan,1272.0,17.73,7.8,23.4,3.5,4.7,Credit Card
Bike,571.0,48.3,14.4,44.5,4.5,3.7,UPI
Go Mini,655.0,42.07,9.5,31.4,3.1,4.9,UPI
Go Sedan,3405.0,15.18,6.7,23.4,3.7,4.3,UPI
Auto,496.0,39.83,4.0,43.5,4.9,4.3,UPI
Go Sedan,337.0,39.82,12.4,24.2,4.2,4.5,UPI
Premier Sedan,176.0,46.31,2.6,32.2,4.6,4.9,Cash
Uber XL,1997.0,25.96,8.2,37.0,3.7,4.3,UPI
Go Mini,560.0,6.24,2.5,26.2,3.9,4.6,Cash
Premier Sedan,1237.0,9.09,11.6,41.0,5.0,3.8,Uber Wallet
Auto,468.0,35.29,9.5,15.3,4.4,4.8,Debit Card
Auto,376.0,25.58,4.2,39.6,4.5,4.9,Debit Card
Auto,425.0,7.72,8.7,39.1,4.3,3.9,UPI
Auto,195.0,28.87,5.3,42.6,4.9,4.7,UPI
Auto,137.0,25.37,5.2,21.9,3.7,4.2,Uber Wallet
Premier Sedan,267.0,40.89,9.3,18.1,4.3,4.9,UPI
Go Mini,366.0,18.55,14.8,26.3,4.3,3.7,UPI
Go Mini,276.0,44.16,12.0,29.8,4.4,4.9,Uber Wallet
Premier Sedan,84.0,25.91,5.7,22.8,4.3,4.2,UPI
Bike,2181.0,28.19,6.6,25.7,4.8,4.9,Cash
Go Mini,143.0,22.71,8.4,40.9,4.2,4.4,UPI
Go Mini,752.0,6.4,9.6,45.0,4.1,4.4,Uber Wallet
Go Mini,430.0,22.77,9.6,42.7,4.6,3.8,Cash
Auto,509.0,48.33,13.3,32.2,3.6,4.6,Cash
Auto,762.0,28.87,8.6,15.5,4.8,4.5,UPI
eBike,905.0,15.59,10.3,41.2,4.9,4.6,UPI
eBike,392.0,49.5,3.7,31.7,3.4,4.8,UPI
Go Mini,405.0,28.15,11.8,25.1,4.6,4.6,Credit Card
Go Mini,1247.0,15.88,4.7,19.3,3.7,4.1,Cash
Bike,149.0,24.95,13.2,23.5,4.7,3.1,UPI
Go Sedan,634.0,42.09,6.7,26.3,4.1,3.4,Uber Wallet
Go Sedan,221.0,41.05,9.9,36.1,4.6,4.1,Debit Card
Bike,408.0,38.98,2.9,19.4,3.3,4.8,UPI
Go Sedan,393.0,34.31,12.8,20.4,4.4,4.3,Cash
Go Sedan,169.0,4.43,13.3,32.1,4.2,4.1,Cash
Auto,341.0,31.75,9.7,23.7,4.7,5.0,Cash
Go Mini,940.0,10.69,13.7,31.3,3.7,4.9,UPI
Go Mini,862.0,13.16,12.2,18.2,5.0,4.4,Cash
Auto,760.0,9.64,7.0,30.5,4.6,4.9,Credit Card
Premier Sedan,654.0,16.74,6.1,15.1,4.4,4.3,Uber Wallet
Go Mini,674.0,46.18,9.3,30.3,3.4,4.9,UPI
eBike,284.0,7.39,8.6,26.3,4.8,4.2,UPI
Go Sedan,810.0,26.14,2.2,32.0,4.2,4.2,Cash
Go Mini,323.0,5.75,8.4,32.3,4.3,4.6,Cash
Auto,110.0,9.87,2.7,23.0,4.4,3.7,UPI
Premier Sedan,114.0,17.73,2.1,16.8,4.4,4.3,Cash
Go Mini,90.0,40.22,9.1,41.4,4.5,4.2,UPI
Premier Sedan,871.0,25.74,9.4,44.9,4.1,4.5,UPI
Go Mini,628.0,11.35,13.6,25.5,3.8,4.4,Debit Card
Go Mini,696.0,15.14,14.8,38.9,4.3,4.3,UPI
Go Mini,138.0,45.91,2.9,31.7,4.9,3.3,UPI
Go Sedan,597.0,10.45,8.8,17.2,3.3,4.8,UPI
Go Mini,489.0,45.91,8.2,42.2,4.6,4.9,Cash
Premier Sedan,57.0,33.59,7.7,23.6,4.7,4.9,Debit Card
Go Mini,257.0,6.09,8.3,41.3,3.4,4.5,UPI
Bike,535.0,2.49,8.0,44.5,4.6,3.8,UPI
Auto,120.0,37.55,10.4,26.6,3.1,4.5,Uber Wallet
Go Mini,352.0,35.41,6.9,38.8,4.7,4.4,Credit Card
Bike,243.0,30.81,13.3,39.5,4.2,4.9,Uber Wallet
Auto,90.0,29.5,4.3,16.6,4.1,4.7,Cash
Auto,419.0,15.6,14.5,18.4,4.2,4.4,Cash
Go Sedan,463.0,49.6,12.1,34.5,4.2,5.0,Credit Card
Bike,903.0,9.99,2.5,43.6,4.6,3.9,UPI
Premier Sedan,571.0,37.69,3.1,31.0,4.3,4.8,Uber Wallet
Auto,485.0,49.98,2.7,23.1,4.3,4.3,Cash
Auto,134.0,21.97,3.5,28.5,4.3,3.9,Uber Wallet
eBike,661.0,34.96,12.7,35.2,3.9,4.9,Uber Wallet
Premier Sedan,353.0,11.24,6.4,41.3,4.9,4.0,Cash
Auto,142.0,10.05,4.3,40.5,4.2,4.3,UPI
Go Mini,500.0,49.23,4.7,37.4,4.3,4.9,UPI
Auto,647.0,5.16,14.8,25.0,4.4,4.2,Cash
Go Mini,112.0,40.74,14.4,20.4,4.6,4.7,Cash
eBike,150.0,2.3,4.6,23.4,3.5,4.7,Cash
Go Sedan,228.0,28.56,4.5,34.5,4.2,4.6,UPI
eBike,76.0,45.16,12.5,38.4,4.3,4.4,Debit Card
Auto,243.0,18.08,6.8,36.1,4.2,4.4,Cash
eBike,564.0,43.39,11.5,20.9,4.4,4.6,UPI
Auto,595.0,22.58,13.2,26.5,4.3,4.9,Debit Card
Go Mini,1158.0,14.11,3.5,22.1,4.2,3.9,UPI
Go Mini,366.0,40.9,7.6,44.6,4.6,4.9,UPI
Go Sedan,585.0,41.13,11.6,24.7,4.6,4.9,UPI
Go Mini,1120.0,35.75,7.4,21.8,4.3,4.8,UPI
Bike,133.0,40.93,4.4,26.7,4.7,5.0,Debit Card
Go Sedan,354.0,37.61,10.5,37.5,3.9,3.8,Uber Wallet
Go Mini,203.0,43.69,5.5,26.0,3.6,4.5,Cash
Auto,259.0,10.84,13.7,37.9,4.2,4.6,UPI
Auto,699.0,48.74,10.7,36.7,4.3,4.4,UPI
eBike,847.0,22.0,11.4,22.2,3.9,4.4,UPI
Go Sedan,496.0,38.16,10.5,44.7,3.4,4.8,Debit Card
Bike,311.0,20.99,13.9,42.5,3.9,4.2,Cash
Go Sedan,861.0,3.26,14.7,35.0,3.9,3.0,Uber Wallet
Go Sedan,666.0,2.82,3.8,42.1,4.7,4.7,Debit Card
eBike,363.0,9.15,8.4,26.5,4.2,4.7,Cash
Auto,161.0,18.65,14.6,39.5,5.0,4.3,Cash
Premier Sedan,943.0,24.58,9.4,19.3,4.1,3.3,UPI
Auto,262.0,43.65,4.8,38.1,4.2,4.3,Cash
Go Mini,72.0,35.05,12.8,24.8,4.6,4.8,UPI
Go Mini,176.0,4.93,13.7,24.3,4.3,4.2,Cash
Auto,572.0,46.06,4.1,32.8,3.1,4.9,UPI
Go Sedan,185.0,23.98,2.2,41.6,4.1,3.8,UPI
Auto,495.0,10.11,6.0,16.1,4.1,4.6,Debit Card
Auto,661.0,14.87,13.4,34.5,4.7,5.0,UPI
Go Sedan,345.0,31.55,13.6,21.9,4.2,4.8,Cash
Go Sedan,220.0,24.17,10.0,35.7,4.3,4.5,Cash
Bike,966.0,12.73,10.3,33.8,4.3,4.8,UPI
Bike,420.0,35.04,4.5,38.8,4.7,4.2,UPI
Auto,471.0,43.73,13.5,34.8,4.9,4.2,Cash
Auto,361.0,29.47,3.6,27.6,4.6,4.1,UPI
Premier Sedan,629.0,15.48,5.4,16.5,4.3,4.2,Debit Card
Go Sedan,819.0,10.05,12.8,20.4,4.3,3.5,Uber Wallet
Premier Sedan,876.0,18.53,13.6,32.4,4.1,4.7,Uber Wallet
Go Mini,1639.0,15.52,10.5,15.6,3.9,4.8,UPI
Auto,296.0,20.8,7.4,34.8,4.1,4.9,UPI
Premier Sedan,472.0,11.87,12.7,18.7,4.0,4.8,UPI
Go Mini,415.0,24.8,2.9,44.4,4.2,4.4,Debit Card
eBike,904.0,13.76,11.4,39.6,4.7,4.4,Cash
Auto,215.0,38.54,2.5,42.8,4.2,4.3,Uber Wallet
Auto,394.0,17.45,3.0,35.9,3.2,4.3,Cash
Go Mini,559.0,46.28,8.3,20.0,4.7,4.6,Cash
Go Sedan,449.0,35.94,4.6,44.6,4.6,4.2,UPI
Auto,679.0,11.1,12.0,33.0,4.2,5.0,Cash
Go Mini,450.0,45.52,6.3,33.2,4.4,4.5,Cash
Premier Sedan,164.0,14.39,8.4,32.7,4.3,4.7,Debit Card
Go Mini,841.0,15.69,10.1,18.8,4.7,4.2,Uber Wallet
Bike,279.0,29.99,12.1,28.6,4.3,4.1,Cash
Bike,76.0,15.12,6.9,34.1,4.5,4.1,UPI
Go Sedan,110.0,47.15,3.8,17.4,4.2,3.8,UPI
Go Sedan,228.0,29.5,13.7,36.3,4.2,4.5,UPI
Go Mini,137.0,39.27,8.6,28.9,4.2,5.0,UPI
Auto,1394.0,41.06,9.4,41.0,4.4,4.6,Uber Wallet
Auto,1356.0,46.63,2.5,15.9,4.2,5.0,UPI
Auto,321.0,20.33,2.5,22.2,4.2,4.3,Cash
Premier Sedan,981.0,13.19,5.2,20.9,3.9,4.6,Credit Card
Go Mini,439.0,19.69,13.8,24.3,4.1,4.3,Uber Wallet
Auto,413.0,37.39,7.8,32.4,3.7,4.9,Uber Wallet
Bike,245.0,47.19,11.3,43.5,4.6,4.9,Cash
Go Mini,190.0,16.56,14.1,15.6,4.7,4.3,Cash
Go Mini,418.0,46.81,14.7,27.0,4.3,3.7,UPI
Bike,276.0,8.01,13.2,15.1,4.3,4.5,UPI
Go Sedan,65.0,16.29,2.2,21.5,4.9,4.9,UPI
Auto,1256.0,3.0,10.7,36.6,4.3,4.2,Cash
Bike,1439.0,48.1,14.0,31.3,3.7,3.8,Cash
Bike,312.0,49.81,4.6,17.4,4.2,4.4,Cash
Auto,255.0,48.6,2.7,34.6,4.7,4.5,Cash
Go Mini,762.0,43.52,5.2,41.9,3.7,3.1,Cash
Auto,1183.0,8.45,4.4,24.9,4.6,4.3,Debit Card
Premier Sedan,347.0,14.11,8.2,21.8,4.3,3.7,Cash
Auto,81.0,46.25,10.3,34.1,4.3,4.1,UPI
Auto,254.0,8.51,11.4,30.2,3.8,4.2,Cash
Premier Sedan,743.0,7.56,2.5,27.3,4.4,4.5,Cash
Auto,861.0,23.97,6.3,26.2,4.2,3.9,Cash
Go Mini,569.0,26.15,12.4,43.5,4.2,4.6,UPI
Auto,168.0,20.96,10.1,36.1,4.2,4.8,UPI
Auto,958.0,33.18,14.4,29.1,3.9,5.0,UPI
Go Sedan,534.0,18.06,3.7,32.9,4.9,4.1,Cash
Go Mini,113.0,35.54,13.9,22.3,4.2,4.0,UPI
Auto,132.0,38.31,12.0,34.3,4.2,4.8,UPI
Go Mini,318.0,19.17,3.2,44.7,4.5,4.7,UPI
Auto,117.0,33.42,14.6,30.7,3.6,4.2,Cash
Auto,816.0,4.08,9.2,25.1,4.9,4.9,Uber Wallet
Auto,316.0,18.74,6.7,40.4,4.5,4.9,UPI
Auto,370.0,38.19,8.7,33.7,4.4,4.2,UPI
Bike,495.0,20.94,9.6,15.8,4.3,4.6,Cash
Bike,410.0,3.9,11.9,41.0,4.6,4.7,UPI
Bike,557.0,2.33,2.1,21.4,4.4,3.6,UPI
Premier Sedan,53.0,48.75,3.6,44.8,3.9,4.4,Cash
Premier Sedan,387.0,37.76,12.9,43.0,3.8,5.0,Cash
Bike,411.0,10.2,8.9,19.3,4.2,4.9,Uber Wallet
Premier Sedan,582.0,27.22,9.1,21.7,3.5,4.3,Cash
eBike,344.0,42.55,12.4,41.7,3.8,4.5,UPI
Go Sedan,196.0,26.98,5.8,34.5,4.6,4.9,UPI
eBike,460.0,20.06,7.7,16.3,4.5,4.9,Credit Card
Go Sedan,649.0,26.08,14.1,20.2,3.8,4.5,Credit Card
Go Sedan,230.0,20.39,12.2,18.0,4.3,4.9,UPI
Go Mini,123.0,10.26,8.2,33.4,4.2,4.3,Credit Card
Go Mini,61.0,7.75,13.3,26.9,4.2,4.7,Cash
Go Sedan,162.0,31.79,4.1,22.8,3.7,3.5,Credit Card
Go Sedan,793.0,21.75,11.3,35.5,4.6,4.6,Credit Card
Auto,274.0,15.98,11.6,33.3,3.2,4.6,UPI
Go Mini,149.0,44.09,12.8,36.6,4.2,3.8,Uber Wallet
Premier Sedan,113.0,49.79,9.6,23.7,4.8,4.2,UPI
Go Sedan,1017.0,22.52,7.6,22.5,4.2,4.2,UPI
Go Sedan,638.0,13.6,11.3,28.6,4.6,3.2,Cash
Auto,932.0,32.89,10.7,28.8,4.2,4.3,Uber Wallet
Bike,347.0,22.16,10.9,21.4,3.9,4.0,Debit Card
Go Mini,494.0,28.03,5.6,27.6,4.3,4.1,Cash
Auto,858.0,16.55,6.8,19.8,4.8,4.9,UPI
Go Sedan,142.0,14.37,12.9,39.9,4.7,4.3,Credit Card
Auto,406.0,20.12,10.1,34.2,4.3,4.9,Credit Card
eBike,469.0,39.63,4.6,38.1,4.1,4.3,Uber Wallet
Go Sedan,178.0,29.18,7.2,20.0,3.3,3.9,UPI
Go Mini,442.0,41.8,9.2,29.4,4.4,4.9,UPI
Auto,573.0,20.69,8.9,26.5,4.3,4.7,UPI
Go Sedan,470.0,25.75,11.2,18.9,4.2,4.2,UPI
Bike,497.0,46.99,8.3,25.3,4.5,4.5,UPI
Auto,409.0,33.92,10.8,36.3,4.2,4.9,Cash
Premier Sedan,208.0,21.78,12.0,41.3,3.6,4.6,UPI
Go Mini,506.0,16.43,5.9,27.9,4.3,4.7,Debit Card
eBike,818.0,46.44,9.7,31.7,4.3,4.2,UPI
Premier Sedan,1131.0,21.11,14.3,41.2,4.9,4.2,Credit Card
Bike,324.0,5.32,10.6,36.7,4.3,4.6,UPI
Auto,208.0,17.02,13.3,34.2,4.3,4.3,Credit Card
Go Mini,833.0,44.7,8.4,23.3,4.3,4.2,Debit Card
Go Mini,972.0,38.05,4.2,38.6,4.3,4.2,Cash
Uber XL,614.0,21.55,7.1,37.6,4.2,4.2,Cash
Bike,99.0,36.53,3.6,40.4,3.4,5.0,Cash
Go Sedan,326.0,44.03,9.2,31.0,4.9,4.6,UPI
Premier Sedan,577.0,11.45,11.2,21.7,4.4,4.9,UPI
Auto,414.0,6.98,9.9,33.3,4.2,4.4,Uber Wallet
Auto,333.0,35.31,11.9,34.3,3.7,4.8,UPI
Auto,331.0,46.54,9.9,30.6,4.2,4.6,Credit Card
Bike,403.0,14.36,10.5,38.9,4.7,4.3,Cash
Go Mini,885.0,41.17,12.7,37.0,3.0,3.0,Uber Wallet
Auto,944.0,29.1,4.9,31.0,4.2,4.9,Cash
Auto,114.0,10.41,7.0,29.9,4.4,4.9,UPI
Go Mini,424.0,41.99,10.1,22.8,4.9,4.3,UPI
Auto,503.0,40.28,14.8,22.0,4.6,3.6,Debit Card
Go Mini,111.0,21.73,10.6,23.5,3.2,4.4,Cash
Bike,103.0,41.58,2.5,18.1,4.6,4.3,Debit Card
Go Sedan,653.0,7.71,5.9,20.6,4.6,4.3,UPI
Premier Sedan,142.0,40.64,7.9,30.3,4.4,4.2,UPI
Premier Sedan,399.0,15.15,14.5,22.9,4.6,3.1,UPI
Auto,176.0,44.77,9.1,26.2,4.7,4.9,Credit Card
Go Sedan,821.0,17.98,5.7,35.7,4.1,4.9,UPI
eBike,109.0,8.07,12.4,28.8,4.2,4.4,Cash
Bike,182.0,35.14,12.8,17.1,4.3,4.3,UPI
Go Sedan,620.0,43.98,11.4,38.0,4.5,4.2,Cash
Go Mini,209.0,19.48,13.7,27.5,4.3,4.8,Debit Card
Go Mini,326.0,17.37,12.2,17.2,3.3,4.0,UPI
Auto,768.0,32.39,4.4,25.8,3.9,4.9,Cash
Go Sedan,602.0,17.46,12.7,33.8,4.4,3.6,Debit Card
Uber XL,962.0,25.41,5.5,25.5,4.5,4.7,Uber Wallet
Go Sedan,383.0,15.41,8.0,19.6,3.0,4.2,UPI
Auto,764.0,3.85,12.8,25.0,4.6,4.2,Cash
Auto,1187.0,18.69,5.1,16.1,4.0,4.5,UPI
eBike,356.0,25.56,7.3,30.6,4.7,3.9,Cash
Auto,170.0,36.08,14.3,21.6,4.1,4.8,UPI
Auto,73.0,35.71,12.9,39.9,4.2,4.9,Debit Card
Auto,239.0,18.99,3.2,27.5,4.3,4.2,Debit Card
Bike,1196.0,7.74,7.4,31.5,4.7,3.9,Uber Wallet
Go Mini,201.0,35.19,8.4,23.8,4.7,4.3,UPI
Go Mini,177.0,39.98,8.2,17.5,4.4,4.5,UPI
Auto,56.0,28.57,13.8,29.3,4.6,4.9,Cash
Uber XL,289.0,40.59,4.7,23.2,3.7,4.2,Cash
Bike,463.0,42.83,12.6,19.8,4.3,5.0,UPI
Go Mini,719.0,26.11,13.4,24.6,4.3,4.5,Cash
Bike,395.0,7.82,12.7,44.3,4.6,4.7,UPI
Auto,467.0,32.46,3.6,21.1,4.2,4.9,UPI
Go Sedan,168.0,40.74,9.1,43.0,4.3,4.7,Credit Card
Auto,173.0,21.74,10.3,20.4,4.2,4.6,Cash
Go Sedan,1231.0,48.59,4.5,34.2,4.3,4.3,UPI
Go Mini,399.0,40.92,4.3,17.0,4.9,4.2,Credit Card
Bike,154.0,7.59,6.1,41.3,4.8,4.5,UPI
Go Sedan,185.0,33.9,11.6,29.6,3.6,4.0,UPI
Bike,595.0,44.19,11.7,15.8,4.5,3.1,UPI
Go Mini,848.0,31.95,4.5,28.1,4.4,4.1,Cash
Bike,568.0,36.22,14.2,33.3,3.8,4.7,UPI
Go Sedan,855.0,5.26,13.3,26.2,4.2,4.1,Cash
Auto,493.0,47.43,6.3,22.2,4.6,4.3,Credit Card
Auto,112.0,38.37,7.3,16.7,4.2,5.0,UPI
Go Mini,76.0,43.72,11.3,22.1,4.5,3.1,Cash
Premier Sedan,258.0,39.62,8.5,18.6,4.7,4.5,UPI
Auto,52.0,9.11,6.1,25.8,4.9,4.9,Cash
Auto,240.0,3.39,10.1,26.2,4.7,4.6,Cash
Bike,446.0,24.71,2.3,34.8,4.8,4.8,Uber Wallet
Go Mini,324.0,13.11,14.8,34.5,4.1,4.2,UPI
Auto,365.0,2.56,9.4,41.2,4.6,4.5,Debit Card
Uber XL,867.0,34.65,8.3,39.1,3.0,4.4,UPI
Go Mini,544.0,26.04,2.7,30.8,3.4,4.4,UPI
Auto,424.0,14.82,5.0,24.2,4.2,4.8,Cash
Auto,883.0,23.8,9.3,42.3,4.9,3.7,Debit Card
Go Mini,353.0,42.08,10.5,17.5,3.9,3.9,Debit Card
Auto,126.0,43.43,2.9,40.5,4.7,5.0,UPI
Auto,155.0,45.21,4.9,24.9,4.1,4.8,UPI
Auto,919.0,14.57,10.7,41.3,4.5,3.7,Credit Card
Go Mini,652.0,30.16,7.8,42.4,4.6,3.7,UPI
Auto,1086.0,41.7,9.5,26.8,4.2,4.0,Credit Card
Go Mini,264.0,46.48,5.3,36.6,3.7,3.8,Cash
Bike,1098.0,18.84,12.0,18.8,4.2,3.5,Cash
Go Sedan,649.0,49.85,6.1,20.1,4.7,4.2,Cash
Go Sedan,922.0,10.46,14.4,30.1,4.6,4.3,Cash
Auto,303.0,40.0,4.2,22.4,4.3,3.1,UPI
Go Mini,566.0,44.55,3.0,32.2,4.6,3.3,UPI
Go Sedan,1154.0,37.79,14.9,20.7,3.7,4.5,Credit Card
Auto,197.0,33.38,2.9,38.7,4.7,4.2,Credit Card
Go Mini,454.0,32.19,8.9,19.5,4.4,4.7,UPI
Premier Sedan,772.0,3.85,11.2,36.4,4.2,4.2,Cash
Go Mini,551.0,30.69,10.1,39.3,4.2,4.9,UPI
Go Sedan,262.0,30.65,2.5,27.5,4.5,4.2,UPI
Go Sedan,413.0,23.91,12.8,20.4,4.3,3.2,Cash
Go Sedan,189.0,16.39,2.8,38.1,4.4,4.8,UPI
Go Mini,191.0,49.63,14.4,22.2,4.2,4.5,UPI
Auto,65.0,45.94,7.1,40.3,4.6,4.9,Cash
Go Sedan,882.0,32.07,10.1,38.1,3.5,4.7,UPI
Auto,308.0,48.98,14.5,34.0,4.4,4.5,UPI
Premier Sedan,829.0,49.72,11.3,34.2,4.3,4.9,UPI
Go Sedan,897.0,21.65,12.2,18.5,4.1,4.5,Credit Card
Bike,470.0,39.52,7.4,36.4,4.7,4.8,UPI
Auto,408.0,18.38,3.4,21.5,4.3,4.6,UPI
Auto,70.0,14.81,10.2,19.2,3.8,4.5,Uber Wallet
eBike,383.0,36.16,12.8,43.2,4.7,4.6,UPI
Premier Sedan,273.0,23.39,13.8,29.0,5.0,4.5,UPI
Go Mini,486.0,20.24,6.9,41.3,4.2,3.9,Debit Card
Go Sedan,157.0,2.4,12.0,38.2,4.4,4.9,Cash
Auto,278.0,4.55,13.9,37.0,4.1,4.2,UPI
Go Mini,593.0,37.97,6.2,22.6,4.3,4.9,Credit Card
Auto,489.0,22.16,10.8,38.3,4.3,5.0,Credit Card
Go Mini,85.0,41.02,4.8,28.3,4.1,4.3,UPI
eBike,774.0,7.61,8.2,16.2,4.9,4.7,Cash
Auto,674.0,21.0,4.0,38.9,4.6,3.7,UPI
Premier Sedan,336.0,26.6,3.3,17.3,3.6,4.3,UPI
Go Mini,111.0,8.79,10.8,25.2,3.9,4.6,Cash
Auto,287.0,8.54,13.7,39.0,4.6,4.6,Cash
eBike,109.0,19.1,12.0,31.8,3.6,4.2,UPI
Auto,1668.0,44.73,9.3,32.6,4.7,4.2,UPI
Go Sedan,54.0,11.3,4.0,31.3,4.9,3.6,Uber Wallet
Go Mini,200.0,12.78,2.7,25.3,3.4,3.9,UPI
Auto,368.0,16.04,2.9,27.8,4.2,4.3,UPI
Go Mini,221.0,10.3,5.1,39.5,4.7,4.4,Cash
Go Mini,1867.0,42.59,3.0,20.9,4.7,4.3,Cash
Go Sedan,509.0,19.19,2.8,15.9,4.2,4.2,UPI
eBike,238.0,31.32,8.3,18.5,4.1,4.8,UPI
Go Sedan,167.0,26.01,11.0,29.5,4.1,4.7,Cash
Premier Sedan,257.0,26.17,9.0,17.8,3.7,4.9,UPI
Bike,1634.0,5.98,13.2,31.9,4.3,4.1,Cash
Go Mini,170.0,26.33,5.7,24.3,3.4,4.1,Cash
Go Sedan,699.0,38.26,9.6,40.3,4.3,3.8,Cash
Premier Sedan,391.0,24.37,7.6,29.1,3.1,4.9,UPI
Go Sedan,158.0,29.34,6.9,32.2,4.6,4.5,UPI
Auto,150.0,45.21,3.7,30.0,4.3,4.9,UPI
Auto,241.0,5.13,9.4,42.1,4.8,4.2,Uber Wallet
Bike,183.0,43.17,6.1,28.6,4.7,4.9,UPI
Go Mini,401.0,42.56,9.8,36.2,4.2,4.7,UPI
eBike,157.0,14.8,14.1,27.0,3.8,4.9,UPI
Bike,779.0,14.33,7.2,16.8,4.6,4.4,UPI
Bike,633.0,47.1,13.2,19.7,4.2,4.9,UPI
Bike,223.0,46.85,10.2,16.5,4.1,4.3,Cash
Go Mini,998.0,7.15,13.7,37.2,4.2,3.8,UPI
Auto,473.0,36.84,12.1,25.5,3.6,4.9,UPI
Go Mini,310.0,2.68,10.8,38.6,4.5,4.3,Credit Card
Bike,209.0,29.46,14.8,30.8,4.3,4.6,Credit Card
Premier Sedan,365.0,16.76,8.2,36.8,4.3,5.0,Credit Card
Go Sedan,94.0,23.73,11.0,32.0,4.3,4.3,Credit Card
eBike,157.0,43.74,6.5,34.2,4.8,4.7,UPI
Auto,459.0,2.99,4.5,34.7,3.2,4.6,UPI
Uber XL,104.0,17.96,12.5,43.2,4.3,4.9,UPI
Go Sedan,161.0,34.32,5.1,23.4,4.3,4.7,UPI
eBike,107.0,45.57,7.1,32.6,4.7,4.7,UPI
Premier Sedan,461.0,49.45,3.0,16.5,4.2,4.8,Debit Card
Go Sedan,339.0,20.88,8.1,24.1,4.7,3.0,Cash
Auto,521.0,40.27,10.7,32.1,4.3,4.3,Credit Card
Go Sedan,220.0,36.8,10.5,41.3,4.2,5.0,Cash
Go Mini,148.0,19.02,13.5,42.3,4.6,3.4,Debit Card
Go Sedan,657.0,2.34,11.8,41.5,3.8,4.6,UPI
Bike,152.0,30.24,7.0,36.2,4.1,4.5,Cash
Bike,795.0,10.73,3.1,21.9,4.1,4.3,Uber Wallet
Go Mini,567.0,24.07,9.1,43.7,4.6,4.2,UPI
Auto,2253.0,9.98,5.6,33.4,4.1,3.8,UPI
Bike,692.0,34.72,12.4,41.0,4.2,3.0,Cash
Premier Sedan,1251.0,19.8,2.8,44.9,4.2,4.2,Credit Card
Auto,785.0,8.05,12.2,24.6,4.4,4.3,UPI
Go Sedan,151.0,23.96,6.7,38.0,3.8,4.2,UPI
Premier Sedan,510.0,29.95,5.0,31.1,4.4,5.0,UPI
Auto,345.0,43.26,10.5,17.8,4.5,4.6,UPI
Go Mini,401.0,32.88,3.3,32.9,4.7,4.8,Uber Wallet
Go Mini,478.0,8.46,12.9,37.4,3.2,3.3,UPI
Go Sedan,382.0,3.34,7.8,21.5,4.0,4.8,Cash
Auto,565.0,49.14,5.2,40.9,4.6,3.9,Cash
Auto,165.0,29.24,7.6,16.9,4.6,4.6,Debit Card
Auto,386.0,29.16,13.1,28.7,4.8,4.2,Uber Wallet
Go Mini,579.0,22.68,6.5,42.3,4.3,4.1,UPI
Premier Sedan,332.0,48.7,3.7,31.9,3.3,5.0,UPI
Go Mini,423.0,43.29,7.4,38.1,4.1,4.6,Uber Wallet
Auto,225.0,17.01,6.6,17.4,5.0,4.6,UPI
Go Sedan,162.0,46.44,4.5,35.1,4.3,5.0,Uber Wallet
Bike,638.0,33.36,8.4,39.6,3.6,5.0,Uber Wallet
Go Sedan,940.0,43.75,6.7,22.9,4.9,3.7,Uber Wallet
Auto,648.0,24.82,6.6,29.3,4.2,4.4,Credit Card
Auto,916.0,16.01,14.2,16.3,4.1,4.3,Uber Wallet
Go Mini,372.0,32.85,5.9,20.5,4.3,4.7,Uber Wallet
Auto,405.0,2.35,11.3,20.9,3.1,4.1,UPI
Premier Sedan,950.0,7.3,4.4,29.1,4.9,3.9,UPI
Go Mini,424.0,26.67,14.2,18.1,4.1,4.6,UPI
Go Sedan,1362.0,23.07,6.8,33.5,3.7,4.9,Cash
Go Sedan,315.0,17.14,6.4,44.9,4.4,4.9,Cash
Bike,508.0,33.15,14.1,30.7,4.1,4.2,UPI
Go Mini,446.0,13.01,8.6,39.7,4.5,4.9,UPI
Auto,769.0,24.41,2.9,28.5,4.2,4.7,Credit Card
Bike,297.0,2.48,6.2,32.0,4.6,3.7,Cash
Auto,153.0,38.72,9.8,38.8,4.1,4.2,Cash
Go Mini,280.0,14.11,6.4,25.5,4.3,4.2,Cash
Go Mini,485.0,33.07,7.4,29.9,4.7,4.6,Debit Card
Auto,598.0,30.42,13.5,17.6,4.4,4.9,Cash
Go Sedan,281.0,27.15,8.5,38.4,4.6,4.3,UPI
Go Mini,299.0,16.28,3.8,36.4,4.6,3.9,Debit Card
Bike,122.0,18.53,12.2,39.9,4.2,3.7,Debit Card
Auto,628.0,25.9,5.3,28.5,3.4,4.3,Credit Card
eBike,195.0,48.78,9.2,36.2,3.6,4.2,Cash
Go Mini,884.0,23.79,5.3,19.2,4.4,4.6,Credit Card
Bike,1072.0,15.88,11.1,26.7,4.6,4.6,UPI
Bike,729.0,36.76,11.8,15.8,4.2,5.0,UPI
Bike,286.0,23.08,6.9,34.4,3.3,4.1,Uber Wallet
Premier Sedan,57.0,47.7,11.3,44.1,4.2,4.2,UPI
Uber XL,177.0,4.75,3.9,31.2,4.3,5.0,Cash
Go Sedan,498.0,2.92,11.2,15.8,4.6,4.6,Uber Wallet
Go Sedan,444.0,43.03,5.7,16.0,4.2,4.2,UPI
Go Sedan,327.0,2.38,10.8,19.0,4.2,4.3,Debit Card
Go Sedan,515.0,5.38,2.2,21.9,4.1,4.6,Uber Wallet
Go Sedan,211.0,10.88,12.9,41.3,4.1,4.6,Uber Wallet
Go Mini,315.0,38.14,3.3,38.7,4.9,4.6,Uber Wallet
Premier Sedan,194.0,5.61,4.9,35.6,4.6,4.3,Cash
Bike,453.0,21.66,13.3,31.4,3.8,4.8,Debit Card
Go Sedan,1436.0,22.0,8.9,21.4,4.5,4.3,Debit Card
Go Mini,179.0,13.01,5.3,21.9,4.9,4.2,Cash
Bike,103.0,21.2,5.7,30.1,4.3,4.7,Credit Card
Bike,388.0,7.98,2.2,43.8,4.3,4.9,UPI
Premier Sedan,286.0,25.83,8.2,17.5,4.4,4.2,UPI
Go Mini,301.0,49.02,4.1,19.9,4.2,4.6,Cash
Auto,126.0,46.41,6.7,15.5,4.3,4.6,Cash
Go Mini,522.0,26.16,11.9,27.7,4.2,3.8,Credit Card
Go Mini,628.0,22.53,11.8,38.9,4.4,4.2,UPI
Auto,957.0,4.75,14.7,18.3,4.7,4.6,Cash
Go Mini,1002.0,9.38,7.5,30.5,4.3,4.2,Debit Card
Uber XL,407.0,16.71,4.6,27.8,4.4,4.2,UPI
Premier Sedan,213.0,14.07,5.0,44.2,4.3,3.8,UPI
Go Sedan,151.0,19.99,4.1,36.2,4.2,4.7,UPI
Go Sedan,54.0,39.28,2.0,25.4,4.2,5.0,Debit Card
Auto,1129.0,10.63,14.6,31.5,5.0,4.8,Uber Wallet
Bike,453.0,36.08,5.4,18.8,3.7,4.2,Cash
Go Sedan,375.0,3.7,13.9,15.8,5.0,3.8,UPI
Go Sedan,918.0,44.01,10.6,36.4,4.3,3.7,UPI
Go Mini,172.0,22.94,3.6,36.0,3.2,4.9,Cash
Auto,537.0,30.39,13.3,22.8,4.7,4.2,Credit Card
Go Mini,487.0,40.92,6.1,23.6,4.2,4.4,UPI
Premier Sedan,917.0,44.98,14.1,19.6,4.9,4.9,Cash
Auto,300.0,11.21,11.9,38.2,3.9,4.7,Cash
Go Sedan,231.0,34.39,12.7,36.3,4.2,4.3,UPI
Go Sedan,802.0,7.1,11.0,23.6,4.1,3.6,UPI
Auto,644.0,19.63,10.3,25.8,4.2,3.2,Cash
Go Mini,245.0,10.44,10.1,36.0,3.5,4.6,UPI
Go Mini,366.0,5.21,7.8,18.3,4.2,4.6,Uber Wallet
Bike,799.0,32.96,7.6,16.6,5.0,4.2,UPI
Auto,1320.0,42.98,14.4,32.3,4.2,3.8,UPI
Go Mini,791.0,15.79,10.6,20.8,4.2,4.3,UPI
Bike,1096.0,22.93,11.5,31.4,4.0,4.2,Credit Card
Auto,422.0,13.95,10.1,29.9,3.4,4.5,Uber Wallet
Auto,557.0,34.81,6.4,24.1,4.6,3.7,Credit Card
Go Mini,573.0,40.39,3.4,25.8,4.3,4.6,UPI
Auto,447.0,8.02,10.4,20.7,4.2,4.2,Debit Card
Go Mini,236.0,42.5,11.9,35.0,4.7,4.9,Cash
Auto,157.0,9.56,13.4,29.2,4.2,4.6,Cash
Bike,325.0,32.01,10.5,38.1,4.9,3.8,Credit Card
Go Mini,268.0,24.69,4.3,32.8,4.4,4.7,Uber Wallet
Bike,856.0,31.68,13.4,36.4,3.6,4.5,Cash
Go Mini,335.0,42.82,3.4,37.7,4.5,4.4,UPI
eBike,578.0,11.23,13.1,38.4,4.3,4.4,UPI
eBike,864.0,23.66,9.6,36.9,4.2,5.0,Credit Card
Go Sedan,217.0,15.11,9.6,16.5,4.5,3.6,UPI
Uber XL,988.0,30.8,2.4,35.8,4.4,3.2,UPI
Go Sedan,709.0,37.26,7.9,29.1,4.2,4.6,Uber Wallet
Go Sedan,434.0,16.46,3.6,20.8,4.4,4.5,Cash
Go Mini,663.0,3.35,4.4,25.4,4.2,4.6,UPI
Bike,1170.0,28.35,5.0,21.7,4.6,4.9,Cash
Go Mini,408.0,36.55,12.9,24.8,4.4,4.3,UPI
Go Mini,758.0,17.93,7.8,15.8,4.2,4.3,Debit Card
Auto,316.0,29.49,12.0,23.3,4.3,3.9,UPI
Bike,769.0,38.49,8.4,30.5,4.2,3.0,UPI
eBike,582.0,34.52,6.3,36.8,4.2,3.5,Credit Card
Premier Sedan,414.0,38.07,2.6,28.3,4.2,4.0,UPI
Bike,779.0,45.61,14.8,15.1,4.3,3.3,UPI
Bike,919.0,46.81,12.2,30.8,4.1,4.8,Uber Wallet
Go Sedan,585.0,10.19,10.7,21.9,4.2,4.3,Cash
Premier Sedan,403.0,32.5,13.4,43.4,4.3,4.7,Uber Wallet
Go Sedan,238.0,7.09,13.7,16.2,4.2,4.5,UPI
Auto,495.0,35.53,2.8,17.1,3.0,4.1,UPI
Uber XL,360.0,11.83,13.0,33.4,4.0,4.9,Cash
Go Sedan,127.0,23.6,3.1,42.7,3.0,4.6,UPI
Premier Sedan,180.0,27.25,14.0,25.2,4.1,4.5,Uber Wallet
Uber XL,160.0,15.15,5.8,36.4,4.3,4.0,UPI
Auto,605.0,38.68,4.9,19.2,4.2,3.3,UPI
Go Sedan,429.0,16.41,3.5,39.7,4.3,4.2,Debit Card
Premier Sedan,1014.0,46.43,13.4,24.1,4.3,4.1,Cash
Go Mini,454.0,26.04,10.8,40.8,4.2,4.2,UPI
Bike,81.0,36.76,14.8,44.4,4.2,4.9,Cash
Go Sedan,701.0,26.18,11.7,38.7,4.9,4.6,Credit Card
Go Sedan,923.0,46.93,8.5,18.3,3.8,4.3,Credit Card
Go Mini,376.0,42.76,5.6,30.7,4.6,4.5,Uber Wallet
Premier Sedan,251.0,19.24,14.4,39.7,4.5,4.8,Uber Wallet
eBike,577.0,27.97,14.1,24.5,3.9,4.7,UPI
Bike,175.0,43.34,5.9,20.9,3.8,4.7,UPI
Uber XL,221.0,15.3,14.8,40.4,4.1,4.5,UPI
Bike,257.0,31.72,6.0,41.4,3.0,4.6,UPI
Premier Sedan,885.0,36.61,14.3,35.2,4.2,3.8,Cash
Go Sedan,304.0,21.53,14.4,22.7,4.6,4.3,UPI
Go Sedan,105.0,40.36,3.9,20.9,3.8,5.0,UPI
Bike,91.0,29.24,13.0,35.2,4.7,5.0,Cash
eBike,166.0,17.59,4.4,44.6,4.2,4.5,UPI
Go Mini,297.0,14.85,11.9,15.4,4.4,5.0,Cash
Go Mini,1200.0,39.67,14.5,40.5,4.4,4.5,UPI
Auto,336.0,27.98,9.6,33.2,3.7,4.2,UPI
Uber XL,86.0,14.98,5.4,24.5,3.7,5.0,UPI
Bike,469.0,29.02,3.1,23.4,4.6,4.3,UPI
Premier Sedan,499.0,39.47,7.1,22.5,4.2,4.2,Credit Card
Go Mini,406.0,8.13,7.1,27.3,4.6,4.7,UPI
Auto,1220.0,22.99,3.7,15.2,4.6,4.4,Cash
Go Mini,446.0,3.4,6.8,40.5,4.9,5.0,Credit Card
Auto,116.0,20.03,7.6,16.9,4.6,4.5,Cash
Go Sedan,57.0,46.93,10.2,18.1,4.6,4.2,UPI
Go Sedan,547.0,4.52,10.0,27.9,4.3,4.6,Cash
eBike,884.0,39.2,7.8,24.8,4.9,4.3,Debit Card
Go Mini,133.0,47.26,13.3,19.3,3.8,3.1,Uber Wallet
Bike,338.0,28.76,2.5,41.1,4.3,4.1,UPI
eBike,529.0,41.88,9.5,43.6,4.1,4.6,UPI
Bike,549.0,37.81,2.2,26.9,4.2,3.2,Cash
Bike,337.0,16.82,9.5,36.2,4.2,5.0,Uber Wallet
Auto,1143.0,14.22,6.3,29.9,3.9,5.0,Cash
Auto,326.0,16.98,4.9,34.4,3.3,3.6,Cash
Auto,734.0,34.05,11.9,44.8,4.6,4.6,Cash
Premier Sedan,821.0,7.94,11.5,27.0,3.9,4.6,Cash
Go Sedan,161.0,15.77,3.5,39.0,4.9,4.4,UPI
Auto,355.0,6.61,5.0,43.0,4.4,4.6,UPI
Auto,233.0,15.18,12.2,17.9,3.1,4.1,Cash
Go Mini,314.0,10.44,12.8,16.2,4.3,4.5,UPI
Go Mini,827.0,39.54,8.0,16.6,4.1,4.6,UPI
Go Mini,1137.0,37.62,14.4,26.0,4.2,4.2,Cash
Premier Sedan,778.0,49.09,14.0,16.0,3.6,4.2,Credit Card
Uber XL,498.0,14.1,6.7,37.4,4.4,4.9,Debit Card
eBike,3283.0,28.87,5.4,35.1,4.4,4.5,UPI
Bike,388.0,36.47,2.1,35.8,4.4,4.8,Cash
Bike,926.0,26.16,10.8,41.7,4.8,4.5,UPI
Bike,342.0,22.36,3.9,34.3,4.6,4.5,Cash
Premier Sedan,479.0,36.17,3.4,17.3,4.9,4.6,Credit Card
Premier Sedan,870.0,24.7,3.2,41.6,4.3,4.3,UPI
Go Sedan,509.0,32.5,12.8,39.9,5.0,4.3,UPI
Premier Sedan,356.0,19.38,8.1,40.5,4.0,4.4,Credit Card
eBike,588.0,34.12,5.3,37.4,3.9,4.1,UPI
Go Mini,371.0,5.07,7.3,40.7,3.7,4.3,UPI
Go Sedan,215.0,40.87,13.8,38.5,4.4,4.3,Uber Wallet
Auto,514.0,41.16,8.2,29.9,4.7,4.5,UPI
Go Sedan,998.0,27.04,3.7,42.8,4.7,3.9,UPI
Auto,471.0,29.51,3.9,35.4,4.6,3.3,Credit Card
eBike,1146.0,48.15,12.3,24.5,4.2,4.7,Cash
Go Mini,597.0,45.25,10.9,23.3,4.6,4.6,Cash
Auto,109.0,40.28,2.9,24.0,4.3,5.0,Debit Card
Premier Sedan,537.0,46.38,11.5,29.7,4.2,4.9,UPI
Bike,236.0,15.41,12.8,23.6,4.1,4.6,Credit Card
Auto,236.0,13.01,9.6,42.4,4.5,4.6,Cash
Premier Sedan,126.0,30.68,3.5,17.0,4.2,5.0,Cash
Premier Sedan,342.0,8.59,14.6,44.2,5.0,4.5,Cash
Go Sedan,571.0,13.26,6.8,43.9,3.9,3.0,Uber Wallet
Auto,722.0,34.97,7.9,18.4,4.6,4.5,UPI
Auto,364.0,43.47,5.2,29.4,4.4,4.9,UPI
Go Sedan,223.0,19.42,7.7,42.3,4.5,4.2,UPI
Go Mini,438.0,48.88,11.4,36.4,4.6,3.9,UPI
Go Mini,538.0,17.11,6.2,24.2,4.3,3.9,Cash
Auto,471.0,41.77,11.3,16.3,4.4,4.9,UPI
Go Mini,661.0,17.81,7.8,27.6,4.3,4.9,UPI
Go Sedan,396.0,40.55,13.0,24.5,4.6,4.5,UPI
Auto,123.0,15.11,2.7,39.6,4.1,4.2,Debit Card
Bike,880.0,37.65,3.0,27.9,4.9,4.5,UPI
Go Mini,359.0,20.82,4.8,40.0,4.6,4.1,Credit Card
eBike,824.0,14.22,12.4,39.0,4.6,4.4,UPI
Go Sedan,172.0,12.76,12.1,37.8,4.2,4.9,Cash
Bike,584.0,46.98,7.9,38.4,4.3,4.3,Uber Wallet
Auto,201.0,17.68,9.7,42.1,4.3,4.6,UPI
Go Sedan,1524.0,39.31,6.1,31.5,3.6,4.6,UPI
Auto,77.0,4.54,12.5,27.4,4.3,4.5,UPI
Premier Sedan,158.0,49.59,6.9,42.9,3.8,4.2,UPI
Go Sedan,280.0,15.45,4.4,36.1,4.7,4.9,Uber Wallet
Auto,411.0,35.19,13.7,21.3,4.6,4.7,Credit Card
Bike,112.0,24.21,10.8,42.2,4.3,4.3,Uber Wallet
Go Sedan,225.0,48.06,10.8,25.9,4.3,4.9,UPI
Go Sedan,315.0,7.89,2.8,18.1,4.6,3.4,Cash
Go Mini,613.0,43.53,2.3,42.9,4.4,4.6,UPI
Premier Sedan,682.0,39.42,9.6,15.2,3.3,3.8,UPI
Go Sedan,764.0,16.66,11.1,24.7,4.3,4.4,UPI
eBike,311.0,9.14,2.6,16.8,3.3,3.7,UPI
Go Sedan,657.0,16.88,9.0,26.5,3.4,4.6,UPI
Premier Sedan,581.0,25.33,4.2,40.5,4.0,4.7,Uber Wallet
eBike,628.0,25.18,2.7,31.5,4.4,4.9,UPI
Go Mini,457.0,12.72,10.9,36.6,4.2,4.6,UPI
eBike,410.0,47.95,14.3,41.7,4.6,4.3,Debit Card
Go Mini,424.0,49.16,4.4,34.3,4.6,4.2,Uber Wallet
Bike,193.0,20.02,9.9,17.4,4.4,4.1,UPI
eBike,125.0,7.85,14.1,25.6,4.3,4.8,UPI
Uber XL,279.0,31.06,7.2,28.4,4.3,4.3,UPI
Auto,219.0,22.17,12.0,40.5,3.9,4.8,Credit Card
Auto,883.0,4.28,7.7,36.6,4.1,4.2,Uber Wallet
Premier Sedan,197.0,19.09,8.5,27.0,4.3,4.3,Cash
Premier Sedan,699.0,2.18,12.3,38.5,4.9,4.6,Credit Card
Auto,454.0,47.1,7.4,37.8,4.7,3.1,UPI
Auto,293.0,2.72,9.1,40.4,4.9,4.4,Cash
Auto,324.0,3.1,11.8,40.9,3.4,4.5,Cash
Go Mini,94.0,45.42,13.8,42.0,4.2,4.1,UPI
Auto,1023.0,9.86,6.3,22.5,4.2,4.2,UPI
Bike,101.0,40.17,13.3,37.7,4.5,3.4,Debit Card
Go Mini,223.0,23.49,6.8,21.7,4.1,4.7,UPI
Premier Sedan,289.0,35.21,4.4,15.5,5.0,4.2,UPI
Premier Sedan,304.0,25.99,11.1,21.7,4.2,4.6,Cash
Premier Sedan,732.0,13.77,5.6,31.8,3.9,4.2,UPI
Bike,1167.0,41.68,10.9,19.9,4.2,4.2,UPI
Go Sedan,302.0,26.58,4.2,27.9,3.8,4.3,UPI
Auto,922.0,15.81,5.0,31.6,3.9,4.9,Cash
Auto,194.0,21.97,11.3,29.2,4.6,3.1,UPI
Uber XL,769.0,20.97,14.7,20.6,3.7,4.5,UPI
Auto,161.0,24.05,10.6,37.4,4.3,4.2,Credit Card
Go Sedan,388.0,40.95,2.8,43.9,4.9,4.4,UPI
Bike,1282.0,8.27,12.9,19.2,4.4,4.9,UPI
Go Mini,705.0,37.01,14.3,40.0,4.3,4.2,Cash
Bike,125.0,26.24,14.8,28.6,4.6,4.6,UPI
Bike,501.0,42.6,10.9,39.9,4.1,4.4,Debit Card
Uber XL,499.0,6.21,14.5,43.3,4.3,3.7,UPI
Premier Sedan,711.0,33.23,3.1,27.9,4.1,4.3,UPI
Go Mini,322.0,16.17,3.7,38.8,4.9,4.7,Credit Card
Premier Sedan,380.0,38.6,7.1,29.6,4.3,5.0,Debit Card
Go Sedan,409.0,23.29,13.6,28.3,4.4,4.5,Cash
Auto,454.0,28.89,10.8,43.5,5.0,4.6,UPI
Go Sedan,235.0,4.16,4.7,31.8,3.3,3.8,UPI
Auto,869.0,10.3,14.5,36.5,3.8,4.2,Credit Card
Auto,788.0,9.08,3.1,44.9,3.9,4.6,UPI
Auto,708.0,6.37,11.9,26.0,4.9,4.9,Cash
Go Sedan,446.0,22.16,8.1,28.4,3.8,4.6,UPI
Go Mini,2198.0,15.47,2.2,40.6,4.3,5.0,UPI
Go Sedan,229.0,9.27,10.5,27.9,4.3,4.8,UPI
Bike,728.0,25.58,3.9,17.6,4.0,4.3,UPI
Uber XL,276.0,5.09,10.1,24.4,4.3,4.9,Uber Wallet
Go Sedan,409.0,26.17,8.2,21.6,4.1,4.4,UPI
Go Sedan,418.0,34.79,9.5,20.7,3.2,5.0,Debit Card
Go Sedan,227.0,35.78,8.9,40.9,4.6,4.9,UPI
Bike,911.0,33.44,7.1,15.1,4.5,4.6,Cash
Bike,468.0,26.56,11.7,38.8,4.8,5.0,Debit Card
Bike,624.0,45.8,6.1,36.0,3.1,4.6,Credit Card
Auto,735.0,39.35,4.7,39.0,4.6,3.2,Uber Wallet
Go Mini,829.0,47.45,4.2,43.3,4.8,3.8,UPI
Bike,365.0,37.42,4.0,18.0,4.8,4.7,Credit Card
Bike,804.0,20.55,6.3,34.6,4.5,4.2,UPI
Bike,431.0,38.26,12.5,15.6,3.2,5.0,Cash
Go Mini,116.0,34.66,8.9,28.6,4.2,4.8,UPI
Uber XL,466.0,3.93,12.7,44.0,4.9,3.7,Cash
Auto,906.0,33.18,8.4,18.1,4.4,3.4,Debit Card
Go Sedan,460.0,20.19,12.0,43.1,4.3,3.7,UPI
Bike,476.0,12.78,9.9,42.4,4.5,4.7,UPI
Auto,1774.0,15.34,14.6,15.1,4.1,4.7,Cash
Bike,278.0,10.89,14.1,37.1,4.4,4.4,UPI
Go Sedan,110.0,41.8,10.7,23.4,4.3,4.2,Cash
Premier Sedan,477.0,39.39,8.4,33.4,3.6,4.3,UPI
Go Sedan,193.0,49.55,14.7,15.2,3.1,3.3,UPI
Go Sedan,1340.0,16.38,4.2,34.5,5.0,4.8,Cash
Premier Sedan,296.0,2.94,4.6,39.9,4.7,3.4,Credit Card
Auto,435.0,11.59,3.3,27.3,4.2,4.5,Cash
Uber XL,429.0,23.27,13.5,41.2,3.9,4.9,UPI
Go Sedan,890.0,38.71,14.0,23.8,3.4,4.3,UPI
Auto,532.0,39.16,13.6,40.0,4.2,3.2,Cash
Auto,777.0,47.59,13.9,36.0,4.6,4.3,UPI
Premier Sedan,823.0,21.04,2.2,31.4,4.7,4.7,Cash
Auto,598.0,27.62,8.8,33.5,4.4,5.0,Credit Card
Auto,219.0,39.48,12.2,16.7,3.8,4.9,UPI
Go Mini,911.0,37.42,12.7,30.6,4.0,5.0,UPI
eBike,317.0,46.16,12.3,23.0,4.2,4.6,UPI
Go Mini,1551.0,12.5,4.4,20.5,4.2,4.9,Credit Card
Go Sedan,845.0,31.7,12.7,35.0,3.9,4.3,Cash
Go Mini,106.0,22.43,10.6,18.3,4.1,5.0,Cash
Go Sedan,427.0,40.42,7.5,39.7,4.7,4.3,UPI
Auto,481.0,10.57,5.3,39.9,4.3,4.2,Cash
Go Sedan,965.0,6.81,10.2,42.2,4.9,4.2,Cash
Go Sedan,578.0,29.21,8.6,19.6,4.4,4.2,Uber Wallet
Go Mini,709.0,4.89,12.8,37.8,4.1,4.4,UPI
Auto,337.0,30.77,14.0,21.6,4.2,4.2,Credit Card
Uber XL,874.0,49.21,7.0,24.1,4.4,4.1,UPI
Auto,137.0,18.0,8.4,33.8,4.1,4.2,Uber Wallet
Bike,116.0,9.68,2.3,43.8,4.2,4.7,UPI
Premier Sedan,224.0,4.55,7.7,21.0,4.6,4.3,Cash
Bike,516.0,46.89,6.3,44.3,3.5,4.7,UPI
Bike,646.0,8.52,9.3,41.0,5.0,4.1,UPI
Bike,403.0,11.28,3.8,24.9,4.0,4.8,UPI
Go Mini,280.0,42.9,10.9,38.9,3.7,4.6,Cash
Go Sedan,800.0,14.93,8.3,15.6,4.4,4.4,Uber Wallet
Premier Sedan,138.0,13.07,9.6,43.3,4.5,4.9,Cash
Auto,442.0,4.66,13.4,28.3,4.3,4.2,UPI
eBike,732.0,29.25,3.8,27.6,4.2,4.3,UPI
eBike,402.0,2.18,12.4,35.7,4.3,4.7,UPI
Auto,368.0,23.47,3.8,16.0,4.4,4.6,UPI
Go Sedan,66.0,37.61,14.7,35.7,4.6,5.0,Uber Wallet
Auto,103.0,35.21,13.7,15.4,3.3,4.6,Debit Card
Go Mini,70.0,9.86,10.0,21.8,4.3,5.0,Credit Card
Go Mini,817.0,30.44,11.9,22.9,4.3,4.3,UPI
Auto,788.0,10.42,13.2,28.5,4.6,4.2,Uber Wallet
Go Mini,140.0,29.05,3.4,31.5,4.1,4.6,UPI
Premier Sedan,172.0,15.01,12.2,16.2,4.2,3.3,Credit Card
Go Sedan,791.0,34.04,3.2,21.7,4.2,4.2,Uber Wallet
Auto,287.0,43.8,4.9,32.8,4.1,3.5,UPI
Go Mini,891.0,45.91,13.7,43.2,3.1,4.6,UPI
Bike,347.0,11.48,10.5,34.5,4.3,4.3,UPI
eBike,193.0,32.55,8.6,19.5,4.4,4.9,UPI
Auto,290.0,11.13,4.0,40.6,4.9,4.6,UPI
Premier Sedan,337.0,12.4,3.1,28.3,4.6,3.1,Credit Card
Go Mini,381.0,38.37,7.1,22.9,4.4,4.8,UPI
