fare_amount,distance_km,passenger_count,pickup_hour,pickup_day_of_week,pickup_month,is_weekend,pickup_year
3.7,0.6136829166404174,2,21,Monday,February,0,2011
4.5,0.44391618372701613,1,15,Wednesday,October,0,2009
8.9,2.8217056643551017,1,14,Sunday,January,1,2010
5.3,1.5653221194450602,1,0,Wednesday,November,0,2009
6.5,1.4813116981996193,1,7,Thursday,November,0,2014
20.5,8.865289756123172,1,6,Wednesday,July,0,2014
18.5,5.884072299135088,1,19,Wednesday,October,0,2012
7.0,1.385596029290815,1,4,Monday,March,0,2013
6.0,1.1292749320298907,3,8,Tuesday,October,0,2014
8.0,1.357169840184112,1,19,Wednesday,June,0,2013
27.5,10.38482074410474,1,23,Monday,February,0,2014
4.1,0.496191188164827,1,13,Tuesday,June,0,2011
3.5,0.2872870633796017,1,11,Saturday,January,1,2015
20.5,6.925465238616337,1,15,Thursday,April,0,2015
5.0,0.3874948412289698,6,15,Thursday,May,0,2015
6.1,0.6773032897278614,1,12,Tuesday,November,0,2011
6.5,2.33198838295251,5,19,Saturday,June,1,2012
13.3,4.61285637401282,1,20,Thursday,November,0,2011
10.9,4.252486449333537,1,19,Friday,June,0,2010
7.5,1.078290542660088,1,12,Wednesday,November,0,2012
9.5,2.735775026874135,3,22,Sunday,July,1,2013
3.3,0.7360766996428756,1,16,Monday,June,0,2012
8.5,1.6278290028110045,2,19,Wednesday,May,0,2013
7.3,1.8818054375550626,1,23,Tuesday,April,0,2012
7.3,2.087486567133684,1,23,Monday,September,0,2011
10.5,2.6944859484445076,1,18,Tuesday,July,0,2014
22.27,6.26930697536718,2,20,Friday,October,0,2009
12.1,4.288617124706989,1,19,Monday,February,0,2010
9.0,0.8012283945074526,1,14,Friday,January,0,2014
29.3,11.21368959511022,5,20,Sunday,November,1,2011
6.5,1.3274448623551087,1,10,Thursday,June,0,2012
9.3,1.8452364788640148,1,8,Friday,June,0,2010
4.5,1.2179250993617599,1,0,Friday,May,0,2009
16.0,3.5120759778135207,1,10,Wednesday,August,0,2014
4.5,0.6767471483738385,1,15,Thursday,August,0,2012
6.0,1.1998036549016522,1,15,Sunday,September,1,2012
4.5,0.868020655153385,1,18,Friday,January,0,2015
7.5,1.8386150911573236,1,11,Sunday,September,1,2013
14.0,3.806063611022184,3,10,Tuesday,December,0,2014
4.9,1.0036494769772466,5,22,Monday,November,0,2011
6.9,1.8704637008716885,1,8,Thursday,September,0,2009
10.9,3.898088261728975,2,21,Thursday,February,0,2012
16.0,4.221349266326025,1,12,Wednesday,March,0,2014
8.1,1.82475673167168,1,15,Tuesday,February,0,2010
5.3,0.1356220520751528,1,18,Tuesday,April,0,2010
15.7,4.79363192605295,1,22,Sunday,May,1,2012
9.5,1.721084744697569,1,21,Wednesday,July,0,2014
16.5,6.153203839253716,1,3,Sunday,October,1,2014
6.9,0.8484245963227977,2,1,Sunday,January,1,2011
10.5,4.239982092939791,1,1,Thursday,August,0,2012
35.5,8.969395403505791,1,16,Friday,March,0,2013
6.0,1.7126948353683293,2,21,Saturday,December,1,2013
4.5,1.1100293634080147,1,16,Tuesday,August,0,2011
4.1,1.3337704064283997,2,1,Sunday,July,1,2011
15.0,4.856004776154549,2,22,Tuesday,July,0,2014
2.5,0.6633813989552935,1,20,Tuesday,June,0,2009
14.5,2.98206587346492,1,19,Tuesday,October,0,2013
7.0,2.1387734878120113,1,22,Friday,July,0,2013
9.0,1.6578815355580945,1,10,Monday,September,0,2013
5.0,1.0343299828602102,1,6,Friday,January,0,2013
25.3,8.561666558988614,1,21,Thursday,April,0,2012
4.9,1.5998388468450422,1,6,Thursday,June,0,2010
14.9,6.961603116783533,1,17,Friday,May,0,2010
8.0,1.9159247519241207,3,17,Tuesday,August,0,2013
22.9,10.823381037606532,2,0,Monday,February,0,2011
12.5,3.7392590146646145,1,8,Friday,November,0,2012
10.0,1.7466538790772839,2,13,Saturday,March,1,2013
2.9,0.4711740147178211,1,23,Thursday,February,0,2012
8.5,2.3866817612124014,1,8,Monday,January,0,2012
6.5,2.1884947649878335,1,8,Wednesday,March,0,2012
9.0,3.5581294119793605,1,0,Sunday,October,1,2012
4.9,1.3754382933303384,1,20,Friday,January,0,2011
8.0,1.4868116946859233,1,18,Tuesday,September,0,2012
5.0,0.901909380521645,1,9,Wednesday,October,0,2013
8.5,2.297017905656076,5,0,Wednesday,March,0,2011
4.1,0.5978593183998797,2,23,Friday,February,0,2010
10.5,3.160892633806962,1,12,Wednesday,January,0,2010
6.0,2.193955284416216,5,14,Sunday,October,1,2012
9.7,3.0574189483133645,1,6,Monday,November,0,2011
12.1,2.898675612877805,1,8,Monday,July,0,2009
20.0,5.49587998111562,1,14,Thursday,November,0,2012
16.0,6.1978949495680835,3,21,Tuesday,October,0,2013
5.0,0.7426533509402332,5,7,Tuesday,April,0,2015
4.5,1.376645739802751,1,10,Saturday,May,1,2011
25.7,11.79607734461427,1,1,Saturday,July,1,2012
7.5,1.1771715059369017,1,8,Thursday,June,0,2014
21.0,3.8469640311666438,1,10,Monday,February,0,2014
7.3,1.019067483908513,1,10,Saturday,August,1,2012
11.3,3.008535170016669,1,13,Sunday,May,1,2009
5.3,1.3504067855635373,1,21,Friday,November,0,2010
5.3,1.9121487910317438,1,5,Thursday,May,0,2010
4.0,0.5988125023382075,2,4,Monday,March,0,2015
7.7,2.803026978390426,1,15,Thursday,November,0,2009
8.0,1.412259077643906,1,9,Wednesday,January,0,2013
37.47,9.567762491295559,1,8,Wednesday,April,0,2010
9.0,2.0748067709591442,1,21,Thursday,April,0,2014
8.5,1.6691403448765842,5,19,Sunday,August,1,2014
8.0,3.3305766817106455,1,19,Saturday,March,1,2013
6.0,1.484847104966877,1,11,Saturday,October,1,2012
4.5,0.5245657894486747,1,11,Saturday,November,1,2013
16.9,7.191561737119023,1,18,Wednesday,March,0,2011
8.0,1.8017606149654917,5,5,Sunday,March,1,2015
5.3,1.0447956500020168,1,18,Monday,May,0,2011
13.7,4.536470367247521,1,10,Wednesday,December,0,2009
4.0,0.7351294434936421,5,15,Friday,February,0,2013
11.0,2.437219452259502,2,14,Wednesday,April,0,2013
6.9,2.1648214386661837,1,7,Sunday,June,1,2012
8.0,1.4177434805334703,1,13,Friday,May,0,2013
4.0,0.5333625345896481,6,14,Sunday,January,1,2015
41.83,9.83658505171886,1,10,Tuesday,January,0,2014
7.0,1.5720538375587767,1,19,Thursday,October,0,2012
12.5,4.945701865514341,1,12,Tuesday,August,0,2009
6.9,2.2037689104630886,5,10,Saturday,October,1,2010
8.1,2.895180386450194,1,15,Sunday,May,1,2011
8.9,2.5268504085521535,1,16,Friday,August,0,2012
4.5,1.0242240571536465,1,22,Wednesday,February,0,2015
24.9,6.607048722720024,5,18,Wednesday,October,0,2011
6.9,2.456534861841981,1,8,Thursday,September,0,2009
8.9,3.8533291233653313,1,1,Saturday,June,1,2010
12.5,4.633027487441374,4,6,Tuesday,January,0,2012
9.5,2.41828934243276,1,21,Wednesday,November,0,2012
8.1,2.3150636124096247,2,19,Monday,July,0,2011
4.0,1.078931282340887,1,2,Saturday,April,1,2014
26.5,5.153218602828579,1,13,Wednesday,July,0,2013
9.3,3.4097677971251477,1,11,Sunday,April,1,2010
4.5,0.6136889526145065,2,3,Sunday,December,1,2011
6.5,2.434924515269169,1,22,Monday,March,0,2009
6.5,1.661576821872407,1,19,Thursday,February,0,2013
11.0,2.7580753293955262,1,9,Friday,October,0,2012
24.0,9.013187051687346,1,22,Friday,December,0,2013
5.0,1.179428219629347,6,10,Tuesday,September,0,2013
3.0,0.2858659038030215,2,2,Monday,April,0,2015
12.5,4.039310698211854,1,7,Wednesday,October,0,2014
14.5,5.82776420239619,1,14,Wednesday,April,0,2012
16.5,4.4135040875606055,3,22,Wednesday,June,0,2012
6.5,1.3544136617915257,2,12,Thursday,September,0,2012
8.1,2.918436428987005,2,18,Monday,April,0,2011
27.5,10.573485640839639,1,8,Saturday,February,1,2013
8.0,2.0630348645752514,3,15,Monday,January,0,2013
7.3,2.0243946018555947,1,7,Tuesday,December,0,2010
22.9,10.050154142019148,6,4,Saturday,June,1,2012
9.7,4.478113528939062,1,23,Thursday,January,0,2010
6.5,1.952656469758319,2,23,Thursday,November,0,2010
12.5,3.333309665541189,1,20,Saturday,November,1,2014
11.5,3.812583728216489,6,12,Friday,May,0,2013
15.0,2.959234664134883,2,17,Friday,May,0,2015
4.5,0.7607916059674772,5,21,Thursday,October,0,2011
7.3,2.199125973829076,1,11,Tuesday,November,0,2011
8.1,2.9409087870310793,1,10,Tuesday,April,0,2009
10.1,3.9248613656031126,1,21,Monday,April,0,2010
8.9,4.251462671447572,1,4,Saturday,November,1,2010
12.0,2.6560906647040774,1,16,Tuesday,January,0,2015
19.5,4.203245321554728,1,8,Friday,November,0,2014
9.3,1.951224852452588,2,16,Sunday,November,1,2009
40.0,14.7679353544876,1,16,Friday,February,0,2015
6.1,1.103853284561567,1,9,Thursday,October,0,2009
25.7,16.050897261406075,1,22,Thursday,January,0,2009
5.5,1.229425735526524,1,12,Friday,May,0,2014
37.83,11.798320068964031,1,20,Thursday,August,0,2013
7.3,2.786674187730768,1,20,Monday,June,0,2010
6.5,2.0128636404082485,3,12,Tuesday,December,0,2011
16.5,4.408583681220471,1,9,Monday,July,0,2013
4.1,1.0721802684081425,3,12,Thursday,April,0,2009
9.5,1.1658914088505312,1,21,Friday,September,0,2013
8.1,1.4077597244926308,1,8,Wednesday,September,0,2010
5.7,1.6088576338463674,5,13,Sunday,March,1,2009
10.9,4.4215014816565485,1,9,Thursday,November,0,2010
14.1,5.761540435813863,4,19,Monday,August,0,2011
12.5,5.607300292327583,1,12,Sunday,September,1,2009
8.5,2.116287393582517,5,8,Tuesday,May,0,2014
13.5,4.235009602223931,1,22,Tuesday,October,0,2013
6.5,1.3667211845775822,1,22,Wednesday,June,0,2009
6.1,1.8475178809649055,1,16,Monday,March,0,2012
15.1,6.180502597915567,1,19,Tuesday,February,0,2009
9.5,3.603829453652154,1,3,Sunday,April,1,2015
6.5,2.480607016175823,1,1,Saturday,March,1,2009
20.0,3.822673649168049,1,9,Tuesday,April,0,2014
4.9,1.4864234712969775,1,15,Tuesday,May,0,2009
3.0,0.4171521590892782,1,19,Monday,July,0,2014
5.5,0.9254004930665297,1,10,Sunday,February,1,2015
8.5,2.1033330580643055,1,21,Saturday,February,1,2011
15.0,5.749558459347667,2,23,Saturday,December,1,2012
20.1,8.2278552898106,1,20,Thursday,November,0,2011
14.0,3.250966816738566,1,20,Wednesday,April,0,2014
10.0,2.2756418743674898,1,18,Saturday,September,1,2014
6.5,0.8438017070282217,1,14,Wednesday,September,0,2013
13.0,2.984711332733768,1,15,Sunday,January,1,2015
4.5,0.964284532755138,5,15,Wednesday,January,0,2012
21.0,6.52301388626642,1,22,Monday,March,0,2014
9.3,4.321982069582646,2,0,Saturday,March,1,2012
5.9,1.1137476032578935,1,17,Friday,April,0,2009
7.3,1.9095152869835625,1,14,Tuesday,December,0,2011
7.3,1.6469980746061295,5,16,Saturday,December,1,2009
4.5,0.9335702769425729,3,16,Saturday,March,1,2009
14.0,3.3043999553926087,5,19,Thursday,December,0,2013
120.3,35.825692085179476,3,0,Monday,September,0,2012
6.1,1.4971283105704294,1,16,Tuesday,August,0,2010
6.0,1.5754306640987898,1,23,Sunday,October,1,2013
6.9,3.1823062063945557,1,19,Monday,June,0,2012
29.450000000000006,11.057593003015311,1,16,Sunday,May,1,2009
4.5,0.591200277924828,2,16,Thursday,May,0,2013
4.0,0.38538965158317995,4,9,Friday,March,0,2014
4.9,0.9150667588405839,2,9,Sunday,July,1,2012
5.7,1.8526884224282998,1,17,Thursday,December,0,2011
49.57,0.7132338573791409,3,7,Wednesday,September,0,2010
8.1,3.5204513975061063,1,6,Tuesday,September,0,2009
12.5,4.174392847902291,1,11,Sunday,March,1,2011
9.0,1.3211135429066208,1,14,Thursday,July,0,2013
5.3,1.1228606188003523,1,2,Wednesday,August,0,2012
9.0,1.9015635111595357,1,9,Thursday,November,0,2012
22.5,6.634071414714773,1,9,Wednesday,March,0,2013
6.5,2.424579162346456,1,22,Thursday,April,0,2014
28.83,6.756833033995154,1,15,Sunday,June,1,2014
14.1,4.736794903299513,1,14,Monday,March,0,2010
22.0,7.448447231186839,1,9,Saturday,February,1,2013
10.9,5.115052285099595,1,11,Wednesday,March,0,2011
14.9,4.192531340987239,4,10,Wednesday,August,0,2009
25.5,5.0831554714089116,3,15,Tuesday,June,0,2013
5.3,1.9726436788560597,1,15,Sunday,December,1,2009
22.0,2.43771221831678,1,14,Sunday,March,1,2014
5.3,1.0143638528760728,1,12,Thursday,January,0,2011
10.0,3.6692857407604893,2,20,Wednesday,October,0,2014
6.1,1.4848980856553102,5,1,Saturday,June,1,2012
10.5,3.2226770180204367,1,21,Tuesday,June,0,2009
10.5,3.8081208991919,2,23,Sunday,May,1,2013
13.3,5.461833743387267,1,7,Friday,July,0,2009
10.0,2.3403643104691523,2,20,Monday,April,0,2015
14.5,7.08504003884307,1,8,Tuesday,March,0,2011
10.0,2.8796137185147774,2,11,Sunday,June,1,2015
5.7,1.4796345576818124,1,17,Saturday,January,1,2011
10.9,2.46315959899991,1,11,Sunday,October,1,2009
7.7,2.4697723559363514,1,22,Saturday,March,1,2012
29.87,8.984526193264344,2,15,Saturday,March,1,2010
14.0,4.281435465126836,1,23,Saturday,December,1,2014
6.0,1.4020905358509224,2,18,Saturday,May,1,2015
11.5,3.7681934226702953,1,18,Sunday,March,1,2013
8.0,1.1272543056672037,1,10,Tuesday,July,0,2014
7.7,1.9808463190883723,1,16,Wednesday,September,0,2011
15.5,3.3183933829616454,1,12,Friday,May,0,2013
17.5,5.832838484374521,2,23,Thursday,November,0,2013
5.5,0.7962088537488635,1,20,Sunday,June,1,2014
6.5,1.0313913208722414,1,11,Thursday,July,0,2013
37.7,16.653792081554307,1,14,Friday,May,0,2011
4.1,0.44093976785545025,1,19,Wednesday,January,0,2012
9.0,2.2107914639588957,6,10,Saturday,January,1,2013
9.0,2.660610828519945,1,22,Sunday,September,1,2013
5.5,1.5947220666262958,1,12,Monday,March,0,2014
5.3,1.0794175106381574,1,14,Friday,December,0,2009
6.5,1.911631245766555,1,14,Thursday,September,0,2013
11.0,1.8595522693774256,1,19,Wednesday,June,0,2014
58.0,0.0027823019151552004,1,1,Friday,September,0,2009
5.0,1.2564249970778607,1,0,Saturday,January,1,2009
32.83,9.454386529934427,1,15,Friday,September,0,2013
13.7,2.540276196467098,1,16,Monday,May,0,2011
14.1,5.6913525348928795,1,19,Tuesday,July,0,2009
5.0,0.8436326292628129,1,1,Friday,May,0,2015
5.7,1.3526936609284215,1,17,Monday,August,0,2010
14.9,5.411454410183254,1,7,Thursday,December,0,2009
27.3,6.675445753068702,1,18,Sunday,November,1,2012
17.5,4.071767952571677,1,18,Wednesday,February,0,2015
8.5,2.6948240998489896,4,11,Saturday,February,1,2014
9.7,2.148690421095612,1,17,Monday,June,0,2011
4.9,0.9484834649611517,1,11,Wednesday,February,0,2009
10.0,3.6539413907047336,1,23,Wednesday,November,0,2012
17.7,7.664631073650995,5,3,Wednesday,November,0,2011
5.0,1.3464477966709028,2,20,Wednesday,December,0,2012
6.9,1.715071057842527,1,2,Wednesday,November,0,2011
27.0,11.765659654753607,1,0,Saturday,July,1,2014
13.3,3.437903159106891,1,19,Tuesday,April,0,2012
28.67,9.53029695063179,1,21,Wednesday,October,0,2010
15.0,5.720690425843394,1,23,Wednesday,April,0,2014
20.5,7.399110277912867,1,17,Wednesday,March,0,2014
22.0,5.313285538409218,1,15,Thursday,March,0,2014
11.5,2.0331568762350076,1,13,Friday,May,0,2014
9.3,3.453584121856531,1,18,Sunday,June,1,2010
3.3,0.2883101368021044,2,18,Wednesday,October,0,2011
5.7,1.8530175421603212,1,21,Thursday,January,0,2009
13.7,2.8665716517417024,1,20,Thursday,January,0,2012
4.5,0.7742353388495011,5,11,Monday,October,0,2009
5.7,1.5075088393158262,1,19,Thursday,July,0,2010
9.0,3.2002373527322447,1,17,Thursday,March,0,2014
7.0,1.002009006026167,1,18,Wednesday,May,0,2015
4.5,1.2830422251211724,1,8,Tuesday,May,0,2015
30.5,12.803625815939055,1,2,Thursday,January,0,2015
10.9,3.6825571911040607,3,16,Monday,May,0,2012
6.9,1.6842653964618137,1,18,Thursday,June,0,2010
4.0,0.7535489728787723,1,20,Saturday,September,1,2013
11.7,3.1790285819925477,1,17,Wednesday,March,0,2009
5.5,1.016358606977231,1,17,Wednesday,February,0,2015
19.0,5.6175145932720385,1,10,Friday,August,0,2013
12.1,3.124140472351276,1,21,Saturday,February,1,2010
7.3,2.025100762142396,1,7,Friday,June,0,2009
7.0,1.3209668499062759,1,23,Saturday,September,1,2012
8.9,2.179456834238075,1,14,Friday,June,0,2011
17.7,8.186097760859012,4,2,Saturday,November,1,2009
4.5,0.808958311310489,5,18,Wednesday,July,0,2011
7.0,1.5274190260645593,1,20,Monday,October,0,2013
8.9,3.1632306900979765,1,14,Sunday,June,1,2011
18.5,6.783688873549923,6,3,Thursday,June,0,2015
8.6,2.240179246784078,2,22,Wednesday,April,0,2009
3.3,0.5598038835143521,1,18,Friday,August,0,2009
4.5,1.0534791303809452,1,14,Monday,December,0,2010
18.0,6.023728120517543,1,18,Friday,March,0,2015
9.5,0.9096344706640898,1,12,Monday,October,0,2013
6.1,0.8875284684039572,1,12,Thursday,January,0,2011
6.9,1.8805526026152155,2,18,Sunday,April,1,2011
14.6,0.054761379554544555,2,0,Saturday,January,1,2009
14.5,0.4060611131108922,5,15,Saturday,December,1,2013
10.1,2.7145735770479864,2,10,Thursday,May,0,2011
6.0,1.257275472735813,1,11,Sunday,February,1,2013
4.9,1.2944100640041587,1,0,Sunday,July,1,2009
15.0,5.963691717483296,3,22,Wednesday,October,0,2013
6.1,0.8702096392756046,3,23,Friday,January,0,2010
6.1,1.3427969557383161,1,8,Monday,December,0,2009
12.5,2.5522948534280716,3,8,Monday,November,0,2009
8.5,1.4319953262282754,1,14,Tuesday,April,0,2015
9.0,2.96293089257942,1,9,Monday,November,0,2013
12.5,4.265731009233564,1,8,Tuesday,October,0,2014
17.3,7.058929032682397,2,0,Wednesday,April,0,2011
9.7,3.10897905717636,1,19,Monday,August,0,2010
4.5,0.8305452004245922,1,18,Friday,October,0,2014
7.3,2.4174757267630724,1,3,Saturday,May,1,2009
10.9,3.341306728563818,2,19,Friday,July,0,2011
5.3,1.2831335924509977,2,23,Friday,April,0,2009
33.870000000000005,9.738684750187039,1,15,Wednesday,September,0,2010
13.5,3.9411902764962314,1,8,Tuesday,May,0,2013
4.5,0.934476711196634,1,7,Thursday,November,0,2010
21.0,7.8632527855133,1,23,Thursday,April,0,2014
6.1,1.7475074616444461,1,22,Saturday,January,1,2010
12.0,2.032672505540551,2,12,Sunday,May,1,2015
35.83,8.659574538003278,1,22,Sunday,April,1,2013
12.9,4.296423494487838,2,16,Saturday,November,1,2010
9.3,2.7080353960186123,2,17,Sunday,March,1,2011
11.5,2.376374960031134,1,11,Friday,October,0,2014
27.3,8.4098953471048,3,9,Friday,March,0,2011
6.5,1.6214805536186556,1,11,Tuesday,April,0,2013
8.5,3.105082073939288,1,21,Tuesday,January,0,2010
5.7,0.7809248078065899,2,13,Monday,April,0,2009
8.0,1.4381467781328583,2,20,Wednesday,July,0,2014
7.5,1.0285667923902915,1,9,Thursday,September,0,2012
13.7,5.73147347151012,1,14,Saturday,February,1,2009
11.5,4.708696943434112,1,17,Tuesday,January,0,2013
20.5,9.836870379134638,1,2,Monday,January,0,2010
11.3,3.2768577927202833,2,14,Saturday,August,1,2009
3.5,0.6913772758575647,3,13,Sunday,May,1,2014
8.9,1.9694240618205612,1,11,Thursday,September,0,2010
4.0,0.763882984493058,1,7,Tuesday,April,0,2014
9.3,2.3440289961013905,2,15,Friday,November,0,2010
3.0,0.23214228934325787,1,1,Wednesday,September,0,2013
8.5,1.4515682412298023,1,8,Friday,November,0,2010
19.7,8.904223848233757,1,0,Saturday,November,1,2011
7.0,1.523862814506051,2,23,Saturday,September,1,2012
8.1,2.851309087495586,2,3,Sunday,October,1,2010
15.0,5.225322527957167,1,22,Thursday,November,0,2012
10.1,3.5522284900904335,2,23,Friday,April,0,2011
5.3,0.8460073332546824,4,20,Saturday,December,1,2011
6.1,2.426882278577473,1,15,Tuesday,July,0,2010
19.3,5.051008980874002,1,12,Saturday,April,1,2011
7.7,1.9802914579310649,1,16,Thursday,April,0,2010
6.1,1.0412669623971154,1,1,Thursday,May,0,2012
8.5,2.52655211745888,2,9,Saturday,July,1,2014
6.5,2.040198166668716,1,23,Sunday,March,1,2010
6.9,1.641178585642757,1,14,Saturday,August,1,2009
6.9,2.804593813208116,1,3,Sunday,September,1,2011
16.5,5.544958730552851,5,7,Tuesday,March,0,2015
10.1,2.985627611490006,2,8,Friday,July,0,2010
6.0,0.7382674475458008,1,8,Friday,February,0,2013
26.9,14.252231550621486,1,1,Saturday,September,1,2009
14.5,2.154735940494073,1,9,Wednesday,October,0,2014
4.9,0.7639402227350996,3,18,Monday,June,0,2010
7.5,1.8104881851380457,5,16,Saturday,August,1,2013
33.2,9.164937130884777,5,17,Monday,March,0,2010
14.0,5.002054826603548,1,3,Friday,September,0,2013
6.0,1.0525346309477366,1,8,Tuesday,November,0,2014
4.1,0.654073832887346,1,21,Saturday,January,1,2010
8.9,4.939900017295666,1,1,Friday,August,0,2009
13.5,5.013397595050119,1,5,Wednesday,October,0,2013
50.0,0.00023779227449218274,1,20,Thursday,March,0,2009
11.0,4.039029561404094,1,3,Wednesday,December,0,2014
5.7,1.1242523031777996,1,14,Tuesday,June,0,2012
7.3,3.0306381356699363,2,0,Wednesday,February,0,2011
7.5,1.7233045280186685,1,11,Thursday,January,0,2014
8.1,2.08150044520145,1,17,Tuesday,June,0,2010
5.0,1.079657352010043,5,23,Thursday,November,0,2013
12.0,2.031165267856545,1,22,Wednesday,December,0,2012
9.5,3.915931839394268,1,21,Tuesday,June,0,2013
52.5,15.834772088358937,1,10,Wednesday,March,0,2012
13.5,5.085591546964283,1,18,Sunday,April,1,2014
8.1,1.867515974664919,1,21,Friday,August,0,2012
8.5,2.309992909053225,1,20,Saturday,December,1,2011
5.7,0.7605534611679908,1,10,Tuesday,December,0,2009
4.1,0.49854836598079805,1,12,Saturday,February,1,2009
6.9,1.2982378662964003,5,19,Friday,January,0,2010
9.5,3.051936154482806,1,6,Saturday,November,1,2014
13.3,3.7636332963626207,5,20,Sunday,July,1,2009
13.7,3.655855293350007,5,0,Sunday,October,1,2009
6.1,2.1885853937196242,1,21,Friday,March,0,2010
4.1,1.32162976694018,1,17,Sunday,January,1,2010
42.1,14.033752157663915,1,15,Friday,June,0,2011
11.0,2.603648538655707,1,21,Thursday,March,0,2009
31.5,17.872699127721326,1,0,Wednesday,August,0,2011
15.3,6.078805514257461,2,21,Tuesday,February,0,2012
12.9,2.550257324566247,1,0,Saturday,September,1,2009
7.0,1.491799493771688,1,20,Monday,October,0,2013
18.5,3.2505020327153504,1,16,Wednesday,June,0,2014
7.5,1.7881805144461707,2,12,Sunday,February,1,2014
12.5,8.589276363562805,1,11,Monday,September,0,2014
12.1,3.315567421835763,2,17,Monday,March,0,2009
12.0,3.4353691175563923,4,10,Sunday,March,1,2015
4.5,0.3490302718096606,1,16,Saturday,August,1,2011
12.5,4.099914794318567,1,21,Friday,September,0,2014
57.33,22.410752917114642,2,4,Thursday,October,0,2014
14.5,3.6217296579151164,1,16,Friday,May,0,2015
8.1,2.398453619264025,2,22,Saturday,September,1,2009
14.5,2.680173177487471,1,10,Wednesday,November,0,2012
17.5,6.456468703882098,1,16,Monday,August,0,2013
17.3,6.100532472814172,4,4,Saturday,December,1,2010
17.3,3.7030053407691765,2,20,Saturday,March,1,2009
10.5,3.9099726143875335,2,23,Thursday,July,0,2013
7.3,2.482499720721666,1,11,Saturday,January,1,2011
19.5,7.531224184975486,1,18,Tuesday,April,0,2014
7.0,2.12496973824441,1,23,Thursday,October,0,2013
11.0,2.7568885340895477,2,20,Friday,July,0,2013
8.9,1.8249723309231665,2,11,Thursday,October,0,2011
8.5,1.9891579600288707,1,20,Friday,September,0,2014
5.3,1.0903006633139043,1,2,Sunday,February,1,2010
13.7,5.309584009944978,3,18,Monday,March,0,2010
5.3,0.8934376972861217,1,13,Wednesday,December,0,2010
6.1,1.389779413894639,1,19,Monday,January,0,2011
4.9,1.078016905261781,1,23,Thursday,June,0,2010
7.0,1.2970045016526883,1,18,Monday,January,0,2014
18.67,8.072235326867311,1,7,Saturday,November,1,2010
5.5,0.6034804041145712,1,8,Monday,November,0,2014
8.5,3.188904767626737,3,16,Saturday,September,1,2012
8.5,0.8650306492226505,1,9,Friday,October,0,2014
12.1,4.026725747308499,1,11,Sunday,December,1,2009
11.5,4.378237466026192,1,3,Sunday,August,1,2013
4.9,1.0967868930477997,2,23,Friday,June,0,2009
6.0,0.8494857840880504,1,23,Saturday,July,1,2013
11.7,4.717453906133973,2,19,Friday,February,0,2010
6.0,0.911408407305797,2,17,Tuesday,November,0,2013
8.9,2.689434573811632,1,17,Tuesday,May,0,2011
13.0,3.09797816534102,1,15,Saturday,December,1,2014
11.5,3.5924758869348254,1,17,Saturday,September,1,2012
13.3,5.150793278264371,1,10,Tuesday,July,0,2012
13.0,3.3753092015326946,1,18,Saturday,May,1,2014
35.5,14.149130636559375,1,1,Monday,March,0,2015
4.9,0.9435305162528711,5,1,Friday,August,0,2009
14.1,4.493956801065922,2,13,Saturday,February,1,2009
11.0,2.864809742655405,1,20,Wednesday,April,0,2014
7.7,1.4156005096660553,1,10,Monday,February,0,2011
7.5,2.202469480585666,1,20,Monday,November,0,2014
9.5,2.248162888272427,6,22,Thursday,July,0,2013
11.0,2.9492361155803213,1,14,Sunday,December,1,2012
5.7,2.3889464260295434,1,15,Monday,July,0,2010
19.5,5.9373843189084745,1,10,Wednesday,March,0,2014
3.3,0.32397562020554976,4,12,Tuesday,January,0,2012
30.9,16.7059719888673,1,4,Thursday,July,0,2009
15.0,4.722480494232494,1,0,Sunday,April,1,2015
9.7,2.389177235469326,1,4,Friday,June,0,2010
10.5,3.0634227333117985,2,14,Wednesday,June,0,2015
3.5,0.2812243384341714,1,18,Tuesday,January,0,2013
12.0,4.018338809874414,2,11,Monday,May,0,2014
13.5,2.3733433112191937,1,8,Thursday,May,0,2015
23.0,5.2763885136522655,1,10,Tuesday,June,0,2015
10.0,3.5186032787820687,2,6,Friday,April,0,2013
17.5,7.052997779481217,2,22,Monday,December,0,2014
6.0,1.537881378087959,1,17,Monday,November,0,2012
4.0,0.7092296979691789,1,0,Thursday,August,0,2014
8.9,3.268834060672576,1,23,Tuesday,February,0,2011
6.9,2.442998897706101,1,21,Sunday,November,1,2011
53.0,3.773558589946469,1,21,Thursday,May,0,2009
45.0,23.105846049819885,1,7,Saturday,July,1,2012
4.9,0.6624801280687536,3,16,Friday,August,0,2011
16.9,1.3674104520391126,5,20,Wednesday,September,0,2010
5.3,0.7225562280767661,1,15,Wednesday,May,0,2009
49.8,19.860241311343163,1,12,Thursday,January,0,2012
25.0,8.102795684620204,1,4,Saturday,November,1,2014
8.9,2.1424230641678643,1,11,Thursday,December,0,2011
5.5,0.8274710993280985,4,20,Monday,September,0,2014
19.3,5.297873396633163,2,19,Saturday,April,1,2010
13.5,4.857179489718176,3,2,Sunday,July,1,2014
4.9,0.4999630542294047,2,2,Saturday,February,1,2012
4.5,0.9492804247947413,1,11,Friday,November,0,2009
14.9,5.260549001629588,1,18,Friday,May,0,2010
6.1,1.0869362548901116,1,20,Thursday,November,0,2011
19.3,7.344127131678534,1,19,Sunday,September,1,2011
10.1,3.3763956141771025,1,8,Wednesday,January,0,2010
12.1,5.260995114919698,2,18,Friday,December,0,2010
6.1,1.2727337803596495,1,15,Sunday,November,1,2009
15.0,1.9720327131162918,3,19,Sunday,December,1,2012
3.3,0.34869339070435806,4,23,Saturday,January,1,2012
4.1,0.799036423487451,1,21,Saturday,February,1,2011
4.1,0.7640489760825612,1,3,Saturday,January,1,2010
5.7,1.4162973120645275,1,20,Thursday,November,0,2010
25.0,9.985707849117949,1,0,Sunday,November,1,2013
7.7,0.9445610976889265,1,10,Friday,November,0,2011
8.5,2.528218275688977,1,15,Thursday,April,0,2009
3.3,0.5553409063256535,1,8,Sunday,January,1,2009
6.5,3.0428621192840093,1,7,Friday,April,0,2009
6.1,1.427957396603451,5,14,Thursday,August,0,2012
15.0,5.191850171361658,1,1,Thursday,March,0,2009
5.7,0.736680213290208,1,16,Sunday,February,1,2009
10.1,2.878761431594541,5,22,Wednesday,November,0,2011
8.9,3.4756282504667686,1,19,Tuesday,August,0,2012
6.5,1.6120543492040968,1,13,Wednesday,April,0,2009
8.5,1.775806127584948,2,18,Saturday,January,1,2015
21.5,4.054333499583127,1,18,Thursday,June,0,2015
7.3,1.571845654275286,1,16,Monday,May,0,2009
8.0,0.9115687403993563,5,23,Saturday,December,1,2012
6.5,1.1960059552445317,1,17,Wednesday,October,0,2011
13.3,3.720574607657291,1,9,Thursday,September,0,2010
18.0,7.337981628210699,1,4,Sunday,June,1,2013
6.1,1.7073656143163982,1,11,Thursday,April,0,2010
8.1,3.236949554916111,3,13,Sunday,January,1,2009
9.3,2.18350509943261,1,10,Monday,November,0,2009
5.5,1.6355331023078419,1,1,Saturday,May,1,2014
6.9,1.6096939775786478,1,13,Friday,February,0,2012
7.7,3.4234696848585098,2,18,Thursday,October,0,2009
4.1,0.5131177733233928,1,19,Tuesday,November,0,2009
8.9,0.051036277884621825,5,2,Friday,May,0,2012
6.1,0.8850536824790673,1,21,Wednesday,February,0,2010
11.7,2.8058547089443513,1,16,Saturday,June,1,2011
35.0,10.282223086556757,1,23,Saturday,April,1,2013
12.0,3.950883979680065,1,1,Thursday,May,0,2015
4.1,1.3470782488366981,1,6,Tuesday,September,0,2011
9.0,3.070762879691764,1,8,Tuesday,December,0,2012
27.0,9.655795645952571,1,18,Thursday,June,0,2013
16.9,8.10925750403854,1,1,Friday,August,0,2009
8.1,4.234993087756673,2,3,Sunday,August,1,2012
6.5,1.3090479401554642,1,12,Monday,January,0,2015
14.0,1.0883559663466826,1,17,Friday,November,0,2012
5.5,10.129076073744727,1,11,Saturday,January,1,2014
12.9,5.874371119858932,1,22,Thursday,October,0,2009
9.3,2.649033799711776,1,19,Tuesday,November,0,2011
4.1,1.2345732233128708,1,20,Sunday,August,1,2011
10.0,2.6505202031123303,2,2,Saturday,October,1,2012
9.5,2.8066085031435706,1,6,Monday,February,0,2015
5.0,1.1279462634151278,1,9,Saturday,October,1,2012
5.7,1.2864162849385516,1,12,Tuesday,August,0,2011
4.0,0.32103632804792775,5,2,Sunday,August,1,2014
4.0,0.6176344699820165,1,19,Wednesday,April,0,2015
10.1,3.0897294330933174,1,8,Tuesday,September,0,2009
3.3,0.5945004558147222,1,2,Sunday,June,1,2011
5.5,0.9324884156945756,1,7,Tuesday,October,0,2014
5.3,1.809773546290319,1,23,Wednesday,October,0,2009
6.5,0.9368057018952268,1,13,Wednesday,November,0,2010
4.9,1.280766650156468,2,10,Saturday,December,1,2009
6.5,1.2606947441850769,1,22,Saturday,July,1,2014
9.0,2.93972388469989,1,20,Sunday,September,1,2014
11.5,2.862649715183571,1,18,Saturday,March,1,2015
18.0,4.880055117195411,1,14,Wednesday,February,0,2014
9.7,3.1387986833572565,2,23,Saturday,June,1,2012
8.5,3.072539454565375,1,20,Thursday,January,0,2015
6.5,1.4566133036593683,1,14,Wednesday,September,0,2014
19.0,9.24045981578809,2,22,Thursday,February,0,2009
4.0,0.5537899208165805,1,15,Tuesday,July,0,2013
9.0,1.934653897829206,1,17,Wednesday,May,0,2014
8.0,2.6758844547323077,2,19,Saturday,August,1,2013
7.7,2.300709929354164,1,8,Tuesday,December,0,2009
4.0,0.7235595877004534,3,11,Friday,November,0,2012
54.16,11.45575710116735,1,7,Friday,September,0,2013
8.0,1.969084620713282,1,8,Tuesday,November,0,2014
12.0,3.745902456532602,5,8,Sunday,January,1,2014
8.5,2.9559078125527396,1,17,Tuesday,February,0,2012
7.0,1.3179768560340992,3,22,Tuesday,August,0,2014
9.0,1.864210549531104,1,20,Thursday,January,0,2013
10.9,4.5252531329976176,1,11,Tuesday,April,0,2010
5.5,0.947819916022132,1,12,Monday,January,0,2013
8.1,2.022736843254385,2,17,Sunday,December,1,2009
12.9,3.522360265948028,1,18,Friday,March,0,2012
28.9,13.301983432838759,2,21,Thursday,March,0,2009
6.0,0.29093065079387215,1,20,Tuesday,June,0,2014
6.9,1.1107093011044666,1,13,Tuesday,March,0,2009
5.5,1.1573651507387963,2,8,Friday,October,0,2013
3.3,0.1111472478076366,1,12,Monday,May,0,2009
7.0,1.1522119806897793,1,15,Friday,November,0,2014
8.0,1.6807770241211097,3,12,Sunday,January,1,2013
10.5,2.442163074047881,1,8,Tuesday,February,0,2013
3.7,0.5271728409197523,5,6,Tuesday,June,0,2012
6.0,1.2665679687713847,1,4,Friday,November,0,2014
3.7,0.8623547409794184,1,16,Tuesday,July,0,2012
3.7,0.7306163741982846,1,12,Saturday,March,1,2009
5.7,1.2778089782662039,1,11,Saturday,February,1,2009
10.1,4.40229164508017,5,5,Tuesday,August,0,2012
5.5,1.4053956725216123,1,1,Sunday,January,1,2013
6.0,1.3006302132444907,4,19,Wednesday,October,0,2013
5.3,0.7683084954482241,5,16,Wednesday,June,0,2009
12.5,2.569951563205943,1,12,Wednesday,October,0,2013
22.5,14.128812773573816,2,21,Tuesday,June,0,2012
13.7,4.996556502094493,2,21,Wednesday,December,0,2009
4.9,1.1526799935750562,6,9,Monday,July,0,2011
4.5,0.9641613572994433,3,20,Friday,December,0,2012
11.5,1.0602910234750629,1,11,Friday,April,0,2014
10.5,1.7750288072326599,4,12,Wednesday,October,0,2013
13.5,3.484974854329503,3,22,Friday,April,0,2014
6.5,1.956102973682612,2,16,Monday,October,0,2009
4.5,1.2402959300902257,2,18,Tuesday,April,0,2012
6.5,1.6358674526107366,1,14,Monday,July,0,2013
8.1,1.9539402488217779,1,16,Monday,October,0,2011
20.0,5.1265119705535325,1,22,Thursday,November,0,2014
8.9,1.4754946772203117,1,13,Wednesday,April,0,2010
5.3,0.902238627454573,2,21,Sunday,September,1,2009
17.5,6.4265798323314005,1,18,Thursday,September,0,2012
33.0,10.839246005808617,1,23,Sunday,November,1,2012
34.33,10.325968628717751,1,5,Wednesday,July,0,2014
16.5,4.375386156740887,1,9,Wednesday,October,0,2014
12.1,4.177299406246631,1,4,Saturday,May,1,2012
5.0,1.288284224538361,1,0,Tuesday,August,0,2014
4.5,0.9710893816150953,1,14,Friday,July,0,2010
4.1,0.5690680362663796,1,11,Thursday,January,0,2011
3.3,0.5744723382530295,1,16,Monday,February,0,2010
11.5,2.887768700835248,1,20,Saturday,March,1,2015
10.5,4.471310804955804,2,10,Sunday,June,1,2010
7.5,2.1220788377945796,1,19,Saturday,May,1,2015
4.5,0.8563504519552005,1,15,Wednesday,April,0,2010
14.5,2.91102234070125,2,18,Tuesday,July,0,2014
14.5,3.8937921330205123,2,7,Wednesday,May,0,2015
7.3,1.7787058469450887,1,7,Thursday,March,0,2010
5.5,0.6571090848971676,1,8,Thursday,April,0,2015
14.0,2.040989422427168,2,15,Wednesday,October,0,2014
6.5,1.7877692578484676,5,6,Wednesday,May,0,2015
4.5,1.035772007431526,2,12,Saturday,January,1,2012
9.3,3.2734164960042866,1,22,Saturday,January,1,2012
9.5,2.5398153959398146,1,10,Friday,December,0,2013
6.1,1.9484169683973274,1,12,Saturday,January,1,2011
5.3,1.453994740820138,1,13,Wednesday,November,0,2011
10.5,4.0138709950452585,1,1,Friday,May,0,2012
5.7,1.6475902535647977,2,7,Friday,October,0,2010
8.0,1.03296816420473,1,11,Friday,April,0,2015
5.7,1.7575445987699365,1,2,Friday,January,0,2010
22.0,7.977138494122126,1,22,Thursday,December,0,2014
9.3,2.3318737524278843,2,12,Saturday,August,1,2010
10.0,3.109275329518414,1,23,Wednesday,April,0,2013
33.7,15.280274476894016,2,17,Friday,May,0,2011
32.0,9.925116511141947,1,20,Friday,October,0,2012
22.5,7.992496893321311,1,1,Friday,October,0,2012
13.5,3.6409309304312214,2,10,Thursday,November,0,2012
4.1,0.774668034379288,1,6,Thursday,June,0,2010
10.0,1.4963225230708237,1,13,Thursday,January,0,2014
6.5,1.8502312421343552,1,15,Sunday,April,1,2009
57.33,22.837511275686175,5,21,Tuesday,December,0,2013
6.5,1.1830884254349168,1,19,Sunday,February,1,2013
7.7,2.673225340084514,1,10,Wednesday,November,0,2011
24.8,7.004763557718754,1,9,Wednesday,January,0,2010
37.33,8.544888687928335,1,15,Monday,May,0,2013
6.0,0.8407651930591838,1,15,Wednesday,June,0,2013
5.3,1.1266296704123695,1,3,Thursday,May,0,2010
3.7,0.48303809592985714,5,19,Wednesday,February,0,2010
6.9,1.62310244132458,1,10,Monday,March,0,2012
17.5,1.790628571577046,5,23,Wednesday,May,0,2014
8.0,2.2003025481846437,3,23,Tuesday,May,0,2013
12.9,4.063747976208375,1,0,Saturday,October,1,2009
6.0,1.0045655088478789,2,9,Thursday,December,0,2014
13.7,6.36460703657986,1,13,Tuesday,February,0,2012
7.3,2.2142481368359963,1,1,Friday,August,0,2009
6.2,1.049726355510633,1,21,Thursday,January,0,2009
18.5,8.480093045687148,1,14,Sunday,October,1,2014
7.3,2.3762790584207316,1,18,Wednesday,April,0,2010
5.3,1.5477836787787072,1,20,Friday,August,0,2011
8.1,2.3917849783595018,1,11,Wednesday,May,0,2011
9.7,2.0821435626518134,3,11,Thursday,December,0,2011
20.1,7.016918281679581,1,13,Saturday,April,1,2012
7.3,2.1702423956954817,1,2,Monday,February,0,2010
9.5,2.573913942441733,1,3,Saturday,October,1,2013
5.0,1.442665160878272,1,9,Saturday,March,1,2014
7.5,1.3564433430566765,1,7,Monday,November,0,2013
34.54,10.403242935108532,1,23,Wednesday,June,0,2015
4.1,1.434709892261372,1,17,Sunday,June,1,2011
19.5,7.229167067273715,6,7,Thursday,January,0,2014
3.7,0.7935611691861847,2,22,Saturday,August,1,2012
5.3,1.021630134433896,2,17,Tuesday,August,0,2009
76.5,16.854445665619394,1,14,Monday,December,0,2012
15.7,5.767574073722853,2,23,Friday,February,0,2011
7.5,2.0618474569385064,1,16,Tuesday,March,0,2009
12.1,3.660836633395399,1,21,Wednesday,October,0,2010
9.0,2.0496797982458483,1,0,Saturday,September,1,2013
20.0,5.278611850451927,1,18,Thursday,October,0,2014
8.1,2.529124828782298,2,1,Friday,November,0,2011
2.9,0.3916759336815145,1,0,Sunday,May,1,2009
6.9,1.3538703152289147,1,17,Saturday,July,1,2009
4.0,0.3934962624252778,1,19,Monday,March,0,2013
3.7,0.615756576813463,1,11,Wednesday,November,0,2011
8.5,3.028851217135981,1,6,Wednesday,August,0,2010
8.1,1.9425868807300715,1,14,Tuesday,February,0,2012
10.1,3.7193259574198287,1,1,Saturday,September,1,2009
4.1,0.954788351708457,1,21,Tuesday,April,0,2012
15.5,5.670601219773357,1,1,Friday,April,0,2013
5.3,1.507224071199463,1,19,Friday,September,0,2011
49.57,20.089516063951088,2,19,Thursday,June,0,2010
10.0,2.5039562748782815,4,20,Friday,February,0,2015
10.9,4.072648711741805,2,1,Monday,June,0,2011
8.5,1.7875008946904067,3,13,Tuesday,July,0,2009
15.5,2.6225725269400453,1,9,Friday,November,0,2013
23.0,6.798538835968474,4,18,Wednesday,April,0,2013
6.9,2.091031262553779,1,7,Friday,January,0,2009
4.5,1.1276552338790733,1,14,Sunday,February,1,2011
22.5,10.36711659975834,2,3,Sunday,October,1,2009
7.0,1.7494025632850574,1,22,Tuesday,November,0,2013
8.5,4.034343741093178,5,21,Thursday,December,0,2011
4.0,0.6712111940905895,1,10,Saturday,July,1,2014
4.5,1.8325783817965824,1,22,Wednesday,December,0,2010
8.9,3.0576414626697686,1,15,Wednesday,September,0,2011
12.5,4.386782497913122,1,21,Monday,March,0,2015
13.0,2.9873257541436558,2,19,Monday,September,0,2013
4.9,1.0967702941173711,3,22,Wednesday,December,0,2010
7.3,1.842349333866494,2,0,Sunday,January,1,2009
24.5,2.856905909060744,1,14,Tuesday,December,0,2014
4.1,0.8473165807069688,5,13,Monday,May,0,2009
14.1,7.164165281026578,1,2,Sunday,May,1,2011
4.5,1.189666368762755,2,20,Friday,July,0,2009
7.0,1.4310523284552343,1,14,Friday,December,0,2012
6.5,1.7973181391692399,1,12,Saturday,April,1,2013
8.0,1.1663354772110825,2,11,Sunday,May,1,2014
12.5,4.1161653916898215,5,0,Friday,June,0,2011
5.3,0.611782198939791,1,8,Monday,July,0,2012
10.0,4.04641910108435,1,11,Friday,November,0,2012
4.9,1.300850264627333,1,23,Wednesday,May,0,2011
18.0,7.334980643838479,1,22,Thursday,March,0,2013
6.0,1.1929884641295287,1,19,Thursday,May,0,2014
7.0,1.8788577322495728,1,14,Wednesday,December,0,2014
6.5,0.7590815715585365,1,14,Wednesday,August,0,2009
5.5,1.1622166753272216,3,10,Sunday,December,1,2012
4.1,0.5833466087316552,5,16,Sunday,April,1,2012
5.7,1.8593806201576724,2,20,Sunday,September,1,2009
11.0,1.8365042139934988,5,12,Wednesday,February,0,2015
5.5,1.3498192537162048,1,20,Wednesday,October,0,2013
6.1,2.0989888051778687,1,23,Thursday,March,0,2012
14.9,3.1298113006050228,2,16,Thursday,November,0,2009
16.1,1.0036528155462556,1,17,Monday,September,0,2010
16.5,3.0197928903566367,3,12,Saturday,November,1,2014
8.5,2.0792077814441448,5,11,Thursday,November,0,2012
3.7,0.7271115202864122,1,6,Wednesday,April,0,2009
7.0,1.3859155154291893,1,16,Monday,December,0,2014
5.0,0.9428631144947471,1,18,Saturday,February,1,2015
29.04,8.88848885961063,1,5,Wednesday,April,0,2015
7.5,1.5352948849856614,1,7,Sunday,December,1,2014
12.0,4.233610130425339,5,5,Sunday,October,1,2012
13.7,4.895877381703577,1,20,Monday,June,0,2010
12.5,4.898453937687673,5,9,Tuesday,February,0,2011
4.9,0.30014981471424934,1,18,Friday,June,0,2010
4.9,1.6871830453090488,5,16,Friday,November,0,2010
19.0,8.63902288808382,2,2,Friday,July,0,2013
15.5,4.8998207971340175,4,13,Friday,February,0,2015
3.3,0.7383152689489411,3,7,Wednesday,January,0,2010
7.0,2.0690931668631287,3,7,Tuesday,July,0,2014
8.1,1.6897512725448551,1,19,Thursday,May,0,2012
6.1,1.4260900491088089,1,20,Monday,January,0,2012
10.1,3.0319266722154894,1,7,Thursday,October,0,2009
3.7,0.5967420805277129,5,23,Friday,June,0,2010
13.7,3.465589336533914,1,19,Friday,November,0,2011
6.1,1.43667696743732,1,13,Wednesday,July,0,2011
4.5,0.8895796040280883,1,16,Monday,February,0,2010
6.1,1.46985842383155,3,15,Monday,June,0,2010
14.1,3.719106249993831,2,20,Saturday,June,1,2011
6.5,1.237962616358253,1,19,Friday,October,0,2014
4.5,0.7833424833160514,2,7,Monday,August,0,2009
8.5,0.6764383580347114,2,14,Sunday,March,1,2014
20.0,7.030968878731403,2,13,Saturday,December,1,2012
5.5,1.1502613984156036,1,17,Tuesday,October,0,2012
8.5,1.6750497768984092,1,16,Wednesday,March,0,2011
12.0,4.681147611824289,2,18,Saturday,August,1,2013
5.0,1.095408062556438,1,7,Monday,February,0,2013
6.0,1.0667218990797314,6,14,Wednesday,December,0,2012
8.0,2.107826264733578,1,11,Friday,June,0,2013
4.1,1.5523777515657669,1,7,Wednesday,September,0,2010
5.7,1.5307622182357257,1,21,Wednesday,February,0,2012
5.0,0.8154706205646881,1,17,Monday,December,0,2012
18.6,10.242716321179614,1,5,Sunday,January,1,2009
17.5,4.422566250215307,1,23,Friday,November,0,2013
10.0,1.8288862625343782,1,22,Thursday,September,0,2012
20.0,7.960563070039412,1,6,Wednesday,September,0,2014
5.5,1.2265891826634678,1,10,Saturday,December,1,2012
6.0,1.5795913601969926,6,14,Sunday,March,1,2015
6.5,0.5935914893952396,2,21,Tuesday,July,0,2013
6.0,1.699782712218401,1,19,Monday,December,0,2014
6.5,0.9563987834021178,1,17,Saturday,February,1,2011
22.9,5.192630709230276,1,14,Saturday,June,1,2009
15.3,4.758421300880718,2,12,Saturday,November,1,2011
8.0,2.0707191994189666,4,19,Saturday,November,1,2013
10.1,2.1375920198077787,1,8,Saturday,December,1,2011
7.3,2.6685019248845423,3,0,Thursday,March,0,2009
10.9,3.98570669419289,1,12,Sunday,October,1,2010
6.5,1.0051706684097053,1,18,Sunday,January,1,2012
5.0,0.7567098447730458,1,7,Friday,October,0,2013
4.1,0.9937946517215741,1,1,Wednesday,October,0,2009
9.5,2.050781847999265,1,0,Sunday,September,1,2013
10.5,4.992513455635668,3,1,Friday,December,0,2010
9.5,1.4331516958843833,1,20,Tuesday,December,0,2014
5.7,1.2002121842411608,1,16,Saturday,February,1,2011
26.9,11.145182427215286,1,3,Sunday,August,1,2010
7.0,1.6275928898925134,2,22,Friday,July,0,2013
7.3,1.7554613880467633,1,15,Sunday,July,1,2012
5.3,1.7226797352135417,2,9,Tuesday,March,0,2009
8.5,2.5103684929421743,1,23,Thursday,October,0,2012
6.3,0.03857898947735353,1,19,Thursday,October,0,2009
8.0,1.2082170134905832,2,9,Saturday,August,1,2014
3.5,0.8804779909802389,5,11,Sunday,October,1,2012
9.0,2.1563474816555153,1,20,Friday,March,0,2014
6.1,1.97139523974785,1,7,Thursday,April,0,2009
14.9,6.593814978257637,2,13,Friday,February,0,2010
13.7,1.6722209106320916,3,19,Tuesday,July,0,2012
28.94,11.656187548192895,2,16,Saturday,December,1,2014
32.5,16.120218760733138,1,22,Thursday,April,0,2011
6.5,1.2675609357950586,1,10,Tuesday,June,0,2012
4.9,1.2926540330088028,1,13,Wednesday,September,0,2009
13.7,4.964352129213219,3,15,Wednesday,June,0,2011
17.0,6.772585813590111,1,20,Tuesday,March,0,2015
6.5,2.3289762522707744,1,7,Monday,February,0,2009
7.1,1.5161343041059157,1,20,Thursday,January,0,2009
5.3,1.1453580643252972,1,14,Wednesday,October,0,2009
4.5,1.144454549708648,1,19,Saturday,June,1,2010
8.1,2.7553287863416127,1,14,Wednesday,June,0,2010
6.5,2.310565950307236,1,23,Wednesday,August,0,2009
11.3,5.34014420096209,1,9,Wednesday,June,0,2012
9.3,2.529662792352188,1,15,Wednesday,April,0,2012
5.3,1.2409805022124507,1,12,Wednesday,September,0,2011
9.5,2.9129788369034415,1,14,Saturday,January,1,2013
4.5,0.8561692199185241,1,16,Thursday,November,0,2009
22.9,1.4172972004603828,1,19,Thursday,May,0,2012
3.7,0.7278117576882325,1,12,Friday,February,0,2009
10.1,3.0833281893355786,1,11,Wednesday,August,0,2009
3.3,0.2941784798042026,1,4,Monday,August,0,2009
6.9,1.7917962109859404,1,21,Friday,December,0,2009
9.7,2.972680299690466,1,10,Saturday,December,1,2011
14.0,4.685068794054861,1,1,Sunday,October,1,2012
6.5,0.9932186131317761,1,18,Friday,December,0,2009
10.1,3.586152647499996,1,22,Thursday,December,0,2009
8.1,2.472065554925174,2,18,Tuesday,March,0,2009
4.9,0.9820800140692345,1,21,Friday,May,0,2010
8.1,2.2953623675502204,1,13,Monday,October,0,2010
5.0,1.3940553951509995,1,15,Tuesday,November,0,2013
10.0,3.7378092445193,1,3,Sunday,October,1,2012
4.5,0.5861197465800655,1,11,Thursday,November,0,2012
9.0,2.3662320935547143,2,17,Saturday,March,1,2013
24.27,8.558378132732264,1,4,Monday,November,0,2010
10.0,1.796166736113553,1,11,Saturday,May,1,2015
15.0,4.295583608527958,5,18,Saturday,October,1,2013
12.9,4.401699060715296,1,11,Sunday,March,1,2009
5.5,0.9909902459262978,1,2,Friday,March,0,2014
7.5,1.8144824168655986,1,7,Thursday,April,0,2013
9.3,2.0019831102857997,2,14,Tuesday,June,0,2011
9.7,3.584856141512739,1,21,Thursday,March,0,2012
17.3,5.6341544744949985,1,11,Thursday,December,0,2011
9.3,2.7270603665036384,4,12,Sunday,February,1,2011
14.0,2.8816065328819094,2,10,Tuesday,November,0,2014
8.9,4.1364282748282415,1,22,Saturday,March,1,2010
9.3,1.1237537863324618,1,8,Thursday,December,0,2009
13.5,3.5005156007454605,1,21,Monday,November,0,2012
18.27,6.748830869783828,2,6,Sunday,October,1,2010
15.0,4.947319084231662,1,5,Sunday,April,1,2015
12.0,4.554184495532938,1,21,Sunday,September,1,2013
15.5,3.446822598254191,1,18,Sunday,May,1,2013
7.7,1.833600948007924,1,8,Thursday,December,0,2010
5.5,1.8889549619669028,2,6,Thursday,February,0,2013
16.1,7.220201237715044,2,15,Saturday,October,1,2010
6.9,2.0255847477650732,3,20,Thursday,February,0,2011
14.0,4.529579936163645,1,0,Wednesday,July,0,2014
8.0,1.3111837444676757,2,18,Friday,May,0,2014
13.7,6.654896755625525,1,21,Wednesday,August,0,2010
6.5,1.69005745987229,1,0,Wednesday,October,0,2013
4.9,1.1629895792646037,1,16,Sunday,September,1,2011
10.0,1.5568223661483225,4,16,Wednesday,December,0,2013
11.3,3.788827577983615,1,13,Saturday,October,1,2010
4.9,0.9250319880961945,1,14,Friday,June,0,2010
20.9,10.123849219020208,1,22,Tuesday,June,0,2012
16.1,5.975812994311842,1,10,Monday,June,0,2009
7.7,0.910461507320904,1,11,Wednesday,April,0,2011
9.7,1.8468774731178021,2,21,Saturday,February,1,2012
5.5,0.8815462904995056,1,22,Monday,December,0,2013
5.3,1.4307914501041301,1,16,Tuesday,January,0,2010
3.7,0.9347441937392325,1,4,Sunday,February,1,2012
5.7,1.714029794864178,1,14,Friday,December,0,2010
14.9,6.162492048980359,1,18,Saturday,March,1,2012
7.5,1.0437962695974226,1,16,Friday,December,0,2013
8.9,1.9176924970835536,5,17,Sunday,March,1,2009
8.5,2.7687734581836976,5,23,Thursday,March,0,2011
11.7,4.785517985927572,1,0,Saturday,February,1,2012
8.1,2.3717877124805664,1,3,Sunday,September,1,2011
12.9,5.82681319077146,3,19,Tuesday,December,0,2010
9.5,0.8814447531690259,1,9,Tuesday,January,0,2014
10.9,2.681473343365376,1,17,Thursday,May,0,2012
4.0,0.4900252919911115,2,0,Tuesday,October,0,2014
6.0,1.0949887093975752,1,9,Friday,February,0,2014
25.05,7.300104071066966,5,15,Sunday,February,1,2009
27.33,6.341809867713707,1,6,Wednesday,September,0,2013
4.1,1.2002936940893851,1,16,Sunday,May,1,2011
11.3,2.1980868409496868,1,12,Thursday,November,0,2011
23.0,7.90974669646836,1,19,Monday,May,0,2013
6.9,1.3748777020851777,1,10,Tuesday,July,0,2011
11.7,4.672313915945499,1,23,Tuesday,December,0,2009
57.33,21.82535771299013,1,9,Monday,September,0,2013
12.0,3.9411198179865465,2,16,Friday,April,0,2014
5.3,1.0000506847981592,1,9,Wednesday,January,0,2010
13.5,3.362659237471755,5,12,Sunday,April,1,2013
5.0,0.9912775032816734,3,14,Thursday,October,0,2013
5.0,0.6319574880145808,3,23,Sunday,November,1,2013
8.5,2.4898400950514668,1,22,Monday,November,0,2010
6.1,1.5297095346616583,2,22,Friday,February,0,2011
4.1,1.061105522010764,1,5,Friday,October,0,2010
37.0,11.686637067354445,1,4,Tuesday,April,0,2014
13.0,3.574307544671257,3,22,Friday,April,0,2014
5.7,1.4898039759037192,1,0,Wednesday,July,0,2011
7.7,2.5569329776889664,2,2,Saturday,December,1,2009
4.9,0.967013747616565,1,18,Tuesday,June,0,2011
8.1,2.9589120212974462,2,21,Sunday,December,1,2009
17.0,4.414774355924032,1,6,Saturday,July,1,2013
10.5,3.3274320605638654,2,19,Monday,September,0,2013
10.0,1.8282097917907103,1,14,Friday,October,0,2013
4.9,1.9746507114868461,1,9,Friday,March,0,2012
13.3,3.9743137394824615,1,21,Saturday,July,1,2010
13.3,4.014040062366334,1,18,Saturday,March,1,2011
12.9,3.292147559402809,1,1,Sunday,October,1,2011
32.0,12.493620215333143,1,22,Thursday,April,0,2013
7.3,0.9812624543089253,2,18,Friday,January,0,2011
10.1,1.049720644134092,2,20,Friday,October,0,2010
4.5,0.9886167746001251,1,10,Thursday,January,0,2011
5.7,2.198977904207529,1,20,Wednesday,February,0,2012
3.5,0.5647475085064065,1,20,Thursday,June,0,2015
20.0,6.749133628132156,1,2,Tuesday,November,0,2013
9.5,3.070617834617438,1,16,Wednesday,January,0,2013
19.3,6.682002557472646,2,17,Tuesday,December,0,2009
23.0,4.43791218577899,1,21,Saturday,March,1,2014
9.3,4.153660865212106,1,12,Monday,February,0,2011
8.1,2.5784325432218944,1,10,Wednesday,June,0,2011
11.5,3.3673084285129176,1,8,Friday,October,0,2012
6.9,1.6118000582703267,5,14,Friday,April,0,2010
10.9,5.3215020751786986,1,2,Saturday,April,1,2012
5.3,1.355394558348123,2,11,Monday,April,0,2012
8.5,3.2791794997346893,2,20,Saturday,February,1,2012
10.1,1.8888049366458775,1,12,Thursday,February,0,2011
3.3,0.598952671299715,3,7,Tuesday,June,0,2009
6.0,0.9923325809683441,1,14,Saturday,February,1,2015
30.83,7.24283883133086,5,13,Friday,January,0,2015
9.3,2.525578821867435,1,19,Sunday,March,1,2011
6.5,2.222805139399045,1,14,Sunday,July,1,2010
4.9,1.106345754281391,1,18,Tuesday,February,0,2011
8.9,2.1174904924255697,1,14,Thursday,March,0,2009
5.0,0.9014007092152975,1,4,Friday,August,0,2014
9.3,3.275675944442533,1,20,Monday,April,0,2012
4.5,1.162366776490024,1,12,Friday,September,0,2010
4.1,0.9086154276036499,1,13,Friday,January,0,2011
8.9,3.7199877702633994,1,16,Friday,March,0,2012
17.5,4.501622536715965,1,18,Monday,September,0,2014
9.3,2.660126379772002,1,10,Tuesday,February,0,2009
6.0,1.8188505927460612,1,2,Thursday,April,0,2013
7.0,1.5332484992132525,1,22,Thursday,February,0,2014
9.0,1.6316521025385338,1,20,Wednesday,September,0,2013
13.7,5.418315832902121,1,14,Friday,July,0,2010
3.7,0.8179227483521234,1,20,Thursday,April,0,2012
8.0,1.0478486537092568,1,9,Thursday,January,0,2014
9.0,1.7743414788277012,1,18,Saturday,July,1,2014
19.0,6.066002833109154,1,23,Monday,November,0,2014
10.1,3.9115172568214818,2,1,Tuesday,August,0,2012
9.7,2.5908675021439023,1,11,Wednesday,May,0,2010
8.5,1.7442460052296742,1,18,Thursday,June,0,2010
13.7,4.574534774985699,1,19,Wednesday,February,0,2012
10.0,2.5659409836521,1,11,Sunday,June,1,2015
9.3,3.5968072938999303,2,1,Saturday,June,1,2010
7.7,2.634402462128284,2,20,Wednesday,February,0,2012
13.7,6.058308466497213,1,22,Monday,July,0,2012
9.3,2.654420287535434,5,17,Thursday,February,0,2012
9.3,2.2775891082511817,1,15,Friday,February,0,2011
4.9,1.1563355622427074,1,21,Sunday,February,1,2012
7.0,1.1641027274273512,1,15,Sunday,December,1,2013
6.5,1.1630774430523088,1,21,Monday,May,0,2015
4.9,1.729978587958249,1,1,Friday,May,0,2009
6.9,1.0252100795781294,1,11,Monday,July,0,2011
30.0,10.991361934337771,2,23,Sunday,January,1,2014
16.9,7.2990609195860205,1,12,Friday,February,0,2011
4.9,1.1689244522556252,1,7,Wednesday,May,0,2010
6.9,1.8153895193402785,1,7,Friday,October,0,2011
6.5,1.6297622382068295,6,11,Saturday,October,1,2012
8.5,0.9084820014990689,1,12,Saturday,January,1,2014
5.5,0.7960144329280191,1,16,Thursday,September,0,2012
16.5,4.953608193253541,3,13,Sunday,May,1,2014
5.3,1.5264637919328183,1,2,Saturday,November,1,2011
6.0,0.7597312199598488,1,17,Wednesday,March,0,2013
7.0,1.5311827721862823,3,2,Saturday,December,1,2013
3.3,0.7117609533911693,1,10,Wednesday,December,0,2011
4.1,1.276609017880555,1,21,Monday,August,0,2009
7.5,1.7152886536624032,5,17,Wednesday,October,0,2014
4.5,0.7952754378227388,2,18,Friday,October,0,2013
13.0,2.135029275687741,1,12,Saturday,September,1,2012
6.5,1.2154847405554927,1,21,Tuesday,February,0,2014
4.5,0.26243620275265683,1,15,Monday,June,0,2010
4.9,1.8799990393670793,1,21,Wednesday,November,0,2009
4.9,1.031583162221685,1,12,Wednesday,May,0,2009
12.5,1.7066962777516987,1,11,Monday,October,0,2012
13.0,1.2342756676426785,1,17,Wednesday,November,0,2013
13.5,3.345206440308723,1,19,Tuesday,December,0,2012
11.3,4.26395234793683,1,11,Friday,April,0,2010
9.7,3.255791361011315,1,22,Friday,October,0,2009
8.5,1.58156739804142,1,15,Monday,May,0,2014
8.0,1.3191053931077603,1,14,Thursday,November,0,2012
11.5,3.6437625998132535,1,8,Thursday,February,0,2015
10.5,3.8294379368558373,1,9,Friday,October,0,2010
5.3,0.49175130456444566,2,14,Sunday,October,1,2011
3.7,0.6410440687200114,1,8,Saturday,August,1,2010
19.0,5.305422357601293,1,11,Saturday,February,1,2015
12.5,2.51346111529686,3,11,Wednesday,May,0,2011
66.67,20.00103586399391,1,15,Monday,August,0,2010
13.5,2.362925719721907,1,12,Tuesday,July,0,2014
2.9,0.09665613644353513,1,19,Tuesday,August,0,2011
8.9,4.0837120301697825,2,2,Saturday,October,1,2009
18.0,5.739031477360156,6,15,Sunday,November,1,2014
12.5,2.555736455111557,1,8,Wednesday,September,0,2013
15.5,4.382852411610714,1,14,Friday,March,0,2015
5.3,0.8873819981448006,1,14,Sunday,May,1,2010
8.3,2.93380962719249,2,18,Friday,March,0,2009
6.5,1.3079300016428868,1,18,Monday,June,0,2011
6.5,1.5825670824549756,2,10,Saturday,November,1,2011
8.5,1.18958910062271,3,16,Sunday,February,1,2014
45.0,20.226468428181846,1,19,Friday,July,0,2010
3.5,0.5491202440844453,1,8,Saturday,September,1,2014
10.1,3.577531168708361,1,8,Wednesday,April,0,2009
6.0,2.176698793925392,1,1,Saturday,March,1,2014
12.5,2.3339404107449626,1,16,Saturday,July,1,2013
15.5,5.474417030231525,1,22,Sunday,February,1,2013
6.5,1.4611052841589434,1,15,Saturday,December,1,2012
6.1,1.196212840714942,2,7,Thursday,March,0,2010
8.5,1.6091333948340496,1,18,Friday,July,0,2010
12.5,4.93668741140815,2,17,Sunday,March,1,2013
12.5,1.7804087664699446,1,12,Thursday,July,0,2014
11.3,3.599154184519846,1,12,Monday,May,0,2012
10.5,1.7589018707661823,2,13,Wednesday,May,0,2014
5.7,1.6050966077472844,1,9,Friday,August,0,2010
6.0,1.2325862257321107,2,21,Tuesday,June,0,2013
11.0,2.4787264493648213,1,9,Tuesday,May,0,2015
6.9,1.204663933384045,1,14,Tuesday,June,0,2011
6.1,1.0977969696375358,1,19,Saturday,October,1,2009
4.9,0.7919579692102869,3,0,Friday,November,0,2010
19.7,7.168681020224503,1,17,Wednesday,January,0,2011
8.1,2.9414323920629823,3,21,Monday,January,0,2011
6.0,0.6490615282937175,1,18,Wednesday,October,0,2014
9.7,3.4260144912986608,1,19,Friday,June,0,2010
26.5,5.093256996341535,1,16,Sunday,September,1,2012
8.5,2.793270873990675,1,22,Saturday,July,1,2014
15.0,2.7231820866474306,4,21,Wednesday,January,0,2015
12.9,2.5400286562375265,1,19,Wednesday,January,0,2012
8.9,3.7969783122342493,1,2,Sunday,May,1,2009
8.5,2.8593344251912143,1,6,Monday,January,0,2011
17.5,3.3146409533326926,1,17,Wednesday,November,0,2014
7.5,1.4671472058639548,2,15,Saturday,October,1,2014
5.7,1.8381998269504671,1,21,Tuesday,June,0,2010
32.8,10.769436287422444,2,9,Sunday,July,1,2010
16.0,3.1142186018794473,1,13,Thursday,April,0,2013
5.3,1.3820911735010826,5,1,Sunday,April,1,2010
7.3,2.4380714770373313,1,17,Friday,December,0,2010
13.7,4.84772502889879,1,7,Friday,July,0,2012
24.0,7.788134259057434,1,13,Sunday,October,1,2012
6.5,1.4171127536886936,1,14,Monday,April,0,2012
6.1,1.9345250147728195,2,12,Friday,December,0,2009
5.3,0.841669212374037,1,18,Saturday,June,1,2011
10.5,3.935939042657817,1,16,Thursday,April,0,2009
12.0,2.953780818165024,1,12,Saturday,April,1,2015
5.7,1.3407546008468683,1,8,Tuesday,January,0,2011
39.0,18.278412567587758,1,4,Saturday,December,1,2012
28.1,13.121121722753706,1,23,Saturday,June,1,2010
8.5,3.0612642814657303,1,0,Monday,October,0,2009
10.5,2.5393269179238236,1,10,Thursday,April,0,2009
15.0,2.2234725941180664,1,18,Friday,November,0,2013
8.1,1.9396497490665967,1,0,Tuesday,October,0,2010
15.5,3.2141301791537096,1,9,Thursday,December,0,2012
9.7,2.325555393937327,2,12,Tuesday,June,0,2011
7.3,1.1476140107372612,1,12,Tuesday,February,0,2010
6.5,1.4488528043893865,5,7,Saturday,April,1,2015
11.3,3.9611361171429103,1,12,Monday,September,0,2010
24.5,9.908336945054923,1,8,Monday,June,0,2015
13.3,1.2175286557567617,5,8,Thursday,February,0,2009
30.0,7.552189190478381,3,1,Sunday,March,1,2013
11.7,1.9721163475913215,2,18,Saturday,September,1,2010
9.0,2.090215476492935,4,10,Sunday,July,1,2014
49.57,20.971729378691936,1,17,Tuesday,January,0,2010
7.0,1.1882342326137705,1,12,Thursday,May,0,2013
11.0,1.463173708417132,1,11,Wednesday,October,0,2013
5.3,1.5309109867204707,6,3,Thursday,May,0,2012
6.5,0.7320655749600293,5,16,Saturday,January,1,2014
12.9,5.850926721127449,1,8,Monday,August,0,2012
6.1,1.9348672115725376,1,8,Friday,August,0,2009
24.5,9.69194029800689,1,22,Thursday,September,0,2014
6.9,0.3689561730319752,1,10,Wednesday,February,0,2009
11.0,1.890333833592873,1,15,Tuesday,June,0,2015
6.5,1.2499961514763696,1,11,Friday,October,0,2013
5.3,0.840022740725035,3,11,Monday,November,0,2011
5.0,0.592212117002315,1,16,Friday,May,0,2014
14.5,2.984167686952534,1,0,Thursday,June,0,2014
5.5,0.7791804123910906,1,15,Tuesday,December,0,2014
4.5,1.0812554414053057,2,15,Saturday,December,1,2009
24.6,13.019166327866408,2,21,Wednesday,February,0,2009
14.1,5.412425634904013,2,21,Friday,November,0,2009
7.3,2.1770985589231393,5,22,Friday,December,0,2010
7.3,1.3285018309905434,1,9,Tuesday,April,0,2009
8.5,2.814480046712879,1,21,Tuesday,February,0,2013
47.5,1.1429081532622678,1,12,Saturday,September,1,2013
5.3,1.3705926434037616,1,21,Tuesday,August,0,2011
7.5,1.0268891756477005,1,12,Monday,October,0,2014
8.5,2.036213067875021,5,12,Sunday,August,1,2014
7.5,1.6874516266678896,5,16,Sunday,March,1,2013
8.5,2.572664782503293,5,12,Monday,September,0,2011
13.0,5.5051012342282,1,3,Thursday,November,0,2013
11.0,2.644929306003269,2,22,Saturday,December,1,2013
5.7,0.18569987888373718,4,0,Sunday,August,1,2009
6.9,0.5633072411924188,1,10,Thursday,January,0,2010
8.0,2.1854133555218485,6,19,Monday,May,0,2015
7.7,3.069213031405955,1,14,Sunday,January,1,2010
15.3,6.185174969873627,1,9,Sunday,January,1,2009
16.9,7.953287112895432,1,23,Tuesday,October,0,2010
5.0,1.0079248683807023,3,20,Sunday,December,1,2012
10.5,4.654300600501215,5,3,Thursday,October,0,2010
6.9,2.252931297298624,1,9,Thursday,April,0,2012
29.3,5.945171593563855,4,10,Sunday,September,1,2011
4.5,0.5957025755428846,1,17,Wednesday,April,0,2015
9.3,4.1139407875968335,3,22,Wednesday,January,0,2012
6.0,1.2281641525001339,1,17,Tuesday,July,0,2014
11.7,3.907959792544861,1,19,Tuesday,May,0,2012
6.5,1.1796309682225445,1,20,Sunday,April,1,2015
20.1,6.150326268546632,1,16,Friday,April,0,2012
16.0,5.713418485999115,1,0,Thursday,November,0,2013
25.5,5.9754118670230385,1,22,Thursday,March,0,2014
6.0,1.1302991744981696,1,20,Wednesday,June,0,2014
7.7,2.3888903198152764,1,2,Sunday,February,1,2012
7.5,1.1165761983262654,1,14,Wednesday,April,0,2013
7.0,1.7813134603516376,1,9,Sunday,August,1,2014
9.0,2.668459509764315,1,17,Saturday,November,1,2013
6.1,1.4894764967254992,1,19,Wednesday,June,0,2009
10.1,3.1045676129304556,5,20,Tuesday,May,0,2011
7.7,2.3293455625759782,1,0,Saturday,October,1,2009
12.5,1.656055072705017,2,17,Tuesday,November,0,2013
13.7,2.756309375590098,4,16,Friday,August,0,2011
4.1,0.4767851688756029,2,11,Friday,May,0,2010
6.5,1.5637707297005978,2,20,Saturday,January,1,2011
6.5,0.9329151848422202,1,6,Sunday,September,1,2013
10.1,2.5919635779015193,2,18,Thursday,September,0,2010
12.5,0.001458786240124164,1,15,Monday,October,0,2014
8.5,2.854059515583433,1,23,Tuesday,May,0,2010
8.0,0.9535618889632491,1,10,Wednesday,June,0,2013
8.0,1.1973247130323241,2,14,Monday,November,0,2012
5.0,0.767375491262161,1,9,Sunday,March,1,2013
6.9,1.7627296384749114,1,2,Saturday,October,1,2011
5.7,1.680713995573805,1,6,Monday,February,0,2012
19.0,6.185244186536008,1,16,Monday,February,0,2015
9.5,2.386864695553201,1,7,Wednesday,February,0,2015
8.5,2.756233206587233,2,17,Saturday,April,1,2009
4.1,0.5278223882069771,5,22,Saturday,June,1,2011
6.9,1.6084480510321273,5,12,Tuesday,October,0,2010
47.5,17.27009266061564,2,23,Thursday,February,0,2014
11.5,2.181844748795201,1,9,Friday,May,0,2013
16.0,4.379254581734025,2,9,Wednesday,November,0,2012
7.3,1.4730813247153627,1,17,Friday,June,0,2010
4.1,0.6952690954754605,1,10,Monday,July,0,2009
10.5,2.470559172357248,4,11,Saturday,September,1,2013
14.5,1.508388537261998,1,18,Friday,August,0,2013
9.0,2.561704901356987,1,22,Thursday,August,0,2014
21.5,8.31030117786003,1,21,Wednesday,July,0,2014
18.5,5.364136992831663,1,13,Monday,December,0,2012
7.0,1.8490851192682753,1,17,Tuesday,November,0,2014
32.5,9.946598481100025,1,11,Monday,June,0,2011
18.5,4.565426020842437,1,7,Wednesday,April,0,2014
7.5,1.6619159162002712,1,18,Thursday,October,0,2014
6.9,2.0211814527508674,1,17,Tuesday,December,0,2009
4.0,1.037964971605613,5,9,Tuesday,November,0,2014
4.5,0.4755373138818073,1,12,Thursday,April,0,2014
10.5,3.875079323202773,5,19,Tuesday,September,0,2013
12.0,2.729968169864052,1,16,Saturday,August,1,2013
6.1,1.6608181436211005,1,14,Saturday,October,1,2009
4.9,0.6683493892249446,1,0,Thursday,January,0,2012
4.9,1.54452634644667,1,18,Sunday,November,1,2011
6.9,1.719787020245806,1,9,Wednesday,April,0,2009
7.7,1.593487248590587,1,12,Tuesday,January,0,2012
6.9,1.581619960729109,1,2,Sunday,June,1,2011
6.9,2.241764089693161,3,22,Sunday,May,1,2011
15.0,5.75001427494671,1,21,Thursday,May,0,2013
27.5,9.647191718588997,1,1,Tuesday,June,0,2015
6.5,1.2632617743985504,5,23,Thursday,February,0,2015
9.0,3.3426929452048535,3,18,Wednesday,August,0,2013
4.5,1.215734773445337,2,15,Saturday,July,1,2012
12.5,3.1270291236316314,1,19,Saturday,January,1,2013
5.7,2.2873303492875587,1,15,Thursday,August,0,2009
7.3,3.213470703580371,1,18,Tuesday,February,0,2009
5.0,0.6666966428005667,1,18,Tuesday,June,0,2014
15.0,3.9743641677004824,1,13,Saturday,June,1,2015
18.5,0.22238830088360065,2,22,Wednesday,June,0,2015
9.0,1.1665336589254105,1,23,Saturday,March,1,2014
8.1,1.1540464935938173,1,20,Saturday,September,1,2010
6.5,1.345297618197567,2,1,Sunday,June,1,2011
11.0,4.885499239598951,4,14,Sunday,September,1,2014
16.0,0.06443487352455697,2,22,Friday,October,0,2014
17.7,8.64695175562712,2,3,Saturday,May,1,2010
4.9,1.1950935523428639,5,11,Friday,June,0,2012
14.5,3.8605139990402395,1,14,Thursday,August,0,2013
4.9,3.078628518031201,5,15,Tuesday,March,0,2009
8.5,2.0426003027692996,5,10,Friday,March,0,2013
9.3,2.6714007426415063,1,11,Wednesday,November,0,2009
10.0,2.5541876927093092,2,16,Wednesday,January,0,2014
3.7,0.4786345213753934,1,19,Sunday,May,1,2012
9.7,5.543009566524168,1,2,Saturday,May,1,2009
25.0,6.973439214053236,1,12,Sunday,April,1,2013
11.0,2.2824174762674394,1,17,Wednesday,June,0,2013
32.9,8.848800256295583,1,12,Sunday,May,1,2012
8.9,3.525598109115798,2,15,Tuesday,July,0,2012
10.5,3.211316465509918,1,19,Tuesday,August,0,2009
16.1,4.553828527362037,1,22,Friday,October,0,2009
4.1,0.8398554181307811,1,2,Friday,May,0,2011
6.1,1.3223783486274672,5,18,Wednesday,December,0,2011
48.83,13.582570713245799,1,8,Monday,December,0,2014
6.5,1.8185678189652466,1,23,Thursday,May,0,2010
41.5,13.525400248671977,3,23,Monday,December,0,2013
8.9,2.9174763161724093,4,0,Monday,June,0,2009
24.5,10.272736929647646,1,20,Tuesday,August,0,2012
6.5,2.1837153368497146,5,2,Saturday,April,1,2011
11.0,3.670739306954415,1,20,Tuesday,October,0,2013
5.3,1.7083529004106826,2,22,Friday,June,0,2010
11.0,4.435460148461157,4,21,Friday,November,0,2013
16.1,6.6412853107295815,2,10,Saturday,March,1,2009
5.7,0.2860257535876692,5,19,Saturday,May,1,2009
6.9,1.3376801853620368,1,14,Thursday,November,0,2011
5.3,1.5978318383794208,1,22,Saturday,September,1,2009
13.5,3.4319594361378067,1,16,Friday,April,0,2014
7.5,0.8723704726406293,1,11,Tuesday,February,0,2013
13.3,3.3419150243516116,1,12,Wednesday,December,0,2010
6.9,2.852231388021697,1,9,Sunday,December,1,2010
17.5,5.600540759849005,1,19,Saturday,February,1,2013
2.5,0.020398233259492162,1,13,Monday,March,0,2010
5.0,0.6236812962784016,1,0,Sunday,October,1,2014
5.0,0.5883477427519423,6,0,Saturday,March,1,2014
17.3,5.343117882669689,1,7,Tuesday,October,0,2009
8.9,1.4781472992059295,1,19,Tuesday,March,0,2010
12.5,2.7822727147654605,1,22,Saturday,October,1,2014
6.9,2.038070288695266,6,9,Wednesday,December,0,2010
9.5,1.9656395295944664,1,0,Friday,June,0,2015
5.7,1.2200353866346685,1,15,Thursday,April,0,2010
7.0,1.352471437042534,1,23,Friday,September,0,2014
7.7,3.665696301194599,1,13,Sunday,February,1,2010
6.5,2.1432007767789107,5,5,Thursday,July,0,2011
4.9,1.7056571200192396,1,21,Monday,March,0,2012
4.9,1.2937988760675396,2,21,Friday,August,0,2011
12.5,2.5105590188256164,1,18,Monday,December,0,2013
7.7,2.755774609401529,1,7,Friday,July,0,2012
8.1,0.9713928628683521,1,9,Friday,December,0,2009
8.5,1.4483143778665046,3,18,Sunday,September,1,2010
8.9,2.614273985896756,1,11,Thursday,February,0,2009
11.0,2.679225540314247,2,9,Tuesday,March,0,2014
5.7,0.21028436509381956,2,1,Saturday,April,1,2012
10.5,1.5052258541024008,2,17,Friday,January,0,2012
4.0,0.6819439197576752,1,14,Thursday,October,0,2013
10.9,1.880558224717871,4,20,Thursday,March,0,2012
4.0,0.7245336696132247,1,0,Monday,February,0,2013
6.5,2.207937609740632,2,22,Friday,October,0,2009
4.5,1.2185397009000691,1,1,Saturday,April,1,2014
4.5,1.2180812015400118,1,7,Monday,March,0,2015
4.5,0.4535955780679687,1,18,Friday,February,0,2014
15.5,4.86323787059737,2,21,Sunday,January,1,2013
3.5,0.4788750484586932,1,23,Friday,April,0,2013
13.0,4.120923507320854,1,1,Saturday,March,1,2009
10.9,3.82486838640813,3,10,Friday,December,0,2010
4.9,2.011680407985096,1,14,Wednesday,February,0,2009
5.0,1.017310746776,2,9,Wednesday,November,0,2012
11.0,2.1186104062625866,1,16,Tuesday,May,0,2013
4.9,0.6590068367878997,1,19,Friday,June,0,2011
4.9,1.1077044828739064,1,11,Saturday,April,1,2011
10.9,3.842388071358523,1,22,Friday,March,0,2012
9.3,2.5652340166717336,5,11,Monday,November,0,2010
7.3,1.079970549377001,1,17,Friday,November,0,2011
10.1,1.9307727772922683,3,21,Saturday,December,1,2010
29.0,8.86247594733731,2,22,Thursday,April,0,2015
4.1,0.7628283837974282,1,7,Monday,June,0,2009
8.5,2.463798615100196,1,22,Monday,August,0,2013
6.5,1.7879200466702925,1,23,Friday,June,0,2009
6.9,3.5516648057366216,1,2,Tuesday,October,0,2009
12.5,4.239139362356014,2,0,Saturday,May,1,2010
4.5,0.9111416331397972,5,14,Saturday,October,1,2013
27.5,8.758676859544797,2,13,Saturday,November,1,2013
20.5,5.182667424222081,3,9,Thursday,November,0,2014
18.1,8.102885335838536,1,5,Sunday,September,1,2011
7.3,2.0264862925853473,5,13,Tuesday,August,0,2011
8.1,1.2784499897915917,1,12,Thursday,October,0,2009
6.9,2.7523276823071345,1,14,Tuesday,February,0,2012
7.3,1.4224891494525225,1,10,Wednesday,December,0,2011
14.5,5.382370746128887,2,13,Sunday,February,1,2012
8.5,1.4995422167140757,1,17,Monday,June,0,2014
11.3,4.6989943491404045,1,22,Wednesday,March,0,2011
10.1,4.218271331754279,1,18,Saturday,February,1,2010
13.5,4.752482772020069,1,1,Friday,October,0,2014
7.0,1.7598792244937331,1,17,Monday,October,0,2012
6.1,0.9141360004698866,2,23,Friday,December,0,2009
22.5,8.76913534977,1,22,Friday,March,0,2014
10.9,5.689142735436043,1,0,Wednesday,August,0,2010
12.5,2.6069454301032313,3,16,Saturday,June,1,2015
7.5,2.4240133453371526,1,21,Wednesday,August,0,2014
7.5,2.2057390419515706,1,11,Tuesday,January,0,2015
15.3,8.558409534825858,1,3,Thursday,August,0,2010
29.47,9.017823653795986,1,20,Sunday,October,1,2009
4.5,1.4504275205630501,1,21,Thursday,January,0,2011
10.1,2.9254640892845853,1,8,Wednesday,April,0,2011
11.7,3.42033853687445,5,12,Friday,April,0,2009
12.9,3.2447974105795683,1,13,Friday,January,0,2012
6.1,1.5740436342367612,1,17,Tuesday,June,0,2010
7.0,2.601894449753595,5,1,Wednesday,March,0,2014
4.9,0.66702180603055,3,19,Friday,April,0,2009
7.7,1.484322181623817,1,12,Tuesday,May,0,2009
13.3,3.7567475092433993,1,17,Friday,June,0,2010
21.33,7.432364917262772,2,0,Friday,March,0,2014
11.0,1.7434175551865094,2,19,Sunday,October,1,2014
5.3,1.9793644980343723,1,22,Thursday,April,0,2010
12.5,4.346107295090227,1,7,Thursday,April,0,2015
5.7,1.558967815625582,1,8,Thursday,August,0,2012
4.9,0.3606777589351852,4,8,Wednesday,August,0,2010
8.5,1.0824787958974695,3,2,Saturday,July,1,2012
11.0,4.83738181525427,1,0,Sunday,August,1,2014
19.5,8.560462517995362,1,1,Thursday,January,0,2015
6.9,2.6330232616922604,1,22,Friday,January,0,2012
18.5,6.184130366997055,1,10,Friday,May,0,2009
10.1,2.7282341600994453,1,20,Wednesday,May,0,2009
6.9,2.145000589943644,2,22,Monday,February,0,2012
10.5,4.501083718872599,4,12,Sunday,June,1,2009
4.5,0.4806924868522594,3,0,Sunday,February,1,2012
7.3,2.0980604949983013,1,9,Wednesday,February,0,2010
5.5,0.7414704434560315,1,9,Tuesday,July,0,2013
9.0,3.794790070885147,1,17,Thursday,April,0,2014
7.3,1.460180420272601,2,10,Thursday,July,0,2010
6.1,1.3061250320680844,1,19,Wednesday,March,0,2012
5.5,1.4176055680414779,1,20,Saturday,May,1,2014
4.5,1.0157771479799231,1,5,Tuesday,November,0,2009
17.0,4.2614358278066415,1,11,Tuesday,September,0,2013
16.5,3.710203783699823,1,18,Monday,March,0,2013
4.0,0.8793578043763534,1,0,Thursday,April,0,2013
15.3,6.203208163319694,1,14,Thursday,July,0,2010
12.0,3.749627293323243,5,2,Wednesday,January,0,2014
6.1,1.04983815471365,2,19,Monday,April,0,2009
18.5,6.467415901354468,2,0,Thursday,July,0,2014
7.3,11.068791479578694,3,4,Sunday,July,1,2012
6.0,1.2314467334973596,1,20,Sunday,May,1,2013
11.0,2.7801898996712255,6,23,Friday,March,0,2014
27.33,4.171443581838943,1,19,Friday,December,0,2013
13.5,4.168464691667935,1,14,Saturday,February,1,2013
9.0,2.470516718239324,1,22,Friday,April,0,2014
10.1,3.274940327198246,1,17,Thursday,May,0,2009
4.5,0.8573958677282643,2,20,Saturday,July,1,2010
16.5,5.029698135200665,5,23,Friday,November,0,2009
57.33,22.21618125374949,1,7,Thursday,December,0,2013
7.5,1.7235557369996948,1,19,Tuesday,October,0,2012
5.5,1.8976277382804059,1,3,Sunday,June,1,2015
9.3,3.04603678217583,4,2,Sunday,January,1,2010
7.7,1.4014319264346238,1,0,Saturday,March,1,2012
22.5,8.655572741216034,6,18,Friday,August,0,2013
7.0,1.738692840808087,1,21,Tuesday,September,0,2012
6.0,1.4992311680911148,1,9,Tuesday,November,0,2012
10.9,3.123565484751863,1,22,Thursday,July,0,2012
26.5,7.0587305937928155,1,15,Wednesday,September,0,2012
8.1,1.647766462614584,1,22,Wednesday,July,0,2010
15.5,5.2870293530426045,1,2,Wednesday,April,0,2015
13.3,4.688503967894808,1,8,Tuesday,February,0,2010
6.5,0.9911172708926548,1,18,Sunday,February,1,2014
6.5,2.2512793886473608,1,1,Friday,July,0,2009
23.3,13.217409677281323,5,9,Saturday,March,1,2011
2.5,0.008063064964161499,1,7,Tuesday,February,0,2009
14.9,7.862308164856545,1,11,Thursday,January,0,2012
7.7,2.506909027504312,1,7,Tuesday,July,0,2011
8.1,1.9101526756737177,1,13,Wednesday,March,0,2011
6.5,1.522495711362039,1,11,Saturday,December,1,2010
17.5,5.127744061678117,1,13,Wednesday,February,0,2013
20.5,6.182572985917663,1,0,Friday,February,0,2013
10.9,2.860179185958696,1,12,Tuesday,August,0,2011
4.9,2.600280711702447,2,2,Tuesday,April,0,2011
20.5,4.919599454373949,1,9,Friday,April,0,2015
16.1,3.485157651801299,2,17,Wednesday,August,0,2011
5.5,0.94466412770508,1,20,Friday,May,0,2015
4.1,0.5419214164657539,3,14,Monday,June,0,2009
52.0,16.457323599963157,5,6,Friday,June,0,2015
8.1,3.0405973603780416,4,14,Wednesday,January,0,2010
7.7,2.2965798996488935,4,23,Friday,December,0,2010
7.5,2.616419940627427,1,6,Wednesday,August,0,2013
7.7,3.372341641427403,1,23,Monday,May,0,2011
13.0,4.317571252638208,2,9,Monday,October,0,2013
3.7,0.70601223973701,1,21,Monday,June,0,2012
49.8,20.110368224799426,6,5,Monday,November,0,2011
4.1,0.858057616172805,2,8,Thursday,May,0,2010
9.3,4.1158531809682675,1,13,Wednesday,August,0,2012
6.5,1.6993940876932676,5,14,Monday,June,0,2010
4.9,1.562902122012758,1,0,Thursday,July,0,2011
6.5,2.0830721425814254,1,2,Friday,October,0,2011
8.5,1.4985049571670737,1,11,Friday,June,0,2014
5.0,0.7645123449050821,3,17,Wednesday,October,0,2013
20.9,9.014647342429782,1,10,Sunday,April,1,2011
15.5,5.095955550025917,1,0,Friday,December,0,2012
5.5,0.7192770907069777,1,8,Wednesday,June,0,2015
7.3,1.5758723640676293,1,0,Saturday,November,1,2009
3.5,0.23399162661769854,1,8,Monday,September,0,2014
5.7,1.4018584378528378,2,18,Thursday,October,0,2010
19.0,6.482925496977604,1,11,Tuesday,December,0,2014
31.83,8.946313471167098,1,15,Tuesday,April,0,2014
6.1,1.703127680840325,1,21,Friday,February,0,2009
6.5,1.5442097756370445,1,10,Friday,October,0,2013
7.3,1.058576565010599,1,10,Tuesday,August,0,2009
12.0,3.289415219149529,1,13,Friday,December,0,2012
14.6,6.405536162135675,1,22,Friday,May,0,2009
10.9,2.88871150163931,5,12,Saturday,March,1,2011
5.7,0.9597232196006364,5,21,Saturday,June,1,2012
6.1,1.1004036962815165,1,16,Monday,June,0,2009
9.5,1.7295459988650916,1,13,Thursday,June,0,2013
9.3,3.092229353792528,2,12,Monday,March,0,2009
5.3,1.0856098659355078,1,8,Monday,November,0,2009
27.3,12.021418611358087,1,18,Saturday,September,1,2009
7.0,1.669702055756114,1,17,Wednesday,October,0,2014
16.1,5.849612880132779,1,21,Friday,February,0,2010
16.0,4.3759336954605486,1,19,Friday,February,0,2015
8.1,1.5604057686461608,2,13,Wednesday,August,0,2012
4.5,0.9797184077828353,1,22,Thursday,April,0,2012
4.1,0.5537769491924853,1,19,Thursday,May,0,2009
7.5,1.0499082303136997,1,12,Wednesday,October,0,2014
57.33,6.3741500287760084,1,7,Thursday,February,0,2014
5.7,1.9291352283488676,1,20,Friday,May,0,2012
5.5,1.5397512719691706,1,18,Tuesday,August,0,2013
2.5,0.03603819090086757,2,4,Saturday,February,1,2011
24.5,9.214172045387091,1,23,Wednesday,September,0,2011
5.7,2.2987900461583406,2,23,Friday,January,0,2009
5.7,1.6041733565149614,1,0,Thursday,November,0,2010
34.83,8.29621080629941,6,22,Monday,December,0,2014
6.5,1.5783548205862412,1,23,Thursday,August,0,2014
20.9,10.690442198250087,2,16,Friday,July,0,2009
4.9,1.5501863770483704,1,16,Thursday,April,0,2011
12.0,3.2596988579770723,1,15,Saturday,February,1,2014
14.5,5.459429825795959,1,1,Friday,December,0,2011
9.5,3.056913526651307,3,12,Sunday,October,1,2014
7.7,2.868974607260334,1,17,Wednesday,July,0,2012
6.5,1.9409938019548076,2,0,Thursday,March,0,2011
8.5,3.284436542682785,1,1,Friday,July,0,2009
3.3,0.24186999124902772,4,4,Sunday,April,1,2011
7.0,1.94175136487468,2,15,Saturday,October,1,2013
6.1,1.3732258241545956,1,20,Friday,January,0,2011
8.1,1.8241063073236743,1,18,Saturday,November,1,2010
4.5,1.425269605636874,1,3,Sunday,July,1,2009
12.0,3.97680476511149,2,21,Saturday,June,1,2013
7.7,3.068742394346817,1,7,Wednesday,July,0,2009
5.7,2.0382403674846103,1,22,Tuesday,July,0,2010
5.7,2.3679536868174065,1,22,Thursday,March,0,2012
15.5,4.179651071749772,1,19,Thursday,October,0,2012
8.0,1.6319976180318851,3,14,Saturday,February,1,2013
11.7,3.287465651736449,2,13,Saturday,January,1,2009
3.7,0.6382411226701993,1,21,Sunday,December,1,2011
12.1,5.006358893907726,5,7,Friday,October,0,2011
18.0,5.579543216147554,1,14,Saturday,May,1,2013
9.3,1.9061646864427346,1,15,Sunday,September,1,2011
4.9,2.138627788022053,1,4,Tuesday,July,0,2009
6.5,1.5634602863744065,1,13,Saturday,June,1,2012
16.5,5.713378007567323,1,23,Tuesday,June,0,2015
57.9,16.83467392631664,4,5,Monday,April,0,2011
15.5,2.4869719870318887,1,13,Tuesday,July,0,2014
5.0,1.100186683574818,1,3,Sunday,June,1,2014
4.9,0.89874705571507,1,9,Thursday,June,0,2010
16.0,4.050301944811585,1,7,Thursday,March,0,2014
5.7,2.598194795082439,1,17,Tuesday,November,0,2009
10.5,3.979124648917823,1,17,Sunday,February,1,2014
37.7,2.3014446496720624,2,17,Friday,July,0,2011
8.5,4.248150571448693,6,10,Saturday,February,1,2010
7.3,2.8171165344047018,5,23,Sunday,August,1,2009
9.0,2.7316970347905225,1,4,Thursday,June,0,2015
6.0,1.3904996463880752,5,13,Thursday,June,0,2014
5.5,1.1414977825483688,1,2,Saturday,June,1,2013
7.3,0.9034008924147373,1,20,Monday,September,0,2010
8.0,1.9654978822714146,1,1,Friday,September,0,2013
10.9,3.2419709493833637,1,20,Tuesday,March,0,2010
11.0,4.553873236007276,1,1,Saturday,February,1,2014
25.5,8.539777367207346,4,10,Sunday,February,1,2013
23.5,9.205654011413488,1,20,Sunday,September,1,2012
7.5,1.9890684458700687,1,11,Sunday,March,1,2014
10.5,3.7715761599581126,1,12,Tuesday,June,0,2010
8.0,2.1619726940436905,1,16,Monday,October,0,2012
5.7,1.5592132797853193,1,20,Wednesday,June,0,2009
4.9,0.9266103150604758,2,22,Monday,October,0,2009
5.0,0.881908427378142,1,12,Sunday,November,1,2013
6.5,1.175904158043197,2,19,Thursday,March,0,2014
31.7,7.867529739950242,1,8,Monday,October,0,2011
9.3,3.164877215189965,1,11,Sunday,October,1,2010
4.5,1.4681015605713112,2,1,Thursday,July,0,2009
8.1,3.1520637685960287,1,19,Tuesday,January,0,2010
16.5,5.96829205528592,2,17,Saturday,June,1,2012
40.5,14.922858381294102,1,6,Sunday,December,1,2014
8.5,2.3300081561593653,1,11,Friday,October,0,2009
10.0,2.5168906283700125,5,9,Saturday,September,1,2012
11.0,2.602773524703241,1,20,Saturday,November,1,2014
6.0,1.1595848672554274,1,7,Thursday,November,0,2014
4.9,5.6234610258264395,3,19,Saturday,September,1,2010
12.9,6.1199834837191815,1,2,Tuesday,June,0,2012
10.5,3.894990182066156,1,23,Thursday,August,0,2009
30.54,9.525784029894957,1,23,Friday,May,0,2015
14.5,4.155679046279579,1,4,Saturday,June,1,2014
8.5,3.929174660828044,1,9,Monday,January,0,2011
57.33,20.91757259399259,1,4,Friday,September,0,2014
8.5,2.767662910614694,1,10,Saturday,July,1,2011
11.5,3.7864922846315574,1,21,Friday,February,0,2015
13.7,5.25361100500051,1,13,Saturday,February,1,2009
12.5,3.341661724157782,1,19,Saturday,September,1,2012
12.5,3.9808526058899565,1,18,Friday,August,0,2013
49.8,20.208038273138296,2,20,Sunday,January,1,2012
5.7,0.8896695890083459,1,9,Thursday,November,0,2009
4.9,1.2356744284665695,1,19,Sunday,April,1,2012
6.0,1.2733541713905592,1,21,Friday,June,0,2015
5.7,1.2659397894910678,2,2,Thursday,January,0,2010
17.5,6.0623760250435135,1,15,Sunday,June,1,2014
8.5,3.237279538368188,1,15,Thursday,February,0,2012
6.1,1.7658972278423493,1,2,Sunday,November,1,2011
9.0,2.3317844194835824,2,20,Saturday,September,1,2013
18.9,8.957610375653667,1,21,Friday,September,0,2011
24.5,10.59381712965649,1,3,Monday,February,0,2013
5.0,1.6776718274364457,1,22,Tuesday,September,0,2014
9.3,3.5246603338438356,1,12,Wednesday,July,0,2012
13.0,3.898158650534585,2,17,Thursday,May,0,2014
17.0,5.0550971738060895,2,23,Sunday,June,1,2013
30.0,7.912229851417762,1,14,Thursday,October,0,2013
5.3,1.148503291789426,1,19,Sunday,July,1,2011
10.5,2.9620146736682806,1,17,Friday,November,0,2011
4.5,0.9082704879838027,1,12,Saturday,August,1,2014
7.7,1.7350065589188175,1,15,Monday,March,0,2010
8.5,2.0996562375146883,2,16,Friday,February,0,2015
17.5,2.916285950217932,1,18,Sunday,June,1,2013
10.9,3.53408886284052,5,12,Monday,January,0,2012
3.7,3.5217459357995,1,1,Sunday,September,1,2010
8.5,1.2952784438157148,1,12,Wednesday,March,0,2014
6.0,1.4814831777510495,1,13,Saturday,July,1,2013
11.0,3.951755953627172,1,15,Thursday,March,0,2015
8.9,1.9675508764810588,1,16,Friday,August,0,2011
11.5,3.6022550425710675,1,1,Wednesday,March,0,2015
10.0,1.884671134312812,1,0,Thursday,May,0,2013
3.7,0.6157968628892051,1,18,Wednesday,February,0,2011
5.7,1.3821270422913923,1,9,Monday,June,0,2009
6.5,2.1978532874279537,1,0,Wednesday,June,0,2010
4.5,1.1938630600900908,1,6,Saturday,March,1,2009
18.0,3.6324921147084313,1,10,Wednesday,September,0,2014
12.0,3.0257971307595426,1,12,Friday,July,0,2014
11.0,3.8228137186638236,1,15,Wednesday,March,0,2013
4.5,0.5630782646645921,4,12,Wednesday,October,0,2010
14.9,4.338563279819196,1,8,Thursday,July,0,2009
3.7,0.5642763146509445,1,3,Friday,August,0,2010
7.3,1.1930160046662772,1,10,Monday,October,0,2009
10.1,2.1245631234241418,1,18,Wednesday,July,0,2011
4.5,1.1633376912041344,1,12,Friday,May,0,2010
12.1,3.8701952186817272,1,8,Wednesday,July,0,2009
10.0,0.9165517721700726,1,17,Tuesday,December,0,2014
5.7,1.2166337341523863,1,2,Saturday,April,1,2009
19.7,3.960671620356162,6,17,Wednesday,March,0,2010
14.1,6.905881664078712,1,20,Wednesday,April,0,2009
8.9,3.5534602288439436,1,7,Tuesday,August,0,2012
14.5,4.273330598997083,1,6,Wednesday,October,0,2012
18.5,3.7790512798217732,1,7,Tuesday,November,0,2011
14.1,5.646546697597595,1,20,Tuesday,December,0,2009
5.7,1.9308642237154159,5,3,Sunday,September,1,2012
8.5,3.4924199271217122,1,0,Thursday,March,0,2010
6.1,1.884395909292927,1,18,Wednesday,June,0,2012
19.7,6.5497179386488495,1,0,Wednesday,July,0,2012
8.0,1.5400924122805721,1,11,Saturday,November,1,2013
4.5,0.8771545076318761,1,10,Wednesday,December,0,2014
3.3,0.6646326507103618,1,14,Sunday,June,1,2009
13.5,5.06899132073414,6,11,Monday,November,0,2012
12.5,5.754256256317987,1,13,Sunday,March,1,2009
4.1,0.43306748926958966,1,8,Friday,June,0,2012
18.0,4.614373254835636,3,18,Saturday,July,1,2014
13.3,6.809511859794779,5,18,Sunday,May,1,2011
5.5,1.003906732428106,1,17,Monday,February,0,2009
7.0,1.816714330356919,1,17,Tuesday,March,0,2015
8.9,4.047017697702841,1,22,Monday,April,0,2009
12.0,2.8283428563561497,1,19,Saturday,August,1,2013
4.5,1.0451325595373329,1,19,Sunday,February,1,2009
30.8,9.885426264794146,5,21,Wednesday,August,0,2009
8.9,3.276936066763742,1,15,Wednesday,April,0,2011
4.1,0.74044043177334,1,19,Thursday,December,0,2010
6.1,1.8789972936104173,3,9,Monday,May,0,2011
15.5,4.0676739562685755,1,11,Monday,September,0,2012
4.5,0.8194899178917309,2,18,Friday,February,0,2014
14.9,2.353397037485694,1,15,Tuesday,April,0,2010
8.9,2.4979543367792703,1,16,Friday,March,0,2010
17.5,6.622009270853368,1,10,Sunday,January,1,2014
12.5,1.0482539741567356,1,15,Thursday,August,0,2010
10.5,4.013982884796112,1,0,Friday,August,0,2009
8.5,3.533070206963083,5,8,Thursday,August,0,2010
5.0,1.4230302734433478,5,19,Sunday,May,1,2014
11.3,2.770008662048002,1,18,Saturday,September,1,2011
6.1,1.2996602797335142,1,16,Thursday,February,0,2012
5.7,1.191548476973039,5,19,Thursday,April,0,2011
28.5,8.902657275428083,1,22,Wednesday,March,0,2014
7.7,2.2966447692669747,1,19,Tuesday,May,0,2011
6.1,2.092780241010599,2,22,Friday,June,0,2012
16.5,4.6007676043670225,1,21,Thursday,September,0,2013
7.0,1.9250805235099115,1,22,Thursday,March,0,2013
13.7,3.2762985090252474,1,14,Wednesday,May,0,2012
20.0,5.515950787903394,1,18,Tuesday,February,0,2014
4.5,1.1555825482761517,1,5,Thursday,October,0,2013
6.5,1.4119681569654436,1,15,Sunday,December,1,2012
13.5,0.6922292395013842,1,13,Sunday,October,1,2012
4.9,1.596616028169491,1,20,Monday,December,0,2010
8.0,1.7159330768393206,1,7,Monday,July,0,2014
7.5,1.3023370222889326,1,15,Friday,May,0,2014
8.1,1.560198137805851,1,23,Monday,May,0,2011
24.5,5.883441604526585,6,9,Thursday,September,0,2013
10.5,1.8438049503587437,1,8,Thursday,September,0,2014
5.7,1.1523449839807733,1,19,Friday,December,0,2011
7.5,0.66571983714459,1,17,Friday,February,0,2009
7.3,3.13638145490778,2,19,Saturday,August,1,2009
14.5,6.108533918771599,2,11,Sunday,October,1,2013
4.5,0.6999216213423267,5,4,Sunday,December,1,2011
8.5,1.918505968985335,4,19,Friday,March,0,2011
10.1,2.55002448253241,4,8,Friday,October,0,2009
6.1,2.181015179090354,3,6,Tuesday,April,0,2010
8.5,0.93825637587091,1,14,Tuesday,June,0,2014
10.0,1.9156185943284776,1,7,Monday,November,0,2014
14.5,3.859564587119633,1,11,Saturday,February,1,2015
8.1,2.0131205415726496,1,22,Sunday,May,1,2010
15.7,6.462981988109902,1,14,Thursday,June,0,2011
42.04,9.277244481380466,1,9,Wednesday,April,0,2015
6.9,1.4081335948163047,1,14,Sunday,April,1,2011
9.3,2.6300730484337973,1,7,Tuesday,March,0,2010
26.5,10.304902182284529,1,23,Thursday,July,0,2011
10.1,3.4391888161133313,1,12,Sunday,April,1,2011
8.0,2.6090357766498298,1,20,Wednesday,December,0,2013
10.5,2.00099075748789,1,12,Wednesday,December,0,2014
7.0,2.2083232622638174,1,0,Saturday,September,1,2014
4.5,0.8481046700189763,5,13,Sunday,May,1,2013
5.3,0.854717576281038,1,18,Friday,July,0,2010
20.9,9.743645675482094,2,0,Monday,September,0,2011
6.5,1.1547782079061149,1,20,Wednesday,April,0,2014
11.1,2.611484640366273,1,17,Thursday,February,0,2009
10.5,4.146894519815358,2,20,Monday,May,0,2015
37.45,8.160034727669926,1,9,Friday,April,0,2009
8.6,1.9859061276672083,1,0,Saturday,February,1,2009
29.7,9.08273657596964,3,0,Saturday,February,1,2011
7.3,2.277293043205677,1,19,Sunday,January,1,2009
16.2,9.117556070560813,1,20,Saturday,January,1,2009
20.0,0.08013026755878995,1,15,Saturday,May,1,2014
6.9,1.04145225914512,1,2,Friday,January,0,2011
9.0,2.314204881792929,1,21,Sunday,October,1,2012
6.1,1.968242926208391,1,3,Sunday,April,1,2010
8.5,3.1661707030378197,1,19,Thursday,April,0,2011
7.5,1.8342105355604184,1,21,Tuesday,April,0,2015
4.5,0.9202124516209181,1,7,Monday,April,0,2011
4.0,0.8566206511865336,1,17,Tuesday,December,0,2012
5.3,1.5001843586010475,1,15,Thursday,August,0,2010
15.3,7.400676725277577,1,9,Monday,February,0,2009
3.3,0.43339709064801585,1,7,Thursday,March,0,2010
14.0,3.2133559504212026,1,7,Tuesday,February,0,2015
6.5,2.436827891545112,1,20,Monday,June,0,2012
22.5,6.459659153091077,1,13,Friday,May,0,2014
5.7,1.6134408762913122,1,13,Friday,January,0,2011
14.1,5.253620695147418,2,13,Saturday,October,1,2010
8.5,3.968294184872166,1,23,Wednesday,December,0,2013
8.5,2.7774582566877073,1,19,Sunday,December,1,2013
4.9,1.0028533154537673,1,23,Wednesday,April,0,2009
6.1,0.5681110526118095,3,13,Monday,January,0,2010
14.5,3.7404690996460035,1,20,Thursday,October,0,2014
5.7,1.8615169078866558,1,11,Monday,February,0,2010
45.0,19.526298808731656,1,7,Tuesday,October,0,2011
10.9,3.555972313364604,3,23,Wednesday,February,0,2010
38.5,13.957811124374736,1,20,Friday,March,0,2014
6.5,1.686140080083945,1,18,Monday,September,0,2013
4.9,0.9637743996394175,2,8,Friday,April,0,2010
5.3,1.094772862152625,1,22,Tuesday,October,0,2011
6.5,0.9989552872483065,1,16,Saturday,June,1,2011
45.0,19.417321790751725,2,23,Sunday,March,1,2012
7.0,1.2989129422216348,2,13,Saturday,June,1,2014
18.9,6.440488788316857,1,19,Thursday,September,0,2010
7.5,2.799449633931619,1,2,Saturday,June,1,2013
7.5,1.4739803162676863,1,10,Saturday,March,1,2013
13.0,3.260646278675967,1,19,Wednesday,April,0,2014
8.5,2.7087897293282364,1,2,Saturday,April,1,2010
8.5,1.8807390360298761,1,0,Sunday,October,1,2012
4.9,6.391011157369354,1,22,Thursday,September,0,2010
7.3,2.3703565797586394,1,22,Sunday,March,1,2010
5.0,0.8589877631779853,1,12,Sunday,April,1,2015
6.0,1.3511261280666844,1,19,Thursday,January,0,2015
15.5,3.244806127940711,1,18,Monday,April,0,2013
4.5,0.8971086099095017,1,18,Wednesday,March,0,2012
11.3,3.3821264467363514,1,8,Wednesday,July,0,2010
7.0,1.2912175755776516,1,20,Wednesday,May,0,2015
9.5,0.8245388431551338,2,17,Friday,August,0,2013
4.5,7.001687332362115,2,4,Thursday,September,0,2010
16.0,3.208538728044727,1,1,Sunday,November,1,2012
8.5,2.5090587164986444,1,11,Friday,May,0,2011
12.5,5.998220043198837,1,21,Wednesday,July,0,2009
8.1,3.851468065625315,1,0,Thursday,January,0,2012
4.1,0.8668590810601571,1,2,Saturday,May,1,2010
14.9,7.742996457782683,2,5,Tuesday,April,0,2011
14.5,3.0125703371359105,2,13,Monday,February,0,2014
9.5,1.3324193881243145,1,18,Thursday,June,0,2015
4.9,0.8356971490831685,1,7,Tuesday,June,0,2011
15.5,4.2948058072345745,1,15,Sunday,May,1,2013
15.0,5.060737421253092,1,0,Tuesday,September,0,2014
9.0,0.24825562736206336,5,18,Tuesday,September,0,2013
15.3,4.643837449791048,2,11,Friday,April,0,2010
10.0,1.8749723006900851,1,12,Wednesday,March,0,2014
5.7,1.6569535714580939,2,19,Saturday,November,1,2010
6.9,1.633399289940121,1,9,Saturday,April,1,2009
21.5,7.372907048999326,1,20,Wednesday,September,0,2012
11.5,3.117438440315061,6,20,Saturday,January,1,2014
4.9,1.7971136472325784,1,21,Sunday,March,1,2011
6.5,1.7263714161555248,1,12,Saturday,April,1,2009
21.5,7.9979515506782715,1,2,Wednesday,April,0,2014
12.9,5.103858093608599,1,14,Thursday,January,0,2012
4.5,1.1978834676296621,1,14,Monday,February,0,2009
9.3,3.1951179472628306,2,0,Thursday,July,0,2010
32.1,17.123237408600584,1,2,Wednesday,June,0,2011
10.9,2.970004643085202,1,10,Thursday,May,0,2012
28.1,9.999828984634652,1,13,Thursday,August,0,2012
8.1,2.474745214804967,1,16,Saturday,March,1,2011
4.1,0.8461441003943064,5,15,Friday,October,0,2009
57.33,20.35815825608258,1,12,Tuesday,August,0,2014
18.5,5.075562272885527,5,22,Monday,July,0,2013
38.5,12.50431856289044,1,14,Friday,October,0,2014
33.0,15.776935736538498,1,12,Monday,September,0,2014
6.5,1.2667302945655692,1,19,Thursday,February,0,2015
5.3,1.4827188509351414,5,8,Wednesday,November,0,2011
6.5,1.7218770650685429,1,7,Wednesday,September,0,2009
10.5,2.896236768172132,3,0,Saturday,December,1,2011
5.7,1.3143518823857208,1,19,Friday,May,0,2012
12.9,2.0741812354092786,5,1,Sunday,September,1,2010
8.1,2.2462687928180762,3,8,Tuesday,February,0,2009
30.83,9.86902344019629,1,11,Thursday,May,0,2014
13.0,3.8433742752653717,2,19,Friday,February,0,2015
13.7,4.804043838740087,1,8,Monday,May,0,2009
11.0,1.9176668670154178,1,10,Wednesday,May,0,2013
9.0,1.4934652304873142,1,0,Sunday,October,1,2013
40.0,13.619821063609269,2,15,Monday,October,0,2014
4.5,0.7433515605248564,1,18,Monday,January,0,2011
6.0,1.3227524557619494,3,16,Saturday,November,1,2013
5.7,2.008788666627942,5,23,Sunday,January,1,2009
10.5,2.9426941633124746,3,16,Friday,November,0,2012
56.33,8.48290322375285,1,11,Tuesday,July,0,2013
8.5,2.5655954351605237,5,14,Sunday,January,1,2013
7.5,1.8665809032029248,1,20,Friday,June,0,2014
11.0,2.60653659029757,1,16,Sunday,January,1,2015
9.0,2.2315987820730263,2,14,Friday,May,0,2013
10.9,5.818320767043364,1,7,Wednesday,June,0,2010
11.7,4.121864234725279,1,13,Sunday,March,1,2009
4.1,0.946783358799036,5,16,Wednesday,April,0,2011
12.5,3.3824690960126795,1,11,Tuesday,November,0,2013
4.1,0.8967018684045117,2,23,Tuesday,March,0,2010
9.7,1.8850264780508912,5,20,Saturday,December,1,2010
2.5,0.00025273982092256667,1,4,Tuesday,February,0,2013
23.5,6.105884199819843,1,20,Tuesday,November,0,2012
8.5,4.737267263965625,1,2,Tuesday,May,0,2012
27.7,9.687866100508659,1,8,Monday,October,0,2011
10.1,2.9935511394934253,5,1,Wednesday,March,0,2010
7.5,2.5073447508527256,5,23,Monday,February,0,2013
6.1,1.6439200129853448,2,19,Friday,September,0,2009
4.1,1.061179244856284,1,6,Monday,February,0,2011
3.7,0.6093887794887025,1,21,Monday,October,0,2010
5.5,1.3689152658668202,1,19,Wednesday,January,0,2014
13.3,8.597803358904466,1,0,Saturday,October,1,2010
10.5,2.6970442818595646,1,18,Tuesday,July,0,2014
9.3,3.329425870770827,1,20,Friday,April,0,2011
3.5,0.5278135867253424,1,17,Thursday,January,0,2014
17.0,4.72876263159311,1,19,Friday,April,0,2013
6.0,1.074767216953076,1,10,Saturday,November,1,2012
5.5,1.3615846162646703,5,10,Tuesday,July,0,2014
7.3,1.44646297601866,1,10,Monday,January,0,2011
12.5,4.975832402003824,1,9,Monday,November,0,2009
5.0,0.8124689075705929,1,17,Thursday,May,0,2015
5.0,1.1761644800499411,1,19,Tuesday,March,0,2015
4.1,1.0317076314999571,2,10,Friday,June,0,2009
5.0,0.9865714323622544,1,16,Tuesday,January,0,2013
12.9,5.666130614303636,1,19,Thursday,September,0,2011
3.3,0.2452757902264701,1,14,Saturday,July,1,2012
4.9,2.0035493707895053,1,15,Wednesday,January,0,2010
10.5,2.0634839326400356,1,21,Tuesday,April,0,2013
10.5,3.730070400078037,1,21,Wednesday,November,0,2011
6.1,1.6610212812105563,4,9,Thursday,May,0,2010
17.0,4.610281038968275,1,7,Wednesday,April,0,2013
7.7,2.4711317188982327,1,18,Sunday,April,1,2012
3.0,0.3320071210362897,1,19,Friday,October,0,2014
9.0,2.0086806362848546,1,18,Monday,December,0,2013
14.5,6.219510439290571,1,22,Friday,August,0,2009
9.7,1.3386062058345007,1,19,Saturday,March,1,2011
6.9,2.8122334078291344,1,22,Saturday,January,1,2012
13.7,5.772842056631687,1,7,Wednesday,October,0,2010
10.5,3.42226460815022,1,10,Saturday,December,1,2011
12.0,2.2107962281600204,5,15,Friday,December,0,2013
12.0,3.944900409112913,6,9,Wednesday,April,0,2015
4.5,0.8754069821664444,1,2,Wednesday,June,0,2014
8.5,1.726359762256069,2,8,Friday,February,0,2009
6.1,1.5238778561535695,1,8,Wednesday,July,0,2011
12.9,2.736812746612607,1,18,Monday,October,0,2010
5.3,0.6695169222119781,1,22,Saturday,November,1,2011
8.5,1.256938336256332,1,8,Tuesday,May,0,2010
6.5,1.8026119433902008,1,15,Wednesday,August,0,2010
4.9,0.9943191401947085,2,1,Saturday,June,1,2012
9.5,1.001958109700992,1,18,Tuesday,June,0,2014
4.9,0.6773707089296417,1,8,Thursday,March,0,2009
4.1,0.34542382801162935,2,9,Wednesday,December,0,2010
5.0,0.8394520705604543,1,12,Thursday,July,0,2014
5.3,1.0052054938032597,5,11,Friday,October,0,2010
12.1,3.775625663153078,1,21,Tuesday,March,0,2011
9.7,1.6364261192881941,1,14,Sunday,February,1,2010
8.5,2.749804278374444,2,22,Saturday,February,1,2011
6.9,2.3106329498041016,2,18,Monday,August,0,2012
19.0,4.597015485533687,3,22,Saturday,February,1,2015
5.7,1.733048442798136,1,20,Monday,December,0,2011
7.0,1.797622801718686,1,1,Saturday,September,1,2013
12.0,2.373915159782077,1,9,Monday,November,0,2014
36.3,9.86003847535925,1,22,Wednesday,September,0,2012
4.9,1.586439753956856,1,12,Sunday,May,1,2009
11.5,3.4150704197114385,2,19,Tuesday,November,0,2013
9.5,3.735798464981242,1,23,Sunday,April,1,2014
18.9,5.770622501775738,5,0,Sunday,September,1,2010
5.3,1.1731324273409,5,20,Saturday,January,1,2009
4.0,0.7502006376791557,1,14,Friday,August,0,2014
5.0,1.364633417488651,1,6,Wednesday,April,0,2014
7.7,2.31283375949115,1,1,Thursday,October,0,2009
8.1,2.7536311224363565,1,22,Wednesday,April,0,2010
6.6,1.6769665492935009,2,22,Saturday,January,1,2009
11.5,2.640473911546307,1,20,Thursday,February,0,2014
7.3,1.7351671258266599,2,13,Monday,April,0,2010
6.5,1.1751535054728595,1,17,Wednesday,March,0,2014
44.33,10.581304216696838,1,16,Friday,December,0,2014
4.5,1.3674993950356464,1,17,Sunday,May,1,2010
14.5,3.061427961896377,2,16,Saturday,June,1,2015
49.8,3.3165133548803842,3,5,Saturday,November,1,2011
6.1,2.1497957042400393,1,13,Thursday,April,0,2011
8.5,2.716765266370065,1,21,Saturday,August,1,2010
4.1,0.9951927633462417,1,10,Thursday,April,0,2009
7.7,2.360794927496343,1,14,Sunday,July,1,2010
7.0,0.8965934756789201,1,9,Wednesday,November,0,2014
4.5,0.7689350479181882,1,22,Saturday,April,1,2009
5.3,1.6035052316061518,1,14,Wednesday,April,0,2010
7.3,2.751056871739849,2,13,Monday,June,0,2012
15.7,7.044476157302488,3,3,Monday,September,0,2009
7.0,2.19172816756399,2,2,Saturday,May,1,2015
5.3,1.5830238460590464,5,3,Saturday,April,1,2009
11.0,1.742364224740618,1,9,Thursday,October,0,2014
6.5,2.1620701422862556,1,5,Wednesday,August,0,2009
4.5,1.4992035213584443,5,9,Friday,March,0,2009
4.5,1.0371013600115004,1,15,Tuesday,May,0,2011
6.5,1.474656358475228,1,14,Tuesday,June,0,2010
6.1,0.9099621769585092,1,18,Wednesday,March,0,2012
12.0,4.6954434755873775,1,7,Sunday,January,1,2014
49.57,20.564986981856865,1,4,Thursday,August,0,2009
19.3,8.191137172653535,1,21,Tuesday,September,0,2009
10.0,2.8107260975780353,1,18,Sunday,March,1,2014
6.1,1.25632338763981,1,8,Monday,October,0,2009
4.5,1.1696450452201281,4,12,Monday,September,0,2014
9.5,1.4269386239070048,5,20,Friday,October,0,2014
9.5,2.153758452818958,1,15,Wednesday,April,0,2015
7.0,1.3259053178476552,1,21,Thursday,October,0,2012
7.0,1.653692737285245,1,9,Tuesday,November,0,2012
19.7,7.019430784292192,3,12,Saturday,September,1,2010
6.1,1.6939229843076868,1,14,Saturday,February,1,2012
7.7,1.6355815098486197,1,18,Monday,April,0,2012
6.9,1.4383265277481014,1,15,Friday,October,0,2009
6.1,1.2470563618353623,1,11,Sunday,June,1,2012
7.0,2.4346651374042962,1,4,Tuesday,December,0,2014
12.9,5.307288467605581,1,0,Saturday,June,1,2009
19.5,5.406447038316889,4,21,Thursday,April,0,2014
6.5,1.221790518449458,1,22,Thursday,February,0,2013
7.0,2.4520173527654454,1,20,Thursday,May,0,2013
4.0,0.7955745971005197,1,10,Thursday,December,0,2012
20.5,9.464967124024565,1,6,Friday,June,0,2010
11.0,3.5583462583748364,1,8,Friday,February,0,2014
2.9,0.29235879532584297,1,21,Wednesday,May,0,2010
5.7,1.5781443969858018,1,15,Friday,August,0,2012
7.0,1.59446904716623,1,14,Thursday,January,0,2014
6.0,1.4268883444066247,2,23,Monday,January,0,2014
11.7,3.548182330117286,2,17,Saturday,June,1,2010
12.0,3.298570165717337,1,22,Friday,June,0,2014
17.5,6.22118509882012,1,20,Saturday,November,1,2014
18.0,3.814141402788819,1,18,Friday,September,0,2014
45.0,0.11933651016299912,2,15,Monday,December,0,2011
8.1,3.562157816705926,2,8,Monday,May,0,2011
14.5,5.040807506915379,1,20,Friday,August,0,2013
9.7,2.2998729694413362,1,11,Wednesday,May,0,2012
5.5,0.9861344764799941,1,11,Saturday,April,1,2014
15.7,4.507573895467459,1,19,Thursday,April,0,2009
39.5,14.372692843000024,2,15,Sunday,June,1,2013
7.0,1.5123489025915269,2,17,Thursday,September,0,2012
12.1,5.797367745482896,1,22,Tuesday,March,0,2011
57.33,20.480635887545343,2,21,Friday,June,0,2014
7.0,1.1562574744379863,1,11,Wednesday,March,0,2015
5.3,0.9336248134802232,1,13,Wednesday,November,0,2011
14.0,4.149107543798695,4,20,Wednesday,October,0,2013
5.7,0.9861048789573847,1,8,Wednesday,August,0,2012
16.5,6.146951349529031,2,23,Thursday,March,0,2015
13.3,7.769455204341776,1,6,Saturday,July,1,2009
10.0,2.9836283720281065,1,19,Monday,February,0,2015
18.5,6.305544435951364,1,20,Friday,May,0,2009
9.0,2.2546351385628096,6,19,Tuesday,September,0,2014
5.7,1.1747790479009284,1,15,Friday,July,0,2010
5.0,0.9365100678285991,1,22,Saturday,October,1,2014
5.0,1.1188568742310607,1,12,Sunday,April,1,2013
7.0,2.118045649759219,2,17,Sunday,March,1,2013
7.5,1.8619180604431491,1,18,Tuesday,November,0,2012
10.1,3.13865615850568,1,15,Wednesday,July,0,2009
7.5,0.33504874814134594,5,17,Saturday,January,1,2013
5.0,0.8644086925959361,1,7,Saturday,April,1,2014
7.7,2.0971702608060423,1,8,Tuesday,June,0,2009
6.9,1.9145514648213302,1,20,Monday,January,0,2012
9.5,1.7649394747600335,1,12,Tuesday,March,0,2013
10.5,1.8259306680582372,2,21,Saturday,April,1,2015
8.5,1.266494866744279,2,16,Thursday,July,0,2010
4.5,0.7383034723086299,3,21,Thursday,January,0,2010
21.7,7.845499866532644,2,7,Monday,January,0,2012
6.5,1.5551814477244192,1,19,Thursday,December,0,2011
6.0,1.112932517506033,1,10,Saturday,January,1,2015
10.0,2.1783276281431436,1,11,Monday,June,0,2013
4.5,0.8169486993047492,1,16,Friday,August,0,2011
4.9,0.8058618963647909,1,23,Friday,February,0,2010
20.1,3.738727808826962,5,21,Friday,December,0,2010
21.5,4.529483587168826,1,18,Tuesday,April,0,2014
10.0,2.607426589894144,1,17,Thursday,November,0,2012
16.5,6.799462337020848,1,12,Tuesday,February,0,2010
6.9,2.3903198452105063,1,8,Monday,July,0,2012
9.5,2.8697457063794536,2,23,Sunday,June,1,2013
3.7,0.9381940307811489,1,3,Sunday,October,1,2010
18.9,7.6333545798139735,1,7,Friday,May,0,2010
6.1,1.6260693401352995,1,23,Tuesday,July,0,2012
24.5,4.028435480043172,5,20,Saturday,December,1,2014
7.3,2.4617305647163725,1,13,Tuesday,December,0,2011
5.7,1.374658465155223,2,12,Wednesday,October,0,2011
5.5,1.178074883845921,2,1,Friday,November,0,2012
10.9,2.300727736720042,1,10,Tuesday,April,0,2012
7.3,1.6981582486674285,2,19,Saturday,October,1,2011
6.5,0.8455815847370893,2,21,Monday,December,0,2014
4.9,1.3342698500918675,2,15,Tuesday,May,0,2012
7.3,2.2961284215116065,1,14,Tuesday,February,0,2012
35.05,9.240851450106195,1,15,Friday,June,0,2009
16.9,6.426165513916676,1,11,Thursday,August,0,2010
17.7,5.861068627221875,2,17,Saturday,April,1,2009
4.9,0.8631257643872579,2,17,Thursday,March,0,2009
5.7,1.6851441046244608,1,20,Thursday,October,0,2011
15.7,5.668412372011298,1,18,Monday,August,0,2012
6.0,1.5107932727112101,1,17,Tuesday,July,0,2013
9.5,2.929919017577202,1,17,Wednesday,August,0,2013
6.9,0.58242773256266,1,9,Wednesday,October,0,2011
12.9,2.0277897632321085,4,21,Wednesday,May,0,2010
9.3,20.030668224466364,1,18,Saturday,September,1,2010
7.3,1.6571914951956699,1,12,Monday,July,0,2012
15.0,5.714054252107861,1,21,Friday,April,0,2014
10.5,3.9457219574395066,2,12,Saturday,April,1,2009
6.1,1.6062283146796408,1,21,Thursday,May,0,2011
12.5,5.014841274167996,1,12,Thursday,July,0,2012
15.0,1.2794387997581773,1,10,Sunday,February,1,2013
6.5,1.9739817672114313,1,17,Wednesday,December,0,2009
6.5,2.427909199684417,1,18,Saturday,January,1,2012
18.9,6.424534767070748,5,22,Friday,September,0,2011
11.5,1.37802755308945,1,19,Wednesday,August,0,2014
8.5,3.0387395781504103,1,23,Monday,January,0,2013
4.5,1.1142577624061092,1,8,Wednesday,April,0,2011
10.9,4.44514583424901,1,1,Saturday,August,1,2010
7.3,3.367918900740452,5,21,Thursday,February,0,2011
8.9,2.8007069402381326,4,6,Thursday,November,0,2011
11.0,2.5217528651361016,2,20,Wednesday,March,0,2013
7.3,2.7887661300794453,3,10,Sunday,July,1,2012
15.0,4.206157532718366,1,15,Tuesday,November,0,2013
23.5,9.873541193958834,3,20,Friday,June,0,2014
8.1,1.9247565112602194,5,7,Wednesday,September,0,2011
9.0,1.444514487510073,2,13,Thursday,April,0,2013
14.5,6.0618048724769835,5,23,Tuesday,March,0,2014
11.0,2.8103075471377905,1,14,Sunday,December,1,2013
8.0,1.9648063378252725,1,22,Tuesday,October,0,2012
28.5,8.034158081711343,1,12,Friday,October,0,2012
7.0,0.9334336374376809,1,19,Saturday,November,1,2014
9.7,4.196987197393371,1,1,Friday,August,0,2009
6.9,2.4291314743619257,3,1,Sunday,January,1,2011
6.5,1.3044266974531264,2,17,Saturday,August,1,2009
15.5,5.796698767136577,2,15,Monday,August,0,2013
4.5,0.9153210757075481,1,13,Tuesday,September,0,2011
20.0,4.893173152438915,5,11,Wednesday,August,0,2014
4.9,0.7050858469049617,1,21,Wednesday,May,0,2012
4.9,0.7237605767157762,3,10,Monday,November,0,2010
11.8,4.583283283088069,1,5,Saturday,March,1,2009
13.5,4.191915953516988,1,10,Monday,March,0,2015
23.0,7.987315503433973,1,7,Monday,August,0,2014
29.7,13.52420665575782,2,14,Sunday,March,1,2012
3.7,0.8722022494345469,1,18,Sunday,March,1,2012
11.5,1.591998946529617,1,15,Wednesday,July,0,2013
15.5,2.6587403824124163,2,19,Thursday,June,0,2014
6.9,1.7164146416848385,2,1,Saturday,March,1,2010
14.0,4.419044284715879,1,11,Saturday,June,1,2014
8.9,3.3220978729900987,5,2,Sunday,December,1,2010
12.0,2.915991664753334,1,8,Friday,July,0,2013
7.5,2.1749782410206606,1,22,Monday,May,0,2014
5.7,1.0446217438083656,1,21,Friday,December,0,2009
9.0,1.5801300210504148,1,12,Friday,April,0,2015
8.5,2.608738545318478,1,21,Wednesday,May,0,2012
4.9,0.9263572563294593,1,14,Sunday,October,1,2011
8.1,2.513586894462463,1,1,Sunday,March,1,2010
11.5,3.9981745001113564,6,14,Friday,October,0,2014
4.9,1.3544768033100627,1,21,Saturday,June,1,2009
6.5,1.2938232850371174,1,9,Friday,May,0,2012
22.5,7.881872054952047,1,18,Tuesday,March,0,2011
4.9,1.1031225326463239,1,7,Monday,May,0,2011
6.9,2.1736586323032796,1,18,Friday,February,0,2009
16.0,4.411788065605676,1,11,Thursday,March,0,2015
7.0,1.5352025690081896,1,13,Wednesday,July,0,2013
13.0,2.1390536393637043,1,9,Monday,April,0,2013
4.1,1.14622357496038,1,11,Thursday,October,0,2011
4.1,0.8494266325455433,1,9,Wednesday,April,0,2011
4.5,0.7070706181522396,1,13,Sunday,September,1,2012
4.5,0.9521309952020219,1,2,Saturday,April,1,2011
13.0,3.9564756139934416,1,0,Saturday,April,1,2014
15.5,3.754865678188658,6,18,Wednesday,October,0,2012
19.7,4.798315549769252,1,18,Tuesday,February,0,2012
11.3,1.7768876925966233,1,13,Wednesday,October,0,2010
9.7,2.87386178689341,1,19,Tuesday,August,0,2011
8.5,2.8731230012381106,2,17,Saturday,November,1,2009
5.5,0.9997734127780455,1,6,Tuesday,January,0,2013
20.5,9.2598281779891,1,19,Friday,May,0,2015
13.3,2.502225046482376,1,17,Thursday,December,0,2011
3.5,0.5724146005803498,6,15,Tuesday,January,0,2013
12.9,5.3708061784252585,1,22,Wednesday,February,0,2012
8.1,3.0930579901777695,1,0,Tuesday,December,0,2011
7.5,1.4745062076942077,3,23,Thursday,September,0,2012
8.5,1.9243829731467152,1,12,Thursday,August,0,2012
4.9,1.0101560204591795,1,6,Wednesday,January,0,2012
5.7,1.2314477151486076,1,1,Saturday,February,1,2011
11.0,1.7333053368027194,2,11,Tuesday,March,0,2014
4.5,0.022838235492325925,1,12,Monday,April,0,2010
5.0,0.42838842541948463,1,17,Thursday,May,0,2015
29.04,6.31033536885128,1,22,Sunday,May,1,2015
17.0,5.445944881561686,2,14,Thursday,December,0,2012
5.5,0.9821326510494366,4,16,Friday,January,0,2013
10.5,2.7774252135557917,1,16,Saturday,May,1,2013
5.5,0.3068047000232115,1,8,Tuesday,February,0,2014
12.1,4.331680884445897,1,19,Tuesday,May,0,2011
4.9,1.3070054428402773,1,4,Saturday,July,1,2012
6.0,1.231973281202881,1,12,Friday,February,0,2013
4.5,1.1615180508364193,1,10,Sunday,January,1,2014
10.9,3.0161554190372644,1,15,Wednesday,July,0,2012
9.0,3.2362713299764607,1,11,Monday,October,0,2012
19.0,7.646935555958179,1,2,Saturday,May,1,2015
12.5,2.9187531424942943,1,11,Saturday,April,1,2013
15.0,4.8754685821679224,2,18,Sunday,December,1,2013
5.5,0.830611123309502,1,10,Thursday,June,0,2015
13.7,6.310823091901759,1,14,Friday,February,0,2010
11.0,3.409598344026944,1,21,Sunday,November,1,2013
6.9,2.2220146779008547,2,20,Saturday,March,1,2010
19.5,4.272397696698741,1,11,Thursday,March,0,2015
4.9,0.5867733543579494,1,10,Wednesday,July,0,2012
12.5,3.481511927294674,1,0,Saturday,April,1,2013
15.0,6.055637091541665,5,7,Saturday,September,1,2013
7.0,1.5145238848095333,1,4,Friday,August,0,2014
5.0,0.9263994498709762,5,11,Sunday,February,1,2014
10.0,2.5362773854618075,1,18,Saturday,January,1,2013
18.0,5.757558310903184,1,8,Saturday,November,1,2014
4.1,1.093930745642939,1,2,Friday,August,0,2011
15.0,3.903313748838795,1,14,Friday,July,0,2013
2.5,0.09990247221451096,1,19,Sunday,June,1,2012
18.0,4.837739607786225,2,0,Saturday,March,1,2014
8.5,1.5452265778706853,1,18,Friday,November,0,2013
8.5,2.207585406434696,6,9,Wednesday,May,0,2012
4.5,0.7322142706088787,1,18,Monday,February,0,2011
8.1,3.175964528781649,1,20,Monday,January,0,2010
10.9,2.984914017416967,2,19,Wednesday,April,0,2011
4.9,1.6486245746522616,3,23,Saturday,May,1,2010
10.9,3.2842233974049506,1,22,Friday,October,0,2011
8.1,2.0532683326650414,2,12,Monday,February,0,2011
6.1,0.8515017488674235,2,18,Saturday,October,1,2011
9.3,0.9116137216197844,1,7,Tuesday,January,0,2011
3.7,0.854494814980377,1,8,Monday,July,0,2010
7.5,1.2611214359689384,1,20,Wednesday,June,0,2014
11.0,2.6076312554707184,2,21,Monday,January,0,2014
7.0,0.8566127170020992,1,19,Thursday,January,0,2015
3.3,0.7098807695622632,1,22,Wednesday,February,0,2012
10.1,3.088784690959443,4,13,Sunday,February,1,2009
6.0,0.6203664849441547,1,14,Thursday,December,0,2012
10.5,3.4368963554370313,1,18,Monday,February,0,2009
20.9,7.788366751614244,1,1,Tuesday,August,0,2009
10.5,2.890535387282253,2,1,Friday,March,0,2015
10.0,2.3190063490338666,2,21,Wednesday,October,0,2013
7.5,1.7118044929875722,1,7,Wednesday,July,0,2013
6.5,1.2842154046043757,1,7,Wednesday,September,0,2014
8.5,2.182742733237834,1,6,Monday,March,0,2013
16.1,7.091535585731114,1,18,Friday,December,0,2011
11.5,4.161076643129984,2,0,Sunday,September,1,2014
8.0,1.0774003264632657,1,12,Wednesday,April,0,2015
10.0,3.7312362331579245,2,11,Saturday,February,1,2014
4.5,1.5666070772868188,2,13,Saturday,October,1,2010
12.1,3.510179142961679,2,22,Tuesday,March,0,2011
5.0,0.22179046311779949,1,19,Tuesday,January,0,2014
6.1,1.7922884494171036,1,7,Tuesday,February,0,2011
8.5,2.749782249154642,1,7,Friday,August,0,2014
5.0,0.16373097201683873,2,21,Saturday,October,1,2012
6.1,0.930618617982261,1,11,Tuesday,October,0,2010
3.3,0.6682068179959119,5,16,Monday,October,0,2009
11.7,5.471820629583133,1,20,Tuesday,October,0,2009
16.9,7.551146284059869,1,23,Thursday,April,0,2010
3.5,0.6734211117288086,1,7,Friday,February,0,2013
6.9,1.5290357111506934,1,10,Saturday,November,1,2010
9.0,2.187126489010827,1,17,Wednesday,March,0,2015
8.0,1.647061739290234,1,0,Tuesday,January,0,2015
7.0,0.7472611780555296,6,11,Monday,June,0,2015
8.0,0.4659265620330494,2,2,Sunday,December,1,2012
7.7,1.4849493136335814,5,12,Wednesday,December,0,2009
8.0,2.4431208098508534,1,21,Tuesday,February,0,2013
28.1,8.579573303895726,1,13,Sunday,January,1,2011
7.7,2.4727250189486067,1,13,Sunday,March,1,2012
8.5,1.717999648907155,1,12,Thursday,August,0,2013
6.5,1.5690822833216456,2,13,Tuesday,November,0,2012
9.3,2.0590770178151816,2,18,Sunday,December,1,2009
14.9,4.5759581036023285,5,16,Wednesday,June,0,2010
6.5,0.6465673371152957,1,14,Thursday,January,0,2013
5.5,1.0607606853445475,3,21,Thursday,March,0,2014
26.1,9.23252342463212,2,11,Saturday,June,1,2012
13.3,3.4914512571029395,1,15,Wednesday,April,0,2011
47.83,8.408883765761368,5,11,Tuesday,March,0,2014
7.3,2.962878522326248,1,12,Monday,July,0,2012
49.8,20.349889681865548,1,6,Friday,September,0,2011
21.7,9.631396669597512,1,0,Saturday,May,1,2012
12.5,3.152668649951418,1,22,Saturday,October,1,2014
28.0,11.716578256494067,1,16,Monday,September,0,2013
3.5,0.7679533515671768,1,17,Sunday,January,1,2013
5.0,0.4180918055791365,2,1,Sunday,June,1,2014
26.5,0.960810683397221,5,14,Tuesday,May,0,2014
11.5,2.4449822543864883,1,0,Tuesday,April,0,2014
14.5,5.789278405406886,1,4,Wednesday,May,0,2014
3.7,1.2116144378489668,1,7,Thursday,March,0,2011
5.5,1.2276642094446204,1,12,Thursday,January,0,2015
6.9,1.0919209910303476,1,23,Friday,December,0,2011
4.1,1.0801630853806736,1,6,Monday,September,0,2010
13.0,2.4293637187493853,1,12,Wednesday,May,0,2013
4.5,0.638360598686253,2,15,Tuesday,November,0,2013
18.0,5.00604115141607,1,11,Saturday,May,1,2015
10.0,3.1394430335783,1,21,Sunday,February,1,2015
2.9,0.449076614567212,2,15,Monday,May,0,2010
4.9,1.679443386925609,2,18,Monday,April,0,2010
21.0,6.361191282108735,2,21,Friday,July,0,2013
23.5,8.809965436667072,1,23,Tuesday,April,0,2014
4.1,1.00143446065975,1,18,Thursday,January,0,2011
6.9,1.0619673246427157,1,8,Thursday,June,0,2010
7.7,1.5571616977068283,1,9,Tuesday,April,0,2010
13.5,3.998463907147196,1,1,Sunday,March,1,2014
17.7,9.399839060507494,5,8,Friday,August,0,2009
8.2,3.807841320039917,1,23,Saturday,March,1,2009
10.5,3.7945679472879914,5,19,Friday,March,0,2010
13.7,5.457526742102099,1,12,Wednesday,February,0,2012
7.7,3.5768095020272375,1,13,Thursday,September,0,2010
15.0,3.4005021495477505,2,11,Monday,December,0,2012
5.3,1.4836881950537106,1,9,Monday,July,0,2011
4.0,0.8311386441601183,4,21,Saturday,February,1,2013
6.1,2.05339325698981,5,7,Thursday,June,0,2011
9.7,2.3221363003197784,1,16,Friday,April,0,2009
7.05,1.9165864218971351,4,19,Friday,June,0,2013
4.5,0.7955124184781663,1,11,Tuesday,February,0,2009
10.1,2.1356709108299774,1,16,Tuesday,November,0,2011
7.0,1.7115118028211125,1,21,Saturday,June,1,2013
14.5,4.699512786104659,1,22,Tuesday,February,0,2013
4.5,1.0481826952888722,1,8,Wednesday,March,0,2014
6.9,2.7844534446454414,1,22,Sunday,June,1,2010
13.7,4.9536098891786855,1,16,Sunday,April,1,2009
20.1,8.891571146628136,1,18,Tuesday,January,0,2012
8.5,2.0509453536048996,1,19,Friday,September,0,2009
4.5,1.0754953762032828,1,8,Wednesday,May,0,2012
8.9,3.1610168901320854,1,20,Wednesday,November,0,2010
4.9,1.1377378347225366,3,16,Saturday,June,1,2012
7.0,1.9614511194609243,1,21,Saturday,March,1,2015
10.1,2.46124525032728,1,23,Friday,December,0,2009
6.5,1.8527699943786344,1,21,Tuesday,May,0,2011
20.1,7.643457668607634,2,13,Wednesday,March,0,2009
4.0,0.8325468608558079,1,20,Friday,December,0,2012
6.0,1.1957982164234415,1,22,Thursday,November,0,2012
45.0,20.404705361806375,1,14,Monday,December,0,2011
4.9,0.9048269060554381,1,22,Saturday,December,1,2009
11.7,2.3320943295468615,1,10,Sunday,October,1,2010
4.0,0.8155335750206761,1,12,Monday,December,0,2014
12.9,5.508994428331252,1,23,Thursday,July,0,2011
12.9,4.809610181570705,2,6,Sunday,December,1,2011
8.1,2.445289355502266,1,20,Wednesday,August,0,2009
5.3,0.8524294776233798,1,3,Thursday,November,0,2011
9.0,1.9890846198767314,1,10,Monday,September,0,2013
4.5,1.1460473144579715,1,10,Saturday,February,1,2011
5.0,1.3333210612509667,1,22,Saturday,September,1,2013
9.0,3.29708566526544,1,18,Tuesday,November,0,2014
6.1,1.7965566114937435,1,17,Tuesday,August,0,2012
5.3,1.1912433250801933,1,23,Saturday,August,1,2011
5.5,0.477301111094071,6,1,Saturday,April,1,2015
6.1,2.103257106703786,4,2,Sunday,July,1,2011
9.0,1.594071207979477,1,18,Friday,August,0,2014
12.9,2.5177471542522016,1,8,Thursday,November,0,2011
14.5,4.8756305893680265,1,6,Thursday,May,0,2014
14.5,6.868291982254418,1,16,Sunday,January,1,2010
12.1,4.941236273601469,1,2,Sunday,April,1,2012
14.0,4.627418838756011,2,18,Saturday,December,1,2012
4.9,1.3573213449230461,1,22,Wednesday,February,0,2009
27.33,5.979023395766103,2,0,Saturday,October,1,2014
7.0,1.8702741684612596,1,3,Friday,November,0,2013
11.3,4.527060828902842,1,13,Wednesday,May,0,2012
7.3,2.504728919154617,1,21,Sunday,January,1,2010
5.0,1.0334401165653326,2,6,Saturday,September,1,2012
9.0,1.970482693548829,1,20,Tuesday,January,0,2013
9.7,3.0804339169080177,1,11,Saturday,April,1,2011
12.0,5.120994858053966,2,2,Saturday,June,1,2014
5.3,1.4165339696999992,1,14,Wednesday,July,0,2012
10.5,4.097999907203823,1,19,Monday,December,0,2010
4.1,0.3831584994590737,1,22,Friday,July,0,2009
9.7,3.3330222579429614,2,16,Thursday,July,0,2009
12.9,3.384449829746171,1,10,Tuesday,August,0,2009
4.5,0.993245422081926,1,2,Thursday,April,0,2015
6.1,1.6967260239705058,4,12,Monday,December,0,2009
3.7,0.7009055637196165,1,21,Sunday,September,1,2011
6.9,1.5169850639585445,1,22,Sunday,February,1,2010
9.0,0.9680025587499783,1,11,Friday,August,0,2013
8.5,2.456775170150351,1,12,Tuesday,April,0,2014
6.9,2.533725090175447,1,0,Friday,June,0,2011
6.9,1.7914702885148814,1,11,Sunday,December,1,2010
6.1,1.6615272136209964,2,6,Wednesday,December,0,2009
9.5,2.3250442252522854,1,18,Wednesday,April,0,2013
6.5,1.0867577264583816,1,11,Monday,November,0,2009
4.0,0.8319531892160326,1,18,Tuesday,March,0,2013
12.5,3.6449486255365904,1,22,Friday,February,0,2014
14.1,5.040072601691443,1,18,Wednesday,April,0,2011
7.0,0.925961176007288,1,18,Wednesday,April,0,2013
8.0,1.670733705172053,1,17,Thursday,October,0,2014
15.7,1.5602980523464867,1,23,Friday,May,0,2009
6.9,1.7479035464854231,1,19,Friday,February,0,2011
8.0,2.075737817363724,1,13,Sunday,February,1,2014
5.7,1.7392132654845562,1,0,Sunday,May,1,2010
4.1,0.7853489137322028,1,22,Saturday,January,1,2011
6.9,2.405885814788126,1,17,Saturday,January,1,2010
26.5,10.585865770864537,1,22,Thursday,August,0,2010
7.3,1.9806567789587528,1,1,Sunday,May,1,2010
10.5,2.034038337328215,1,20,Sunday,June,1,2015
8.9,3.800945839586955,1,22,Sunday,June,1,2012
3.5,0.5404628601807083,1,2,Wednesday,February,0,2015
6.9,2.6662446396086303,1,18,Sunday,March,1,2009
20.9,11.02447077119581,3,0,Friday,September,0,2011
18.0,5.733606567042033,1,16,Friday,November,0,2013
9.0,1.5105412195873116,1,14,Thursday,January,0,2013
13.5,3.1712332411782795,6,23,Saturday,November,1,2013
5.5,1.2711830894327973,1,10,Tuesday,October,0,2012
14.0,3.054673501719443,1,17,Friday,October,0,2014
4.5,0.9447909535448286,1,1,Friday,February,0,2012
5.0,0.7727442266945773,3,20,Saturday,March,1,2013
4.1,1.0800825048481306,1,22,Friday,January,0,2011
9.0,2.1540580607265523,2,23,Tuesday,October,0,2014
6.1,2.591339186420262,1,8,Tuesday,August,0,2009
8.9,1.8188244297246154,1,13,Sunday,June,1,2009
31.33,7.6935153980799855,1,18,Saturday,June,1,2014
9.0,3.141933971828603,1,21,Friday,July,0,2014
6.1,1.9342319952223326,1,3,Sunday,August,1,2010
4.1,0.5502158287946181,1,10,Friday,February,0,2012
9.3,3.3192674524180115,1,11,Friday,February,0,2011
10.0,2.3873909238640176,1,7,Wednesday,May,0,2014
11.3,3.763775508818076,1,6,Wednesday,February,0,2012
9.0,2.1746093636221997,1,23,Friday,July,0,2013
27.7,12.454106534227604,4,23,Friday,December,0,2010
7.3,2.787145229473251,2,23,Saturday,August,1,2009
5.3,1.1110266356220597,1,23,Tuesday,March,0,2010
9.7,3.113314639772756,1,2,Sunday,February,1,2012
10.9,4.892190194301013,1,22,Wednesday,February,0,2012
4.5,1.2165655131916298,1,22,Thursday,November,0,2012
5.5,0.5550199656494093,1,17,Monday,April,0,2015
8.5,2.7569726688593548,3,23,Tuesday,March,0,2009
13.7,5.929058280056563,1,11,Wednesday,November,0,2010
6.9,0.8749819811898442,5,15,Tuesday,June,0,2012
9.0,1.0599575725019528,1,13,Thursday,February,0,2013
10.0,1.3449360774335157,1,10,Thursday,December,0,2013
5.7,1.0874508472232267,1,11,Tuesday,January,0,2012
5.3,1.5176689767501865,1,18,Wednesday,November,0,2009
5.7,0.7270661764470222,4,18,Saturday,July,1,2010
13.3,4.165044984781888,1,21,Saturday,February,1,2012
11.5,5.456403477045383,1,2,Sunday,July,1,2013
25.5,7.272220252743376,1,11,Saturday,February,1,2015
4.1,0.8202526531650359,1,15,Tuesday,March,0,2009
32.1,17.673974516312988,1,4,Sunday,May,1,2011
15.5,2.146977635618476,1,17,Saturday,October,1,2012
5.5,1.0058248802972927,6,9,Saturday,November,1,2012
11.0,1.9304533716089598,1,17,Wednesday,June,0,2014
8.9,2.904222573168798,1,0,Saturday,October,1,2011
57.33,23.137262512556212,5,14,Saturday,April,1,2013
4.5,0.9844471246384945,5,7,Wednesday,March,0,2015
30.5,9.059850100028275,1,19,Sunday,May,1,2013
8.5,1.5941127228942442,1,11,Wednesday,August,0,2012
11.0,3.9722582683737606,1,15,Monday,September,0,2014
21.7,7.589440750097031,4,11,Saturday,December,1,2011
7.0,2.1875586512784606,6,10,Sunday,April,1,2015
6.1,1.4140014752253793,1,10,Wednesday,November,0,2009
7.5,2.52459542169764,1,0,Sunday,November,1,2014
14.5,2.302683398134565,1,15,Friday,October,0,2014
8.5,1.5205563449114876,1,16,Thursday,June,0,2013
7.7,2.4290264322586577,1,8,Tuesday,January,0,2010
8.5,3.43611130376475,1,18,Tuesday,October,0,2010
11.7,4.177355429454184,2,22,Wednesday,July,0,2009
13.0,4.2008244832277715,1,10,Saturday,July,1,2014
10.0,3.3342890187357916,1,22,Sunday,August,1,2014
8.0,2.2082885829431023,1,19,Tuesday,January,0,2014
13.5,2.419547075886525,1,8,Wednesday,February,0,2015
8.1,3.0458411507085588,1,7,Monday,September,0,2009
12.9,5.519458007263095,1,20,Saturday,May,1,2009
8.9,2.5588106810407667,2,22,Wednesday,August,0,2010
8.9,3.1586754133115953,1,12,Thursday,September,0,2010
6.5,1.4995290332810312,1,15,Thursday,December,0,2009
8.5,2.872551891697465,1,13,Sunday,December,1,2011
14.5,3.563577441450716,1,16,Friday,May,0,2013
10.5,3.801663645665265,1,1,Monday,July,0,2013
5.3,1.103703167666994,1,13,Saturday,February,1,2010
16.9,5.187090691601245,5,12,Tuesday,May,0,2011
7.5,1.1804962572011397,1,17,Monday,March,0,2013
4.9,0.3961633178364584,2,12,Tuesday,November,0,2010
4.9,1.51353979302215,1,21,Tuesday,May,0,2011
8.9,2.3509294731260266,1,20,Friday,January,0,2010
4.5,1.0966264066222333,5,7,Friday,June,0,2009
8.9,2.386197235273774,1,9,Monday,March,0,2011
7.7,1.9861477849322768,1,18,Friday,April,0,2009
6.5,2.0531134892866474,1,20,Wednesday,October,0,2011
9.5,2.2938757221774733,1,21,Thursday,December,0,2013
4.5,1.1087783866970995,4,19,Saturday,March,1,2011
6.5,0.9318549102362205,1,9,Wednesday,January,0,2012
7.3,1.6789451778805624,2,23,Saturday,March,1,2011
49.8,19.668382284288157,5,22,Monday,February,0,2011
9.3,4.082546700711151,1,21,Thursday,January,0,2011
6.5,0.9383575844293066,1,8,Thursday,April,0,2013
4.0,0.624638965320249,1,23,Friday,September,0,2014
4.0,0.5642406610668127,1,14,Friday,March,0,2013
11.3,5.6847727571523325,1,8,Saturday,November,1,2009
4.1,0.9305208161337972,5,6,Saturday,February,1,2012
5.7,1.0550618934240812,1,20,Tuesday,April,0,2011
7.0,1.351178347404672,1,21,Friday,October,0,2012
12.5,2.3553095736234613,1,9,Thursday,March,0,2011
6.5,1.2934090505085847,1,16,Tuesday,May,0,2009
10.1,1.2413260963353125,1,15,Thursday,March,0,2009
17.0,5.345826500119318,1,7,Thursday,March,0,2015
14.5,2.432173647881433,6,11,Tuesday,November,0,2013
35.5,14.702309204954116,1,23,Sunday,June,1,2015
20.1,10.687805772795546,2,23,Friday,April,0,2010
15.0,4.811751778967504,3,1,Friday,May,0,2013
6.5,2.211610573600285,1,20,Sunday,November,1,2010
7.0,1.0773486742637781,1,0,Friday,May,0,2013
15.7,6.259867711758129,2,0,Saturday,October,1,2009
5.5,1.3061101416535903,1,1,Wednesday,March,0,2015
14.9,0.26509565361478105,1,17,Wednesday,January,0,2010
18.5,4.034814899979542,1,18,Thursday,October,0,2012
4.5,1.0568709172582236,1,10,Wednesday,May,0,2010
7.0,1.89044193154985,3,0,Saturday,January,1,2014
13.5,3.1541696284160303,1,17,Friday,August,0,2014
11.5,4.086224013158214,1,7,Sunday,December,1,2014
7.3,2.231319745108613,1,22,Thursday,June,0,2009
14.5,4.187961970809896,2,11,Tuesday,August,0,2013
4.9,1.178900263473744,1,9,Monday,March,0,2009
8.1,2.5303941608700384,1,22,Tuesday,June,0,2009
7.5,1.1027850112139461,1,19,Wednesday,March,0,2015
5.3,2.160058383015831,1,12,Friday,December,0,2009
26.5,8.528806867309592,1,20,Sunday,November,1,2014
4.5,1.2380719456926668,5,9,Wednesday,January,0,2014
4.5,0.9260783996020808,1,17,Friday,September,0,2010
8.1,2.8812330053736943,2,13,Wednesday,September,0,2009
8.5,2.6163456004264853,1,19,Monday,December,0,2009
10.9,3.579931600326111,1,13,Friday,March,0,2011
4.5,0.6772857578086434,1,6,Wednesday,November,0,2014
14.1,4.302859273069882,2,11,Friday,November,0,2011
5.7,1.3327361447038888,5,10,Tuesday,January,0,2010
6.1,0.8784398013807344,1,8,Wednesday,August,0,2010
10.5,3.263606495262332,1,20,Wednesday,March,0,2014
8.9,2.553153378010196,1,20,Tuesday,October,0,2010
11.5,1.545410915733236,1,13,Tuesday,January,0,2015
4.1,0.7720387991777398,1,21,Tuesday,December,0,2009
17.3,4.383266915570612,1,16,Wednesday,June,0,2012
5.7,0.8126150448086115,1,23,Thursday,May,0,2011
5.3,1.9460588422151193,1,22,Saturday,November,1,2011
7.5,3.051185245273994,1,9,Saturday,September,1,2012
4.5,1.123463297457815,1,10,Sunday,September,1,2011
13.3,5.378678153866395,1,15,Wednesday,April,0,2009
5.0,0.7918624490992794,4,0,Sunday,October,1,2013
10.0,2.76440260830365,4,17,Saturday,May,1,2013
12.1,4.763536278083948,1,1,Saturday,December,1,2011
8.0,1.9601463531292536,2,22,Wednesday,August,0,2014
32.5,9.142318676641025,1,16,Friday,April,0,2012
11.3,5.273156902779078,2,13,Saturday,October,1,2010
5.0,0.8499023129164263,1,20,Saturday,November,1,2013
14.5,3.583917679557937,1,23,Saturday,April,1,2013
4.1,1.0409660791206476,1,20,Thursday,June,0,2011
6.5,0.8244499239716385,1,21,Tuesday,November,0,2010
6.1,0.515881385217119,2,14,Monday,March,0,2012
7.0,1.0837547921063932,4,7,Tuesday,May,0,2013
22.1,9.638323544104752,2,1,Monday,August,0,2010
7.5,1.4182987935018376,1,10,Wednesday,November,0,2014
17.5,6.240432642161481,1,22,Saturday,July,1,2013
6.0,1.3539092573967022,1,6,Tuesday,February,0,2014
6.1,2.1391570371324677,1,8,Friday,June,0,2010
10.5,2.5415298521292327,1,15,Thursday,February,0,2015
16.1,5.405746546453714,1,22,Friday,December,0,2011
15.5,5.255340291572053,1,17,Wednesday,February,0,2014
14.5,6.980995891346264,2,20,Friday,July,0,2010
14.0,3.6540171747311696,2,13,Sunday,June,1,2013
16.5,3.9654608734288503,1,23,Tuesday,May,0,2011
9.3,4.062952727955684,5,13,Friday,September,0,2009
4.5,0.8763255871208563,1,7,Thursday,October,0,2012
5.0,1.3187884262498495,2,11,Saturday,January,1,2013
4.0,0.46940029486645746,2,19,Thursday,December,0,2013
4.0,0.6132532932179604,1,6,Sunday,October,1,2013
2.9,0.35094273572670404,1,22,Thursday,October,0,2011
19.3,8.813475234174199,1,6,Tuesday,March,0,2009
18.5,8.729002065820891,1,17,Thursday,August,0,2010
4.9,1.284708370046959,1,10,Friday,May,0,2009
11.0,1.7516870038513417,5,18,Tuesday,November,0,2012
7.7,2.4518726522354832,3,18,Tuesday,January,0,2010
10.6,3.5364157385053128,1,5,Friday,February,0,2009
4.1,0.7942041650783603,1,8,Sunday,May,1,2011
3.7,0.5242965490298861,2,18,Wednesday,January,0,2011
10.0,1.2345375583726426,2,13,Saturday,June,1,2015
35.3,9.879723721987151,1,11,Tuesday,May,0,2012
4.0,0.9784763251222317,1,13,Saturday,March,1,2015
8.5,2.124818909127637,1,20,Monday,June,0,2012
7.5,1.7692517146152036,1,14,Monday,October,0,2013
9.3,2.8234086132785166,1,21,Friday,May,0,2012
10.1,3.072467893178831,1,17,Tuesday,September,0,2010
7.3,3.0949788482171985,1,20,Sunday,August,1,2009
5.5,0.8587691517617573,1,13,Tuesday,January,0,2014
4.5,1.466680884871722,1,7,Monday,April,0,2010
8.5,2.4824042922041083,1,20,Friday,April,0,2013
7.5,1.4806323374484502,2,14,Wednesday,January,0,2013
5.3,3.8374868906316424,2,11,Wednesday,September,0,2010
14.5,3.7703928449016044,1,20,Saturday,August,1,2013
8.1,2.6802150400791525,1,1,Monday,June,0,2011
14.5,3.824453686881173,2,14,Wednesday,October,0,2009
8.5,1.40971185328354,5,13,Tuesday,April,0,2015
10.1,3.7868583111713154,3,23,Saturday,April,1,2010
12.0,2.2279788364236595,1,19,Friday,April,0,2015
3.7,1.0794338126923515,1,21,Saturday,April,1,2012
9.5,1.2242534076764262,1,7,Wednesday,January,0,2015
3.7,0.8815121718827844,1,10,Thursday,December,0,2009
10.1,3.5549031877920627,1,10,Friday,April,0,2012
13.3,4.769852355348089,1,17,Sunday,January,1,2010
8.1,1.8103974719225497,1,20,Saturday,May,1,2012
8.9,2.413809079586135,6,19,Monday,October,0,2009
6.5,2.2651093152897688,1,12,Sunday,November,1,2010
8.5,0.8306393170079321,1,16,Monday,April,0,2013
9.0,2.7570792967512308,1,4,Tuesday,February,0,2014
9.7,2.2554839270778446,1,19,Tuesday,July,0,2009
17.7,6.310999198583666,2,20,Saturday,September,1,2010
4.5,0.612035708851318,2,11,Saturday,May,1,2010
8.0,1.5708726778850914,1,15,Saturday,March,1,2014
7.7,1.2485064016491731,1,9,Wednesday,September,0,2011
9.5,2.8417220929604867,1,11,Sunday,March,1,2013
12.0,1.668191221297067,1,18,Friday,April,0,2014
6.5,1.3644724543216096,1,20,Wednesday,June,0,2013
10.5,3.1591948369054768,1,9,Thursday,June,0,2013
7.0,1.3609120552406597,1,19,Saturday,May,1,2013
8.5,2.138252214365864,1,13,Thursday,June,0,2010
6.9,1.274240160602913,1,8,Thursday,September,0,2009
10.5,1.5997064182162006,5,13,Friday,October,0,2011
7.3,1.8921191737181777,1,12,Saturday,January,1,2012
5.3,0.48662858661691116,3,18,Wednesday,May,0,2011
38.83,10.300980678011955,3,23,Sunday,February,1,2014
10.5,3.0233847987215934,3,16,Monday,September,0,2013
11.5,2.8925440428138853,2,1,Saturday,December,1,2012
52.0,19.88307302663235,1,7,Thursday,February,0,2013
4.9,1.7721787111590472,1,12,Monday,April,0,2011
4.5,0.652333128382115,1,9,Thursday,August,0,2012
20.1,3.8936475774823305,5,14,Saturday,April,1,2011
27.87,8.73715936734856,5,7,Monday,July,0,2010
8.1,3.5012219963367333,1,18,Saturday,May,1,2012
7.7,2.9171827282924507,2,0,Thursday,March,0,2012
9.0,2.6587345792746953,1,22,Wednesday,October,0,2013
4.9,0.19627634316814052,5,13,Monday,June,0,2011
21.5,3.524622491758708,2,17,Thursday,October,0,2013
7.3,1.625222226979655,1,9,Monday,May,0,2012
7.7,3.5865196854349297,1,21,Tuesday,June,0,2010
4.6,0.8252627787569627,1,21,Friday,February,0,2009
10.6,3.1440523610009627,1,20,Tuesday,April,0,2009
6.0,1.490443720869385,2,9,Saturday,February,1,2013
6.5,0.8876669166647299,1,9,Thursday,August,0,2012
7.5,1.7485622255553919,1,9,Thursday,March,0,2013
7.7,0.9506336002151091,1,16,Friday,July,0,2011
4.5,0.5427637791437182,1,6,Friday,January,0,2009
29.0,9.007025857867157,1,13,Wednesday,December,0,2012
11.5,3.309585418121651,1,22,Thursday,March,0,2014
46.9,18.445840741528954,1,5,Saturday,December,1,2011
7.5,0.9353228885348632,1,7,Thursday,March,0,2014
17.3,8.336655326390131,2,13,Sunday,May,1,2012
11.3,3.4867581907163525,1,15,Friday,September,0,2010
5.3,1.8034558489892547,2,1,Friday,December,0,2010
8.9,4.007610196945275,1,21,Thursday,August,0,2009
8.1,2.2065510820462846,1,19,Wednesday,April,0,2012
6.0,1.7365354885172606,5,0,Tuesday,January,0,2015
10.5,3.3378648732585328,3,0,Tuesday,December,0,2014
5.3,1.2200713240534606,1,6,Friday,June,0,2010
3.7,0.6930636615802758,1,15,Thursday,May,0,2010
3.7,0.36720082864771925,1,16,Tuesday,January,0,2011
10.5,4.8417327735840505,1,12,Sunday,January,1,2012
8.5,2.0311265748023257,1,9,Monday,June,0,2010
16.0,3.553652359786684,1,10,Saturday,March,1,2013
17.7,7.334164197898309,2,14,Saturday,August,1,2011
29.5,7.2453093466315455,1,19,Wednesday,October,0,2013
4.0,0.6915590057310665,1,22,Monday,February,0,2014
3.7,0.37285932768005375,2,9,Friday,August,0,2010
19.7,7.479518693305562,1,19,Wednesday,August,0,2011
8.9,2.5305822561832736,1,14,Saturday,February,1,2012
5.5,0.5395020783559412,3,15,Tuesday,March,0,2013
3.5,0.3919440242545378,1,13,Saturday,June,1,2013
10.5,2.6231046838843644,1,13,Monday,June,0,2012
3.5,0.5461440430835783,1,13,Tuesday,April,0,2014
15.7,8.26941037397178,5,6,Thursday,February,0,2011
14.9,2.5563547705958283,1,14,Sunday,October,1,2009
4.6,1.2217626435533202,1,20,Thursday,March,0,2009
6.9,1.5604940973815018,1,22,Saturday,February,1,2011
10.0,2.5609282188673865,2,22,Friday,May,0,2014
6.0,1.3064059095562528,6,15,Saturday,November,1,2014
7.7,2.1888498951688686,1,21,Monday,September,0,2009
6.0,1.0074068730086518,1,15,Friday,December,0,2012
15.0,3.069190220572585,1,0,Sunday,December,1,2013
12.9,3.484114432366762,2,4,Sunday,August,1,2009
36.33,8.018342035900812,1,18,Sunday,December,1,2014
7.5,0.7700648409661731,2,15,Saturday,August,1,2013
7.5,2.3966143510702924,1,10,Saturday,May,1,2013
16.5,4.650581770541292,5,10,Wednesday,March,0,2009
5.5,0.5419669659041046,1,2,Friday,November,0,2014
6.1,2.2561108708644384,5,21,Thursday,August,0,2009
3.5,0.787564046085128,1,23,Sunday,December,1,2014
3.7,0.4950120860985823,1,22,Monday,August,0,2012
6.5,0.7562063686607566,1,11,Tuesday,April,0,2012
4.9,0.9232580178710612,1,10,Thursday,September,0,2009
4.5,1.1268832550061778,1,2,Sunday,June,1,2010
6.9,2.3795904690929404,1,14,Sunday,June,1,2011
11.0,2.7233799128215037,1,12,Wednesday,December,0,2014
6.5,1.7248633827315316,4,1,Sunday,June,1,2012
8.5,1.8623076695013663,1,2,Friday,December,0,2014
8.0,1.176700340063878,2,19,Tuesday,May,0,2014
44.33,6.754043231695369,1,17,Sunday,December,1,2014
10.5,2.950460523159006,5,7,Tuesday,October,0,2013
15.7,5.576289080373984,1,14,Wednesday,August,0,2009
9.5,2.176077052587353,1,18,Friday,November,0,2014
5.7,1.390821410891256,1,19,Wednesday,February,0,2009
8.9,2.2729677738308554,1,12,Wednesday,December,0,2011
8.1,3.0380319317573,1,0,Saturday,March,1,2012
9.7,1.9051847088013436,1,17,Sunday,December,1,2010
15.0,4.711332147854182,3,20,Monday,January,0,2013
8.5,2.4848345218058783,1,8,Sunday,September,1,2013
8.5,2.7132997334151288,2,11,Thursday,October,0,2009
8.1,2.2241998367884226,1,8,Wednesday,January,0,2009
6.5,1.3807098683602959,2,7,Monday,June,0,2015
4.1,1.0567308572883944,1,9,Wednesday,August,0,2010
6.5,0.5135618168254675,6,2,Sunday,May,1,2013
5.0,0.9690536800348589,1,14,Thursday,May,0,2013
8.5,1.7468635925985727,1,0,Thursday,July,0,2013
10.1,4.218824233971548,2,23,Wednesday,July,0,2011
5.3,1.125836918786278,1,0,Wednesday,April,0,2012
5.0,0.7336551327179204,1,9,Monday,December,0,2012
4.5,0.8682773945959478,1,10,Sunday,January,1,2012
5.3,1.522806388251518,1,11,Friday,June,0,2011
13.0,3.2672908379066596,1,20,Friday,February,0,2014
9.7,2.513446867243123,1,12,Wednesday,June,0,2010
4.5,0.811065672444348,1,13,Thursday,December,0,2009
5.3,1.6926979910363147,1,22,Sunday,December,1,2011
8.5,3.0624875474579136,1,22,Sunday,April,1,2013
7.3,2.6946721082705802,2,23,Wednesday,December,0,2009
6.1,2.157719059293514,4,19,Wednesday,May,0,2012
10.5,4.154534988408313,1,2,Monday,August,0,2009
4.9,0.8977120301159078,1,18,Tuesday,July,0,2010
6.5,2.5771251889195095,4,16,Saturday,February,1,2010
15.3,6.779721246893328,1,7,Friday,February,0,2012
7.7,1.591786329935581,2,23,Friday,September,0,2009
22.1,8.686869976138079,1,7,Wednesday,June,0,2012
13.0,4.913275668454248,1,2,Friday,February,0,2014
6.5,1.7311195153179224,1,18,Tuesday,April,0,2012
24.83,6.519555040296802,2,21,Wednesday,February,0,2014
3.7,1.050552933008836,1,10,Tuesday,November,0,2011
14.5,3.6121173456243905,3,19,Thursday,September,0,2012
8.1,1.1658428754886057,4,14,Wednesday,May,0,2012
12.1,5.120973194801849,1,12,Monday,June,0,2011
21.5,6.811709462773862,1,18,Monday,December,0,2012
8.5,1.8650092304190578,2,23,Friday,December,0,2014
9.5,1.1493731516880894,1,9,Wednesday,May,0,2013
7.0,1.4754916051831786,2,19,Friday,April,0,2014
5.0,1.2253637662192,1,19,Sunday,May,1,2014
11.7,4.613633278724065,3,1,Saturday,January,1,2010
4.5,1.4119412571890433,2,20,Saturday,November,1,2010
10.1,3.3051110825554995,3,11,Saturday,November,1,2011
8.5,2.538117338252663,2,22,Wednesday,March,0,2014
4.9,1.5464265845939413,1,21,Wednesday,November,0,2011
8.9,4.018960738107249,1,14,Wednesday,August,0,2010
33.83,10.542538620200565,1,4,Friday,May,0,2013
8.1,2.32594111599471,1,17,Saturday,April,1,2012
5.3,1.3584427669644212,1,19,Wednesday,August,0,2012
11.0,2.7980837427590646,5,3,Saturday,June,1,2013
7.3,1.6841312547769152,1,12,Friday,March,0,2010
14.9,6.020681240552487,2,16,Thursday,July,0,2012
18.9,8.233523030073291,5,23,Sunday,December,1,2011
7.5,1.9745803886206397,1,21,Tuesday,May,0,2013
11.7,3.4017484914085494,1,13,Sunday,March,1,2011
6.1,1.366213435481735,4,0,Saturday,September,1,2011
56.8,19.826394561787613,1,19,Monday,October,0,2012
29.0,3.748874434204138,6,11,Monday,August,0,2013
12.9,3.7310635973718966,1,12,Tuesday,February,0,2011
3.5,0.6045825952775518,1,20,Sunday,June,1,2015
5.7,0.9158073045540126,1,14,Wednesday,March,0,2011
8.0,1.2032992262770965,6,19,Tuesday,December,0,2014
6.5,1.9416002525636245,1,16,Sunday,June,1,2014
6.0,1.2236255730537657,1,20,Wednesday,January,0,2013
10.5,4.4614242804964315,1,1,Saturday,February,1,2011
5.0,1.6033787939823068,1,18,Monday,February,0,2015
15.3,6.824238053384266,2,19,Wednesday,January,0,2012
10.1,2.750782294712558,1,0,Friday,August,0,2010
4.5,0.9094180271661133,1,19,Thursday,May,0,2013
8.1,2.481995003812009,1,10,Saturday,June,1,2012
10.5,2.6541856699212425,1,18,Monday,June,0,2015
4.5,0.6370761816470425,1,0,Wednesday,August,0,2010
25.0,6.544109056873828,2,21,Sunday,August,1,2013
5.7,1.4259798611548833,1,12,Tuesday,October,0,2011
4.1,1.0004464037593155,1,0,Thursday,September,0,2009
8.1,2.525860889976138,3,0,Thursday,April,0,2010
5.7,1.339803228007188,2,0,Thursday,August,0,2009
6.0,1.3127282670699465,1,0,Friday,March,0,2014
6.5,1.685938453721002,1,21,Thursday,September,0,2013
18.1,4.689423195506374,1,10,Wednesday,February,0,2012
8.5,3.40387151058766,1,11,Tuesday,December,0,2011
23.7,5.549538045351835,1,18,Thursday,July,0,2010
6.5,1.8939280738421203,1,14,Tuesday,November,0,2012
9.7,0.37696377209130016,1,10,Wednesday,September,0,2010
12.9,3.4627132420604063,5,8,Friday,March,0,2011
10.5,1.7970886096275958,2,22,Saturday,February,1,2013
20.9,8.002268972438607,5,21,Wednesday,January,0,2011
8.5,1.4090687159935433,2,9,Thursday,April,0,2011
8.5,3.3041209015836923,5,22,Wednesday,March,0,2012
57.3,9.472032741844984,1,16,Sunday,December,1,2012
3.5,0.5348436920488023,6,4,Saturday,March,1,2015
23.85,8.878514041644385,1,5,Sunday,June,1,2009
24.1,12.907777906208528,1,10,Monday,March,0,2011
6.5,1.4328111971433548,1,11,Friday,October,0,2011
12.0,3.8711303778767587,2,23,Monday,December,0,2012
17.0,4.869372353598167,1,17,Thursday,December,0,2014
5.0,0.7151619888956322,1,23,Saturday,December,1,2012
13.5,3.4130857710483484,1,10,Saturday,June,1,2015
23.07,6.933832154624163,1,18,Wednesday,January,0,2010
9.7,3.35063595616334,5,23,Tuesday,December,0,2011
6.1,0.4989957705217912,2,12,Sunday,September,1,2010
7.3,1.4473399944187852,1,21,Friday,May,0,2009
5.7,0.9310084107575352,1,0,Wednesday,May,0,2009
13.0,4.542252380253257,1,13,Sunday,February,1,2015
31.7,17.141262300641703,1,5,Friday,January,0,2012
49.8,21.219854619458143,1,14,Wednesday,July,0,2011
4.0,0.8196439433420414,1,5,Tuesday,June,0,2013
19.5,6.215451179016407,2,21,Saturday,June,1,2013
3.7,0.6583542195942689,1,13,Friday,October,0,2009
6.9,2.0018284141341605,1,7,Wednesday,August,0,2011
5.7,1.313152321254602,2,1,Saturday,October,1,2009
11.8,5.423216806051661,3,0,Saturday,January,1,2009
49.57,0.005937641257715407,5,14,Sunday,July,1,2010
6.1,1.4846085236531597,3,19,Sunday,August,1,2011
11.0,3.268413444817634,1,23,Tuesday,June,0,2013
10.0,2.693382568676107,6,20,Thursday,April,0,2014
3.7,0.7736936741599973,1,13,Thursday,June,0,2010
6.5,1.1112518512847682,2,17,Wednesday,July,0,2013
5.7,1.4191840810598664,1,15,Wednesday,June,0,2011
4.9,1.0450122176838406,4,9,Friday,September,0,2010
8.0,1.843029500685452,1,21,Wednesday,February,0,2013
21.3,5.711356125155652,1,12,Friday,June,0,2010
6.0,1.2811539065334852,1,13,Wednesday,September,0,2014
13.7,5.4995432390714445,4,21,Thursday,February,0,2012
11.0,2.325987873927059,1,12,Thursday,December,0,2013
6.1,1.5601936350722618,3,23,Saturday,January,1,2012
7.3,1.1009734781721767,1,11,Wednesday,January,0,2011
6.1,1.509902253585719,1,12,Tuesday,January,0,2012
12.9,4.329946208333398,1,12,Saturday,March,1,2010
10.1,3.212059009797461,1,2,Saturday,September,1,2011
11.3,5.418107745388001,1,7,Wednesday,July,0,2011
6.5,1.3044964684456024,2,17,Saturday,July,1,2014
7.3,1.2644193929113425,1,17,Thursday,December,0,2010
12.9,4.548352561129973,1,18,Saturday,October,1,2010
6.6,1.5142008368645758,4,2,Sunday,February,1,2009
7.0,1.5141309326564603,4,9,Thursday,November,0,2014
7.7,0.844062515276678,2,20,Wednesday,December,0,2011
9.7,2.6105922330730453,1,18,Friday,January,0,2009
10.1,3.2769477250751793,1,19,Monday,May,0,2011
10.9,3.9305826851829675,5,18,Monday,March,0,2011
8.5,3.487918944940646,1,0,Monday,January,0,2012
8.5,2.1284964357749967,1,16,Saturday,January,1,2014
7.5,1.5286146579141384,6,11,Friday,October,0,2014
8.0,3.1763561347977,1,22,Thursday,April,0,2014
23.7,8.536711086972778,1,20,Friday,July,0,2011
25.3,5.030223346371754,1,20,Wednesday,September,0,2010
15.3,6.998341342936347,1,9,Saturday,August,1,2011
6.1,1.2313629095824907,1,18,Thursday,August,0,2009
8.5,1.9398013651359725,1,17,Saturday,May,1,2010
44.3,9.168220006401999,2,16,Friday,November,0,2012
16.5,5.400537562821499,1,3,Saturday,February,1,2014
3.3,0.9045566581240875,1,14,Friday,April,0,2010
5.3,1.1100226040344905,1,20,Thursday,October,0,2009
13.5,3.777991278813968,1,19,Thursday,May,0,2014
9.3,2.628180233741712,1,9,Wednesday,September,0,2009
3.3,0.5708005459998338,1,11,Monday,June,0,2009
28.0,7.968675748581928,1,19,Friday,March,0,2015
28.0,7.270771977158887,1,13,Thursday,October,0,2013
6.5,0.6918770522569211,3,12,Friday,August,0,2014
6.1,1.5546781809670847,1,11,Tuesday,April,0,2011
8.1,1.252057212503186,3,13,Thursday,December,0,2010
12.5,4.470140588121243,6,1,Saturday,September,1,2014
18.5,9.045506914000322,1,15,Tuesday,March,0,2009
26.5,8.79303877905131,1,18,Sunday,July,1,2014
3.7,0.6352985979107296,1,22,Tuesday,July,0,2010
12.0,2.8582132285497592,1,23,Thursday,July,0,2014
8.0,2.119248979386892,1,19,Tuesday,October,0,2013
17.5,4.174570732880362,2,11,Friday,March,0,2015
11.0,4.60174535553637,2,23,Monday,May,0,2013
4.9,0.8169033071421599,1,13,Tuesday,July,0,2011
4.0,0.4418238967462916,2,18,Monday,August,0,2013
38.1,10.509841774400893,1,10,Wednesday,August,0,2011
20.9,7.944477969910482,6,18,Saturday,November,1,2011
12.0,4.570662817884686,2,0,Sunday,November,1,2014
10.5,2.514553088073715,6,17,Sunday,May,1,2015
12.5,3.9281882268783344,6,21,Sunday,June,1,2015
8.0,3.2115539731071174,1,2,Thursday,November,0,2012
6.5,0.8511603956678613,1,19,Thursday,March,0,2015
7.3,3.06484480038567,1,18,Sunday,January,1,2012
4.9,0.9888492902005676,1,7,Tuesday,December,0,2011
9.7,3.6942620390614507,5,12,Tuesday,November,0,2011
8.1,1.2632416864261822,1,15,Tuesday,July,0,2012
8.0,0.4864366074502776,1,13,Thursday,September,0,2013
6.5,1.1613416636955356,5,18,Wednesday,April,0,2012
3.5,0.6425027085647497,2,16,Tuesday,October,0,2014
7.5,1.7185521716442285,3,14,Sunday,December,1,2012
5.3,1.5340979404225088,1,12,Tuesday,September,0,2009
17.0,4.619566977613753,1,1,Saturday,February,1,2014
4.1,0.6185436702931257,3,11,Monday,July,0,2011
6.5,1.879144429384612,1,21,Sunday,January,1,2012
5.7,1.102682887001488,1,20,Saturday,June,1,2011
11.0,1.3775250075552268,3,9,Monday,October,0,2012
6.1,2.1515012924690824,3,21,Monday,April,0,2010
9.3,2.6082409944423994,1,15,Thursday,July,0,2010
6.5,1.675769304912915,1,19,Monday,January,0,2014
12.0,1.8435079948832245,1,18,Friday,November,0,2012
7.3,3.2456304451472215,1,10,Sunday,April,1,2011
14.5,4.8527286845616615,1,19,Friday,November,0,2012
16.1,6.7627804730885845,4,23,Friday,July,0,2010
6.5,1.9001875073526893,1,14,Saturday,December,1,2011
12.1,5.684877902472375,1,19,Sunday,December,1,2009
10.5,2.3156614004997604,1,10,Wednesday,January,0,2015
11.5,3.659014245903617,5,8,Wednesday,September,0,2012
10.5,2.128656595970122,1,8,Thursday,October,0,2009
4.9,0.5553994989252706,1,7,Monday,August,0,2012
17.3,5.5237963775732375,1,23,Wednesday,June,0,2010
49.8,21.821991284933958,1,23,Tuesday,July,0,2011
10.1,2.8307398695910755,1,12,Monday,November,0,2009
6.9,2.4769703297842773,1,19,Tuesday,June,0,2011
7.3,1.8548114820186556,1,1,Thursday,May,0,2010
2.9,0.13969760790251445,2,20,Friday,April,0,2012
2.9,0.19074010445629322,1,18,Wednesday,May,0,2010
9.5,3.609848026140532,1,21,Tuesday,August,0,2013
18.0,6.183771329326407,5,22,Thursday,October,0,2014
17.7,7.267034158441526,2,19,Saturday,December,1,2009
4.9,1.5128327209530705,1,7,Monday,August,0,2012
6.0,1.911034529851849,1,0,Saturday,May,1,2015
6.5,1.0708114293616007,4,14,Saturday,May,1,2015
6.9,1.949754955473726,1,16,Thursday,October,0,2010
6.1,1.2872868077132429,1,15,Monday,March,0,2010
6.5,1.8613978185774664,1,1,Saturday,March,1,2014
7.0,1.8865648167494293,1,23,Monday,December,0,2012
8.9,4.352402930369919,2,23,Friday,February,0,2011
9.0,1.457830385292046,1,18,Thursday,August,0,2013
16.0,4.413141299513235,2,23,Tuesday,July,0,2013
12.0,1.5084959571410497,1,7,Wednesday,December,0,2012
8.9,3.5864890479042644,1,18,Friday,January,0,2009
28.83,7.502608077887066,1,22,Friday,January,0,2015
5.3,1.1921857022626516,5,8,Tuesday,September,0,2009
7.5,1.2122691401418078,1,13,Tuesday,May,0,2015
7.3,1.4684107258341448,2,1,Sunday,January,1,2012
12.1,4.038140824242802,1,19,Friday,August,0,2009
21.0,7.187082518718266,2,20,Tuesday,July,0,2014
4.9,1.3565905471043982,1,6,Thursday,September,0,2010
20.0,6.070780935708778,2,16,Saturday,September,1,2013
7.0,1.3585586187873593,1,16,Monday,February,0,2015
11.0,2.1972294121909646,1,18,Tuesday,July,0,2014
6.1,0.5288654129385841,1,0,Thursday,August,0,2009
5.3,1.439553107952186,1,16,Wednesday,September,0,2011
7.7,1.4110281235514328,5,15,Tuesday,May,0,2011
4.5,0.5992649534578658,5,13,Thursday,March,0,2009
8.5,1.4477948366296205,5,15,Thursday,April,0,2013
16.5,5.167844997038465,1,11,Thursday,January,0,2013
14.5,4.139152543942022,2,0,Wednesday,July,0,2011
10.1,4.4955454320346195,1,23,Saturday,August,1,2010
10.5,4.236767091121081,1,21,Wednesday,April,0,2013
12.0,3.7820774418915892,1,12,Thursday,November,0,2013
2.5,0.2908950769313755,1,22,Thursday,February,0,2013
6.5,1.6668222663440266,3,7,Monday,December,0,2013
9.5,3.1511881756196125,1,15,Wednesday,May,0,2013
7.5,1.7777382738961012,4,1,Sunday,December,1,2014
4.5,0.9201854986541349,1,21,Tuesday,April,0,2012
64.0,3.599898200824873,1,22,Sunday,February,1,2014
20.5,8.432971668047262,1,15,Wednesday,May,0,2014
70.0,12.27753534752678,1,13,Monday,March,0,2014
5.3,0.9857628687452168,1,4,Saturday,October,1,2009
9.0,1.634708139960254,1,13,Thursday,September,0,2013
22.5,6.8562031046128,1,23,Sunday,March,1,2014
4.1,0.8198074622979017,1,22,Thursday,August,0,2010
3.7,0.6143325451510941,1,10,Thursday,August,0,2011
7.3,1.430731180876471,1,19,Wednesday,August,0,2012
10.0,1.8241656902984258,1,17,Wednesday,November,0,2014
4.9,0.8663246226078425,1,17,Wednesday,December,0,2009
5.0,0.9255805437559482,3,20,Friday,October,0,2013
21.0,7.852236344403872,2,20,Tuesday,March,0,2015
4.5,1.014055342929879,1,20,Friday,October,0,2013
11.8,3.156653556961808,1,22,Saturday,February,1,2009
4.1,0.9197267062404157,1,6,Tuesday,October,0,2010
12.1,4.597728713766121,1,9,Wednesday,July,0,2010
7.0,2.3648434255797044,1,2,Thursday,February,0,2009
5.3,0.8916452497279125,1,14,Wednesday,July,0,2009
7.7,2.4586490488418797,1,20,Tuesday,January,0,2012
4.0,0.5020842214624415,1,19,Saturday,June,1,2013
14.9,6.242152266141754,1,15,Wednesday,February,0,2011
19.0,3.3800618226324355,5,1,Friday,June,0,2014
8.0,2.6076605653515075,1,21,Monday,June,0,2013
7.0,1.4860261566993433,1,20,Monday,December,0,2013
6.5,1.9143929316057944,1,10,Monday,May,0,2011
38.33,10.157808111698385,3,22,Thursday,March,0,2015
11.3,4.123549903849475,2,1,Sunday,January,1,2012
7.0,1.7568118744293535,2,0,Tuesday,April,0,2015
45.0,18.77723541112455,1,18,Tuesday,April,0,2013
12.9,3.8275836541782877,2,12,Wednesday,November,0,2011
8.3,2.287358829938568,2,16,Wednesday,February,0,2009
4.9,1.0748191730801633,1,6,Tuesday,February,0,2010
5.3,1.2367883272464772,1,13,Wednesday,March,0,2011
7.0,1.135865849552243,1,23,Tuesday,May,0,2013
4.1,0.5635727831261124,2,13,Sunday,July,1,2010
13.0,2.8495177986684377,3,18,Friday,April,0,2015
16.5,6.380354499808548,3,17,Saturday,October,1,2012
4.5,1.017074518313676,2,20,Tuesday,October,0,2009
22.0,7.101097730249881,1,12,Wednesday,June,0,2014
4.5,1.1846823864538283,1,23,Saturday,May,1,2010
5.7,1.7758350069379818,1,9,Tuesday,March,0,2010
57.33,20.7457714504845,2,14,Tuesday,July,0,2014
4.5,0.9597087492548261,1,20,Friday,November,0,2009
57.33,20.243599071462338,6,18,Sunday,June,1,2014
12.0,4.3009019950333025,6,9,Saturday,December,1,2012
14.5,3.774696420296147,1,15,Tuesday,March,0,2013
5.3,0.907499980201945,1,17,Tuesday,January,0,2011
11.7,3.6689645517368485,1,18,Friday,July,0,2012
4.9,2.0622921586429266,2,8,Sunday,September,1,2012
18.5,3.2220919939231902,1,12,Friday,April,0,2015
17.5,3.7562052600793563,1,19,Friday,April,0,2013
10.5,2.6190582626211643,1,13,Thursday,October,0,2013
7.3,2.702013203181502,1,12,Monday,August,0,2011
5.0,1.1433085409147623,1,23,Friday,June,0,2015
5.0,1.0156666495558462,5,8,Sunday,April,1,2013
6.9,1.2161330607861547,1,15,Saturday,November,1,2009
7.3,1.0815461228816665,2,14,Thursday,March,0,2012
7.0,1.6435923439585851,2,19,Tuesday,May,0,2013
39.7,12.295922952245622,1,2,Wednesday,September,0,2011
4.9,1.284529098153776,1,19,Saturday,February,1,2011
8.5,0.8109567816280839,1,15,Friday,January,0,2015
14.9,4.523748248462121,1,17,Friday,July,0,2012
6.9,1.0552136825823113,2,23,Friday,September,0,2009
5.3,0.854004888884512,1,14,Sunday,July,1,2011
11.7,4.479228375694919,2,3,Sunday,March,1,2010
4.1,0.8050508831471415,1,8,Friday,August,0,2011
9.0,2.9283942504410065,1,0,Saturday,October,1,2012
8.1,5.136017348785751,2,21,Tuesday,August,0,2010
4.0,0.6067399061997062,1,23,Tuesday,April,0,2015
11.5,2.1778115701341743,1,12,Wednesday,June,0,2014
18.5,3.3693035180606,1,11,Friday,September,0,2012
17.0,6.763703626765086,1,21,Wednesday,May,0,2013
5.7,0.9241277906580702,1,19,Friday,August,0,2011
14.5,3.066159802595218,3,12,Tuesday,May,0,2014
7.0,1.4107710496088965,1,7,Friday,March,0,2014
5.5,1.239777004327862,1,6,Monday,June,0,2015
25.3,10.367010833621226,1,21,Sunday,January,1,2010
13.3,7.432965165852176,3,8,Sunday,May,1,2009
33.7,12.677801287471985,1,21,Monday,January,0,2012
5.7,1.6946996826625345,1,14,Monday,November,0,2009
4.5,0.8163475130640464,1,8,Thursday,August,0,2013
7.3,1.7965286978679251,1,17,Wednesday,October,0,2011
13.7,4.693517713070685,1,10,Tuesday,May,0,2011
3.7,0.6563791387608765,1,15,Tuesday,August,0,2011
8.1,1.1632776050507552,1,18,Friday,April,0,2010
8.9,2.0987370363266753,5,8,Thursday,April,0,2011
11.3,2.968704285125721,1,12,Monday,June,0,2012
13.0,2.2777159708823795,1,19,Saturday,November,1,2013
11.7,3.8368254729004234,1,18,Monday,May,0,2011
13.7,5.820030993278589,1,23,Saturday,February,1,2010
6.9,1.0497367693350907,1,18,Saturday,February,1,2009
10.5,4.1895144483222655,1,23,Thursday,August,0,2010
7.7,1.5579902805362444,1,23,Thursday,December,0,2011
4.9,0.8687154521521501,1,12,Thursday,September,0,2010
10.5,3.5719457819816607,1,13,Saturday,March,1,2013
9.5,8.275923437924709,1,12,Sunday,April,1,2013
8.9,3.7493872211287944,1,20,Wednesday,December,0,2009
4.5,0.7025878288766725,1,8,Tuesday,March,0,2012
17.5,1.7179476000015201,1,12,Wednesday,May,0,2013
16.9,4.837480072591605,1,3,Monday,August,0,2012
6.1,1.3113785473433204,5,7,Monday,October,0,2010
10.5,2.254343536121723,2,14,Thursday,June,0,2014
6.5,1.6650310917209825,1,16,Thursday,April,0,2012
11.3,4.947555060783419,3,11,Sunday,May,1,2011
10.1,3.763366556469526,1,11,Sunday,June,1,2009
8.5,2.212736120818369,1,10,Saturday,October,1,2013
7.5,1.5873413343261837,1,13,Monday,January,0,2013
12.9,7.134075791649438,1,6,Friday,June,0,2011
12.9,3.2516238781837843,1,11,Tuesday,October,0,2011
5.3,0.7512615533316785,1,8,Wednesday,April,0,2012
2.5,0.024915801965044854,3,16,Saturday,July,1,2009
9.7,2.5553935706881443,2,2,Sunday,January,1,2011
8.0,1.7305608324626987,1,23,Monday,April,0,2015
37.33,10.71441452697334,1,13,Thursday,October,0,2013
10.5,0.07752735576553316,1,9,Monday,August,0,2012
16.9,8.109560709318933,2,19,Monday,May,0,2010
8.5,2.293051209252528,1,11,Monday,December,0,2014
46.04,13.39444138691836,4,16,Sunday,May,1,2015
10.5,5.052921171940494,1,22,Sunday,April,1,2011
6.0,1.311867751858564,1,11,Tuesday,August,0,2013
9.7,3.0794541285793127,3,23,Wednesday,June,0,2012
6.0,1.188539045810621,1,20,Saturday,November,1,2012
7.5,1.4102039233784411,1,23,Tuesday,March,0,2015
6.1,2.0079198517554264,2,14,Friday,September,0,2011
4.0,0.5047968457483186,1,7,Monday,July,0,2013
6.1,1.7768275435927219,1,20,Wednesday,February,0,2011
9.7,3.4620626464584205,1,7,Friday,January,0,2010
16.0,4.426328798293589,1,22,Monday,September,0,2014
8.5,1.6715402718895664,1,14,Saturday,February,1,2009
3.5,0.8254062334302789,1,16,Tuesday,June,0,2013
13.7,5.032973404495909,1,6,Tuesday,June,0,2009
21.5,4.422509726659725,2,21,Saturday,December,1,2014
15.3,1.5202687752013002,5,15,Tuesday,June,0,2012
9.3,1.9881781044401183,1,14,Wednesday,January,0,2010
8.9,3.777070302020119,3,0,Saturday,January,1,2012
10.0,1.4008129253044863,2,14,Friday,February,0,2015
11.5,3.874627826240198,2,15,Wednesday,June,0,2015
10.1,3.2826649278264806,1,8,Wednesday,May,0,2009
9.7,2.5504286590461382,1,19,Saturday,October,1,2009
15.5,4.050287689840862,1,18,Sunday,May,1,2015
5.7,1.5340569421610466,1,8,Friday,October,0,2009
8.1,2.352725543810699,2,8,Wednesday,July,0,2012
11.0,2.5810008570244287,1,15,Wednesday,June,0,2013
24.0,6.931229103854069,1,11,Monday,January,0,2014
6.5,1.605106289257938,2,21,Wednesday,April,0,2014
8.5,2.8940076750083903,1,20,Sunday,May,1,2009
3.5,0.018094605647971662,4,0,Wednesday,September,0,2012
26.5,13.719081061793585,1,17,Thursday,December,0,2010
3.5,5.322373945875719,4,20,Sunday,August,1,2014
4.5,1.1747603468252255,1,17,Friday,March,0,2014
14.9,5.064127075711882,1,11,Tuesday,May,0,2009
26.25,9.769272212343742,5,20,Tuesday,March,0,2009
17.3,7.164158331628261,1,13,Monday,June,0,2012
8.5,2.4072223243568267,1,21,Tuesday,February,0,2014
9.0,1.90250160552002,1,9,Tuesday,July,0,2013
5.0,0.9003920797921339,5,22,Tuesday,February,0,2014
16.5,6.112570885946126,6,7,Thursday,April,0,2014
9.7,1.2165893033846795,1,9,Monday,July,0,2010
14.5,3.809300902403299,1,4,Sunday,May,1,2012
8.1,2.042740834782283,3,14,Monday,August,0,2011
11.0,1.4807547671174996,1,13,Tuesday,May,0,2013
28.5,13.44774878980562,1,16,Tuesday,December,0,2009
18.1,5.794579673804726,1,17,Friday,November,0,2011
20.0,3.5936207888961627,2,16,Tuesday,December,0,2012
45.0,20.699375327310676,1,6,Friday,August,0,2012
4.9,1.2050929669231605,6,23,Sunday,May,1,2012
6.9,2.5485116060309565,1,15,Monday,February,0,2010
16.1,8.221046712002417,1,7,Tuesday,May,0,2012
8.9,2.422695407063861,2,10,Monday,June,0,2010
6.5,1.3765437855311686,1,15,Saturday,May,1,2012
17.5,6.390436256845557,1,23,Tuesday,September,0,2014
5.5,0.9777562532473222,1,7,Tuesday,October,0,2014
8.9,2.941785363788083,1,15,Tuesday,December,0,2011
9.7,3.937510154727804,2,21,Wednesday,August,0,2012
17.3,7.211937737453985,1,18,Friday,April,0,2012
5.3,1.5440190130425961,1,19,Wednesday,May,0,2010
12.9,5.4008643694088665,1,4,Saturday,February,1,2009
6.0,0.6824858647781934,1,21,Saturday,April,1,2013
4.5,1.5288150034557744,1,3,Sunday,March,1,2012
4.9,1.18196456703198,1,18,Monday,September,0,2010
6.5,2.0111056164330066,1,7,Monday,March,0,2012
6.9,0.9208932772383739,1,16,Sunday,April,1,2012
8.5,2.519926323745146,1,20,Monday,October,0,2013
3.7,0.8568783048525636,1,21,Sunday,October,1,2009
17.5,5.447810295092074,3,0,Saturday,November,1,2012
8.1,1.8539145507449077,1,19,Wednesday,May,0,2012
4.5,0.702699244360178,1,23,Friday,March,0,2014
7.0,1.444619967691862,1,13,Sunday,December,1,2012
6.5,1.9794050090359288,1,8,Tuesday,September,0,2011
19.7,8.159486690604073,2,19,Wednesday,July,0,2009
8.9,2.7576750308480418,1,21,Wednesday,August,0,2009
3.5,0.6744240823211236,1,21,Tuesday,October,0,2013
8.1,2.9615521646749654,1,22,Sunday,November,1,2010
8.5,2.6158283018340502,3,16,Monday,November,0,2009
16.5,3.6878945986129748,1,0,Tuesday,August,0,2011
8.5,2.102834938353315,1,12,Wednesday,June,0,2011
4.5,0.7430367086253183,1,11,Saturday,September,1,2011
16.0,2.9493709975777467,1,0,Thursday,August,0,2014
21.5,8.595585312263358,1,2,Tuesday,March,0,2015
6.5,2.83138235908237,1,16,Saturday,August,1,2010
7.3,0.7173678649123347,3,17,Thursday,December,0,2010
4.5,0.8608279866827938,5,8,Monday,May,0,2010
5.3,1.1610567815990878,5,21,Sunday,January,1,2012
6.1,0.9213139435075521,2,8,Wednesday,February,0,2011
7.5,1.4485295654822723,1,8,Thursday,July,0,2014
5.3,1.260953961250609,1,11,Monday,November,0,2010
5.7,1.3013969528463056,5,13,Wednesday,May,0,2011
22.27,9.212566209157467,1,19,Monday,May,0,2010
4.9,0.7344608158336312,1,16,Friday,May,0,2009
11.3,4.080866771535292,2,9,Friday,March,0,2010
32.33,5.666234584675753,1,14,Saturday,February,1,2015
6.1,1.3056751018235682,1,18,Monday,January,0,2011
18.0,6.033416899285403,5,17,Saturday,September,1,2014
4.9,1.0741399322987712,5,20,Tuesday,February,0,2012
15.0,5.325694331488085,1,8,Thursday,October,0,2012
7.7,2.690394366242364,1,11,Saturday,July,1,2012
7.3,1.623631474781888,2,21,Friday,December,0,2010
10.9,1.8222035562021288,1,8,Tuesday,June,0,2010
20.5,6.988465887960729,1,23,Wednesday,October,0,2011
5.5,0.698125865963256,1,0,Saturday,December,1,2013
4.9,1.0331187111353584,2,16,Friday,August,0,2011
15.5,3.620477293488868,1,16,Friday,May,0,2014
6.5,1.4203606888775204,1,20,Monday,April,0,2015
4.0,0.5301723935188534,1,13,Thursday,March,0,2013
10.1,5.106718606885046,1,20,Sunday,March,1,2010
5.0,1.5554589018051383,1,11,Thursday,February,0,2015
5.0,0.8159274948279939,1,19,Tuesday,April,0,2013
6.5,1.8935353501639967,1,19,Monday,December,0,2010
9.0,2.488563681171652,5,11,Sunday,December,1,2013
7.0,1.7122688891870779,1,19,Thursday,February,0,2015
12.5,5.408663807611163,1,21,Friday,November,0,2010
13.0,4.346718568764863,1,22,Saturday,February,1,2014
4.1,0.9212550431671899,1,13,Saturday,March,1,2010
5.3,1.3832026855204913,2,0,Saturday,July,1,2011
10.5,2.4936645623917726,2,15,Saturday,May,1,2014
13.5,2.3150475209172052,1,18,Thursday,April,0,2013
5.3,0.7712396826750124,2,22,Saturday,January,1,2010
7.5,1.724125252942011,2,13,Sunday,June,1,2014
14.5,5.446367020037086,1,3,Saturday,September,1,2013
7.5,1.8263709191409623,1,4,Saturday,August,1,2014
6.5,1.1006576631749632,1,21,Tuesday,October,0,2012
10.5,5.4776590026506575,1,0,Friday,January,0,2010
7.3,1.1276959197394503,1,8,Wednesday,March,0,2010
25.0,8.511415641457823,1,18,Monday,December,0,2013
6.9,1.8314355024315683,1,23,Saturday,September,1,2009
10.5,1.5171266212069532,1,18,Monday,June,0,2014
5.3,3.8672817628278495,1,19,Friday,January,0,2010
2.5,0.03190211419772086,1,19,Thursday,May,0,2011
11.5,3.5771538680784234,1,18,Friday,December,0,2012
6.9,2.833374187791586,1,19,Tuesday,November,0,2011
15.3,7.030750121446198,1,3,Saturday,January,1,2012
7.7,1.2424434847134638,6,15,Thursday,July,0,2011
7.7,1.7044196034978558,1,13,Friday,February,0,2011
6.9,2.140072527574668,5,14,Tuesday,January,0,2011
4.9,0.9894209009449232,1,7,Thursday,October,0,2010
13.5,3.5616536192865142,2,18,Tuesday,April,0,2015
8.5,2.9929498883281402,1,10,Thursday,February,0,2011
8.9,3.1355806507944215,1,19,Monday,November,0,2010
6.1,1.0230829209943055,1,18,Friday,March,0,2012
11.5,1.9763176975357888,1,18,Friday,May,0,2015
4.1,0.9024101507404444,1,16,Thursday,October,0,2009
14.5,3.5207111652322616,1,18,Saturday,March,1,2014
29.7,8.868652535056606,1,0,Wednesday,May,0,2012
6.9,1.5956470807874876,1,15,Sunday,June,1,2011
49.57,21.962416538020165,1,9,Thursday,December,0,2010
19.3,7.611217102363025,1,8,Thursday,May,0,2011
7.5,1.4301009724341638,1,14,Friday,July,0,2013
5.0,1.4859859532918867,1,4,Saturday,June,1,2013
16.0,6.140652112157139,1,20,Monday,April,0,2013
4.9,1.2787386205492777,1,10,Monday,April,0,2012
4.1,1.290869698489631,1,5,Friday,April,0,2011
26.5,9.801624163391635,1,9,Friday,November,0,2009
12.5,4.610922276301,1,19,Monday,February,0,2010
13.3,6.009950983648701,1,23,Saturday,February,1,2012
8.9,2.9341549995593033,1,8,Tuesday,May,0,2012
14.5,5.234754828829241,5,22,Wednesday,June,0,2011
4.1,0.30587216167193776,1,23,Wednesday,May,0,2010
14.5,3.1255459909036176,1,8,Wednesday,November,0,2011
6.0,1.7616984187482951,1,6,Thursday,May,0,2013
6.5,2.203897630065782,1,15,Sunday,June,1,2012
7.0,1.354253414975355,1,15,Sunday,August,1,2014
4.5,1.0656595703398675,1,21,Wednesday,June,0,2013
6.2,1.797422156638468,1,3,Tuesday,February,0,2009
8.5,2.101090673461645,5,11,Sunday,February,1,2015
7.7,0.820698565837991,1,19,Friday,November,0,2010
5.3,1.6426236082364278,1,20,Thursday,August,0,2009
30.9,9.495801896487574,6,15,Sunday,November,1,2011
10.0,1.4989337956683784,1,13,Thursday,August,0,2013
6.0,1.067372404429625,1,17,Tuesday,May,0,2013
17.0,6.268339962653158,1,1,Monday,June,0,2013
5.3,0.7885502196641118,1,10,Thursday,February,0,2010
5.5,1.3093203084240959,1,12,Saturday,December,1,2012
6.0,0.9306216400119706,6,7,Thursday,December,0,2013
12.5,2.855137991348642,1,12,Thursday,August,0,2011
5.3,1.565889740373203,5,21,Friday,August,0,2009
4.5,1.494240554504727,1,13,Tuesday,October,0,2011
8.9,1.205268761432755,2,13,Wednesday,January,0,2009
15.0,5.67613736985572,1,19,Tuesday,September,0,2012
4.1,1.2883356962883274,1,18,Thursday,May,0,2010
6.1,0.9015198318400378,1,10,Tuesday,April,0,2009
10.0,3.2180514603276342,6,17,Saturday,September,1,2013
10.1,3.053725650317837,1,17,Sunday,April,1,2012
9.7,4.089842038309582,1,23,Monday,September,0,2009
26.5,11.936618342693848,1,22,Friday,October,0,2010
3.7,1.1523454341219217,3,22,Thursday,August,0,2009
9.4,1.152792895813293,2,21,Saturday,March,1,2009
8.1,1.2783537169115156,1,13,Wednesday,November,0,2009
8.9,1.8177800464834188,1,0,Tuesday,August,0,2010
13.0,4.9681880358560875,2,12,Tuesday,June,0,2014
3.7,0.6233334110080974,1,20,Tuesday,February,0,2009
4.5,0.7338341734906761,1,22,Friday,May,0,2015
4.1,0.4781874917165864,5,9,Wednesday,January,0,2009
10.5,2.7919957474231016,3,12,Friday,August,0,2012
6.1,1.533008538544706,2,19,Monday,August,0,2012
5.3,1.0232877586303981,2,14,Sunday,August,1,2012
11.0,1.917200423373912,6,15,Wednesday,May,0,2014
19.0,4.165099351317183,5,12,Wednesday,October,0,2012
3.7,0.151459215270195,1,22,Friday,January,0,2012
12.0,3.1294828096567775,1,0,Thursday,October,0,2012
10.5,3.664588983136174,2,3,Saturday,March,1,2014
5.3,1.248166707209066,5,12,Sunday,October,1,2011
4.1,1.474284681044083,1,17,Friday,December,0,2010
18.0,7.76087501452031,1,5,Friday,May,0,2013
4.5,0.5595173902768746,1,0,Saturday,June,1,2015
7.7,2.466602701851267,2,1,Wednesday,March,0,2012
6.5,2.644353109879257,2,12,Monday,June,0,2011
9.7,1.4052114254797319,1,17,Sunday,September,1,2011
8.5,3.162412658741667,1,7,Wednesday,July,0,2009
4.9,1.0522266558123023,1,7,Friday,September,0,2009
7.0,2.1372147415317584,1,10,Friday,March,0,2013
6.1,1.0485590420503088,1,0,Wednesday,June,0,2010
11.7,4.316755216985203,1,13,Saturday,December,1,2010
7.5,2.5220215611686894,2,1,Thursday,June,0,2013
5.7,1.3426321680657383,2,9,Sunday,June,1,2009
4.5,0.9480704470690001,1,18,Thursday,November,0,2014
13.0,2.6736009135054357,1,18,Monday,December,0,2013
10.5,1.5325518421576785,1,14,Wednesday,December,0,2013
6.5,2.538377747192953,1,22,Tuesday,November,0,2010
17.0,4.334524066442091,1,12,Wednesday,March,0,2015
5.7,1.1539389949504943,1,19,Tuesday,June,0,2010
7.0,2.308556958282823,2,14,Saturday,September,1,2012
4.9,1.9823855845468188,1,12,Monday,June,0,2009
10.0,1.775325813469077,1,9,Friday,January,0,2014
30.5,11.315407987424086,1,16,Tuesday,November,0,2011
8.1,1.981360139363822,2,1,Sunday,October,1,2009
10.5,2.7206561566408585,1,21,Monday,April,0,2011
17.0,4.463372801129408,1,8,Friday,November,0,2014
33.33,8.772039149998605,5,20,Wednesday,April,0,2014
23.5,6.702919904388896,6,0,Sunday,October,1,2012
5.7,1.9411130551009714,5,14,Tuesday,August,0,2011
10.9,4.368705923839668,1,1,Tuesday,January,0,2009
7.5,1.83474415186514,1,19,Thursday,June,0,2014
10.5,2.8949672850972403,2,11,Sunday,June,1,2015
8.9,2.118047739367263,1,19,Sunday,September,1,2011
9.7,2.1440444062601904,2,9,Tuesday,November,0,2011
8.9,2.899932121158002,5,11,Saturday,May,1,2010
14.0,1.2338383273362301,1,17,Thursday,January,0,2014
15.0,4.187067100202857,1,19,Wednesday,July,0,2013
6.5,1.8236975078520037,1,12,Saturday,January,1,2011
4.5,1.3130233795143769,5,23,Tuesday,November,0,2014
10.5,2.683287864844327,1,20,Sunday,September,1,2012
4.0,0.005813419311843068,5,18,Wednesday,September,0,2014
6.9,2.0416516402642233,1,12,Wednesday,May,0,2012
5.3,0.8463358257349476,1,16,Wednesday,July,0,2009
48.9,18.78574994670801,1,22,Tuesday,May,0,2011
15.7,3.182292864545009,1,21,Tuesday,September,0,2010
5.7,0.941238902824565,1,14,Sunday,December,1,2011
5.7,1.825176239998407,1,7,Friday,May,0,2011
12.0,2.9738215204298295,1,14,Thursday,November,0,2012
4.9,1.615829825330782,1,13,Monday,January,0,2011
15.3,6.869120169426198,4,17,Thursday,January,0,2010
22.5,8.324096621238724,1,21,Thursday,January,0,2015
2.5,0.02776047672232834,1,18,Wednesday,July,0,2009
4.9,1.9298055521589588,1,18,Monday,June,0,2012
14.0,4.209800397714688,1,22,Monday,February,0,2015
12.5,2.456004655668708,1,17,Saturday,October,1,2009
6.5,1.501642748987971,1,12,Tuesday,September,0,2014
8.9,2.1022424832585482,2,9,Saturday,February,1,2010
4.9,0.8885578372521177,1,10,Thursday,January,0,2010
11.5,2.994446698691082,1,20,Wednesday,January,0,2015
45.0,20.07301398135127,1,13,Monday,June,0,2009
7.7,2.1234283847917883,6,13,Tuesday,August,0,2012
4.9,2.4416371424705114,1,2,Thursday,September,0,2010
9.0,1.8242861712119944,1,14,Thursday,October,0,2014
6.5,1.8820303318992415,1,15,Wednesday,January,0,2012
6.9,1.2953685380248579,1,8,Wednesday,February,0,2012
4.5,0.9051664703906672,1,10,Friday,November,0,2014
13.3,4.4596094603342324,1,23,Tuesday,January,0,2012
5.7,2.1161796989330655,5,2,Sunday,November,1,2009
35.83,9.237391761215914,6,16,Wednesday,October,0,2013
4.1,0.5751639315949983,1,9,Monday,May,0,2009
7.0,1.2815643938356682,1,11,Tuesday,November,0,2013
6.9,1.738224732561653,2,7,Monday,May,0,2012
7.5,2.3945994703319324,1,15,Saturday,November,1,2014
8.5,1.3489411383666399,1,9,Monday,January,0,2013
6.5,0.06973514028247138,1,10,Wednesday,September,0,2009
10.5,3.3782743686066983,1,20,Tuesday,July,0,2011
52.0,20.560519379417013,1,13,Tuesday,March,0,2013
10.5,3.0517726930249247,2,18,Thursday,January,0,2014
12.0,3.5209193107811863,2,12,Saturday,October,1,2014
17.0,6.54932759131825,1,6,Thursday,October,0,2012
26.0,7.810144781791411,1,19,Wednesday,March,0,2015
4.9,0.9944909069452461,3,18,Thursday,February,0,2012
8.5,3.2623358856672766,2,11,Friday,March,0,2015
12.1,2.8057980832690697,1,18,Wednesday,December,0,2009
31.3,8.563266693580042,1,14,Tuesday,November,0,2012
8.9,6.598000753671224,1,19,Friday,March,0,2012
5.0,0.9143643431253069,1,7,Tuesday,April,0,2014
11.0,3.261673974064459,6,18,Thursday,December,0,2013
6.1,1.416059319654832,1,17,Thursday,February,0,2011
26.5,3.2324766817490773,5,1,Sunday,March,1,2011
12.9,5.615390282915483,1,7,Thursday,June,0,2009
9.0,2.116055392898468,1,13,Saturday,August,1,2013
11.0,2.089821181121892,1,12,Thursday,July,0,2014
7.5,0.9454463015862647,1,7,Tuesday,August,0,2013
6.1,2.293083855453152,1,14,Thursday,May,0,2009
12.5,2.3877145481849924,1,12,Monday,January,0,2013
36.33,8.367456625103117,1,21,Sunday,April,1,2013
15.9,0.020137124993479416,1,19,Wednesday,February,0,2009
11.3,2.6264163173648023,1,18,Thursday,January,0,2011
9.0,2.8773727314891913,1,14,Saturday,February,1,2015
16.5,2.192855725785542,4,2,Wednesday,December,0,2009
30.83,8.488185883601027,1,22,Wednesday,September,0,2014
7.5,2.4475569622401245,3,21,Friday,January,0,2013
16.1,10.570868843038083,1,21,Friday,September,0,2010
5.5,1.239280818008255,1,11,Tuesday,October,0,2013
8.5,1.9865487806076152,3,1,Sunday,April,1,2012
5.7,1.556206608828957,3,20,Monday,August,0,2009
13.7,4.606222094539067,1,19,Saturday,December,1,2011
12.1,2.800217796195312,1,22,Wednesday,March,0,2011
6.5,1.3596616411912026,1,9,Monday,August,0,2009
10.1,3.713472143443842,1,2,Saturday,October,1,2011
4.5,0.7469528999453797,1,16,Friday,November,0,2009
3.3,0.5622554160058885,5,1,Wednesday,May,0,2010
6.9,1.7229847792846262,1,5,Tuesday,November,0,2011
7.7,2.3131475074198735,1,22,Tuesday,March,0,2011
27.3,15.850032450997526,5,18,Sunday,May,1,2011
8.9,2.447434396621612,1,22,Tuesday,November,0,2010
49.8,21.001523677249725,1,15,Friday,February,0,2012
31.0,10.67996249972414,1,7,Friday,May,0,2013
8.9,0.8894040085767214,1,19,Saturday,April,1,2011
6.9,1.1622806724502612,1,15,Tuesday,April,0,2009
40.0,16.770853582248805,1,19,Sunday,February,1,2013
30.9,10.099483378062633,6,21,Thursday,August,0,2011
23.5,7.321762034559397,1,0,Friday,September,0,2013
12.0,3.3435330998833788,2,17,Tuesday,January,0,2013
4.5,1.0253009653153997,1,9,Monday,April,0,2015
23.7,8.597816595223394,1,17,Sunday,December,1,2009
7.7,2.81423410733633,5,19,Monday,September,0,2010
8.5,1.6933191052650112,1,17,Tuesday,October,0,2012
14.0,4.405440726644261,1,0,Sunday,March,1,2014
4.1,1.0433670775529076,1,19,Monday,September,0,2011
13.3,6.549638603729589,1,3,Sunday,August,1,2009
5.7,1.1305410605840944,1,14,Thursday,January,0,2012
16.1,3.706519136033706,1,21,Friday,February,0,2009
15.0,2.9157217217548133,4,9,Friday,June,0,2015
25.5,9.345639340070733,1,23,Tuesday,January,0,2013
6.5,2.094755882088025,1,17,Friday,May,0,2013
15.5,5.890930670724771,1,6,Wednesday,June,0,2015
4.1,1.136419052529584,1,14,Monday,August,0,2011
4.9,1.3183968392647065,1,4,Thursday,May,0,2010
29.87,9.25599993071402,1,15,Tuesday,October,0,2009
12.9,3.1034670913951,1,10,Thursday,May,0,2010
25.7,11.589467065403333,1,12,Friday,January,0,2009
10.5,2.679975284617759,1,14,Friday,February,0,2013
7.7,0.5407360283179732,5,17,Monday,July,0,2010
18.5,5.007776390928953,1,22,Tuesday,February,0,2014
2.9,0.5952574451446563,1,14,Monday,May,0,2009
10.0,3.0015288807749543,4,13,Friday,August,0,2014
7.5,1.946022415971408,1,1,Thursday,March,0,2015
5.3,2.055868416984255,5,21,Sunday,May,1,2011
8.0,1.5892856189149862,1,23,Wednesday,January,0,2015
4.0,0.5081876771177481,1,19,Wednesday,July,0,2014
6.5,1.11582149235338,1,21,Friday,September,0,2013
4.0,0.5405469457494135,1,10,Wednesday,December,0,2014
15.0,4.628626603178053,1,1,Monday,October,0,2014
7.7,2.046773936893232,1,0,Tuesday,November,0,2009
8.9,3.197598418681786,1,16,Thursday,January,0,2012
6.1,0.9575303434499643,2,11,Thursday,June,0,2011
12.1,2.6715511921716346,1,12,Thursday,January,0,2010
4.5,0.738075740522722,2,12,Sunday,June,1,2010
16.1,4.627490979286452,5,12,Wednesday,May,0,2009
18.9,8.73157539486448,1,21,Thursday,May,0,2012
9.5,20.975878135638187,1,19,Tuesday,December,0,2012
6.9,1.4883307991276722,1,11,Tuesday,May,0,2009
3.3,0.6909957311468538,1,12,Tuesday,May,0,2012
12.1,3.715873880078898,1,13,Saturday,May,1,2010
7.3,1.7640580688053844,2,7,Wednesday,December,0,2010
31.85,10.64557589074746,1,11,Wednesday,June,0,2009
6.5,2.1692431228611007,1,15,Saturday,June,1,2012
10.0,2.130264545262298,1,19,Thursday,July,0,2014
4.0,0.545127908342817,1,9,Saturday,December,1,2014
9.7,3.083467271558505,1,18,Friday,July,0,2012
11.3,2.921939110152542,1,10,Friday,May,0,2012
13.7,6.2827794353583695,1,1,Sunday,January,1,2011
11.7,4.954239655372504,1,20,Monday,July,0,2011
10.9,5.718699412266605,1,23,Saturday,July,1,2010
6.0,0.9787699022390468,2,22,Friday,December,0,2012
4.9,0.62855410020993,2,13,Wednesday,April,0,2009
11.7,4.006252832026197,1,19,Thursday,February,0,2009
11.0,2.0580883641030514,2,20,Saturday,September,1,2012
5.7,0.9528103964587191,5,12,Friday,October,0,2011
7.0,0.9711023137014444,1,8,Friday,October,0,2014
9.7,3.5268036052172977,1,2,Saturday,July,1,2010
21.3,6.476190968693962,1,17,Sunday,November,1,2010
5.3,1.7265877156112086,1,21,Sunday,November,1,2011
13.3,4.691089775861711,1,8,Sunday,May,1,2009
3.7,0.573733110433205,1,13,Monday,January,0,2012
7.5,1.3424788735517523,1,12,Wednesday,March,0,2014
8.0,1.701487410470212,1,9,Wednesday,July,0,2013
19.3,8.293528965592447,1,12,Sunday,December,1,2010
7.3,3.1275832791896967,1,18,Monday,January,0,2010
15.7,3.367158149612614,1,21,Saturday,October,1,2009
5.0,1.1363323504605671,1,21,Tuesday,October,0,2012
20.9,5.757047690168223,1,16,Wednesday,April,0,2010
9.0,2.401896574720789,1,7,Wednesday,February,0,2014
13.0,1.743889882214514,5,6,Monday,February,0,2014
14.5,2.2980204146534473,1,12,Tuesday,March,0,2015
6.5,0.8307052464609298,1,10,Thursday,November,0,2010
6.5,1.4130833782465488,3,7,Thursday,June,0,2011
4.1,6.0659219629122925,1,21,Wednesday,January,0,2010
23.5,8.024039493626473,1,4,Wednesday,May,0,2014
42.5,16.0218305953953,6,20,Saturday,September,1,2012
4.5,1.5748346712286778,1,3,Wednesday,June,0,2012
11.5,3.24678050434188,1,23,Friday,August,0,2013
4.9,1.5759347191174973,1,0,Friday,December,0,2009
5.7,0.8810422258943207,1,12,Saturday,April,1,2010
6.5,1.4855318437580298,1,18,Monday,August,0,2012
14.0,3.6368352365993837,4,11,Wednesday,March,0,2013
6.1,0.8458040956967694,3,22,Friday,December,0,2010
7.3,1.707014454625969,1,7,Friday,June,0,2011
17.7,7.100605982988473,2,21,Monday,October,0,2010
8.9,4.592148079991294,1,1,Friday,December,0,2010
19.5,5.614020789338099,1,22,Thursday,December,0,2014
7.5,1.4115546029422212,1,15,Friday,October,0,2012
16.0,3.7813323440028883,1,12,Tuesday,April,0,2015
12.1,3.617549001451396,1,9,Friday,April,0,2009
5.0,0.5974919350809316,1,10,Saturday,March,1,2014
28.1,10.122303031585249,4,19,Saturday,January,1,2012
7.0,1.1370476184391898,1,10,Thursday,September,0,2013
6.0,0.9658825482248481,2,20,Friday,December,0,2013
10.1,2.890982219527419,1,21,Sunday,January,1,2010
2.9,0.19749356960327727,1,21,Saturday,June,1,2010
6.5,1.6913190443527466,1,16,Tuesday,January,0,2014
9.3,2.579542356278766,2,19,Friday,August,0,2011
9.7,4.184743108402472,1,10,Sunday,June,1,2010
8.9,2.2761411255250956,1,17,Wednesday,May,0,2012
6.9,2.391712140805244,1,20,Monday,June,0,2012
16.1,6.238314744380613,1,7,Wednesday,April,0,2012
9.0,2.547620454239874,2,11,Sunday,January,1,2013
15.3,6.8658334614529775,1,16,Sunday,February,1,2010
7.3,3.284962782298554,1,19,Tuesday,January,0,2010
16.9,4.605523449080038,1,10,Tuesday,September,0,2009
2.9,0.44910596880568004,1,19,Tuesday,December,0,2009
6.5,1.721315332932651,4,23,Wednesday,February,0,2012
7.5,1.3967022461614569,1,16,Tuesday,December,0,2013
10.0,1.5027094966272834,1,12,Wednesday,November,0,2013
7.0,0.9038067176135346,5,13,Tuesday,November,0,2013
21.5,6.8624660376239,1,15,Wednesday,December,0,2012
57.33,21.64969485762967,2,16,Friday,December,0,2014
25.5,6.262775966988228,2,9,Monday,November,0,2012
7.0,1.0571450873927057,1,10,Wednesday,January,0,2015
7.7,1.6312067153902485,1,7,Wednesday,March,0,2011
6.0,1.0773786470506683,4,2,Wednesday,April,0,2015
12.5,5.015601836825847,1,0,Monday,January,0,2011
6.9,1.866519382460176,2,21,Thursday,July,0,2010
6.5,1.2938407916433317,3,8,Thursday,August,0,2010
11.3,1.9616314474123322,3,17,Thursday,November,0,2009
3.3,0.6271761184806159,5,16,Thursday,January,0,2010
9.3,4.056601508091511,1,15,Thursday,September,0,2010
19.0,5.24397684345599,2,7,Friday,February,0,2015
7.0,2.585996380846132,1,9,Saturday,June,1,2013
4.0,0.5587601390839197,1,0,Friday,February,0,2013
5.5,0.9259084245778583,2,2,Saturday,February,1,2014
12.0,3.0371217712761314,4,16,Sunday,September,1,2014
10.0,2.818586998482441,1,6,Friday,February,0,2013
6.9,1.2619227040168082,1,9,Friday,July,0,2011
12.9,5.458451771194169,1,22,Saturday,November,1,2011
57.33,20.274186236579126,4,13,Sunday,September,1,2013
9.0,2.361650094326856,3,11,Wednesday,March,0,2015
6.1,1.7085659668760766,1,21,Friday,December,0,2009
17.3,7.815481679129764,1,1,Sunday,January,1,2012
9.5,1.9465525602457414,1,21,Monday,June,0,2014
9.7,2.8162681110067838,1,17,Sunday,April,1,2012
7.0,2.4284780167879294,2,13,Sunday,December,1,2012
17.0,5.048600105848432,2,21,Tuesday,December,0,2013
13.5,1.9847142368194999,3,10,Monday,October,0,2013
11.7,3.408794871246335,1,11,Friday,November,0,2009
16.0,2.477131973585771,1,13,Friday,May,0,2013
4.1,0.4487502054345762,1,10,Wednesday,February,0,2011
12.9,4.489858556752133,1,18,Monday,June,0,2012
13.3,5.217871376022618,1,12,Tuesday,November,0,2011
11.5,4.2608378351808085,1,19,Sunday,September,1,2014
12.5,3.143049153184803,1,11,Wednesday,May,0,2012
4.5,0.8261888868724923,1,14,Wednesday,April,0,2013
8.5,1.9379301816337777,2,19,Thursday,August,0,2014
19.5,5.532903072592192,1,17,Sunday,April,1,2015
16.0,6.252334086003304,1,17,Saturday,January,1,2015
8.1,3.0204621039688724,1,23,Wednesday,June,0,2010
6.5,1.2087879460813926,3,1,Friday,May,0,2011
2.9,0.431866338526378,1,0,Friday,December,0,2009
7.0,1.3935173266501764,1,13,Monday,March,0,2014
4.5,1.3345129967914686,1,17,Friday,May,0,2012
8.5,1.8735824345453838,2,17,Tuesday,July,0,2012
6.1,1.4980438558871005,1,21,Wednesday,October,0,2009
12.5,4.212394363112916,1,10,Tuesday,January,0,2011
6.5,1.5936550261304063,1,7,Tuesday,February,0,2013
5.3,1.4923386491889077,1,15,Friday,August,0,2012
8.1,2.3109918620824015,1,9,Saturday,October,1,2009
6.0,1.411929203136083,1,22,Monday,June,0,2013
17.5,6.969614390973595,1,16,Saturday,May,1,2015
5.7,1.5014591353854998,1,23,Monday,January,0,2009
8.5,3.1432453073932574,1,2,Sunday,May,1,2009
4.1,0.8395057806958254,1,0,Tuesday,December,0,2009
10.9,3.230369737758616,1,2,Friday,May,0,2010
12.5,4.510954332462051,1,0,Wednesday,October,0,2013
5.3,1.1615888260115887,1,15,Saturday,March,1,2009
9.7,4.0597616864288755,2,0,Friday,January,0,2010
13.0,3.461375108839542,5,21,Wednesday,September,0,2013
8.9,2.8021492652168694,2,2,Saturday,October,1,2011
7.7,1.1174177372844019,1,7,Wednesday,February,0,2011
5.7,1.4521198681283485,2,23,Friday,February,0,2012
6.5,2.8277465723008324,1,23,Thursday,February,0,2012
9.3,3.837346262183701,1,16,Tuesday,October,0,2011
5.0,1.0068839922004196,5,7,Friday,October,0,2013
7.5,2.5775753203110576,1,8,Sunday,July,1,2014
31.5,10.16843693660553,1,13,Sunday,October,1,2013
29.0,13.33609237210486,1,21,Monday,August,0,2013
4.9,1.0254508749218973,2,10,Wednesday,June,0,2011
16.5,4.434751509504899,1,1,Tuesday,March,0,2015
7.3,1.21910232399798,1,15,Thursday,June,0,2011
8.5,2.6963813449289793,1,12,Wednesday,January,0,2014
13.3,6.027825123911293,2,11,Sunday,July,1,2010
12.1,5.867969118673687,1,18,Sunday,November,1,2009
5.3,1.090038926457668,5,8,Saturday,May,1,2010
4.1,0.6224009040664978,1,20,Tuesday,May,0,2012
4.0,1.046899981701,5,5,Tuesday,December,0,2014
21.5,7.546571161400674,1,11,Sunday,December,1,2012
5.0,1.2021609697009266,1,7,Thursday,July,0,2014
7.3,1.7199951280146126,1,20,Wednesday,August,0,2011
4.0,0.6662939185794521,1,9,Wednesday,May,0,2013
4.0,0.912836889984748,1,0,Saturday,February,1,2015
10.1,3.0600448304863797,1,15,Monday,May,0,2011
5.5,0.8835048005077446,5,4,Sunday,November,1,2013
8.0,1.9178230594379675,2,13,Monday,January,0,2013
9.5,2.243042919527898,1,22,Thursday,September,0,2012
6.1,1.7476839024619517,1,23,Saturday,February,1,2012
8.5,1.9309784749998564,1,13,Wednesday,May,0,2012
6.5,1.413972863925579,1,20,Monday,April,0,2014
49.8,19.18652498197282,2,16,Saturday,October,1,2011
6.9,1.7796947334372444,1,9,Thursday,January,0,2012
13.7,5.893496867892988,1,7,Sunday,February,1,2011
11.5,1.9574932405903778,1,14,Wednesday,June,0,2014
7.3,2.4421882014762786,1,23,Sunday,October,1,2010
4.1,0.859270040930835,1,10,Tuesday,April,0,2009
34.33,11.176999645580674,1,17,Thursday,September,0,2013
10.5,2.3756856579799437,5,19,Saturday,October,1,2009
7.3,1.7514925318394217,1,14,Monday,March,0,2011
10.5,3.3815440330975393,1,20,Friday,March,0,2011
6.0,1.1787767269966363,1,22,Saturday,February,1,2014
7.5,0.8578155704926147,1,9,Thursday,March,0,2015
4.5,1.020823898890906,1,11,Thursday,December,0,2010
6.0,0.8711979291792682,2,9,Thursday,October,0,2013
13.5,4.171935556838159,1,15,Monday,February,0,2013
11.7,4.298957748385005,1,1,Sunday,December,1,2010
33.94,16.255730958749247,1,23,Monday,November,0,2013
6.5,1.2116508592470698,1,18,Tuesday,March,0,2013
21.0,6.070445977192857,1,21,Friday,August,0,2014
14.5,5.367440345894516,1,22,Friday,November,0,2013
12.0,3.0021839354302657,2,20,Friday,September,0,2012
9.5,2.1884394237394122,2,21,Thursday,October,0,2012
23.0,5.866037624661103,1,21,Wednesday,June,0,2014
40.33,9.588568374441332,1,11,Thursday,October,0,2013
6.0,0.8075223209607462,1,21,Friday,October,0,2014
12.0,4.100050832737608,3,20,Sunday,July,1,2013
10.5,2.4452900222465437,1,16,Friday,May,0,2012
11.5,1.858992300143787,1,18,Thursday,May,0,2014
5.5,1.1474455734526632,2,21,Monday,June,0,2014
5.5,1.059317592204913,3,19,Sunday,January,1,2015
5.3,0.9646000788414894,5,12,Thursday,July,0,2010
9.7,1.7514386952765464,2,18,Wednesday,April,0,2012
8.0,3.0365619300624926,1,9,Sunday,October,1,2014
7.3,2.271808943396436,4,11,Saturday,October,1,2009
5.3,1.5997601270921997,1,4,Thursday,September,0,2009
57.33,20.439478261368105,1,12,Wednesday,April,0,2013
5.3,0.9023852235981715,1,20,Friday,February,0,2011
4.5,0.7169982153536398,1,18,Saturday,November,1,2014
56.8,21.2464039078923,1,22,Thursday,October,0,2012
7.7,2.3863388683776208,1,20,Saturday,June,1,2009
9.3,3.2794057642547654,1,1,Friday,August,0,2011
5.7,0.8819737668280028,1,10,Wednesday,June,0,2011
14.5,4.375148351926551,1,10,Friday,June,0,2009
14.1,5.353036384901684,1,8,Friday,February,0,2011
6.1,1.3111569395058873,1,11,Thursday,April,0,2009
12.5,6.3183435016796325,1,11,Thursday,June,0,2011
8.5,1.8440351720775998,1,10,Thursday,February,0,2009
8.5,2.4156791900626535,1,16,Wednesday,April,0,2012
40.33,9.170036841066016,1,17,Monday,June,0,2014
10.5,4.69907664780836,1,7,Friday,January,0,2009
44.1,17.436069715999075,1,22,Friday,March,0,2012
10.9,4.7036476933422575,1,10,Monday,January,0,2011
5.5,1.396170912131135,1,18,Saturday,December,1,2012
12.5,4.549268913049539,1,11,Sunday,February,1,2011
5.0,0.9089779482518054,1,20,Thursday,November,0,2012
10.5,2.75550560992827,1,7,Thursday,June,0,2015
8.5,2.832077110785499,1,21,Monday,July,0,2011
12.1,4.08531412763256,1,20,Thursday,July,0,2009
22.0,5.434742012281781,1,18,Friday,March,0,2013
2.9,0.6226296742919981,1,9,Saturday,July,1,2009
10.1,5.7749090330229,1,4,Saturday,December,1,2009
6.0,1.275746586845819,1,2,Tuesday,November,0,2012
5.0,0.8826695467212651,1,18,Monday,October,0,2014
4.9,1.4383911205934468,1,19,Monday,January,0,2009
16.0,5.832600887992261,1,18,Sunday,September,1,2012
6.5,1.1919765131016622,1,21,Saturday,June,1,2014
9.3,2.746737841091234,1,9,Monday,April,0,2010
6.9,2.5451405299413805,3,21,Thursday,August,0,2010
5.3,2.187374076808668,2,21,Thursday,November,0,2010
6.5,0.9815161407898816,1,9,Friday,June,0,2015
7.7,2.08762952491476,1,22,Sunday,May,1,2010
7.3,0.06982923645575882,1,10,Thursday,March,0,2011
6.9,2.3651613065467556,1,9,Monday,June,0,2010
4.1,1.0025254970225692,1,13,Thursday,June,0,2009
11.0,2.179212266564146,3,4,Friday,December,0,2013
5.3,0.8597601897650375,2,12,Thursday,December,0,2011
15.5,5.469375189252801,2,23,Thursday,March,0,2014
12.0,4.4902769105509845,1,21,Monday,July,0,2013
6.9,1.9154055323534396,2,12,Sunday,October,1,2010
4.1,0.6039204636199464,1,13,Wednesday,July,0,2010
41.3,9.860620678668512,1,15,Friday,September,0,2012
2.5,0.14165651989258837,1,15,Monday,March,0,2012
13.5,3.5091198091719384,5,11,Thursday,November,0,2013
11.3,2.853333081557919,2,23,Thursday,June,0,2010
15.5,3.5114832144928845,5,13,Wednesday,December,0,2012
35.0,9.139207763407304,1,17,Thursday,March,0,2015
22.0,5.103052725983366,1,8,Wednesday,March,0,2013
5.3,1.1517207197505375,1,13,Wednesday,July,0,2010
14.9,5.461815038930399,5,17,Wednesday,February,0,2011
15.3,4.737054154051097,2,7,Monday,March,0,2010
8.5,2.97766195338307,1,21,Friday,March,0,2014
6.5,1.9820168967347185,4,1,Thursday,July,0,2010
5.5,1.3012240934948405,1,12,Thursday,February,0,2015
5.0,1.243002450201738,5,16,Monday,April,0,2013
19.5,5.6814136770527375,3,13,Saturday,June,1,2015
5.5,1.428625701060523,4,19,Monday,October,0,2014
10.1,2.3258854331284726,1,13,Wednesday,May,0,2010
6.5,2.1849049356552057,1,18,Friday,February,0,2011
10.1,2.5449728384012573,1,18,Thursday,July,0,2009
36.1,12.895511878491218,1,14,Wednesday,May,0,2009
31.07,9.418478625347552,4,14,Monday,December,0,2010
17.7,6.161984368621483,1,18,Saturday,May,1,2012
4.5,0.7388862488216391,5,14,Tuesday,February,0,2010
32.67,10.531615828574342,1,6,Tuesday,August,0,2009
8.5,1.515995632707194,2,6,Monday,January,0,2013
6.1,1.356060041142346,1,20,Tuesday,April,0,2012
19.5,7.009627289198332,1,15,Thursday,October,0,2014
9.7,2.9901930037926427,1,20,Thursday,May,0,2011
4.0,0.8085719574182447,2,15,Sunday,August,1,2014
5.7,2.1572563605003134,1,10,Saturday,March,1,2010
11.5,2.1267702354295674,1,11,Wednesday,November,0,2013
16.5,3.93544411230166,1,4,Thursday,May,0,2013
7.0,0.6879991504452597,1,8,Thursday,January,0,2015
11.7,2.4219145015285726,2,9,Friday,June,0,2009
20.1,9.378314276078116,1,0,Saturday,February,1,2010
10.5,1.7838606095510627,1,11,Wednesday,November,0,2012
8.5,1.8953352928722607,2,19,Thursday,June,0,2012
5.7,1.3491596536758044,3,11,Tuesday,April,0,2010
18.6,7.130082194155265,1,22,Thursday,April,0,2009
6.1,1.6170317535298753,2,20,Wednesday,May,0,2009
12.5,2.4605514650942326,5,18,Tuesday,May,0,2015
10.5,3.837191907973426,2,2,Sunday,April,1,2012
6.1,1.5472704076243704,2,7,Wednesday,February,0,2011
67.83,24.994316231396304,1,14,Friday,July,0,2014
7.5,1.5541012700327494,1,11,Thursday,December,0,2013
9.3,4.0794197192452755,1,8,Saturday,March,1,2011
4.9,1.2508855857577363,1,11,Tuesday,July,0,2011
32.1,15.793176648411963,1,18,Sunday,August,1,2012
7.7,3.831181860031236,1,6,Wednesday,July,0,2009
5.0,0.9517800106018186,1,17,Monday,March,0,2013
7.3,1.2666091605113534,1,8,Wednesday,October,0,2009
8.9,2.2049174163003586,1,21,Saturday,September,1,2009
7.7,3.397432959792415,1,8,Saturday,November,1,2011
16.5,8.551233953956583,1,5,Saturday,May,1,2012
14.5,4.757482415021412,1,12,Monday,October,0,2010
12.0,2.8990132700637306,1,18,Friday,March,0,2014
6.1,1.0477724724960797,4,20,Tuesday,March,0,2010
6.5,0.6048778102354193,1,10,Friday,May,0,2015
10.0,2.351828627474279,4,18,Thursday,October,0,2012
49.57,21.53298388342143,2,1,Monday,August,0,2010
10.0,3.6323275599625355,1,19,Wednesday,April,0,2015
10.5,3.659093958044744,1,17,Wednesday,July,0,2012
18.0,5.369802839896531,2,0,Sunday,February,1,2014
13.7,6.145726497971637,1,15,Tuesday,November,0,2009
23.5,4.530079943674699,1,16,Thursday,December,0,2014
10.5,3.8994742286362998,2,19,Monday,June,0,2014
21.0,5.198076180156703,1,16,Wednesday,September,0,2014
17.0,4.204007311807365,6,17,Friday,July,0,2014
8.1,1.492089486627715,1,20,Friday,March,0,2012
14.5,3.2573695208597444,2,9,Friday,December,0,2010
10.9,3.8141811969867128,2,0,Sunday,April,1,2012
7.0,0.8264446725213161,1,15,Sunday,March,1,2015
6.1,1.1685559161222232,3,12,Monday,August,0,2009
18.5,7.259674965784214,1,22,Thursday,January,0,2013
9.5,3.6177106704597004,3,21,Sunday,May,1,2013
10.0,2.4047463994887734,3,2,Thursday,July,0,2013
6.1,1.4580052860001325,1,23,Sunday,September,1,2012
8.1,1.5270592967461047,1,9,Thursday,June,0,2011
11.3,2.671722383743002,5,18,Tuesday,March,0,2012
7.0,1.6105772089895938,2,0,Wednesday,April,0,2013
3.5,0.6800672984665052,4,9,Saturday,June,1,2015
5.5,1.271895366499479,1,6,Tuesday,February,0,2015
6.5,1.6479344749110663,1,0,Wednesday,March,0,2010
10.5,4.6153112616649565,1,15,Tuesday,June,0,2010
6.5,2.0355913803072507,1,21,Saturday,January,1,2011
5.5,1.2348402237306961,1,16,Thursday,February,0,2013
10.5,1.5614964813326344,1,15,Monday,March,0,2014
12.9,5.515948865622346,3,21,Wednesday,December,0,2009
6.1,2.536885246314333,1,21,Thursday,March,0,2011
3.3,0.3492802143351238,1,15,Friday,October,0,2009
7.7,1.4795315232770285,1,8,Monday,March,0,2011
11.5,4.405372097766238,1,13,Monday,May,0,2013
4.0,0.658938492941945,1,21,Thursday,November,0,2014
5.7,1.47010230984126,2,17,Saturday,May,1,2012
8.1,2.9103618960445488,1,12,Monday,March,0,2010
18.5,4.614623657592569,1,18,Friday,December,0,2011
6.1,2.0663353443223844,1,11,Thursday,May,0,2011
21.7,9.333449280236508,5,21,Saturday,September,1,2009
6.5,1.62338058213193,1,7,Friday,October,0,2014
5.3,2.1908241587693316,1,22,Wednesday,February,0,2012
16.5,6.6894990205724,2,23,Tuesday,September,0,2011
6.1,1.5683208350822047,1,10,Saturday,October,1,2010
4.1,0.6042760198239338,1,0,Friday,October,0,2009
12.0,2.922348894310078,1,12,Tuesday,May,0,2015
18.5,5.368218855406224,5,10,Saturday,June,1,2009
18.9,9.137781984497098,1,0,Wednesday,June,0,2010
5.5,0.5507553001070835,1,15,Thursday,January,0,2015
14.0,4.367611472526939,1,18,Monday,August,0,2014
4.5,0.944018762048771,1,19,Wednesday,December,0,2014
14.1,5.5003005797805455,1,0,Friday,April,0,2010
6.9,3.431063659308011,6,6,Friday,January,0,2010
4.5,1.0233088786266769,2,23,Sunday,September,1,2011
43.0,11.280924038438842,1,12,Thursday,March,0,2015
14.1,5.081826322177686,1,10,Tuesday,May,0,2012
5.0,0.9552806954855398,2,15,Tuesday,April,0,2013
12.5,2.0224696408026057,1,9,Wednesday,June,0,2015
5.5,1.1759962777621205,1,14,Saturday,October,1,2012
4.1,1.004831633444103,1,10,Tuesday,May,0,2011
6.1,1.3074002710207187,5,15,Wednesday,April,0,2009
11.0,2.246719048837288,1,6,Wednesday,September,0,2014
27.3,10.303269391705317,1,5,Monday,August,0,2012
12.1,4.918267666391582,1,14,Wednesday,March,0,2012
9.3,4.358316915756689,1,9,Saturday,October,1,2010
15.0,4.012701866445404,1,15,Friday,April,0,2013
8.9,4.042047136742023,1,17,Tuesday,April,0,2009
16.9,4.043995280191986,2,10,Wednesday,September,0,2011
8.1,1.845459605814295,1,12,Friday,April,0,2011
6.5,1.1985989606942848,1,9,Thursday,November,0,2012
6.9,1.712924285229101,2,23,Saturday,February,1,2011
7.7,1.4844691421211986,1,15,Friday,January,0,2010
9.3,2.4464063541040195,1,9,Thursday,October,0,2010
33.0,8.421806340532418,1,8,Sunday,August,1,2014
45.0,14.26029092034888,1,17,Sunday,June,1,2011
2.9,0.1499814319037827,2,0,Sunday,July,1,2012
12.5,6.1010870312603895,4,1,Sunday,December,1,2011
8.0,2.4690327282584335,1,11,Saturday,September,1,2014
11.0,3.783310593598402,1,21,Monday,September,0,2014
8.1,2.3147279712591797,1,8,Tuesday,June,0,2009
4.5,1.3647826417244653,1,3,Thursday,May,0,2010
7.3,1.5387978307119186,5,13,Friday,June,0,2012
8.5,0.9898437568707532,1,8,Friday,March,0,2014
4.5,1.1629030810142014,1,19,Thursday,July,0,2012
10.1,1.9809461222087152,2,16,Saturday,May,1,2012
9.0,1.3238325258437953,1,9,Monday,December,0,2013
13.7,5.5241709070916425,1,23,Wednesday,November,0,2010
10.1,1.7244477295682206,2,23,Wednesday,January,0,2011
13.0,2.0434811858017663,1,7,Friday,January,0,2015
6.5,1.3010015805127289,1,0,Friday,March,0,2010
6.9,1.0448186791346736,1,16,Monday,June,0,2009
9.0,1.3379608797101263,2,10,Tuesday,December,0,2014
5.7,1.500336893215091,1,2,Saturday,August,1,2009
6.0,0.7506986600309894,1,17,Monday,November,0,2012
7.7,1.6447252319413075,2,15,Monday,September,0,2010
11.5,3.0569441858076134,1,10,Thursday,September,0,2012
4.0,0.7341365286438682,4,9,Tuesday,May,0,2014
5.7,1.6532155252277512,1,20,Wednesday,July,0,2010
8.5,1.3159721087013845,1,16,Friday,November,0,2014
18.1,8.817320337870768,5,3,Friday,January,0,2009
26.9,12.065439456488734,5,19,Friday,August,0,2009
27.87,8.86092635460125,1,22,Wednesday,March,0,2010
12.5,3.3495426672362454,1,4,Saturday,April,1,2014
12.5,0.8769599482264544,2,19,Monday,May,0,2013
6.5,0.8079511583443312,5,9,Wednesday,June,0,2015
5.0,1.0342157807094359,3,20,Friday,February,0,2015
8.1,2.31784892312406,1,11,Friday,August,0,2011
6.1,1.07789529667524,1,20,Wednesday,November,0,2009
3.7,0.997302289999587,1,3,Sunday,May,1,2009
6.5,1.736209471707598,1,11,Tuesday,March,0,2012
7.3,1.6693219501689553,1,15,Thursday,July,0,2012
5.5,0.9455160348397469,1,20,Thursday,March,0,2013
7.5,1.5837815195106477,2,14,Thursday,June,0,2013
8.1,1.9258094234061076,1,19,Wednesday,November,0,2011
3.7,0.6673375390533,1,8,Tuesday,May,0,2011
21.0,7.548885941759688,1,3,Saturday,February,1,2013
16.5,4.025289602876688,1,8,Wednesday,December,0,2010
7.0,2.186406116246567,1,15,Thursday,August,0,2013
10.1,3.4928372255423192,1,9,Thursday,April,0,2011
36.5,6.2991356498599576,1,8,Wednesday,September,0,2014
5.3,0.9647808955657308,1,19,Tuesday,August,0,2012
8.5,3.003593354242135,2,20,Saturday,December,1,2013
5.5,0.9939475160798497,1,12,Thursday,December,0,2012
13.7,4.344264306732237,1,8,Thursday,April,0,2009
16.5,7.09065495376813,6,8,Sunday,June,1,2012
9.0,2.1904886104262333,6,10,Tuesday,October,0,2012
30.0,9.850803834039263,5,15,Monday,August,0,2013
4.9,1.298753807728979,1,7,Tuesday,August,0,2009
4.5,1.636754085063334,2,11,Sunday,December,1,2009
11.7,4.178784048211898,1,18,Wednesday,July,0,2010
18.0,1.399336694286412,5,16,Friday,March,0,2014
8.5,3.108100406266687,5,12,Friday,December,0,2010
6.5,1.9018639609052037,1,11,Monday,April,0,2011
6.0,1.3177575055078772,1,21,Thursday,December,0,2013
10.5,3.3085140121212584,2,15,Sunday,April,1,2010
8.0,3.0114559341048732,1,6,Tuesday,March,0,2014
3.7,1.0132262595203745,1,23,Saturday,August,1,2010
3.0,0.20736402344579,1,3,Saturday,June,1,2014
10.5,2.071372535829151,1,16,Monday,June,0,2015
25.0,4.814240718126633,1,16,Wednesday,March,0,2015
8.1,2.3583872380799535,1,22,Sunday,July,1,2012
5.3,1.4648822569123017,1,0,Monday,January,0,2012
5.7,1.9885725818777191,1,15,Monday,March,0,2011
25.3,9.9988405498738,1,20,Wednesday,April,0,2010
7.3,1.9454662735904404,1,15,Wednesday,August,0,2009
6.1,1.4133489120403768,1,22,Tuesday,June,0,2011
8.0,2.57751904114339,1,23,Thursday,November,0,2013
5.0,0.9170936695499948,1,11,Friday,May,0,2014
9.3,1.6136743212274782,1,13,Tuesday,July,0,2011
3.5,0.6479055344708716,1,13,Monday,April,0,2013
9.5,1.6406855106274738,1,11,Wednesday,April,0,2015
11.0,2.2344826786914775,1,10,Friday,December,0,2014
10.5,3.1017009372478173,5,17,Wednesday,February,0,2014
15.0,3.6280567677782627,1,8,Thursday,June,0,2013
4.0,0.6312820098615576,5,0,Saturday,March,1,2015
7.7,1.9600059976277142,1,12,Tuesday,August,0,2009
7.7,2.633085052688772,1,16,Sunday,December,1,2011
4.5,0.9058454138361368,1,22,Friday,April,0,2014
10.5,4.136985969726972,1,3,Thursday,June,0,2013
7.3,2.6677695790084806,1,13,Monday,January,0,2011
21.3,7.05894334031829,2,14,Friday,September,0,2009
5.5,0.9844781559537338,6,12,Wednesday,August,0,2014
4.5,0.8183447897983697,1,13,Friday,November,0,2011
9.5,2.4483471931583525,1,12,Tuesday,March,0,2014
17.0,4.4198774630519315,1,16,Saturday,November,1,2014
6.5,1.7379416694347716,1,8,Monday,October,0,2010
5.5,1.786680227761486,3,20,Friday,April,0,2014
8.9,2.870708618876248,1,13,Wednesday,September,0,2010
12.0,4.0841171320317615,1,18,Tuesday,April,0,2013
6.5,1.1897384166013834,1,15,Friday,May,0,2010
5.0,0.9241003745247973,6,21,Thursday,March,0,2014
6.5,2.3347013631325755,2,17,Wednesday,May,0,2014
16.1,4.729802323444002,2,12,Tuesday,August,0,2010
8.5,1.6360241516668468,1,9,Monday,April,0,2011
4.5,0.9981987280127497,1,17,Friday,September,0,2012
8.1,1.1448831051447104,1,14,Saturday,September,1,2009
10.9,2.8267705890529915,1,8,Friday,March,0,2012
11.3,3.9564788815583856,1,23,Monday,December,0,2009
11.7,4.818464401833097,2,18,Monday,May,0,2012
6.0,1.0184239043292764,1,13,Tuesday,November,0,2012
13.0,2.3162139992314446,1,11,Monday,May,0,2013
8.5,2.197183238786382,2,22,Tuesday,July,0,2014
11.7,3.1900400823584367,1,10,Friday,October,0,2009
11.3,3.3433493425740086,3,12,Friday,April,0,2011
8.9,2.399245551923059,1,12,Monday,February,0,2012
16.5,2.979627270025344,3,18,Saturday,December,1,2014
14.0,3.888053546100919,2,20,Friday,June,0,2013
11.3,2.7351579617865176,1,8,Friday,July,0,2012
8.1,1.010222837938992,1,12,Wednesday,April,0,2011
49.0,16.425766948369976,1,12,Saturday,January,1,2013
18.9,7.899092625551508,1,19,Sunday,May,1,2012
15.0,4.840897516960269,1,15,Friday,September,0,2012
12.1,3.9417649615101706,2,23,Saturday,November,1,2009
5.7,1.4303221046593808,1,23,Thursday,June,0,2012
15.5,2.8304006665726678,1,13,Friday,October,0,2014
37.83,8.804314258751905,1,6,Wednesday,March,0,2013
12.1,6.4240644752353875,2,11,Saturday,July,1,2010
9.3,3.934815908168195,1,1,Wednesday,August,0,2011
11.5,2.914449867164913,3,3,Friday,March,0,2014
35.83,14.283566139790349,1,21,Tuesday,February,0,2014
10.1,3.941139215182497,1,7,Tuesday,August,0,2009
5.3,1.2356342315997975,1,7,Saturday,May,1,2010
9.0,2.3934808788177517,1,20,Sunday,November,1,2012
9.5,2.2088903951922187,1,21,Tuesday,December,0,2013
5.5,1.3299281584792852,1,21,Thursday,March,0,2013
4.5,0.5934233753166089,6,20,Tuesday,January,0,2014
4.5,1.232329576973103,1,23,Monday,November,0,2009
4.5,1.0203697015169346,1,11,Sunday,February,1,2013
15.0,1.8962252923810499,2,13,Friday,May,0,2013
6.5,1.4374373629071062,1,13,Sunday,August,1,2013
9.0,2.3380023000339882,2,19,Saturday,September,1,2012
4.0,1.0179937247644797,5,20,Saturday,January,1,2014
15.3,2.988222043321963,1,21,Wednesday,September,0,2011
3.7,0.7197338048694959,2,15,Thursday,February,0,2009
6.5,1.5366947260054364,1,8,Monday,April,0,2009
11.5,2.25995543579939,3,18,Friday,June,0,2015
24.5,6.432161642846444,1,19,Saturday,March,1,2013
6.9,1.6649307385693124,1,14,Monday,September,0,2011
6.9,1.616482650995147,1,10,Thursday,October,0,2010
12.5,2.3469002470507383,1,15,Saturday,September,1,2012
8.5,0.6674541259946701,6,14,Thursday,July,0,2014
5.3,1.572056061797472,1,22,Sunday,June,1,2010
5.7,1.2193215695057245,1,1,Sunday,April,1,2009
8.9,2.633841330134765,2,19,Wednesday,February,0,2010
4.1,1.0556414602613287,1,3,Sunday,May,1,2009
4.9,0.6957137087929656,1,20,Thursday,November,0,2010
5.3,0.8295791258656174,2,13,Saturday,February,1,2009
7.5,1.2003260199936516,6,17,Wednesday,September,0,2013
6.5,1.502214972379436,1,18,Thursday,September,0,2011
4.5,1.3792817174865901,1,8,Friday,February,0,2014
11.5,4.565038986475511,6,23,Wednesday,January,0,2014
8.5,0.8833632731452884,1,12,Wednesday,October,0,2013
11.0,2.796028193675497,1,11,Tuesday,November,0,2013
6.5,3.210726452392969,1,21,Friday,November,0,2011
8.1,2.184758546421711,2,10,Saturday,November,1,2009
4.5,0.844404524641465,3,20,Tuesday,February,0,2012
10.5,3.0932682605775472,3,19,Thursday,February,0,2011
3.3,0.8771620055847124,1,16,Saturday,April,1,2011
6.1,1.8851104754550105,1,8,Friday,August,0,2009
6.9,1.7943294795632163,5,13,Saturday,March,1,2009
5.7,1.0388189808473234,1,6,Friday,January,0,2010
9.3,2.6313384133749667,5,22,Friday,July,0,2012
5.5,0.8561319757759619,1,19,Monday,September,0,2013
9.7,2.4317065248676637,1,21,Thursday,March,0,2011
7.7,1.601364227475143,1,18,Saturday,April,1,2009
4.9,1.2985255552386366,1,19,Tuesday,May,0,2009
4.9,1.4254739703976222,1,0,Friday,September,0,2010
13.5,3.92652700508966,1,18,Thursday,April,0,2013
22.0,5.677213453207418,2,23,Sunday,March,1,2015
13.0,2.33127439782795,1,11,Tuesday,June,0,2014
13.0,4.089172600477594,2,23,Sunday,June,1,2014
11.3,6.820717735531134,1,4,Sunday,February,1,2012
17.0,5.314148816801893,1,19,Monday,December,0,2012
4.9,0.8559938893468716,1,15,Friday,April,0,2009
6.9,3.1098744543052415,1,13,Sunday,October,1,2010
4.9,1.3524276236100574,1,10,Tuesday,December,0,2010
7.0,2.526826455174116,1,21,Tuesday,September,0,2012
7.8,3.780590734139295,2,21,Monday,February,0,2009
4.9,1.159204563319076,1,10,Thursday,January,0,2012
6.5,1.8948596595168925,1,8,Thursday,February,0,2012
8.5,2.6245050983620657,5,22,Wednesday,March,0,2012
12.9,4.0009825419881455,3,11,Friday,June,0,2011
5.7,1.5686535690862,1,21,Sunday,April,1,2012
6.5,1.4447788443263612,1,16,Friday,June,0,2015
16.0,3.9874324578998817,1,19,Friday,July,0,2014
4.5,3.436821106934965,5,13,Sunday,November,1,2013
15.3,6.036771631905745,1,15,Monday,June,0,2011
5.0,0.594518636169602,1,15,Tuesday,May,0,2015
6.5,1.1906579502702475,1,10,Friday,October,0,2013
8.0,1.4065397960431407,1,19,Thursday,February,0,2013
6.5,2.1253891233553595,1,22,Monday,November,0,2010
19.7,1.6196295240552698,1,13,Friday,March,0,2010
8.1,1.9143251830567356,1,11,Monday,May,0,2010
3.7,1.018185269727554,1,12,Wednesday,February,0,2012
3.7,0.5104544376275169,5,2,Saturday,May,1,2012
11.5,3.8224108971249406,1,23,Saturday,March,1,2015
4.5,0.5687894762892206,1,7,Thursday,October,0,2012
5.3,1.1866354002102364,3,18,Wednesday,January,0,2010
4.5,0.6327047053272951,1,17,Wednesday,December,0,2012
4.5,1.0614753885237638,1,17,Friday,March,0,2012
5.0,0.7760763884154949,1,20,Thursday,May,0,2013
49.57,18.719909628129333,1,16,Friday,April,0,2010
13.5,4.54785158793942,1,7,Tuesday,March,0,2015
5.0,0.6698545689495717,1,11,Sunday,March,1,2014
9.3,2.408071498008068,1,18,Thursday,July,0,2011
6.1,1.312668831404407,1,13,Saturday,January,1,2011
4.1,0.9695244124876178,3,1,Saturday,March,1,2010
3.7,0.5391986204875004,1,15,Monday,July,0,2012
6.1,1.2144056237833805,1,10,Saturday,January,1,2010
10.9,2.362470496982599,1,22,Saturday,July,1,2012
7.3,1.6200994455078612,2,12,Wednesday,October,0,2011
3.3,0.7324102236571398,1,17,Friday,August,0,2009
7.5,1.8926990975238938,1,11,Saturday,October,1,2012
4.1,1.0283248347863159,2,3,Friday,January,0,2012
13.3,2.859583934327159,1,17,Friday,November,0,2010
13.0,2.9676191302162027,1,8,Thursday,September,0,2012
5.7,1.6673010978314193,1,1,Saturday,October,1,2011
8.9,3.040771368464482,1,16,Thursday,August,0,2012
13.0,4.47295739479277,1,8,Friday,January,0,2014
6.1,1.8053551379933508,1,11,Monday,October,0,2009
13.5,2.040917892597939,1,15,Thursday,December,0,2014
6.0,1.0216749331312565,1,14,Tuesday,July,0,2013
5.0,1.3674061275234861,1,6,Thursday,January,0,2015
16.5,3.688450464549048,1,10,Thursday,March,0,2013
9.0,1.628246952005515,1,17,Friday,May,0,2014
8.1,2.642946270934699,2,0,Saturday,April,1,2011
8.5,1.426139470335786,1,23,Friday,December,0,2014
14.9,5.222240001215336,1,17,Sunday,March,1,2011
20.0,6.98906894703801,2,23,Saturday,September,1,2014
7.0,1.1634136019534307,6,11,Monday,June,0,2014
11.7,4.960356147934575,1,13,Sunday,April,1,2010
6.5,2.3921073801643233,1,7,Friday,May,0,2014
16.0,4.834275539077945,1,14,Tuesday,December,0,2012
16.1,5.414275153594392,3,21,Thursday,September,0,2011
6.9,2.404091476309349,1,13,Sunday,June,1,2009
6.0,1.219252565923839,1,0,Saturday,August,1,2013
30.9,9.728466340079144,1,14,Sunday,November,1,2010
6.9,1.3296468036927704,2,20,Saturday,December,1,2009
10.9,4.350326466968227,2,11,Sunday,April,1,2011
8.1,1.7781859108076181,1,11,Tuesday,March,0,2011
12.0,2.180859675315093,1,9,Tuesday,February,0,2015
10.9,2.7532155541279546,1,9,Saturday,April,1,2012
6.1,1.274366582171963,2,2,Saturday,July,1,2011
12.5,3.2350627625685564,5,19,Thursday,May,0,2012
11.3,4.483111242971941,1,20,Sunday,October,1,2009
5.7,1.0667291995723327,1,11,Wednesday,November,0,2010
6.0,0.9218578211844404,3,12,Friday,January,0,2014
7.3,2.6525301187251076,1,20,Tuesday,June,0,2011
21.0,4.777282977163271,1,15,Friday,October,0,2014
6.1,2.0440414765077697,1,14,Saturday,December,1,2011
27.85,11.313640364370077,2,0,Wednesday,March,0,2009
15.7,5.060518109178522,1,8,Tuesday,September,0,2010
23.0,9.571161195440936,1,18,Sunday,March,1,2013
12.0,3.7527239188263715,1,12,Tuesday,January,0,2013
4.5,1.1093518497581865,1,23,Saturday,April,1,2014
5.7,1.771574523626809,5,20,Friday,July,0,2010
15.5,5.710370343945592,1,23,Sunday,April,1,2014
7.3,2.7787728955666005,1,15,Friday,August,0,2009
5.7,1.6014148173742804,2,21,Wednesday,September,0,2011
10.9,3.2378048030810676,1,10,Thursday,April,0,2009
3.7,1.0385696382884904,1,2,Saturday,April,1,2011
5.3,1.0779661812806562,3,15,Thursday,June,0,2010
8.5,3.924758416884641,1,9,Saturday,December,1,2009
9.7,2.4111186795018984,5,16,Monday,March,0,2011
5.7,1.6309931685305479,1,12,Sunday,June,1,2010
6.1,2.4037686825175966,1,23,Thursday,April,0,2012
5.7,2.3129337448542038,3,17,Friday,July,0,2010
4.9,1.1670429714034314,5,23,Monday,May,0,2009
11.0,3.048594435535673,1,13,Friday,August,0,2013
24.0,9.33439214574359,2,5,Wednesday,October,0,2014
2.5,6.391377604348215,1,22,Monday,December,0,2013
19.7,5.5687973532082315,1,15,Wednesday,April,0,2009
6.9,2.603446523677,1,16,Sunday,April,1,2012
17.3,4.817334510442258,1,17,Wednesday,May,0,2011
4.0,0.8961613160633687,1,14,Thursday,February,0,2013
7.3,2.713283636640626,1,1,Thursday,September,0,2010
8.5,2.0357214554611653,1,19,Thursday,June,0,2011
7.3,2.2601637660326275,5,23,Tuesday,January,0,2012
7.5,0.7595929826037765,1,18,Monday,April,0,2013
4.9,1.114947973968056,2,15,Thursday,September,0,2009
8.5,2.0894394393462843,1,2,Friday,September,0,2013
33.5,12.15634454393641,4,3,Saturday,February,1,2013
6.0,1.382677380384708,5,23,Friday,July,0,2014
16.9,8.61208064783823,2,0,Friday,June,0,2010
10.5,4.698136203220303,1,19,Saturday,February,1,2012
9.0,2.5080517782962426,6,7,Thursday,November,0,2012
4.5,0.7782222494120127,6,21,Thursday,February,0,2014
10.5,1.868040889765724,1,9,Thursday,February,0,2011
6.5,1.3855638433232706,5,21,Friday,February,0,2013
5.5,0.7953024770489873,1,0,Friday,February,0,2013
10.9,5.508085010939794,2,17,Sunday,September,1,2011
14.5,4.884857344958586,1,15,Tuesday,April,0,2012
9.7,2.4252515295088344,1,15,Thursday,February,0,2012
10.0,2.2081400230997197,1,23,Friday,May,0,2013
3.0,0.008363999324937846,1,14,Tuesday,May,0,2014
15.3,3.352326878065804,3,14,Sunday,April,1,2009
11.3,4.111880685453429,1,17,Monday,August,0,2012
3.7,0.6946275002911299,5,22,Thursday,January,0,2009
12.5,2.9104278747687373,1,21,Friday,August,0,2013
11.7,3.7259037866543627,5,10,Thursday,January,0,2009
10.5,4.070011406142463,5,16,Sunday,October,1,2009
9.3,2.472569894582632,1,15,Friday,March,0,2009
3.0,0.41992488502870323,1,14,Wednesday,April,0,2015
11.7,4.302747152018268,1,22,Thursday,March,0,2011
8.0,0.8335584036439426,6,9,Thursday,January,0,2013
13.3,3.7792395430410624,1,4,Monday,November,0,2010
5.5,0.8943067996082349,5,19,Thursday,November,0,2013
10.0,0.9389012542675409,1,10,Tuesday,September,0,2013
20.5,9.119013165967191,1,7,Saturday,October,1,2011
36.04,8.46313537184834,2,9,Saturday,April,1,2015
26.67,9.709665168938248,2,22,Thursday,July,0,2009
4.5,0.947931480018572,1,22,Friday,June,0,2015
5.7,1.607817775260681,1,2,Friday,May,0,2012
60.45,17.727412338335217,2,20,Sunday,November,1,2009
5.7,1.528958287339249,1,0,Thursday,July,0,2010
10.9,2.791737222392075,2,19,Friday,August,0,2012
2.9,0.43744428183025075,1,3,Wednesday,June,0,2009
5.5,0.8381964166801359,1,8,Friday,May,0,2014
6.1,1.6594890336573167,1,9,Thursday,May,0,2011
14.0,4.718494142871209,1,20,Wednesday,May,0,2013
10.1,2.8386735137564516,1,15,Friday,July,0,2009
5.3,1.6015422544066023,1,13,Tuesday,November,0,2010
10.0,3.9125771126134063,2,23,Tuesday,February,0,2015
11.3,1.8053527132610359,2,13,Saturday,January,1,2012
6.1,1.4555542046792216,2,12,Tuesday,January,0,2012
7.3,1.53328045589283,1,14,Tuesday,May,0,2012
4.5,0.8182133265060908,5,9,Saturday,March,1,2014
12.0,2.5662305205087583,1,7,Thursday,April,0,2013
18.9,9.557304960342856,1,23,Friday,November,0,2011
13.3,3.027930354223941,1,17,Thursday,September,0,2009
8.1,3.273624147005373,1,17,Tuesday,July,0,2009
3.7,0.84904018877557,5,19,Saturday,May,1,2010
14.5,5.194469782934642,6,13,Saturday,February,1,2015
10.1,4.594244240259903,3,21,Monday,February,0,2011
10.0,2.003370298944998,1,12,Tuesday,July,0,2013
49.57,1.9302200762176605,1,11,Saturday,September,1,2010
9.7,2.5668166959633383,1,12,Sunday,October,1,2010
15.0,5.909740621674674,4,23,Wednesday,March,0,2013
6.5,1.0540834879082657,1,12,Friday,December,0,2013
4.5,0.88182689888934,1,7,Monday,October,0,2009
49.33,13.813910600690058,1,21,Friday,May,0,2013
17.0,4.280128325049581,3,13,Tuesday,April,0,2013
9.0,1.3064301337612743,2,11,Wednesday,September,0,2013
10.1,2.7385790216156165,1,13,Friday,February,0,2012
11.5,3.8819369221059974,2,22,Monday,April,0,2014
5.3,1.0981764799535332,2,21,Friday,January,0,2009
14.1,4.878125665640757,1,11,Monday,March,0,2010
22.0,0.27720944641629114,1,14,Thursday,February,0,2015
5.3,1.6656241812167218,1,15,Wednesday,April,0,2011
20.5,3.830169862729811,2,23,Thursday,January,0,2014
6.9,1.7836764385264805,1,3,Sunday,July,1,2010
16.0,4.872996945420157,1,0,Saturday,January,1,2015
5.3,1.086671794228611,1,14,Sunday,January,1,2010
8.1,2.410872516272535,1,13,Thursday,March,0,2012
6.5,0.8242178486977111,1,19,Thursday,June,0,2013
5.7,1.325455499348176,1,13,Wednesday,May,0,2012
6.5,2.641584685538572,3,16,Tuesday,February,0,2012
13.0,3.687113160740287,2,0,Sunday,October,1,2012
6.1,1.4617873069316538,2,14,Saturday,October,1,2011
5.0,0.8139036995332417,1,8,Wednesday,March,0,2015
15.3,3.9657781091417172,1,15,Tuesday,December,0,2010
12.5,3.060371823351578,1,11,Thursday,February,0,2010
14.5,3.8115355223733163,1,9,Friday,November,0,2013
10.5,4.326017454887446,1,10,Monday,October,0,2009
6.0,0.5851762486471397,5,9,Tuesday,April,0,2015
7.5,1.1704268653190404,1,9,Tuesday,October,0,2012
6.1,1.2023482706362225,1,11,Wednesday,July,0,2012
45.0,0.1849057508378776,1,7,Friday,September,0,2009
8.9,4.337658081644734,5,8,Sunday,December,1,2010
16.9,4.4326200385376,5,10,Saturday,February,1,2011
6.5,1.1457070567810717,5,23,Friday,December,0,2013
8.9,3.4465923510411756,1,21,Tuesday,October,0,2009
12.5,2.261097887357001,2,11,Friday,March,0,2013
10.1,2.8511440725293267,1,18,Saturday,June,1,2011
4.1,1.3138218928860421,1,15,Sunday,September,1,2011
33.8,11.520596492018695,1,15,Wednesday,December,0,2012
8.2,3.759830218288872,3,20,Tuesday,February,0,2009
8.1,2.0103770149162488,1,14,Sunday,May,1,2011
4.5,0.6812272632198586,1,22,Tuesday,July,0,2012
6.0,1.7257387626099905,5,18,Wednesday,February,0,2014
3.7,0.8988596725349961,1,19,Monday,January,0,2011
5.7,0.5474244968806298,1,22,Friday,June,0,2011
6.0,0.9834985834417888,5,16,Sunday,March,1,2015
18.5,3.546266298657397,2,21,Friday,March,0,2011
32.83,9.4133020348277,1,6,Thursday,October,0,2014
16.0,5.406473063147773,1,15,Friday,August,0,2014
9.7,2.984157893723037,2,21,Friday,July,0,2012
6.5,0.7851059496921483,2,18,Friday,June,0,2009
6.0,1.0028376806105859,1,13,Wednesday,June,0,2013
5.7,1.5871460289833896,2,20,Sunday,July,1,2011
10.5,2.551455498731183,2,0,Saturday,April,1,2015
14.0,4.0011138401023665,1,17,Tuesday,August,0,2013
24.1,12.072003301038144,1,2,Sunday,February,1,2011
6.5,2.0902945254801657,1,19,Monday,October,0,2011
5.3,0.7532394843488474,1,12,Sunday,April,1,2010
8.5,2.368498110270522,2,1,Saturday,August,1,2014
6.5,1.7585869950032749,1,20,Monday,August,0,2009
11.0,2.9847162404792225,1,19,Sunday,April,1,2015
6.9,1.7455471150155286,2,4,Thursday,December,0,2009
6.1,2.271396367410058,1,11,Saturday,March,1,2010
32.3,9.94387755374779,1,14,Thursday,November,0,2012
4.9,0.9199956292430448,1,7,Tuesday,November,0,2011
5.0,1.1526239875410718,1,10,Monday,July,0,2013
19.5,7.6669832049703235,1,4,Saturday,December,1,2014
5.3,1.0404454591420085,3,19,Tuesday,July,0,2012
6.5,2.261654063521753,1,15,Friday,July,0,2009
14.5,5.550974501407531,1,17,Monday,March,0,2014
11.5,3.166541182137437,5,11,Wednesday,May,0,2014
16.0,2.620118949620681,5,19,Wednesday,September,0,2012
3.7,0.5729680816424086,1,19,Tuesday,April,0,2010
6.5,1.1808618883288298,1,20,Tuesday,February,0,2014
5.0,1.0933213694283732,1,9,Tuesday,September,0,2013
9.3,1.6971737212990732,1,15,Monday,August,0,2011
12.0,3.7398338941313107,1,2,Wednesday,September,0,2013
20.0,6.382782504101055,2,17,Saturday,September,1,2012
12.0,2.6097305109871027,1,17,Wednesday,December,0,2013
17.5,3.581020236034296,1,14,Tuesday,October,0,2012
13.3,4.811965069371522,1,12,Wednesday,February,0,2009
4.5,0.763656201241269,1,8,Saturday,June,1,2014
5.0,1.129133257153332,1,13,Thursday,February,0,2015
10.0,3.7973228310854537,1,0,Tuesday,October,0,2013
4.0,0.5532173628748448,1,5,Monday,May,0,2014
5.7,1.0424536918667857,1,9,Wednesday,May,0,2010
3.3,0.5489494687849256,2,18,Monday,April,0,2009
18.9,7.3783156048669065,1,14,Sunday,June,1,2009
12.9,5.9098478740611915,2,19,Thursday,June,0,2010
57.0,8.92208879315916,4,13,Friday,April,0,2014
10.5,5.473651620054997,1,3,Sunday,June,1,2011
6.5,1.8895611484268862,1,22,Sunday,February,1,2014
7.7,3.0678540580684084,1,0,Sunday,September,1,2011
18.1,8.540677679454769,1,10,Wednesday,February,0,2011
6.9,2.470802387860117,1,20,Wednesday,December,0,2011
19.5,3.205630144173587,2,17,Saturday,November,1,2014
4.5,0.6632374807253202,1,20,Friday,February,0,2015
7.0,1.041954808703215,1,13,Wednesday,February,0,2015
12.1,4.203733120266372,2,5,Sunday,January,1,2010
11.5,3.2950255934276393,1,21,Friday,July,0,2013
10.9,3.896042288905509,2,19,Friday,December,0,2010
3.0,0.5758564478807157,2,6,Thursday,January,0,2015
8.5,4.2175052499027155,2,18,Sunday,May,1,2010
5.7,2.5783626536032958,1,21,Tuesday,October,0,2011
15.3,4.243898596872733,1,17,Friday,January,0,2012
25.5,6.806395805906533,1,12,Saturday,October,1,2014
12.5,4.514754845751516,2,19,Sunday,March,1,2009
6.0,1.849200845967408,1,5,Sunday,June,1,2013
12.0,3.9936047915551547,1,23,Sunday,October,1,2012
41.83,10.290931226980383,1,13,Monday,August,0,2013
4.5,0.8594361481648888,3,15,Saturday,October,1,2013
16.5,2.9211157813524484,2,11,Sunday,February,1,2014
11.7,2.3860321777275266,1,14,Friday,March,0,2010
5.5,1.0350589073339485,1,0,Monday,December,0,2013
14.9,5.508729636037553,1,0,Wednesday,June,0,2011
9.3,1.8152942399687224,2,23,Friday,March,0,2011
7.5,2.1324746970998705,6,18,Saturday,May,1,2013
4.1,0.6792668371663132,2,18,Tuesday,March,0,2010
9.0,1.2628018192013895,1,18,Monday,December,0,2012
6.5,1.2577272690329844,1,22,Thursday,January,0,2014
5.7,0.8886330785794699,1,10,Tuesday,April,0,2009
10.9,2.6933159263702966,1,19,Monday,May,0,2012
38.5,14.483640181355225,1,19,Wednesday,December,0,2012
12.1,1.0417070564933784,2,2,Saturday,August,1,2010
10.5,4.44330156228833,1,20,Thursday,May,0,2011
10.5,2.1635846478525886,1,21,Thursday,September,0,2014
4.5,5.676081922423106,1,16,Saturday,March,1,2012
6.1,1.4452977854537166,1,14,Tuesday,April,0,2010
16.5,7.427618399114483,1,23,Thursday,March,0,2010
6.5,1.5383431179243103,5,18,Thursday,August,0,2010
11.5,3.5071711727505894,1,12,Saturday,October,1,2013
36.27,13.76985476650907,1,9,Wednesday,February,0,2010
5.5,1.3083556839462003,2,21,Wednesday,September,0,2013
5.3,1.036392208698221,1,15,Monday,April,0,2012
15.3,2.268067557763673,6,15,Wednesday,September,0,2012
3.5,0.8343309400910477,1,7,Friday,May,0,2013
10.5,3.41668386636529,1,0,Friday,July,0,2009
4.1,0.5367481740546438,1,8,Wednesday,January,0,2011
4.1,0.4739233631219691,5,19,Friday,November,0,2011
17.0,4.433304664256211,5,12,Friday,February,0,2014
18.5,5.458469899998553,1,0,Friday,January,0,2014
5.3,1.1056723049357877,1,9,Monday,November,0,2009
12.5,3.340090428470148,1,7,Thursday,May,0,2015
11.5,2.395835545093253,1,15,Thursday,March,0,2014
6.9,2.1267628830610508,1,18,Wednesday,January,0,2011
9.3,3.2202125099420886,1,16,Friday,June,0,2011
12.9,6.180792455301282,1,6,Wednesday,October,0,2011
3.5,0.16810806118890625,1,2,Monday,April,0,2013
4.1,1.2195894909100335,1,19,Thursday,September,0,2011
5.3,1.4308550478895763,1,20,Monday,November,0,2010
13.7,4.020008849888002,1,21,Wednesday,December,0,2010
3.7,0.4127392838349849,1,20,Friday,July,0,2009
11.0,1.949898008508453,1,15,Friday,April,0,2013
4.9,1.3568732990322647,2,19,Saturday,March,1,2009
6.5,1.493183630951075,3,9,Saturday,March,1,2013
24.5,9.64970105984444,1,21,Thursday,March,0,2012
16.5,1.6548886774715026,1,10,Tuesday,November,0,2013
7.3,1.9052783885810998,5,14,Tuesday,February,0,2010
17.7,8.562607454540416,1,22,Tuesday,May,0,2009
20.5,7.297467985353807,1,17,Sunday,June,1,2013
9.3,3.0777141762216966,1,10,Saturday,September,1,2012
8.1,2.218464896239738,5,1,Saturday,March,1,2011
5.0,1.5081203368223934,2,5,Saturday,February,1,2015
4.1,0.20070812066727464,1,12,Wednesday,August,0,2009
10.9,4.4337252142750625,1,0,Saturday,August,1,2009
7.7,1.817240787545745,2,12,Saturday,May,1,2010
10.5,2.427997241528867,1,13,Tuesday,April,0,2014
7.5,2.099343030775681,1,7,Tuesday,November,0,2012
10.5,2.0895989727683313,6,12,Tuesday,April,0,2014
11.5,4.202286009953368,1,23,Friday,April,0,2014
9.0,1.4499492964382354,1,18,Thursday,December,0,2013
18.5,7.477697005005007,1,21,Wednesday,September,0,2013
4.0,0.45905690970569646,1,12,Thursday,April,0,2013
16.9,0.23374825194631876,1,10,Saturday,May,1,2010
6.0,1.3204128236778303,1,17,Monday,March,0,2014
8.0,2.198522956770136,6,10,Thursday,October,0,2014
45.3,17.011881592657076,1,14,Tuesday,May,0,2011
62.5,12.815682680537424,2,3,Wednesday,January,0,2014
6.5,1.719012840799461,1,18,Tuesday,March,0,2015
15.0,2.6688953067218115,1,9,Wednesday,April,0,2015
4.0,0.6961731013516331,1,7,Wednesday,November,0,2013
14.0,4.556326385335995,2,20,Friday,October,0,2014
5.7,1.8065839424030017,1,5,Wednesday,December,0,2009
4.9,0.7710153116250354,3,11,Tuesday,January,0,2009
10.5,3.527897839977665,1,7,Tuesday,November,0,2009
32.0,12.375868734433958,1,18,Sunday,January,1,2014
5.7,1.449641419781573,1,9,Friday,August,0,2012
7.5,2.28958603556169,1,8,Saturday,October,1,2014
5.3,0.9761741462711121,1,23,Sunday,July,1,2012
12.5,3.7654949462876575,1,11,Thursday,November,0,2011
52.0,0.002680654928114228,1,7,Thursday,December,0,2014
46.0,14.677761510601416,1,23,Thursday,November,0,2013
8.0,2.1522511410614213,1,8,Friday,August,0,2014
13.3,5.247606471705406,3,19,Sunday,July,1,2011
6.5,1.259415118152019,5,22,Saturday,August,1,2009
15.7,6.874671602610112,1,7,Monday,November,0,2011
8.1,2.864290319926135,1,19,Tuesday,November,0,2009
6.9,2.4665097288330116,1,21,Wednesday,June,0,2011
22.1,0.5689287779970358,1,18,Sunday,September,1,2010
45.3,17.14516428534388,1,12,Sunday,October,1,2010
5.0,0.9133410504190544,6,9,Monday,June,0,2013
11.7,4.926911148063366,1,2,Saturday,May,1,2009
9.7,3.552070458945388,5,19,Monday,February,0,2011
4.5,1.1301442266942545,1,8,Saturday,February,1,2009
16.9,7.669646917884426,1,13,Sunday,December,1,2010
33.33,9.694195981846294,1,20,Sunday,October,1,2014
6.9,1.8513102389423528,2,19,Tuesday,March,0,2012
6.9,2.2162994801255183,6,16,Thursday,March,0,2012
4.9,1.16370676665672,1,12,Monday,December,0,2009
9.0,1.405602539956487,1,7,Wednesday,September,0,2012
17.0,4.563132244954191,2,23,Saturday,April,1,2013
13.5,3.6696813971317197,1,12,Thursday,May,0,2013
7.3,3.2853796422848514,1,0,Monday,January,0,2010
8.1,1.358372252239371,1,11,Thursday,November,0,2010
12.9,5.721264757182266,1,19,Friday,January,0,2011
9.5,2.471906612331609,2,15,Wednesday,November,0,2013
3.5,0.25449477659435554,1,20,Wednesday,February,0,2014
2.5,2.6264483551119766,1,10,Wednesday,January,0,2011
5.0,0.7562965927948861,1,18,Tuesday,August,0,2013
6.0,0.8040034430082303,1,20,Tuesday,December,0,2012
12.1,5.203602987977405,3,1,Sunday,May,1,2009
5.7,1.3225690782769002,1,9,Sunday,February,1,2012
5.5,1.2566069844552072,1,16,Wednesday,February,0,2015
12.5,4.057385202533063,1,15,Sunday,July,1,2014
8.9,4.39554561716221,1,11,Sunday,May,1,2012
4.0,0.9547768346741111,1,7,Thursday,December,0,2014
8.5,2.6698388146653262,1,20,Sunday,March,1,2010
3.7,0.6325948765672403,5,21,Tuesday,March,0,2010
22.9,8.901102261668427,1,1,Monday,May,0,2012
6.5,1.4248465776889527,1,18,Wednesday,February,0,2010
9.7,2.190206486820875,1,10,Friday,October,0,2010
9.0,11.702274412191365,1,14,Sunday,December,1,2012
16.0,4.2291012282854625,1,15,Saturday,April,1,2013
5.3,1.403273725001466,3,16,Saturday,January,1,2011
6.0,1.5240589700754237,1,22,Thursday,January,0,2014
6.9,1.5594527549959827,1,16,Sunday,June,1,2011
7.0,0.9930613009040408,1,19,Wednesday,April,0,2013
6.5,1.7934190114910584,5,23,Sunday,May,1,2010
4.9,1.723251633830752,1,22,Monday,May,0,2009
5.3,0.6440625828856302,5,14,Saturday,June,1,2010
6.5,2.208524407617963,1,10,Thursday,May,0,2009
10.9,4.357810337249082,1,6,Tuesday,May,0,2010
9.5,2.873287666243549,1,11,Monday,April,0,2013
6.0,1.5650761832670672,1,8,Thursday,April,0,2013
32.1,5.537037838857016,2,14,Tuesday,August,0,2009
11.3,3.2301755726521337,1,22,Thursday,October,0,2010
16.1,6.087875886548452,1,21,Saturday,December,1,2009
9.0,3.0996933229568477,5,18,Monday,March,0,2014
17.7,6.672235507584253,1,11,Monday,March,0,2011
9.3,2.834455710985825,2,21,Tuesday,June,0,2011
6.1,1.321116583943195,1,9,Tuesday,March,0,2012
5.5,0.9644266032219213,1,20,Thursday,June,0,2013
5.3,1.9534635136777931,1,23,Friday,May,0,2010
8.1,2.419617995275304,4,15,Monday,October,0,2011
30.1,11.105376218451253,2,9,Friday,September,0,2011
10.0,1.469728076328822,1,14,Friday,October,0,2013
4.5,0.800141111650265,3,18,Sunday,January,1,2012
6.0,0.8553100243282844,2,8,Tuesday,November,0,2014
8.0,1.9706087681683269,2,16,Saturday,May,1,2015
8.9,3.790775637439671,2,21,Saturday,February,1,2011
5.3,1.5932051207291782,3,1,Sunday,December,1,2009
8.1,2.1909608429460437,2,6,Wednesday,March,0,2012
4.5,0.8852533212448208,1,13,Friday,July,0,2009
6.5,0.9210935588362145,1,8,Monday,May,0,2010
6.5,1.6917093666956529,1,0,Sunday,May,1,2012
21.0,7.761542176326964,1,15,Sunday,December,1,2014
9.5,2.0440975159578256,1,23,Tuesday,October,0,2013
9.5,2.1084974829274863,1,18,Monday,January,0,2013
6.1,1.8454081762296837,1,21,Tuesday,January,0,2009
8.5,2.6090849618762526,2,13,Tuesday,October,0,2012
8.1,2.640436656581373,1,23,Wednesday,March,0,2009
7.3,1.8364938614025632,1,8,Tuesday,September,0,2009
4.1,0.6594151947580918,1,18,Friday,May,0,2011
7.3,1.4953466546936243,2,15,Wednesday,March,0,2009
10.5,2.7691154652197394,3,18,Friday,October,0,2012
7.7,2.2989838805188274,1,15,Saturday,December,1,2009
7.3,2.33464732370731,1,8,Thursday,August,0,2012
14.0,4.789302141571984,2,18,Sunday,November,1,2014
8.5,3.1731150220299518,1,19,Saturday,April,1,2009
12.5,2.6322124966686964,1,18,Tuesday,April,0,2013
5.3,1.2494608136546834,1,16,Sunday,June,1,2009
35.0,10.219727399411017,1,13,Saturday,December,1,2012
23.3,5.921004567638601,4,8,Tuesday,February,0,2012
8.0,1.1179113936472898,2,19,Saturday,January,1,2015
10.5,2.6412030753648574,2,12,Saturday,December,1,2013
11.0,1.7892397776940925,1,20,Friday,November,0,2014
10.0,2.552491284219564,1,13,Saturday,February,1,2013
18.1,10.33772117349435,2,5,Friday,July,0,2009
9.3,2.575858055272194,3,12,Saturday,November,1,2009
49.8,21.503996748145735,2,15,Sunday,May,1,2011
3.5,0.5484068795982949,1,20,Saturday,October,1,2014
4.5,1.0174977543964683,1,16,Sunday,February,1,2012
6.9,1.290119493548017,1,9,Thursday,February,0,2012
4.5,0.8557207137165018,2,18,Thursday,November,0,2009
28.0,8.31831636773271,1,13,Tuesday,July,0,2014
6.0,3.533251601795714,1,22,Saturday,May,1,2013
7.7,1.0923866135355194,4,19,Monday,April,0,2011
15.8,8.561039434477582,1,20,Tuesday,March,0,2009
12.0,4.593285293118653,1,12,Saturday,November,1,2014
14.5,3.093852182316012,1,15,Friday,March,0,2014
5.3,1.4227485108812565,1,5,Saturday,March,1,2011
5.7,0.7926215853210632,1,18,Tuesday,October,0,2010
18.5,8.529192065379585,1,0,Sunday,March,1,2009
10.0,2.41113576066874,1,9,Friday,May,0,2013
9.7,1.8830835228862515,2,11,Tuesday,February,0,2009
24.5,7.7999670570343325,1,22,Sunday,July,1,2014
6.9,1.525248019457734,1,14,Friday,September,0,2011
4.5,0.8695822671444078,1,13,Tuesday,January,0,2010
36.1,12.551548322835481,2,2,Friday,July,0,2011
6.9,3.4638728013430264,5,1,Saturday,April,1,2012
6.9,1.5005721648949586,1,10,Wednesday,June,0,2011
7.3,2.0526769236663758,1,11,Sunday,January,1,2011
19.0,6.328144029585654,1,21,Wednesday,August,0,2013
14.9,5.244420752303057,1,13,Friday,March,0,2012
22.9,12.386125417099914,1,9,Saturday,April,1,2011
12.1,3.2765626987151713,1,13,Thursday,April,0,2009
11.7,4.380270361579062,1,13,Thursday,December,0,2009
10.5,2.646683790658291,3,10,Tuesday,December,0,2009
16.9,8.465412079903555,1,19,Thursday,October,0,2009
4.5,0.8189397608520458,5,4,Tuesday,May,0,2011
8.1,2.849972203931035,1,6,Wednesday,June,0,2010
19.8,0.00047628137337661343,1,2,Friday,February,0,2009
4.9,1.1337512068914455,1,21,Friday,March,0,2012
6.5,1.006759381494543,1,15,Sunday,November,1,2013
6.1,2.1817834797001687,1,22,Thursday,June,0,2012
4.9,1.0522484312593727,1,2,Friday,December,0,2010
14.0,1.675452093654847,1,11,Wednesday,December,0,2012
7.7,2.0830400473142823,1,8,Friday,January,0,2012
16.5,6.723928941478279,3,18,Sunday,June,1,2012
8.0,1.5923323863936283,2,13,Monday,November,0,2014
4.9,1.034285136276814,1,16,Thursday,April,0,2009
8.1,2.8000029090344425,2,12,Friday,August,0,2010
21.0,7.868976784121943,1,2,Sunday,January,1,2013
5.7,1.646822124406021,1,0,Friday,July,0,2012
9.3,3.494852913096319,1,13,Friday,October,0,2010
5.3,0.9216230855412668,1,21,Tuesday,August,0,2010
8.1,2.752031345648974,1,13,Wednesday,June,0,2009
9.5,2.246177070948414,1,19,Friday,January,0,2015
8.0,2.5098615394425474,1,18,Saturday,July,1,2013
5.3,0.779671857468153,1,12,Friday,November,0,2009
5.5,1.0934078886928773,1,16,Sunday,December,1,2013
5.7,1.4500488789519308,1,18,Monday,June,0,2012
8.5,2.052583949658281,1,17,Tuesday,September,0,2014
6.5,1.7187100059823581,1,7,Friday,May,0,2011
4.9,1.0493594943455014,1,17,Tuesday,January,0,2010
8.0,1.1228657213024635,1,20,Tuesday,January,0,2014
3.7,0.7778049166568551,1,9,Tuesday,June,0,2010
27.450000000000006,8.4325660438078,1,15,Sunday,February,1,2009
6.5,0.9693182995783217,2,15,Monday,August,0,2014
4.5,0.8114557189291364,2,10,Tuesday,June,0,2014
20.5,5.784253624532156,2,8,Friday,March,0,2009
33.5,8.009336183428669,1,8,Wednesday,April,0,2014
8.9,2.8719300058305315,2,21,Monday,April,0,2011
6.0,0.7788183513089479,1,19,Thursday,August,0,2013
15.3,5.196249118218414,2,8,Thursday,March,0,2012
14.0,4.194461285719471,2,13,Sunday,May,1,2015
14.0,4.64983552967613,1,22,Friday,November,0,2013
25.47,11.788054153936692,1,23,Thursday,August,0,2010
4.1,0.9872163714412149,1,11,Saturday,February,1,2009
7.0,2.2284280604024644,1,22,Friday,February,0,2009
7.3,2.405202216537901,5,0,Tuesday,November,0,2010
6.5,9.902791592149313,1,12,Wednesday,August,0,2012
9.7,2.9245373727356134,5,10,Friday,December,0,2011
5.0,0.964080098695173,1,22,Friday,November,0,2012
7.5,2.4790405473624064,1,14,Wednesday,December,0,2013
7.0,0.8376111399315969,3,20,Tuesday,September,0,2014
17.5,3.431212679191066,1,13,Thursday,January,0,2014
6.9,2.0270025689781708,1,8,Saturday,December,1,2011
5.7,1.6671097114472513,5,8,Monday,November,0,2010
5.7,1.269973023134411,3,9,Saturday,July,1,2010
9.7,3.086332182942899,2,21,Friday,August,0,2012
6.5,1.449962351232597,1,16,Sunday,October,1,2012
6.5,1.3744334616483183,1,16,Sunday,July,1,2013
22.0,6.220224888612582,2,18,Friday,August,0,2013
5.7,1.512295601251145,1,15,Monday,May,0,2009
15.7,5.789186677945006,1,0,Friday,April,0,2012
6.5,1.2941417108612192,1,19,Saturday,June,1,2011
7.3,1.5944795577000699,2,10,Friday,March,0,2012
9.5,2.6971996485359946,1,19,Sunday,May,1,2014
16.1,3.850627138250457,5,19,Monday,April,0,2012
3.5,0.58550582695703,1,9,Tuesday,January,0,2015
6.9,1.8101569801896853,1,8,Friday,January,0,2010
16.9,3.9497436886638186,1,18,Friday,October,0,2010
8.1,1.8114573870417603,3,15,Monday,April,0,2011
4.5,0.5015377967259496,1,13,Tuesday,April,0,2015
6.9,1.1492993056555865,1,9,Thursday,April,0,2011
11.3,2.5727292487599747,4,17,Monday,December,0,2009
5.5,0.5363218141390182,1,9,Wednesday,February,0,2013
29.47,8.771536869011051,5,13,Tuesday,October,0,2009
8.5,3.5077499716089937,1,6,Monday,November,0,2010
7.7,2.124964423153933,5,0,Sunday,October,1,2011
10.5,2.802174884404532,1,16,Sunday,January,1,2014
5.5,1.1874218436858297,2,11,Monday,June,0,2014
6.1,1.4431134796099123,1,23,Tuesday,September,0,2010
5.3,1.198402125348875,1,18,Friday,February,0,2012
13.5,2.8402377902839424,1,0,Saturday,April,1,2013
6.5,1.7276835632343273,1,19,Tuesday,July,0,2011
4.5,1.2913711342540568,1,22,Monday,March,0,2013
7.0,0.5170098371969953,2,19,Thursday,May,0,2013
12.0,1.8961230848208932,1,12,Wednesday,July,0,2014
11.5,2.026296499092635,1,16,Sunday,April,1,2015
4.0,0.6320365096146013,1,14,Sunday,October,1,2013
4.0,0.9305454930510851,1,14,Saturday,February,1,2015
15.3,3.1129502051338105,1,12,Tuesday,July,0,2012
18.5,5.811113430241522,1,1,Friday,December,0,2014
6.0,1.2031767586382174,1,7,Wednesday,June,0,2013
12.5,2.606047009876993,1,19,Friday,July,0,2014
24.1,11.848952035366926,1,14,Sunday,May,1,2010
7.7,1.765155341152278,1,11,Wednesday,March,0,2009
26.0,8.682369199382823,1,5,Saturday,January,1,2015
9.7,3.4434483373037668,1,7,Thursday,June,0,2010
6.0,1.0133131855130204,6,15,Saturday,January,1,2014
3.7,0.2820240929308624,1,14,Wednesday,May,0,2012
7.7,2.367076323553198,5,15,Sunday,January,1,2010
9.0,1.7750659856021,2,21,Wednesday,September,0,2014
7.0,1.204539855915497,3,12,Sunday,April,1,2013
5.3,0.7834739883790585,2,19,Thursday,July,0,2009
9.3,4.6251496169543955,1,10,Thursday,May,0,2011
5.3,1.6283791398177483,3,15,Wednesday,November,0,2009
60.0,4.189239720283258,1,0,Thursday,March,0,2014
17.3,7.189329648792242,1,23,Tuesday,April,0,2010
5.3,1.315309098697391,1,20,Tuesday,December,0,2009
17.3,4.88057128165587,1,19,Thursday,March,0,2011
6.0,1.4455619462707043,2,18,Friday,December,0,2013
11.3,4.031135869349234,5,18,Saturday,March,1,2012
31.3,10.240393775143506,1,14,Tuesday,January,0,2012
57.33,19.75244183645627,1,7,Tuesday,July,0,2014
8.1,3.2565426225813936,1,23,Thursday,April,0,2009
6.5,1.4738479187391957,1,10,Thursday,October,0,2012
32.5,10.611878950518033,1,16,Sunday,April,1,2014
49.8,20.611702677588518,1,10,Tuesday,May,0,2011
8.1,2.692670935480614,1,18,Tuesday,April,0,2011
3.3,0.4973931175304425,1,20,Sunday,March,1,2011
6.5,1.2486182432906388,1,16,Wednesday,August,0,2011
8.1,2.5255464196325725,1,22,Monday,May,0,2012
5.0,0.8093877761554209,3,0,Thursday,December,0,2013
35.7,16.944597407725556,1,16,Monday,September,0,2011
15.0,3.3224369680360457,1,11,Thursday,May,0,2014
8.5,1.618621198874662,1,7,Monday,October,0,2012
10.5,4.520690650694401,1,16,Wednesday,December,0,2013
6.0,0.7778708326708966,1,9,Wednesday,May,0,2014
8.1,1.265500263091405,5,12,Thursday,September,0,2011
5.3,0.5465303450579063,2,22,Thursday,March,0,2010
5.5,0.7911792220070363,2,18,Tuesday,March,0,2013
7.5,1.3665986236763268,2,12,Wednesday,October,0,2012
26.0,12.781644758713684,1,19,Thursday,May,0,2013
9.5,3.000310134238874,1,8,Wednesday,February,0,2014
20.0,7.687842670805047,2,1,Thursday,January,0,2015
6.5,0.6459308072571559,1,2,Sunday,October,1,2013
10.0,1.9560916783615185,1,18,Friday,May,0,2015
8.0,0.9250430314902965,1,16,Thursday,May,0,2013
6.1,1.4359917684016978,5,9,Tuesday,June,0,2009
5.3,1.5232401819611068,2,21,Monday,May,0,2010
13.7,6.01039088949978,1,15,Friday,January,0,2012
11.3,2.790836891575315,2,1,Monday,August,0,2012
9.0,2.1398863386664946,1,15,Wednesday,February,0,2013
16.9,7.2345935070393725,4,13,Tuesday,August,0,2009
27.47,9.08071156617276,1,22,Saturday,December,1,2009
6.5,1.8276030513949282,1,22,Monday,June,0,2014
32.33,10.221152322280114,1,5,Tuesday,October,0,2014
6.5,1.7327835934953584,1,16,Tuesday,September,0,2010
17.0,4.722573236860261,1,15,Sunday,May,1,2014
8.5,1.7893267122451746,6,19,Thursday,March,0,2013
5.7,1.4699213903783244,1,20,Saturday,July,1,2011
13.0,3.1221741554972837,1,7,Tuesday,June,0,2015
3.5,0.6466353725887574,1,11,Monday,September,0,2012
9.0,1.5254863410434987,6,21,Tuesday,November,0,2012
8.1,2.7338451268769033,5,3,Saturday,November,1,2010
4.0,0.6397245766446732,1,20,Friday,May,0,2014
4.9,1.6553365641452842,1,20,Friday,September,0,2011
14.1,4.260499397787787,1,20,Tuesday,July,0,2012
16.9,6.4410290372233305,1,12,Saturday,April,1,2012
3.7,0.8389361056952498,2,19,Tuesday,August,0,2009
4.5,1.4516100925335318,2,23,Friday,March,0,2012
7.0,1.4691580666954334,1,22,Friday,March,0,2013
17.7,6.143921672616007,1,2,Saturday,June,1,2010
8.5,1.6376712841596102,6,21,Wednesday,January,0,2013
25.0,7.132314523142212,1,16,Thursday,September,0,2012
12.9,3.6640626651522368,2,11,Monday,June,0,2012
4.9,1.3850215093274407,1,23,Thursday,November,0,2010
9.7,2.982874115843023,1,8,Friday,March,0,2011
3.0,0.1757819402043132,5,10,Sunday,May,1,2014
10.0,3.6040190160528907,1,9,Thursday,January,0,2015
8.0,2.428658183018254,1,13,Sunday,October,1,2014
4.5,0.4150126896377663,2,8,Thursday,October,0,2012
6.5,2.4430954528377624,2,14,Saturday,March,1,2012
12.5,3.517020577878666,3,20,Saturday,March,1,2012
12.5,3.624945349211492,2,9,Monday,October,0,2014
10.5,3.0430030833782764,2,11,Saturday,August,1,2009
13.0,5.35564355556633,1,6,Thursday,November,0,2014
4.5,0.6902235054403082,1,19,Thursday,February,0,2014
27.0,4.894534958766945,2,23,Saturday,March,1,2013
3.7,0.7484830613783572,2,13,Sunday,February,1,2012
5.7,1.9007761095406956,1,12,Saturday,January,1,2011
7.3,2.139968382102132,1,14,Saturday,October,1,2009
7.0,1.2364800497679154,2,21,Thursday,August,0,2013
6.5,1.1851121097256008,3,23,Friday,January,0,2010
5.0,0.9050639072457746,5,2,Saturday,February,1,2014
14.5,4.0983663351554585,1,17,Thursday,October,0,2009
8.9,3.070506382730162,2,0,Saturday,May,1,2010
7.7,3.4349870922454504,3,20,Saturday,September,1,2010
7.5,1.2066016589519533,1,13,Wednesday,May,0,2013
11.0,5.028792625183224,1,19,Saturday,November,1,2012
4.1,0.9672489871525808,1,22,Tuesday,August,0,2012
15.3,4.788584397616389,2,13,Sunday,June,1,2011
36.5,16.248303339569937,1,1,Saturday,April,1,2012
5.5,0.6238907587009033,1,13,Monday,February,0,2015
9.7,2.274612361178005,1,16,Friday,December,0,2011
5.3,1.8040756800753122,1,18,Monday,February,0,2012
13.3,1.3400591638645363,1,11,Thursday,January,0,2010
9.3,1.574382358183356,5,9,Thursday,September,0,2010
12.0,3.0449832147256877,2,11,Wednesday,April,0,2014
20.1,8.022219431731864,2,9,Thursday,October,0,2010
8.5,1.9013357180729362,1,14,Monday,January,0,2012
4.0,0.6705517280093028,2,12,Monday,August,0,2013
8.0,1.4671549246127478,1,13,Thursday,December,0,2014
8.5,2.729798074784833,1,19,Thursday,September,0,2014
4.1,0.643904153920539,1,23,Monday,June,0,2011
26.5,8.982982909015938,1,3,Sunday,June,1,2015
5.3,0.7497742765859627,2,11,Tuesday,September,0,2011
22.5,7.376569473637168,1,16,Wednesday,July,0,2013
12.1,3.222917630803819,1,17,Thursday,September,0,2011
8.9,2.1301925392251633,2,9,Tuesday,July,0,2010
9.5,2.4959829747444546,1,17,Friday,June,0,2014
13.3,5.232983488775021,2,22,Saturday,April,1,2010
8.5,1.1657173980832407,1,10,Friday,October,0,2013
3.7,0.5114082432468892,4,19,Saturday,June,1,2010
20.0,5.243162971329653,1,13,Wednesday,July,0,2013
4.9,0.7142196334222386,1,12,Tuesday,June,0,2010
11.7,3.993235982084641,1,1,Friday,March,0,2011
8.5,3.848275996592738,2,10,Sunday,June,1,2010
57.33,18.547726874352158,1,5,Saturday,September,1,2014
6.1,1.5978198776064647,5,15,Saturday,July,1,2010
7.7,2.092172658990051,1,19,Tuesday,June,0,2009
22.9,8.414932139808053,1,19,Sunday,June,1,2012
4.5,1.1159997976899303,5,8,Wednesday,January,0,2010
8.5,1.727441073694975,1,16,Monday,February,0,2015
16.5,4.6441366069830545,1,19,Sunday,March,1,2015
4.5,0.9240004717799192,5,22,Saturday,October,1,2011
12.5,5.015507307787506,1,17,Monday,July,0,2010
5.7,1.458863652690794,1,12,Sunday,December,1,2011
2.9,0.5328934596446504,1,10,Saturday,June,1,2010
8.9,3.4468724054589925,1,18,Monday,November,0,2010
16.5,4.900689567543762,4,16,Tuesday,May,0,2015
5.0,0.999979243953898,1,15,Wednesday,July,0,2014
6.5,1.32868887495302,1,14,Saturday,December,1,2011
8.1,0.9087986362540584,1,8,Thursday,June,0,2009
8.1,1.7748655077691873,1,17,Thursday,June,0,2010
35.83,9.721241965554881,1,16,Thursday,March,0,2015
30.1,11.424724263340334,1,2,Wednesday,September,0,2010
15.5,1.6545875568458634,1,9,Friday,August,0,2013
7.3,1.4258972038549285,4,18,Tuesday,December,0,2009
6.0,0.9961556707191519,1,19,Tuesday,February,0,2013
5.7,1.65430582706532,1,21,Monday,October,0,2009
17.7,6.058131785142323,2,22,Friday,November,0,2011
14.5,2.5531662937745168,1,11,Thursday,October,0,2013
13.0,2.9942788146586894,1,17,Tuesday,July,0,2014
12.5,4.422053855382562,4,22,Friday,May,0,2009
7.7,2.4625010167857173,2,20,Wednesday,February,0,2011
7.7,2.9063492479885995,1,21,Saturday,February,1,2011
10.1,2.402129386475469,2,15,Thursday,April,0,2010
10.9,3.531516461941636,1,0,Friday,June,0,2009
7.0,2.4754758688851766,4,22,Saturday,August,1,2013
8.9,2.333574569937981,1,20,Thursday,March,0,2011
9.0,2.650345837504158,1,8,Tuesday,August,0,2014
4.5,1.0712223909634941,1,1,Sunday,February,1,2012
6.1,2.123345140212715,1,21,Wednesday,March,0,2012
6.1,2.627791663249324,1,4,Saturday,December,1,2011
5.7,1.8650489229974345,3,12,Monday,August,0,2012
4.9,1.0346597138288778,1,2,Saturday,October,1,2011
16.1,4.505201955004156,1,14,Wednesday,May,0,2012
7.3,2.5723145027289824,1,7,Wednesday,January,0,2012
6.1,1.210214032634847,1,9,Thursday,April,0,2010
4.1,0.8006735954088875,1,7,Sunday,March,1,2010
7.7,1.0912842397362166,2,8,Friday,September,0,2009
38.9,16.545107087485942,5,20,Sunday,July,1,2011
4.5,0.8603049655130766,1,1,Sunday,August,1,2013
4.5,1.2683354963563263,2,21,Friday,January,0,2012
10.1,4.220768937565181,2,18,Friday,April,0,2010
4.1,1.1686153333038252,1,19,Friday,July,0,2010
9.7,5.433574316188198,1,12,Saturday,November,1,2009
7.3,2.068864710447571,1,7,Friday,November,0,2009
12.0,3.7336638116696004,2,18,Friday,July,0,2014
6.9,0.3303539241340588,1,8,Tuesday,October,0,2009
7.7,2.6819897315670813,3,1,Friday,June,0,2010
30.04,9.696372011962707,1,21,Friday,June,0,2015
20.1,9.030488356873056,2,4,Wednesday,October,0,2009
11.0,0.9211590540760264,1,12,Tuesday,October,0,2013
9.0,2.322978616445326,1,8,Friday,June,0,2013
15.0,3.186896724571763,5,18,Monday,December,0,2013
8.0,1.7100766054593821,1,11,Thursday,October,0,2012
17.3,5.108513221404816,1,7,Wednesday,December,0,2009
9.0,1.5121460598916774,1,16,Thursday,April,0,2014
17.3,6.0640548589666325,5,11,Friday,January,0,2009
10.9,2.911143849778489,1,23,Wednesday,February,0,2010
14.5,1.9660387220793976,2,21,Wednesday,March,0,2015
4.5,1.1702665943197081,1,16,Sunday,May,1,2015
49.8,20.133411346710208,5,18,Wednesday,August,0,2011
11.3,4.198090879202006,1,21,Sunday,September,1,2010
14.5,5.595815131218131,2,16,Sunday,January,1,2014
32.1,16.625860023893456,2,0,Monday,May,0,2011
6.1,1.4682061097319323,2,16,Monday,March,0,2011
4.5,1.0838973587623202,3,1,Friday,May,0,2011
5.9,1.319268352402004,1,17,Friday,January,0,2009
8.1,1.4889542999004937,1,22,Friday,January,0,2011
6.5,1.3121628790167428,1,16,Sunday,April,1,2012
6.5,1.8453504046724918,1,17,Friday,January,0,2009
6.5,2.1651951156231926,5,18,Monday,May,0,2009
8.5,2.3025008476431603,2,12,Tuesday,June,0,2009
2.5,0.046116416689552506,1,8,Thursday,July,0,2009
5.3,0.36768357573609434,2,10,Tuesday,January,0,2011
7.0,1.665501330122985,5,14,Sunday,September,1,2014
15.0,4.162798032785552,6,17,Saturday,November,1,2014
18.0,4.16238975612674,1,13,Monday,January,0,2014
19.0,5.563998058014635,5,3,Saturday,September,1,2012
10.1,2.6515619318253743,1,8,Monday,March,0,2011
12.1,6.218133935535177,1,7,Thursday,May,0,2011
22.0,7.769266390597282,3,20,Friday,May,0,2015
15.0,4.861482811605876,1,20,Tuesday,September,0,2014
4.5,0.6048118982796754,1,9,Wednesday,October,0,2012
4.9,1.4086672416185764,2,1,Thursday,March,0,2010
3.5,0.6956213353563844,1,16,Wednesday,December,0,2014
8.9,2.3328259708727352,1,17,Thursday,October,0,2010
14.5,4.478232619165733,1,8,Tuesday,May,0,2014
14.5,4.81864813092386,1,18,Tuesday,November,0,2009
8.1,2.1775853652806467,4,0,Sunday,June,1,2012
10.5,2.23123136444781,1,17,Thursday,April,0,2014
11.5,2.5061589852574016,3,18,Monday,February,0,2013
7.3,1.9106486293314466,1,3,Monday,May,0,2012
5.0,1.1596765398832896,3,15,Monday,October,0,2012
9.5,2.649638585896498,1,2,Saturday,March,1,2013
15.0,4.040640322745919,1,16,Monday,January,0,2014
7.0,2.5070372513607566,1,8,Saturday,March,1,2014
8.9,2.1161294671396282,2,19,Monday,April,0,2009
9.3,1.672939722568645,1,9,Monday,March,0,2011
9.0,1.8090742331889038,2,14,Sunday,October,1,2013
10.1,4.435543509276479,5,0,Tuesday,February,0,2009
11.0,4.743258241104003,3,22,Thursday,April,0,2013
9.7,2.7397035376226846,1,19,Wednesday,June,0,2012
8.5,2.168536997906241,1,14,Saturday,March,1,2011
8.1,2.30098080855866,1,14,Saturday,November,1,2009
11.0,1.1409667943630923,5,16,Tuesday,June,0,2013
8.9,2.8302998409486158,3,23,Monday,April,0,2012
11.3,1.6847826783004476,1,11,Tuesday,October,0,2010
6.9,2.5638075198112564,1,9,Sunday,October,1,2011
6.5,1.259076886809716,1,2,Sunday,November,1,2014
10.1,1.0591630048337126,5,19,Friday,August,0,2012
6.9,2.1680020289295268,1,6,Thursday,August,0,2009
8.9,2.8473788686315076,4,13,Saturday,January,1,2009
86.0,15.319961124146557,1,5,Friday,December,0,2013
5.5,1.1159722001260952,1,15,Friday,January,0,2013
8.0,2.0205531537679176,3,17,Sunday,August,1,2014
8.0,1.4548193965660123,6,20,Wednesday,October,0,2012
5.7,1.1252407282391583,1,7,Wednesday,August,0,2012
12.0,3.249742477258823,1,17,Monday,May,0,2014
7.7,1.2615611798416124,1,11,Thursday,September,0,2009
8.9,1.9827062850137485,1,20,Friday,April,0,2012
15.7,4.901625528984008,1,18,Tuesday,December,0,2010
12.5,3.425874341639464,1,11,Friday,May,0,2013
14.5,3.083923742258427,1,14,Friday,November,0,2014
6.9,2.426431904754541,1,21,Saturday,March,1,2009
4.5,0.8309307043406938,1,16,Monday,May,0,2009
5.0,0.9577526451130046,1,23,Saturday,November,1,2013
9.5,2.736188804676341,1,17,Thursday,February,0,2009
5.7,0.9528402756032255,1,0,Sunday,January,1,2010
6.1,2.8516648705981553,5,2,Saturday,February,1,2009
6.0,0.921558159936817,1,15,Tuesday,May,0,2015
5.7,1.6921383171410775,1,9,Tuesday,April,0,2009
8.0,1.9325995146255914,1,22,Tuesday,August,0,2014
8.5,2.6855923157669492,1,17,Saturday,April,1,2010
6.9,2.3743622495210164,4,23,Tuesday,May,0,2010
6.1,2.2478510158259195,1,23,Monday,September,0,2011
7.0,0.35628147528513443,3,2,Saturday,February,1,2015
6.9,0.7134889844833538,1,18,Sunday,March,1,2011
4.5,0.994621030475246,1,14,Tuesday,February,0,2009
5.0,1.0931144742564807,1,12,Tuesday,May,0,2014
6.0,1.2328621302329088,1,15,Saturday,March,1,2014
10.5,4.456220121442864,1,19,Sunday,October,1,2010
4.5,1.3837371576469768,2,21,Tuesday,April,0,2010
8.5,2.0354857436434344,1,19,Sunday,January,1,2015
8.5,1.7142032950783086,1,14,Monday,November,0,2013
4.5,0.9427025063418459,1,23,Friday,February,0,2011
14.1,3.853485611375863,1,9,Monday,August,0,2009
7.5,2.0070808378103457,1,14,Friday,December,0,2012
7.5,1.4332990394244112,1,20,Tuesday,October,0,2012
5.3,0.9690335147772218,1,16,Sunday,February,1,2011
6.5,1.4255240556231874,1,8,Thursday,March,0,2014
4.9,1.30174602746375,1,15,Sunday,January,1,2012
15.5,5.573193941149268,4,2,Saturday,October,1,2014
5.3,1.929876582724912,1,19,Monday,July,0,2012
6.5,2.3566845965405783,1,13,Tuesday,June,0,2012
8.5,1.513262987526015,3,19,Tuesday,December,0,2014
6.5,1.573481268421453,1,14,Sunday,March,1,2014
11.3,3.3462557149735046,3,8,Wednesday,October,0,2010
9.5,2.260311352670585,1,19,Tuesday,November,0,2013
6.1,1.9384081706145428,1,22,Thursday,November,0,2009
3.7,0.8056349456423622,5,19,Wednesday,February,0,2009
6.5,2.2421505176152463,1,22,Monday,March,0,2012
31.0,11.821807298019332,1,13,Monday,July,0,2014
6.5,1.823873779294383,2,12,Friday,October,0,2012
8.0,2.1210174822301333,1,23,Friday,January,0,2015
5.5,1.1951301863482386,1,11,Saturday,October,1,2014
9.0,3.139974072187193,1,21,Saturday,January,1,2014
4.5,0.7237330537153502,1,16,Thursday,June,0,2011
10.5,1.4101317700430762,1,8,Friday,June,0,2009
11.0,1.4998217722239207,2,12,Sunday,January,1,2013
8.5,2.127589898451462,3,15,Wednesday,October,0,2009
7.0,1.1451476727041412,1,22,Wednesday,November,0,2012
4.5,1.0578084694224745,1,11,Saturday,March,1,2012
57.33,21.577735119358817,3,9,Thursday,October,0,2014
11.3,3.611513361477811,2,23,Tuesday,May,0,2010
6.5,1.1745868461103766,1,20,Friday,January,0,2011
11.5,3.879802953944105,1,16,Sunday,May,1,2015
4.9,1.7549278775757642,1,18,Sunday,September,1,2011
41.3,9.949716585630586,1,10,Monday,October,0,2012
8.9,3.2076480325900216,2,3,Sunday,February,1,2011
26.5,5.078090692569613,2,21,Thursday,August,0,2013
6.5,1.9956781369013754,1,17,Wednesday,November,0,2010
4.1,0.509150350914551,1,11,Sunday,March,1,2009
7.7,1.9534552766260005,1,10,Wednesday,August,0,2011
4.5,0.5794799391153005,4,0,Sunday,November,1,2012
32.33,10.059323860025302,1,15,Tuesday,February,0,2014
7.3,2.4824384718734436,5,15,Wednesday,November,0,2009
10.1,3.2872571763792986,1,8,Monday,March,0,2012
16.9,5.926479233745681,1,12,Monday,February,0,2009
8.0,1.885660195076595,1,19,Monday,September,0,2012
6.1,1.463945193394051,1,19,Thursday,March,0,2012
11.0,3.339473154031392,1,8,Monday,May,0,2013
5.0,1.5734685309626655,6,21,Sunday,December,1,2013
9.3,2.31777838194411,1,8,Tuesday,March,0,2010
7.0,2.51900745064211,1,21,Friday,April,0,2013
6.9,2.523659413363743,5,12,Saturday,October,1,2009
3.7,0.480553395094736,1,13,Friday,February,0,2011
10.0,2.6881586772669666,1,13,Friday,October,0,2014
7.0,1.864179755516635,1,22,Tuesday,September,0,2014
6.0,0.8997967518624528,1,17,Friday,November,0,2012
6.1,1.7286139077124807,2,23,Saturday,November,1,2009
35.33,9.845316365691216,1,6,Wednesday,August,0,2013
6.5,1.9497727354327374,2,22,Sunday,May,1,2010
6.1,1.5459937068606935,1,10,Wednesday,November,0,2010
11.0,2.5961039027053663,2,18,Saturday,December,1,2013
17.3,6.915896271062393,1,17,Thursday,February,0,2011
5.5,0.6335953403258812,1,14,Saturday,August,1,2013
10.5,2.475367157955685,2,23,Wednesday,August,0,2014
11.5,4.376460562873359,1,9,Saturday,February,1,2014
9.7,3.80515923978751,1,18,Monday,September,0,2009
57.33,21.226198086798583,1,20,Sunday,February,1,2015
14.5,5.991898776522684,1,1,Saturday,October,1,2009
15.7,5.740388211110553,1,22,Wednesday,April,0,2012
8.5,3.11158443065611,2,7,Thursday,May,0,2012
10.0,2.7392221803391155,1,10,Sunday,May,1,2013
3.7,0.8862279186678386,2,21,Wednesday,January,0,2009
7.3,0.7543844284075798,1,17,Friday,February,0,2010
10.1,4.591939171465333,1,21,Tuesday,February,0,2012
7.5,1.2466919218099897,2,9,Wednesday,January,0,2013
4.9,0.8861865605038499,1,15,Tuesday,June,0,2009
7.7,2.2912892664983215,1,22,Saturday,March,1,2011
8.0,1.9843563380347409,1,17,Thursday,January,0,2015
3.7,0.7624942297279891,1,19,Saturday,March,1,2011
4.9,0.4137559601125736,1,17,Thursday,July,0,2012
17.5,6.833479541362102,5,1,Monday,July,0,2014
5.0,0.9816771941762904,1,18,Monday,December,0,2014
6.0,1.4568266017918574,1,7,Wednesday,February,0,2013
8.5,1.7883595164434645,1,21,Wednesday,April,0,2010
5.0,0.7136719691399606,1,23,Friday,March,0,2013
9.3,2.0818294666762016,2,15,Sunday,May,1,2011
6.0,1.2596485992226727,1,21,Wednesday,September,0,2014
9.3,2.879848575111881,5,10,Thursday,May,0,2012
6.1,2.551472571908103,2,16,Saturday,December,1,2009
8.9,2.725080181084991,1,7,Thursday,December,0,2010
4.1,1.2908922571945565,1,10,Sunday,March,1,2012
4.9,1.034822229233442,1,0,Tuesday,September,0,2010
18.1,9.503929675962226,3,22,Thursday,September,0,2009
10.9,3.5482514298551746,1,11,Friday,January,0,2009
14.0,2.6973243466799266,1,10,Thursday,November,0,2014
3.7,0.9190007408687378,1,10,Tuesday,January,0,2012
7.3,1.4314445862810732,1,19,Wednesday,August,0,2012
3.7,0.8235768012955234,1,9,Wednesday,May,0,2011
45.0,20.114893392004905,3,21,Thursday,August,0,2012
7.5,1.9751435276844262,1,11,Thursday,August,0,2014
5.5,0.624838872444687,1,12,Wednesday,July,0,2014
9.5,1.8430068006952862,6,0,Sunday,September,1,2012
57.33,20.42682058756379,6,20,Wednesday,June,0,2014
9.3,2.2889244409166856,1,9,Thursday,June,0,2009
16.0,5.379992394799027,1,12,Monday,April,0,2014
5.0,0.363769656659419,1,7,Saturday,March,1,2014
6.1,1.510268119621322,1,23,Tuesday,March,0,2011
5.0,1.2561796546509183,1,11,Friday,November,0,2012
23.0,7.083191445508673,1,23,Tuesday,June,0,2014
7.3,1.5107262552708562,2,0,Sunday,October,1,2009
10.5,1.114544862489886,1,12,Sunday,February,1,2015
3.3,0.4134181015993175,1,9,Monday,May,0,2012
4.9,1.0480138339240896,1,14,Sunday,May,1,2010
9.7,3.808583877489322,1,0,Thursday,June,0,2011
7.3,1.967046452923654,3,21,Monday,July,0,2012
5.5,1.507735365197052,1,13,Saturday,November,1,2014
7.3,1.9544519942109304,2,10,Sunday,November,1,2011
12.5,2.880035708876318,2,20,Wednesday,January,0,2014
6.0,1.4826089198066,1,20,Friday,January,0,2015
33.83,8.058876447552233,1,23,Sunday,June,1,2013
40.5,12.94269951043966,1,0,Saturday,February,1,2014
4.0,1.020728849488274,1,17,Thursday,April,0,2013
10.0,2.5627652880946994,3,1,Saturday,November,1,2014
16.9,6.552690054279679,3,14,Friday,December,0,2011
19.0,5.701270635274625,1,12,Sunday,December,1,2012
4.5,1.0864337151607495,4,10,Saturday,December,1,2009
6.0,0.7085818987891337,1,13,Friday,March,0,2013
21.5,5.3407782996257955,2,15,Friday,March,0,2013
10.1,2.140445473443177,1,22,Friday,January,0,2011
8.9,2.7149358504438013,1,6,Friday,July,0,2011
12.1,6.058704568703224,1,3,Saturday,August,1,2012
4.5,0.5166392070220381,1,9,Tuesday,November,0,2009
11.3,4.1018596276795405,1,2,Saturday,August,1,2009
7.7,2.1917839055029114,1,17,Friday,June,0,2011
8.1,4.157543264087836,2,0,Sunday,April,1,2010
14.2,4.019618704124029,1,5,Thursday,January,0,2009
11.5,2.8200090985408686,1,21,Wednesday,April,0,2015
20.1,7.297352061611877,2,15,Wednesday,December,0,2010
34.83,13.073774055958788,2,0,Saturday,August,1,2014
10.0,2.520105631568553,1,18,Monday,February,0,2013
11.7,4.03127598463598,3,20,Friday,August,0,2011
2.9,0.4007971426913114,1,10,Sunday,April,1,2012
5.3,0.9424794673771173,1,18,Saturday,June,1,2012
5.3,1.4690300928699278,1,9,Saturday,January,1,2010
6.0,1.764732769094141,2,2,Sunday,June,1,2015
8.9,3.9499196122431464,1,20,Monday,July,0,2011
4.9,1.2098117674514823,1,21,Monday,January,0,2011
8.5,2.7979774732424794,1,7,Monday,March,0,2015
10.0,3.2074266706611616,2,8,Thursday,November,0,2013
17.0,4.180477687431369,1,19,Tuesday,September,0,2014
14.0,5.379133662140268,1,4,Saturday,March,1,2014
6.5,1.532601921789051,2,16,Saturday,November,1,2009
6.1,1.5711712239981284,1,17,Wednesday,August,0,2012
7.7,1.616145289267774,1,15,Saturday,May,1,2011
4.1,0.5011907949110586,1,7,Wednesday,December,0,2009
9.7,2.4130082365556467,1,14,Sunday,September,1,2011
22.0,4.379941676531068,1,7,Wednesday,June,0,2013
4.0,0.5607114377758458,4,13,Wednesday,January,0,2014
6.5,1.6847775640659903,1,11,Thursday,June,0,2009
4.5,1.1237822605279897,1,12,Saturday,January,1,2015
6.5,1.5121217335738268,1,16,Monday,December,0,2013
3.3,0.4810231159764387,1,14,Saturday,April,1,2010
6.1,2.4839583832383925,1,3,Saturday,June,1,2010
8.9,3.5061980585953854,1,15,Sunday,March,1,2012
5.3,1.2069982209014487,1,19,Thursday,May,0,2009
5.7,0.9192509393208853,2,2,Saturday,August,1,2009
5.5,1.3415550038483561,1,13,Saturday,December,1,2012
17.5,5.827294254596139,2,12,Sunday,November,1,2013
8.5,1.7943028704639126,5,12,Wednesday,April,0,2009
4.5,0.733905018102967,1,22,Tuesday,July,0,2012
10.0,1.9198210848774857,1,9,Tuesday,June,0,2014
11.7,3.8548517660070223,3,11,Monday,March,0,2010
18.5,7.57189402424765,1,14,Thursday,February,0,2011
12.9,4.264639531205526,1,21,Tuesday,June,0,2011
9.3,2.6820938357208175,2,15,Thursday,January,0,2011
8.5,1.4638371619217292,1,22,Friday,March,0,2014
24.1,10.869183794322746,2,13,Wednesday,October,0,2011
14.5,5.1552879840249695,1,10,Friday,November,0,2013
6.0,1.1618930231033942,2,0,Sunday,April,1,2014
14.1,8.006430557815506,1,21,Sunday,December,1,2011
20.0,4.047366973145326,1,12,Wednesday,September,0,2013
5.7,1.1403519438260472,2,21,Thursday,July,0,2010
5.5,1.748079618302495,1,23,Monday,November,0,2013
6.5,1.8543426984494848,1,6,Tuesday,April,0,2010
6.5,0.9466556086637407,2,21,Tuesday,November,0,2011
13.3,5.849637339777078,1,7,Monday,September,0,2009
6.9,2.1932989396651474,1,5,Thursday,August,0,2011
6.9,0.9960554531893597,1,10,Monday,March,0,2012
10.5,3.430865056315062,1,8,Friday,December,0,2010
8.5,1.9634117248882517,1,15,Monday,May,0,2010
6.9,1.302796712029293,2,13,Wednesday,March,0,2009
50.9,19.343523836631373,2,18,Friday,July,0,2009
6.1,1.5462908850616819,1,6,Thursday,November,0,2011
7.7,3.1576804345433316,1,13,Thursday,June,0,2010
12.5,4.302753501096018,1,16,Tuesday,April,0,2014
15.7,5.467403476253683,2,8,Friday,February,0,2009
5.7,1.7033351934172898,1,21,Thursday,September,0,2011
8.5,2.1352251680701975,1,23,Tuesday,December,0,2012
5.7,1.3253461434207154,1,20,Friday,December,0,2011
10.5,1.7579262581619237,1,11,Tuesday,July,0,2013
4.1,1.3275434865827103,2,22,Thursday,May,0,2009
7.0,1.2904205651331955,1,17,Sunday,September,1,2014
26.5,7.141483160212844,1,15,Friday,June,0,2014
42.9,16.836126425012125,3,2,Tuesday,January,0,2012
14.0,4.753014354119074,2,23,Friday,October,0,2013
12.1,4.20848511660017,1,11,Sunday,April,1,2012
18.9,5.861427230486777,1,7,Tuesday,May,0,2011
7.3,2.3241512096450645,1,0,Thursday,July,0,2009
10.5,2.5242701695049115,1,21,Saturday,August,1,2014
7.7,2.435712318944087,1,4,Saturday,June,1,2011
10.9,4.268880622797395,3,19,Tuesday,August,0,2009
6.5,2.147630660832055,1,21,Tuesday,December,0,2013
8.1,2.539029660761246,2,18,Thursday,March,0,2009
6.0,1.549712724888311,1,13,Sunday,April,1,2014
6.1,1.7214515707006897,2,12,Sunday,November,1,2011
10.5,0.31188471070074525,1,15,Tuesday,March,0,2009
10.0,2.507893721183106,1,22,Friday,June,0,2013
7.7,1.9005249239554691,1,22,Wednesday,July,0,2010
6.5,0.21644041831029934,1,8,Friday,July,0,2012
15.5,3.007071462259059,1,15,Monday,March,0,2014
56.8,21.18287951530538,1,16,Wednesday,October,0,2012
11.0,2.770480229483658,4,13,Friday,February,0,2015
15.5,4.9402251932170955,1,19,Friday,April,0,2015
57.33,19.96749932758582,5,18,Friday,May,0,2013
27.7,8.444748613805361,5,20,Wednesday,February,0,2012
38.1,12.808300623708629,2,11,Sunday,May,1,2012
10.5,2.6882827162814618,1,3,Saturday,May,1,2013
8.9,2.9044002615248834,1,19,Friday,March,0,2012
4.5,0.24754369296757295,1,11,Thursday,October,0,2012
11.5,3.7224318076737415,2,19,Tuesday,January,0,2013
5.7,2.455515273405917,1,20,Thursday,May,0,2012
5.7,1.0707432417629983,4,9,Saturday,January,1,2011
8.5,2.5758058964796176,1,13,Monday,April,0,2013
4.5,1.9899238404827715,1,7,Wednesday,September,0,2010
8.9,2.2072482492217675,2,8,Friday,April,0,2009
15.0,2.6726778560027666,1,11,Friday,November,0,2013
3.7,0.7327934559268627,2,0,Sunday,January,1,2010
16.5,5.248428567428508,1,20,Wednesday,July,0,2009
4.0,0.5541803263028566,1,8,Thursday,June,0,2013
16.5,4.567986280069105,4,23,Friday,June,0,2015
4.1,0.49739062944020634,1,16,Wednesday,February,0,2012
10.5,4.1844946584359,1,16,Tuesday,March,0,2011
27.0,12.990123164809312,1,14,Sunday,January,1,2014
7.5,1.904842198614775,2,7,Monday,June,0,2013
6.0,1.6986902002827444,1,11,Saturday,April,1,2015
8.5,3.071782498265273,6,4,Thursday,December,0,2014
4.9,1.296366767966834,1,11,Friday,March,0,2009
14.0,4.373193825958411,2,18,Monday,February,0,2013
27.3,10.167459759874282,1,18,Thursday,July,0,2012
15.7,6.616286414559348,2,16,Sunday,November,1,2009
6.5,1.1729272480867934,4,0,Sunday,December,1,2010
57.33,19.92808031628662,1,11,Thursday,August,0,2013
11.0,4.2935508111588,5,22,Tuesday,February,0,2014
26.0,8.285840095197653,1,7,Thursday,May,0,2014
6.5,1.408423518066197,1,6,Thursday,December,0,2013
4.5,1.1471603357104674,1,14,Wednesday,August,0,2010
7.5,1.0176841210469263,6,8,Thursday,June,0,2013
45.7,11.130532914474983,1,19,Friday,March,0,2011
4.9,0.7044151820386132,1,21,Saturday,June,1,2012
9.0,2.0206862691442184,5,13,Monday,September,0,2014
11.5,2.870008600481887,1,18,Tuesday,May,0,2015
5.3,1.779690094921821,5,11,Friday,January,0,2009
4.5,0.8495184159452559,6,9,Sunday,March,1,2012
8.5,2.271168891284915,1,21,Thursday,February,0,2013
6.5,3.033872117204689,1,15,Saturday,August,1,2012
5.3,1.1429573383277543,2,10,Thursday,July,0,2010
6.5,1.7459925297519294,2,16,Wednesday,January,0,2012
4.9,1.3363874531701012,1,4,Friday,August,0,2009
8.0,1.2222211717291573,2,19,Friday,February,0,2014
5.7,2.2735469637296473,2,23,Friday,April,0,2010
8.9,3.112508145216714,5,18,Monday,November,0,2009
5.7,1.066445113883227,1,19,Friday,December,0,2010
10.9,3.2778426526009534,1,18,Saturday,June,1,2010
9.5,2.138492346320582,1,11,Saturday,January,1,2013
8.9,2.000112892291625,2,11,Sunday,April,1,2012
11.3,2.6824399755451456,1,10,Wednesday,March,0,2012
7.0,1.2608098820769509,2,13,Wednesday,August,0,2013
6.5,1.9063452324655177,1,11,Wednesday,February,0,2011
5.3,1.1001918022215031,1,19,Wednesday,May,0,2011
5.3,0.10912755265740616,5,11,Monday,June,0,2010
16.5,0.0509537610527381,1,20,Friday,October,0,2013
11.0,4.701578438634501,1,5,Tuesday,February,0,2015
15.0,2.798965380790974,2,18,Tuesday,March,0,2015
7.5,1.2668245812980428,1,9,Thursday,February,0,2013
57.33,21.472960624963424,2,21,Friday,October,0,2014
9.7,2.9328294444930907,1,21,Saturday,December,1,2010
10.1,2.47940894376662,2,20,Monday,January,0,2012
8.5,2.085277505270323,1,17,Monday,April,0,2014
11.3,4.136737860470744,1,21,Friday,February,0,2011
10.5,2.5498531986450446,2,13,Wednesday,March,0,2013
11.0,2.6218078988461433,6,22,Monday,May,0,2015
24.0,5.462129233986434,2,16,Thursday,June,0,2015
4.1,0.6506633046946443,3,23,Thursday,March,0,2010
4.5,1.1673784302462367,1,14,Saturday,March,1,2010
7.3,2.2048363705900504,1,9,Wednesday,November,0,2011
13.0,3.8389232768326376,1,3,Friday,March,0,2013
11.7,4.6863971084779,5,21,Tuesday,November,0,2009
23.5,7.663676049137045,1,18,Thursday,December,0,2012
8.0,1.0874637848506914,1,15,Monday,February,0,2013
45.0,20.65022048690149,1,21,Sunday,November,1,2009
8.5,0.5137511959592024,2,7,Tuesday,December,0,2013
3.7,1.0743294848615206,1,13,Monday,January,0,2012
49.57,20.402895858600303,1,23,Thursday,June,0,2010
5.0,0.8286404595931723,3,0,Sunday,August,1,2014
8.5,2.3346364709848912,1,1,Saturday,March,1,2013
6.0,1.426174577265459,1,4,Sunday,January,1,2015
4.0,0.563794955399478,1,17,Thursday,March,0,2013
9.0,2.4392999954609302,1,23,Saturday,June,1,2014
12.1,4.493954989095952,1,7,Friday,May,0,2012
12.9,5.5437106724094285,1,7,Tuesday,January,0,2012
8.5,2.377766382238037,1,21,Tuesday,October,0,2011
6.0,1.42265579162876,1,23,Tuesday,September,0,2014
11.3,4.357190137561353,5,10,Sunday,April,1,2011
7.3,1.6931429299369518,1,15,Sunday,September,1,2010
5.3,1.7113141939027796,1,16,Tuesday,April,0,2010
16.1,6.516758278287288,1,1,Saturday,May,1,2009
10.5,2.840702192381017,1,17,Saturday,March,1,2012
18.9,7.810347985045699,1,22,Monday,January,0,2011
4.5,0.5322250512391182,3,15,Saturday,April,1,2014
10.1,2.218092967609314,2,19,Wednesday,December,0,2011
4.1,0.6787327142983718,1,16,Saturday,July,1,2011
8.9,2.5266356734459405,1,9,Monday,April,0,2010
3.7,0.6116999828958295,1,3,Friday,June,0,2011
10.0,2.871992482102092,1,19,Sunday,May,1,2013
7.5,1.5503919377897126,3,0,Friday,February,0,2013
4.1,0.7806143860652139,1,9,Friday,February,0,2009
10.1,3.7448764044459733,2,20,Friday,October,0,2011
56.8,23.323805471102848,1,17,Sunday,September,1,2012
8.5,2.7605331155000092,1,23,Thursday,October,0,2013
5.3,1.1660671363789143,5,7,Tuesday,June,0,2010
6.9,1.67304375119825,1,7,Wednesday,January,0,2012
4.5,1.5343982765030928,1,16,Thursday,July,0,2009
25.3,14.629176784020832,1,1,Saturday,April,1,2009
27.7,12.40920770231109,1,21,Friday,May,0,2010
8.0,1.3695083299668642,5,13,Wednesday,February,0,2015
13.7,3.7731465997586744,2,1,Monday,August,0,2011
6.0,1.7686773958324533,1,18,Friday,October,0,2013
9.5,3.1193349991279247,2,10,Sunday,November,1,2013
11.0,4.599361732785084,1,9,Saturday,October,1,2013
6.5,1.3156796461473261,1,9,Monday,August,0,2012
7.0,1.7088140033222907,1,18,Monday,February,0,2013
10.1,2.5703372867470033,2,16,Monday,February,0,2011
4.9,0.2894707887752494,1,9,Tuesday,August,0,2011
18.0,4.621525241409537,1,11,Tuesday,May,0,2015
11.0,1.833124353887949,2,4,Wednesday,September,0,2014
7.7,2.0197432441395953,1,21,Saturday,May,1,2011
7.0,1.738441871880267,2,20,Friday,January,0,2009
6.5,2.10819984983457,1,14,Thursday,July,0,2010
4.5,0.8847296963740103,1,11,Monday,March,0,2013
4.5,1.3833323812007123,1,14,Thursday,May,0,2010
4.9,0.6566471341867847,1,0,Saturday,January,1,2012
12.9,4.271204507618095,1,12,Tuesday,July,0,2009
5.0,0.963490814054638,2,22,Friday,February,0,2013
12.0,2.756890810450102,1,15,Sunday,May,1,2014
9.0,2.3423379755390137,1,8,Monday,February,0,2015
7.0,1.3629724604501896,2,0,Sunday,November,1,2014
7.3,1.7598655916865251,5,17,Saturday,October,1,2009
6.1,1.2712076126639515,6,9,Tuesday,July,0,2012
3.7,0.5331632592490585,1,15,Wednesday,December,0,2009
11.5,3.3799559603609493,5,0,Tuesday,September,0,2013
4.5,0.9679076291189839,1,9,Monday,February,0,2011
8.5,8.152941048799068,1,17,Monday,November,0,2012
16.9,8.008872933521985,1,23,Saturday,January,1,2011
4.9,1.2383990181388749,5,15,Saturday,April,1,2010
8.1,3.084986937162709,1,10,Thursday,December,0,2009
7.3,1.5798077975680656,1,8,Wednesday,April,0,2009
14.5,0.9760626749919054,1,16,Friday,April,0,2010
6.5,1.8100504951026855,1,10,Sunday,June,1,2009
5.7,1.5746938076153567,1,1,Saturday,December,1,2010
4.9,1.2179856043719872,3,19,Monday,January,0,2010
6.9,1.7754932791458906,1,0,Friday,April,0,2009
4.5,0.015335981219327896,1,19,Saturday,July,1,2011
5.3,1.284219919125159,1,17,Saturday,June,1,2012
9.7,3.4148727281073357,1,16,Tuesday,August,0,2012
7.7,2.7403929608644515,4,21,Thursday,October,0,2009
6.0,1.4418495393342103,1,14,Thursday,November,0,2012
56.8,20.539922090983108,1,5,Thursday,October,0,2012
14.5,2.8680331590581627,1,1,Saturday,March,1,2013
18.0,2.893653118682039,1,19,Wednesday,June,0,2014
32.9,13.513064824610867,1,12,Monday,July,0,2011
4.0,0.6460354393791368,1,13,Saturday,February,1,2014
8.5,2.563771800779279,1,16,Sunday,May,1,2014
7.0,1.3670781230360016,2,13,Friday,July,0,2013
4.9,1.0255290129703247,1,22,Thursday,January,0,2010
4.5,1.2338669921882661,1,17,Monday,July,0,2011
10.5,1.210139319573684,2,15,Monday,September,0,2013
9.7,4.192865010833649,5,14,Friday,April,0,2010
8.0,2.2412433025987326,5,18,Friday,September,0,2012
33.33,9.636829745335412,2,22,Thursday,April,0,2013
6.9,1.927320464699612,1,22,Tuesday,January,0,2012
5.0,0.8909223221193792,5,10,Monday,April,0,2014
17.0,5.686796715146993,1,14,Wednesday,April,0,2013
8.5,2.7063449647081916,5,16,Monday,June,0,2010
52.0,19.51159836010149,1,18,Saturday,February,1,2014
7.3,1.768855311312702,1,4,Friday,April,0,2010
16.1,6.556227026847752,1,22,Thursday,February,0,2011
49.8,22.402511796773258,1,11,Friday,June,0,2011
5.5,1.2079392834095712,3,6,Tuesday,September,0,2012
6.9,0.8152089276271266,3,19,Tuesday,July,0,2011
6.5,1.2527190337702734,1,17,Thursday,April,0,2011
6.1,2.2704249696751364,1,15,Thursday,July,0,2011
7.3,0.9842403497023628,2,15,Friday,December,0,2011
10.9,3.840435864611421,1,2,Sunday,June,1,2009
6.1,1.7256446854657612,1,21,Thursday,April,0,2012
10.5,3.169859084436652,1,13,Thursday,January,0,2013
13.5,5.243341395225372,1,22,Thursday,April,0,2014
18.5,3.425348191792394,5,14,Wednesday,April,0,2013
15.3,5.947480868015684,2,0,Saturday,September,1,2009
4.5,0.4047413588970915,1,20,Saturday,August,1,2010
10.1,1.8416671331070082,1,8,Thursday,July,0,2010
9.3,3.654186230760169,1,10,Tuesday,January,0,2010
19.3,5.018136640564955,5,20,Tuesday,October,0,2011
5.3,2.1964423523840937,1,5,Sunday,September,1,2009
29.0,7.695667081565001,1,23,Monday,July,0,2014
5.0,0.5170408231759648,2,12,Wednesday,August,0,2013
4.5,1.0372690404046536,1,17,Sunday,February,1,2015
11.0,2.3851239081250717,1,15,Friday,January,0,2013
8.9,3.8014160679023603,1,8,Monday,July,0,2012
5.0,0.7694138556193917,1,10,Tuesday,February,0,2013
8.1,2.696041448017454,1,9,Wednesday,July,0,2009
9.0,2.7308427767456407,1,11,Sunday,May,1,2015
6.5,1.4605350030010278,1,11,Sunday,October,1,2011
4.9,1.103623460181821,1,9,Monday,January,0,2010
6.0,1.640559423746167,1,17,Friday,May,0,2013
6.9,0.7528046517909387,1,20,Friday,April,0,2012
9.0,1.4507287486989717,1,19,Saturday,November,1,2013
13.5,4.080639640754394,1,3,Saturday,May,1,2015
5.5,0.8988564715890419,1,18,Saturday,January,1,2013
16.0,3.9835139634669074,2,21,Sunday,October,1,2012
6.0,2.2665241996980106,6,16,Sunday,May,1,2014
7.7,2.1689017384983114,1,16,Wednesday,September,0,2010
6.5,1.62497695768661,2,0,Saturday,July,1,2014
7.7,2.2872974748314,3,19,Sunday,May,1,2011
8.1,3.336186959272234,1,20,Tuesday,November,0,2010
6.9,1.4762968606613824,1,19,Wednesday,October,0,2010
4.5,1.0358866922515104,1,9,Saturday,February,1,2011
11.5,3.573354226926135,1,2,Saturday,January,1,2015
36.0,10.25379530160814,1,4,Wednesday,December,0,2013
11.0,2.1469190784689576,1,15,Sunday,February,1,2015
7.7,1.0265850124299782,1,10,Wednesday,December,0,2010
6.5,1.515835514955675,1,8,Monday,June,0,2014
26.0,6.745087016370409,2,16,Monday,October,0,2012
11.0,2.5770668691281746,1,18,Saturday,March,1,2014
11.7,3.403933486239835,1,16,Tuesday,October,0,2011
9.7,3.3449578048508695,1,13,Tuesday,November,0,2010
4.5,0.662968713328403,1,7,Saturday,March,1,2015
5.3,1.268741786152648,3,7,Tuesday,March,0,2011
18.0,6.747951440146873,1,1,Saturday,October,1,2014
8.5,3.8746297885246057,1,0,Saturday,March,1,2012
8.0,1.8926988884854758,1,7,Friday,August,0,2014
7.3,2.1156097300908985,5,23,Friday,August,0,2010
8.1,1.911268057125283,1,17,Saturday,March,1,2010
19.5,7.617912278157336,1,0,Saturday,April,1,2014
9.7,1.4124903913683686,1,18,Thursday,July,0,2009
38.9,17.23325726019013,1,21,Friday,August,0,2009
8.1,2.7612463140878964,4,0,Saturday,October,1,2010
5.3,1.1783271412604437,1,21,Sunday,April,1,2012
4.5,0.6589706425168037,1,19,Wednesday,January,0,2012
5.3,1.2405801110346832,5,15,Saturday,August,1,2009
2.5,8.426156668181136e-05,1,19,Monday,June,0,2013
5.3,1.256045854416023,1,14,Friday,May,0,2010
5.5,0.623475308128595,1,18,Sunday,November,1,2014
7.3,3.258901955494626,1,19,Thursday,November,0,2011
2.5,11.273601954561842,1,12,Wednesday,February,0,2009
5.5,0.712590680841696,1,10,Friday,March,0,2013
7.3,3.365502696438564,1,16,Tuesday,May,0,2011
7.5,1.9332904305523186,1,23,Wednesday,September,0,2013
8.9,3.3205162521233826,1,20,Monday,September,0,2009
18.9,6.690945624733099,1,22,Friday,April,0,2011
25.0,6.773757874899559,5,23,Wednesday,February,0,2015
14.0,3.1778556723259515,1,15,Monday,February,0,2015
14.0,3.919693357328508,1,5,Tuesday,December,0,2013
5.3,1.4129795193897585,5,18,Friday,April,0,2012
16.9,7.374154971702307,1,19,Saturday,January,1,2009
8.7,2.4558317310816395,1,17,Friday,March,0,2009
13.0,3.440608604995965,1,8,Tuesday,October,0,2012
7.7,1.5631297542888427,1,19,Friday,June,0,2012
11.0,2.017903563045988,1,18,Tuesday,September,0,2013
8.1,2.0232337684032906,1,4,Sunday,July,1,2009
10.0,2.6863156154827585,1,19,Tuesday,July,0,2014
11.0,4.560043440897756,1,5,Saturday,April,1,2014
4.5,1.246104349704934,1,7,Tuesday,November,0,2011
7.0,1.7864413637572583,5,16,Thursday,May,0,2013
8.9,3.149268361643949,1,20,Sunday,October,1,2010
13.5,3.031649078919855,1,9,Thursday,November,0,2014
12.5,5.592015834924523,2,18,Saturday,May,1,2010
9.0,2.0709349723337565,2,23,Tuesday,May,0,2015
8.5,2.6101187748500894,1,16,Saturday,September,1,2012
11.7,6.391407177932955,2,23,Friday,March,0,2010
4.1,1.209253440986329,1,20,Sunday,November,1,2010
8.5,1.3249315464873204,2,17,Wednesday,November,0,2009
6.1,0.4793525234737797,1,14,Monday,August,0,2010
7.5,1.501688067904015,1,6,Sunday,December,1,2012
29.3,8.793024543939563,2,11,Thursday,September,0,2011
7.7,2.263088849410665,1,7,Wednesday,June,0,2011
4.5,0.9010048873227742,1,0,Saturday,July,1,2014
8.5,3.709505162048319,1,15,Friday,December,0,2009
7.5,1.5201667677673927,5,7,Friday,April,0,2014
7.0,1.1545667681390208,1,14,Friday,November,0,2013
3.7,0.6810089922726927,1,16,Monday,August,0,2009
8.9,2.4093663735689383,1,18,Monday,October,0,2010
9.0,2.678488409789183,4,10,Wednesday,March,0,2014
7.0,1.7261945453509222,1,19,Saturday,December,1,2012
5.3,1.6824646401017176,1,13,Tuesday,March,0,2009
6.0,1.0723938321153166,1,8,Monday,November,0,2013
4.1,0.919490854422267,1,12,Monday,February,0,2009
22.1,5.664237725677761,1,21,Wednesday,January,0,2012
7.5,1.852444949069687,1,11,Saturday,April,1,2015
6.0,2.1549422583131266,1,1,Sunday,September,1,2012
5.7,1.2364842938209089,2,1,Sunday,January,1,2011
5.0,0.7209358200442847,5,6,Tuesday,January,0,2013
7.0,1.2099379096785432,2,23,Monday,May,0,2014
5.5,1.631799994320058,2,2,Saturday,January,1,2014
6.5,1.8535485003910352,1,12,Friday,August,0,2010
5.5,1.4293594523781785,1,16,Tuesday,December,0,2012
18.9,8.950469006108122,1,7,Sunday,February,1,2011
8.0,2.4965094242544352,1,23,Monday,May,0,2015
18.0,3.307251495157893,2,17,Thursday,December,0,2013
10.0,2.030648991976213,2,8,Thursday,January,0,2013
10.1,3.2635170698708893,2,13,Sunday,June,1,2010
4.0,0.8927994262319232,2,19,Sunday,May,1,2015
6.9,1.7591425897319075,1,18,Sunday,August,1,2009
6.5,1.6775957300160755,5,19,Saturday,December,1,2014
6.5,1.4288172506539472,5,11,Tuesday,September,0,2011
6.9,2.5531884398266547,5,23,Sunday,September,1,2011
11.5,3.421581076616706,1,15,Tuesday,October,0,2014
3.7,0.747806779837847,1,10,Wednesday,April,0,2012
3.7,0.7270581265872176,1,18,Friday,September,0,2011
49.8,23.146831166097755,5,22,Friday,May,0,2012
3.3,1.3661832960931268,1,9,Thursday,September,0,2010
11.7,3.681164661275901,1,1,Monday,June,0,2012
14.0,4.513022915218047,2,10,Saturday,January,1,2015
27.3,11.853715438750285,1,15,Saturday,March,1,2011
28.5,10.229558804097302,2,9,Saturday,October,1,2010
4.5,1.1264305507985208,1,6,Saturday,February,1,2012
8.0,2.886067654650532,3,22,Monday,September,0,2014
8.5,1.166231993013764,2,8,Friday,May,0,2015
6.2,1.4145623596800079,2,23,Saturday,February,1,2009
10.1,2.765415461623186,1,13,Saturday,December,1,2010
6.0,1.8094594126733168,1,20,Friday,March,0,2013
4.9,1.9961420337263094,3,0,Sunday,June,1,2012
4.5,1.4291972386059895,1,18,Sunday,March,1,2012
14.0,3.1482081477956183,1,1,Thursday,March,0,2014
11.5,4.297538143520116,1,9,Saturday,October,1,2014
9.7,3.6088384819145936,1,16,Tuesday,June,0,2010
24.0,9.528505566265212,1,4,Wednesday,February,0,2014
5.0,0.6980691561160395,1,4,Friday,January,0,2013
45.0,21.043328052608043,1,20,Tuesday,April,0,2011
6.9,1.8055309070188676,1,21,Thursday,April,0,2011
7.0,1.9964419495713235,2,20,Saturday,June,1,2013
8.5,1.6879018769023029,6,12,Wednesday,December,0,2014
13.5,1.2024300619749928,6,17,Saturday,February,1,2014
15.0,7.08025903894374,1,20,Wednesday,January,0,2009
15.7,8.575593213175933,1,21,Tuesday,December,0,2010
5.5,1.7258088569197627,1,1,Thursday,August,0,2013
5.5,0.7148576175565183,5,13,Tuesday,February,0,2014
6.5,1.7900735963059295,1,20,Thursday,January,0,2012
4.5,0.8667572924405668,2,18,Monday,September,0,2011
10.1,2.578501414751907,1,1,Sunday,February,1,2012
27.47,0.12742544807633246,1,3,Thursday,December,0,2010
22.5,7.215673416628659,1,12,Monday,September,0,2013
4.1,1.1046004872684336,1,15,Sunday,May,1,2009
6.5,2.1281641586710034,1,10,Thursday,June,0,2009
9.5,3.0596139068012156,1,11,Sunday,March,1,2014
15.5,4.070566877681432,5,12,Saturday,May,1,2013
23.0,5.43934302599113,1,20,Friday,March,0,2013
11.0,4.516940378717088,5,6,Friday,December,0,2012
6.5,2.307590180674917,5,21,Wednesday,July,0,2009
9.0,1.6251716163420813,1,12,Thursday,January,0,2013
21.7,4.750085489575084,1,11,Thursday,April,0,2010
8.0,1.547370184870683,1,18,Monday,November,0,2013
5.5,0.9389779369852687,2,9,Sunday,September,1,2013
7.5,2.03410932198629,6,1,Sunday,September,1,2012
7.5,1.8138704992605161,5,17,Tuesday,October,0,2012
11.7,2.835915579191285,3,15,Monday,September,0,2011
9.0,2.2268582466999445,1,20,Thursday,October,0,2012
4.9,0.908618405140585,1,13,Thursday,December,0,2011
9.5,1.3875324594186447,1,12,Friday,March,0,2014
4.9,1.2654519303061487,1,9,Tuesday,April,0,2009
12.0,5.967800487038436,1,1,Tuesday,May,0,2015
9.7,4.29954958469294,1,19,Monday,September,0,2011
4.9,0.7606680903740153,1,18,Thursday,April,0,2012
9.3,3.801559459663892,1,13,Saturday,October,1,2011
40.0,16.356495858004525,3,20,Sunday,January,1,2014
13.3,6.373480050228813,2,0,Tuesday,December,0,2011
5.7,1.888067119124349,1,13,Sunday,August,1,2012
7.0,2.3463632691335663,4,21,Thursday,September,0,2012
3.7,0.9394406496489923,1,13,Friday,June,0,2011
7.5,1.8745397558997385,1,16,Monday,November,0,2014
5.5,2.006004654876681,1,20,Monday,January,0,2014
14.1,7.03867037385414,3,18,Monday,August,0,2009
18.5,6.789883306140055,3,0,Friday,December,0,2010
7.5,1.4591031196614712,1,9,Tuesday,April,0,2013
4.2,1.014474295286546,1,20,Saturday,March,1,2009
8.5,2.4545256088685026,1,14,Tuesday,July,0,2011
6.5,1.732246053631281,1,19,Friday,September,0,2011
12.5,5.5180724487591295,1,2,Friday,November,0,2010
7.5,1.6872415162805383,5,13,Saturday,July,1,2013
8.9,3.0327185578085287,1,17,Tuesday,July,0,2009
3.7,0.9152358874608304,2,21,Sunday,May,1,2011
7.0,0.9410312582795661,1,15,Sunday,October,1,2014
4.1,0.8234044410932808,1,4,Sunday,February,1,2012
4.5,0.414177432799558,1,18,Wednesday,February,0,2013
16.0,4.922542698583373,1,0,Friday,July,0,2013
8.0,1.418131087571498,1,22,Saturday,February,1,2015
5.5,1.019834828217303,1,17,Tuesday,April,0,2013
8.5,1.4347261415143018,1,7,Wednesday,January,0,2012
43.45,12.523132404106908,1,7,Friday,May,0,2009
4.1,0.6069400416055886,1,16,Tuesday,January,0,2010
12.1,4.96708336220896,1,22,Thursday,October,0,2010
4.5,0.8849404916201358,3,12,Friday,March,0,2011
9.7,3.4951496121083783,1,21,Saturday,October,1,2009
9.7,3.77184075890135,2,0,Friday,March,0,2012
3.7,0.7433960122388455,1,20,Thursday,June,0,2012
8.5,2.9687132757614347,1,22,Monday,March,0,2013
6.0,1.1551652832630224,2,20,Tuesday,March,0,2015
7.5,1.7158533073359972,4,20,Sunday,November,1,2012
10.1,4.963196145189498,1,12,Sunday,June,1,2010
8.9,0.2326090843322365,1,18,Thursday,November,0,2011
22.5,9.730863156815387,1,1,Sunday,June,1,2010
6.1,1.8069310795681828,1,11,Wednesday,January,0,2010
17.5,5.18587207534063,1,8,Saturday,March,1,2015
7.0,1.5262353277894447,1,5,Sunday,March,1,2013
6.9,2.021930644415092,1,1,Friday,February,0,2011
11.3,4.3145866790626295,1,23,Saturday,January,1,2011
18.9,7.112090579461596,1,12,Friday,April,0,2010
13.5,4.9372770095317335,4,22,Friday,June,0,2013
17.0,7.987778651611659,1,2,Friday,September,0,2012
21.7,3.882544379163369,1,10,Sunday,May,1,2011
11.3,3.536218757689969,1,20,Monday,March,0,2010
34.83,8.51544262612832,1,11,Friday,May,0,2014
30.5,8.02921655050109,2,7,Tuesday,March,0,2010
8.5,2.8180537325819697,1,19,Thursday,June,0,2009
5.5,1.5885072602297245,5,14,Friday,November,0,2014
7.7,2.870294614394902,1,16,Sunday,December,1,2010
7.7,1.52093877549491,2,18,Friday,January,0,2010
9.3,4.048765860492502,2,19,Wednesday,February,0,2010
14.1,4.68580588786505,1,0,Saturday,October,1,2009
6.0,1.589445038241192,1,11,Sunday,October,1,2013
92.5,18.80338706811361,2,14,Wednesday,January,0,2013
6.9,2.328937426944695,1,21,Tuesday,September,0,2010
10.5,2.0451725734362074,1,18,Monday,February,0,2014
9.7,5.627690853411592,1,2,Thursday,October,0,2010
8.5,1.5707444390951455,1,20,Wednesday,December,0,2013
25.0,9.292436072009405,2,23,Saturday,November,1,2013
6.1,1.1586610948682645,1,12,Friday,July,0,2011
11.7,4.502504811355442,1,3,Saturday,December,1,2010
16.0,5.075321108912932,1,0,Wednesday,March,0,2010
13.7,6.159507767607764,1,15,Monday,October,0,2010
9.7,3.5548098758001387,1,22,Wednesday,January,0,2012
10.1,5.354146725363289,1,3,Wednesday,October,0,2011
6.1,1.876329373531254,2,19,Saturday,March,1,2009
7.7,2.3749767711179732,1,18,Friday,April,0,2010
11.7,5.297954219032069,2,18,Friday,September,0,2010
7.5,1.8419386996829712,5,12,Sunday,July,1,2013
15.7,4.9681110823464065,1,10,Sunday,February,1,2011
14.0,2.2141760542162494,1,11,Tuesday,April,0,2014
11.0,2.54021891254046,1,8,Monday,July,0,2014
7.3,2.154668032749629,1,14,Thursday,December,0,2010
10.5,2.9249658407175176,4,7,Saturday,September,1,2011
21.0,6.024504140449165,5,16,Friday,September,0,2014
4.5,1.4622599163502654,1,10,Tuesday,September,0,2009
12.5,3.583695176237389,1,18,Wednesday,March,0,2012
12.9,1.330487472799872,1,9,Wednesday,June,0,2009
7.0,2.083308624410109,1,15,Saturday,January,1,2015
6.1,1.8794753691970878,1,9,Wednesday,July,0,2012
6.5,2.5768545596521784,4,17,Saturday,February,1,2010
6.1,1.8519375071695243,1,8,Tuesday,April,0,2012
24.0,7.063060116694609,1,0,Sunday,August,1,2013
4.1,0.6075449879814495,1,19,Monday,November,0,2010
10.5,5.535425886000967,2,1,Saturday,September,1,2009
8.5,2.2894852830521897,1,12,Saturday,December,1,2013
7.3,2.703212368105504,1,9,Monday,February,0,2011
7.7,2.8202187467731217,1,18,Friday,May,0,2010
6.9,1.8574577181338556,2,15,Saturday,October,1,2009
5.5,0.8929586720924187,1,9,Monday,February,0,2013
5.3,1.3101594142857345,1,13,Monday,September,0,2009
24.9,9.624537411180578,1,9,Saturday,August,1,2012
8.0,1.7893160485889457,1,19,Saturday,September,1,2013
9.3,0.6632806795048817,1,14,Tuesday,December,0,2011
4.5,1.1481740288921005,1,17,Wednesday,February,0,2009
18.1,6.189812137930372,1,9,Monday,March,0,2012
13.5,3.440500571975855,1,22,Saturday,April,1,2013
9.0,1.6902864832038929,1,12,Monday,July,0,2013
6.1,1.6011625559961196,1,7,Sunday,May,1,2010
19.7,6.698065569337994,1,22,Friday,March,0,2009
4.5,0.9816883686635933,1,19,Wednesday,July,0,2009
4.5,1.204691763030671,2,19,Friday,May,0,2010
7.5,0.24184351561243256,1,22,Sunday,June,1,2013
6.5,1.2419194223367718,2,21,Tuesday,March,0,2014
14.0,2.7291518196869395,1,10,Thursday,October,0,2013
4.9,1.1910328068467593,1,13,Saturday,April,1,2011
7.3,1.3009589458888302,1,9,Tuesday,May,0,2012
29.0,8.466818801827252,2,23,Saturday,March,1,2014
36.0,9.198015085468024,4,20,Friday,December,0,2014
7.0,1.684663683466722,1,18,Wednesday,October,0,2013
15.0,2.15813297997782,5,19,Wednesday,September,0,2012
20.0,8.854356003723009,1,2,Monday,December,0,2014
5.3,1.0945866164544271,1,15,Sunday,August,1,2011
7.5,1.4638307427911321,1,14,Monday,October,0,2014
4.1,0.9733770303499791,1,0,Wednesday,May,0,2009
11.5,2.9748463922143027,5,15,Tuesday,October,0,2014
7.7,1.6229090984883987,1,18,Saturday,April,1,2009
7.5,2.3792372412970524,1,9,Tuesday,March,0,2013
5.0,1.0559024450455257,1,1,Thursday,February,0,2015
9.5,1.3013410708031252,1,12,Thursday,October,0,2012
7.7,2.398022960370939,1,9,Tuesday,May,0,2009
18.9,9.177022662994377,1,9,Monday,January,0,2010
6.5,2.5315840340199576,1,23,Sunday,October,1,2010
10.5,2.117704678364909,1,9,Tuesday,May,0,2011
8.0,2.377470823929829,1,21,Sunday,September,1,2012
8.5,1.8800827154498936,1,13,Sunday,July,1,2011
6.0,1.0699673250921353,6,19,Friday,October,0,2012
20.9,6.6621600013084015,1,18,Thursday,April,0,2012
14.5,5.969258911976243,2,3,Friday,September,0,2009
10.5,2.6592522508632532,1,17,Saturday,August,1,2014
4.9,0.6520813124839621,1,6,Saturday,January,1,2010
6.5,0.9877624236039702,1,11,Saturday,November,1,2011
17.3,7.815971297116101,1,18,Thursday,August,0,2009
6.5,1.839240350539418,3,12,Monday,February,0,2012
9.7,2.521764191711132,2,21,Friday,October,0,2010
7.7,3.282902258600172,1,13,Tuesday,March,0,2010
9.0,2.9245645983547393,2,23,Friday,December,0,2013
20.5,9.625049397938259,1,21,Tuesday,May,0,2014
13.5,2.742679814527737,1,18,Monday,October,0,2013
8.5,0.9117759477219933,1,19,Friday,December,0,2013
4.5,0.857221587005802,1,8,Thursday,April,0,2010
11.7,3.2850703964007835,1,10,Tuesday,April,0,2012
4.9,1.309856852789186,1,22,Monday,June,0,2010
8.1,1.9901946858236959,4,20,Tuesday,August,0,2009
8.1,1.9389524741848745,1,22,Saturday,November,1,2011
6.5,0.888618258254994,5,12,Friday,September,0,2012
13.3,5.521192297065147,1,1,Thursday,November,0,2011
7.5,1.1967345931820377,2,12,Thursday,May,0,2013
10.1,2.5995749190314488,1,14,Tuesday,January,0,2009
4.5,0.8814264248566988,1,14,Thursday,September,0,2011
6.5,1.3294257771994888,1,18,Tuesday,July,0,2013
4.9,0.8483041921041538,1,12,Tuesday,August,0,2012
8.1,1.3634402147010718,5,12,Thursday,August,0,2009
6.0,1.3855452898524907,1,23,Monday,December,0,2012
8.5,3.5693367026790424,1,7,Thursday,May,0,2011
6.9,2.0187699935693906,1,2,Wednesday,June,0,2011
20.5,8.112378765743074,1,9,Monday,June,0,2011
57.33,20.41430238450309,1,20,Wednesday,December,0,2013
14.9,5.313966482413225,4,22,Friday,March,0,2011
7.5,1.1500808719990987,5,15,Thursday,March,0,2015
4.0,0.899725700398508,1,6,Tuesday,July,0,2013
13.3,5.032458770787324,1,6,Saturday,August,1,2011
5.3,1.653688441475849,5,20,Wednesday,July,0,2012
13.5,2.7312287979549175,1,13,Friday,December,0,2013
5.3,2.4017065262337143,1,6,Thursday,July,0,2011
12.0,2.0680015053950918,3,17,Friday,May,0,2013
7.5,2.383253066556378,1,18,Tuesday,May,0,2015
13.3,3.0552804315562043,1,18,Friday,March,0,2010
11.3,4.631655355567986,1,10,Thursday,February,0,2012
27.47,10.743415427190984,1,12,Thursday,December,0,2009
8.5,1.7371560279957423,1,14,Wednesday,March,0,2013
2.5,0.038071898669630615,1,22,Monday,September,0,2013
9.0,2.1033535339332903,1,18,Sunday,February,1,2014
6.0,1.1011901223193075,1,12,Thursday,November,0,2012
17.5,3.543876984806871,5,9,Thursday,November,0,2014
24.5,5.412615682486939,2,8,Thursday,April,0,2013
5.7,1.7133045430472003,3,21,Friday,June,0,2012
16.5,5.411846353785453,1,17,Friday,March,0,2010
7.3,1.4336258482016713,1,11,Thursday,February,0,2012
7.0,1.777132446474372,1,6,Thursday,November,0,2014
12.9,5.021498080328167,1,4,Sunday,May,1,2011
6.0,0.8222104946623522,1,14,Friday,September,0,2013
4.1,0.7247645718793362,1,5,Friday,June,0,2011
6.9,0.5710885676595612,1,13,Thursday,September,0,2009
7.7,2.5495514157573185,1,13,Monday,October,0,2010
6.1,1.3790137025381377,4,12,Saturday,September,1,2010
7.3,2.474390342200937,1,19,Sunday,July,1,2009
11.7,3.677115786258614,3,3,Sunday,May,1,2009
25.87,8.08037253079031,1,17,Monday,August,0,2010
9.0,0.8859155405377735,1,9,Tuesday,October,0,2014
3.7,0.22324918947588915,2,21,Tuesday,May,0,2009
11.0,4.359269538269173,4,18,Friday,November,0,2013
10.9,2.189581340723774,1,19,Friday,December,0,2009
4.9,1.0103670511861982,2,17,Tuesday,August,0,2011
5.7,1.8409375363902658,4,20,Wednesday,January,0,2011
2.5,1.8074018276519985,1,0,Friday,March,0,2013
5.3,0.6564739412268029,1,10,Friday,October,0,2010
12.9,4.165397846765994,1,12,Tuesday,December,0,2009
8.9,3.697172928030304,1,20,Sunday,November,1,2011
11.3,3.78998319934876,1,15,Wednesday,June,0,2010
11.5,3.309935608112089,1,10,Saturday,November,1,2012
3.7,0.8683189923539979,1,21,Sunday,February,1,2012
5.5,1.1058028753702969,1,11,Wednesday,August,0,2014
14.5,3.686534164328726,1,15,Friday,July,0,2013
8.5,3.584284016442621,1,14,Friday,May,0,2010
56.8,19.80466060435405,1,21,Sunday,January,1,2013
19.3,6.065425995071803,1,0,Sunday,July,1,2009
6.0,1.4064509909824179,2,19,Monday,November,0,2013
3.7,0.8335562692903677,1,9,Tuesday,September,0,2009
40.33,9.501390311721492,1,15,Wednesday,October,0,2014
8.0,0.7365411134782928,1,13,Wednesday,July,0,2014
7.7,2.8516861853577478,2,19,Thursday,October,0,2009
4.9,1.0286552752773739,1,14,Thursday,February,0,2012
7.3,2.139219490417202,1,14,Wednesday,August,0,2011
6.5,1.8373913778305302,1,21,Wednesday,March,0,2011
4.1,0.8410856267765481,1,9,Thursday,August,0,2011
27.5,11.740777223149044,1,21,Wednesday,February,0,2013
11.7,4.477938024062321,1,16,Friday,September,0,2011
21.0,6.3433028961796945,2,15,Saturday,November,1,2014
6.5,2.71020990122364,5,3,Friday,June,0,2011
12.5,5.5320952495844615,1,16,Sunday,June,1,2009
7.5,1.8023733270995927,1,0,Friday,May,0,2014
11.3,3.6390431969695443,1,21,Wednesday,October,0,2010
8.1,2.6019306838328276,3,22,Saturday,February,1,2009
28.0,8.887469213238445,1,10,Friday,February,0,2014
3.7,0.6437886320892107,1,10,Saturday,June,1,2011
7.3,1.7116869169572382,1,11,Friday,October,0,2011
8.1,1.8967974538850043,1,19,Thursday,June,0,2012
12.9,3.9817623208609247,4,23,Saturday,November,1,2011
5.7,2.437704738011188,1,12,Monday,June,0,2011
7.7,1.2274466113602616,1,8,Thursday,August,0,2011
18.0,5.951096797459728,6,21,Monday,October,0,2013
12.5,0.8076159715048719,3,0,Sunday,December,1,2012
5.0,1.6341813465180477,1,14,Sunday,January,1,2015
8.9,2.1061770474410237,4,10,Thursday,May,0,2010
6.9,2.7945927033013787,1,20,Wednesday,July,0,2011
18.9,7.168184656868529,1,17,Saturday,July,1,2010
8.0,1.460874355196252,1,7,Wednesday,March,0,2015
7.3,2.187517874483487,1,21,Tuesday,October,0,2011
6.5,0.9677850621178893,1,12,Saturday,October,1,2011
5.0,1.1687059680071081,1,8,Tuesday,June,0,2014
5.3,1.5064355209740585,1,19,Tuesday,January,0,2011
7.7,2.6403065545332836,1,1,Saturday,November,1,2010
8.5,1.5308391949765676,5,11,Tuesday,November,0,2011
13.0,3.6404216918117984,1,14,Thursday,November,0,2012
10.5,1.2367644872491372,1,11,Tuesday,November,0,2013
8.9,2.862993679405909,1,23,Saturday,May,1,2011
5.0,1.1380737719116825,1,9,Friday,April,0,2015
57.54,23.19051484740334,1,19,Friday,April,0,2015
21.3,9.249536497646769,2,16,Friday,April,0,2010
13.0,4.073218674230489,1,11,Monday,February,0,2015
6.5,1.5352905062507007,3,14,Wednesday,March,0,2010
32.83,9.93561294149289,2,4,Saturday,March,1,2013
4.9,0.9992366015587061,2,16,Monday,May,0,2012
8.5,1.629184831281964,1,18,Wednesday,November,0,2011
9.5,3.086262102250415,2,18,Wednesday,November,0,2012
6.5,1.049840999804393,1,17,Monday,May,0,2014
6.9,1.4570266847769988,2,10,Sunday,December,1,2009
11.5,2.3274104612365774,1,8,Wednesday,February,0,2014
16.5,3.395490704283126,1,21,Wednesday,July,0,2014
6.0,1.1811834038598177,1,21,Sunday,May,1,2013
7.0,1.6061417644420317,1,8,Friday,December,0,2012
79.75,17.595655953216248,1,17,Sunday,June,1,2013
4.9,0.4809959837495799,1,10,Tuesday,November,0,2010
4.1,0.7397611444760344,1,21,Saturday,April,1,2009
10.9,3.7185214900700627,1,21,Wednesday,November,0,2011
4.1,0.7693809714023441,5,6,Wednesday,October,0,2010
9.0,2.5605801705815643,3,4,Sunday,January,1,2009
5.7,1.7626284481381833,4,0,Saturday,December,1,2011
4.9,0.8342542049219254,1,15,Sunday,February,1,2011
4.5,0.4366462221864867,3,14,Thursday,February,0,2013
8.1,2.5592529365593855,4,8,Thursday,August,0,2009
8.5,1.2457193150455972,2,23,Sunday,October,1,2012
12.1,4.224224804623466,1,20,Saturday,June,1,2009
7.5,1.9673346027859937,2,0,Sunday,September,1,2012
26.1,8.818828066047248,2,17,Monday,August,0,2009
6.5,1.3817141543151006,5,18,Tuesday,November,0,2011
30.5,12.459702134832469,1,14,Wednesday,September,0,2011
8.1,2.6703603648687757,1,21,Friday,March,0,2011
14.1,4.766327776849753,1,10,Friday,January,0,2009
5.0,1.6138569344545581,1,19,Thursday,October,0,2013
10.5,1.5402692445020365,1,18,Tuesday,October,0,2009
4.0,0.5946173493625296,2,8,Thursday,March,0,2014
15.5,6.622941316386688,1,8,Wednesday,November,0,2013
4.5,1.0121179957298976,1,9,Tuesday,May,0,2009
7.0,1.4824789613394063,1,17,Wednesday,June,0,2015
17.5,4.187214131570191,2,11,Friday,November,0,2014
4.5,0.9347761342069687,2,23,Thursday,February,0,2014
6.9,1.3753337587560355,1,19,Monday,May,0,2011
9.7,3.2811493658727815,1,13,Sunday,November,1,2009
12.0,4.994099695551326,2,8,Friday,January,0,2013
7.3,2.382488100920379,1,14,Sunday,February,1,2009
11.0,2.2226774750783007,1,19,Tuesday,February,0,2014
26.1,13.444481501450909,5,11,Tuesday,January,0,2012
5.7,2.1531227268317856,1,11,Sunday,December,1,2011
9.3,2.2936930691133983,1,11,Saturday,December,1,2009
12.5,3.1825448882486893,1,18,Wednesday,April,0,2014
8.5,1.4430128541145488,1,10,Wednesday,September,0,2012
39.87,13.263528772320596,1,17,Monday,October,0,2009
11.3,4.818493363685166,1,22,Thursday,April,0,2012
4.5,0.5665525717939919,1,8,Monday,January,0,2013
10.1,2.246794249663199,2,10,Friday,August,0,2010
16.5,3.485919580044185,1,19,Thursday,December,0,2013
7.5,1.2638733066536534,1,9,Monday,April,0,2014
4.5,1.237946323428665,1,16,Monday,November,0,2010
49.57,22.5067996170176,1,15,Tuesday,December,0,2010
9.0,2.0725785047635523,6,9,Saturday,March,1,2014
9.3,2.1734645224174653,1,18,Friday,January,0,2010
10.1,1.9513847305612537,1,10,Friday,April,0,2012
10.5,3.8116892587945874,5,10,Wednesday,August,0,2011
6.0,1.6227540277819017,2,9,Saturday,January,1,2013
5.0,0.36163910938644583,5,9,Monday,November,0,2012
8.5,2.1688215287875887,1,13,Tuesday,September,0,2011
11.0,1.514536306231872,1,21,Wednesday,February,0,2013
4.5,1.0118815747217786,1,14,Tuesday,January,0,2009
4.5,0.8452655757215773,1,16,Monday,February,0,2012
14.1,5.860336521257812,1,19,Friday,February,0,2010
30.1,12.228325180180319,3,20,Wednesday,August,0,2012
11.5,3.034171936319385,2,19,Saturday,September,1,2014
8.1,2.437166329104325,1,0,Saturday,October,1,2011
20.0,4.93933698099873,1,17,Saturday,September,1,2013
28.0,12.147917935249614,1,17,Monday,January,0,2013
8.9,2.441753969780638,5,9,Wednesday,November,0,2011
5.7,0.8904882529849522,1,9,Tuesday,February,0,2012
8.5,2.549735108967472,1,11,Friday,January,0,2010
5.0,1.056082793629694,1,13,Tuesday,November,0,2012
4.0,1.0741686897383391,1,1,Thursday,November,0,2012
4.5,0.7883402117486559,1,19,Monday,December,0,2013
8.0,1.9419110172407563,1,7,Thursday,January,0,2014
10.1,3.3466064139920864,4,0,Friday,October,0,2010
7.0,2.007293849958532,1,13,Sunday,November,1,2013
11.5,1.5269558272867383,1,19,Wednesday,February,0,2015
40.5,13.746234608988322,2,0,Thursday,December,0,2010
5.3,1.1825202712484653,1,11,Tuesday,November,0,2010
8.9,2.6108175200090944,1,20,Saturday,July,1,2012
20.1,1.6611010738982506,1,0,Tuesday,September,0,2010
6.9,1.4047229549100078,3,20,Wednesday,November,0,2010
8.5,1.9614928345184994,1,9,Thursday,February,0,2015
21.3,11.069167554890132,1,19,Thursday,February,0,2010
10.9,2.7872721519738297,2,13,Saturday,December,1,2009
4.5,1.1018547165843917,1,15,Tuesday,February,0,2010
52.0,20.250014258865132,1,15,Saturday,January,1,2013
4.1,1.1023961047965747,1,7,Tuesday,May,0,2012
10.1,3.150236765265747,1,18,Thursday,September,0,2011
6.0,1.4845787025672172,1,21,Tuesday,March,0,2015
6.5,1.5922990009488704,1,21,Tuesday,May,0,2009
4.1,0.9500939265145688,5,6,Tuesday,July,0,2010
24.0,7.133741630793401,3,2,Thursday,March,0,2014
8.0,1.5826866714364534,1,2,Friday,March,0,2014
6.5,1.3811018107130133,1,17,Sunday,September,1,2013
11.5,1.9623067684728657,1,9,Thursday,February,0,2014
16.0,2.1206729677678107,1,17,Tuesday,July,0,2013
5.3,0.8555478910512482,1,15,Wednesday,March,0,2010
13.5,3.8868487040316455,1,18,Tuesday,February,0,2014
10.5,4.029422418419258,1,22,Wednesday,July,0,2012
7.7,2.0123137463683642,5,17,Monday,May,0,2011
7.5,1.9846409159866507,1,22,Tuesday,January,0,2015
14.5,5.165012909685804,1,8,Wednesday,August,0,2009
11.7,4.263965189668463,1,13,Saturday,January,1,2011
8.1,2.494758217544069,1,7,Tuesday,June,0,2010
8.0,1.0009932464657993,1,19,Wednesday,June,0,2015
6.9,1.6307878245746583,4,21,Monday,April,0,2010
19.7,4.299847573132984,1,22,Thursday,May,0,2010
6.5,1.4366798802730216,1,18,Tuesday,February,0,2012
11.7,3.078121900504297,2,13,Monday,January,0,2009
7.7,2.103412444561769,1,21,Tuesday,June,0,2010
9.0,1.7139417247805318,1,13,Saturday,October,1,2012
6.5,2.643003163631781,6,21,Thursday,May,0,2012
12.1,2.3941057358300974,4,21,Monday,October,0,2011
8.1,3.050358527933161,1,21,Tuesday,October,0,2010
32.9,14.68063964200381,1,15,Monday,December,0,2011
6.1,2.4352903227522673,1,13,Saturday,May,1,2012
11.5,4.656642590518285,2,1,Sunday,January,1,2014
57.54,22.25156413879104,2,15,Monday,June,0,2015
7.7,2.465752910698389,2,1,Saturday,December,1,2009
15.7,4.0033584600659955,1,15,Thursday,April,0,2009
36.1,18.379827711250492,1,17,Sunday,April,1,2012
4.9,0.9629975143089319,1,16,Wednesday,March,0,2011
8.5,1.7794948082480315,1,6,Wednesday,December,0,2014
32.1,17.479576251602996,5,1,Saturday,March,1,2009
26.9,9.3293612797703,1,18,Tuesday,December,0,2010
6.5,2.26926411191511,1,9,Thursday,July,0,2009
48.5,16.221719591196614,1,0,Saturday,October,1,2012
8.5,1.8917824374721237,1,9,Saturday,May,1,2015
10.9,6.087061861304333,5,21,Wednesday,January,0,2010
16.5,7.3733871680437435,2,13,Saturday,February,1,2012
4.0,0.6706660865460451,1,0,Monday,February,0,2014
16.0,4.132526727091306,1,19,Thursday,April,0,2014
7.5,1.665589674532637,1,16,Wednesday,October,0,2012
5.5,1.1314717375246575,6,8,Monday,April,0,2013
5.7,1.183463161916916,1,14,Friday,January,0,2011
14.1,5.607191027643513,1,13,Tuesday,January,0,2009
6.5,2.208408797703807,1,12,Monday,June,0,2011
6.1,1.5338848995809196,1,6,Monday,January,0,2011
4.5,1.602750197973367,1,14,Sunday,April,1,2012
3.0,0.12623876448408688,1,0,Thursday,May,0,2014
8.9,2.5445698736208087,1,0,Sunday,April,1,2010
13.7,7.124998483435822,1,17,Friday,August,0,2010
4.5,0.9777412526429573,1,17,Friday,August,0,2014
5.5,0.7077963333918956,1,9,Thursday,March,0,2013
20.9,6.363652686088027,1,8,Thursday,February,0,2012
10.5,2.2920122028150622,1,7,Thursday,May,0,2014
49.8,21.424110716852,1,16,Tuesday,May,0,2011
8.1,2.88977033108641,1,10,Saturday,December,1,2009
14.0,4.248146906960478,1,18,Wednesday,January,0,2013
7.3,2.477237037587363,1,19,Tuesday,July,0,2009
8.5,3.9556362128245124,1,16,Sunday,November,1,2009
6.5,1.9182311374622656,2,13,Monday,March,0,2009
26.5,6.403792459958638,1,13,Thursday,June,0,2014
49.15,19.730963893624434,2,17,Monday,June,0,2009
24.8,6.7891010398427145,1,15,Tuesday,February,0,2013
23.0,6.356578705733438,1,21,Tuesday,January,0,2013
5.7,1.3115757590989208,2,8,Monday,July,0,2011
5.0,0.8529288250574272,1,8,Tuesday,December,0,2014
16.0,4.6286955625942,3,13,Thursday,May,0,2013
5.7,1.1401868133928499,3,23,Friday,March,0,2011
10.5,2.6639210924238648,2,20,Friday,May,0,2014
5.0,0.8897756396986392,1,8,Tuesday,December,0,2013
4.9,1.3917693058587635,1,20,Wednesday,August,0,2009
16.1,6.483474470300385,1,19,Tuesday,January,0,2012
16.9,5.5494928075670344,1,20,Tuesday,June,0,2009
3.7,0.7076918632229323,1,8,Tuesday,January,0,2012
6.5,1.328587344982007,1,22,Sunday,March,1,2011
15.3,5.685828759502791,1,16,Thursday,July,0,2012
7.3,1.7674934857466498,1,17,Saturday,September,1,2010
8.9,1.4484443090651724,2,11,Thursday,January,0,2012
9.7,3.682842750253231,1,6,Wednesday,February,0,2012
5.7,1.4727523503401414,4,19,Saturday,June,1,2011
10.0,1.748237091564879,1,17,Thursday,October,0,2013
7.5,1.820977606571492,1,12,Monday,August,0,2014
6.5,1.824304659596701,1,8,Friday,June,0,2013
46.0,2.9184681955357337,1,23,Wednesday,July,0,2010
6.5,1.0257868094220657,6,7,Thursday,November,0,2013
8.1,2.109984433447906,1,10,Friday,June,0,2010
7.3,1.364311647709199,1,17,Saturday,March,1,2012
8.5,2.343935415702653,1,15,Sunday,May,1,2011
10.9,3.84926123397164,1,12,Thursday,April,0,2011
10.1,3.2899880633432925,1,15,Tuesday,October,0,2010
9.3,2.7567134598678535,1,19,Friday,September,0,2011
12.5,4.574314458165026,5,1,Thursday,April,0,2015
5.0,0.3246096936209264,1,19,Friday,January,0,2015
4.9,1.1037535721556053,1,0,Thursday,May,0,2009
6.9,1.186150952369467,1,15,Monday,November,0,2009
25.0,7.867086122569432,1,18,Wednesday,January,0,2015
5.0,0.6128899597032128,1,19,Thursday,May,0,2014
12.5,3.8212450094376544,1,15,Thursday,September,0,2013
10.0,3.013354168083829,1,3,Wednesday,March,0,2014
6.9,1.6256655195480705,2,21,Saturday,January,1,2009
7.5,2.1958425229481335,1,6,Thursday,February,0,2013
7.3,1.567372756701936,1,8,Thursday,July,0,2012
13.5,4.327170266580787,1,17,Monday,July,0,2013
10.1,3.040632320800364,2,22,Wednesday,November,0,2011
7.7,2.1802768380384125,1,8,Wednesday,August,0,2011
7.3,1.0036286959818663,2,8,Monday,May,0,2010
8.0,2.710814559955485,6,23,Saturday,March,1,2014
10.0,1.1308818909258491,2,17,Tuesday,September,0,2013
12.0,1.5681146990039272,1,17,Friday,August,0,2013
14.1,4.160910985609619,2,10,Wednesday,November,0,2010
6.1,1.5932747059539203,1,8,Wednesday,February,0,2012
9.5,1.9083121575332462,1,11,Friday,December,0,2013
11.0,3.306175498267242,1,20,Sunday,January,1,2013
6.5,2.404774674963891,1,6,Monday,June,0,2010
6.5,0.5934390970407929,1,11,Saturday,April,1,2011
7.3,1.472423791910387,1,14,Friday,February,0,2011
6.0,1.6328227470384915,1,4,Friday,March,0,2015
10.5,2.6149935822231547,1,1,Saturday,September,1,2014
21.0,5.334082296935307,2,14,Tuesday,December,0,2014
9.0,2.1008592204907766,1,0,Sunday,August,1,2013
11.0,3.2600997645962466,2,12,Monday,October,0,2012
10.1,2.769868726339717,1,14,Monday,February,0,2012
20.9,9.525517141629214,5,23,Wednesday,October,0,2010
23.7,6.739145211960861,1,20,Thursday,May,0,2012
5.7,0.2501689193521054,1,9,Saturday,November,1,2011
10.5,4.151537560800003,5,20,Monday,July,0,2010
26.9,12.277863164866032,4,23,Wednesday,October,0,2009
4.9,1.555639280618587,2,22,Sunday,January,1,2009
6.9,1.5678685902474565,1,14,Tuesday,December,0,2011
6.0,1.266886236605221,1,11,Sunday,September,1,2012
6.0,0.9951680759072885,1,14,Friday,June,0,2013
4.5,1.2882762341102783,1,8,Saturday,January,1,2015
6.9,1.3973647388231942,1,13,Monday,January,0,2012
7.3,1.6559267106135749,1,15,Wednesday,May,0,2012
10.5,4.480803881138219,2,0,Sunday,July,1,2012
5.3,1.177570521963434,1,18,Sunday,May,1,2009
6.1,2.06157313868928,1,21,Wednesday,January,0,2011
6.9,1.6240636709195253,1,18,Wednesday,February,0,2011
5.7,1.1987383134704783,1,15,Saturday,June,1,2012
5.7,2.4009060550104673,1,23,Tuesday,September,0,2010
8.5,3.52051795565807,1,11,Saturday,March,1,2009
16.0,3.3603864933550964,1,16,Saturday,October,1,2013
16.0,5.748121973442244,6,22,Tuesday,September,0,2013
32.0,6.901209573139968,1,8,Tuesday,January,0,2014
11.0,2.5787115530233344,1,2,Sunday,January,1,2014
4.1,1.267588710979351,1,8,Saturday,November,1,2010
11.0,3.5879762642358988,1,18,Monday,November,0,2012
4.9,1.5812713193851953,1,10,Tuesday,October,0,2011
11.7,3.445061267462201,5,13,Wednesday,July,0,2011
57.33,22.48872825150385,1,22,Monday,October,0,2014
8.1,3.353195759732591,1,13,Sunday,February,1,2012
19.0,2.0255912396012126,1,23,Friday,May,0,2015
8.5,1.8775269781429786,1,14,Tuesday,June,0,2012
4.9,1.4952991093441814,2,19,Sunday,April,1,2011
24.1,14.215432181988287,1,7,Saturday,June,1,2009
5.3,1.684027313987991,2,10,Wednesday,November,0,2010
21.3,5.8862609124624425,2,3,Saturday,October,1,2009
5.0,1.133397485551365,1,15,Monday,March,0,2014
4.5,1.941828975925621,1,19,Thursday,September,0,2010
8.9,2.7379997588642633,5,20,Monday,September,0,2011
5.3,1.1864646545720248,5,11,Sunday,March,1,2009
12.1,5.951752441488015,2,0,Thursday,June,0,2011
8.1,2.204876100729672,1,10,Friday,May,0,2011
10.5,3.2681486889997275,1,13,Thursday,May,0,2010
6.5,2.6780592246366606,3,15,Thursday,April,0,2009
6.5,3.18478962088096,5,7,Tuesday,January,0,2010
8.0,1.6585151184662834,1,23,Tuesday,September,0,2013
7.7,6.260189585929567,1,13,Thursday,July,0,2010
5.5,1.0071484514519418,1,17,Thursday,June,0,2015
4.9,0.9508871746911297,5,7,Tuesday,June,0,2010
8.5,0.02972044168991403,3,21,Thursday,May,0,2015
17.7,7.153983627721942,1,18,Monday,May,0,2009
4.9,1.0519221700848977,1,22,Saturday,May,1,2012
6.9,2.413935986940015,2,22,Monday,January,0,2012
13.5,3.567062599815181,1,16,Thursday,January,0,2014
9.7,2.512343196901882,1,20,Tuesday,July,0,2009
18.5,7.859498896532307,1,9,Sunday,December,1,2014
4.1,0.8245704884007586,1,23,Tuesday,March,0,2010
11.0,3.891328532371224,1,12,Monday,January,0,2015
12.5,0.2576044950577756,2,22,Sunday,August,1,2014
4.5,0.4165263653761147,1,7,Thursday,February,0,2013
41.7,1.6445786802188167,1,11,Tuesday,July,0,2009
3.7,0.6882994347720708,6,8,Saturday,August,1,2012
10.1,1.6673329292695438,1,21,Saturday,December,1,2009
13.0,3.4060413810344965,1,13,Saturday,October,1,2014
4.5,0.5913089720404944,3,20,Monday,October,0,2011
7.7,2.479200958046606,1,14,Sunday,July,1,2009
30.0,12.694860246441774,1,1,Thursday,December,0,2012
4.5,1.4807623704337214,1,1,Monday,June,0,2015
8.5,1.8880776326296664,1,9,Friday,November,0,2012
8.5,3.151856182918515,1,19,Monday,November,0,2010
8.1,2.1619729178413363,1,20,Thursday,January,0,2011
10.1,4.5713088791982495,1,16,Saturday,August,1,2009
13.5,2.5224475894447456,1,9,Wednesday,April,0,2015
11.0,3.1268155202832086,1,1,Saturday,September,1,2014
5.7,1.6372082631551814,1,12,Tuesday,February,0,2009
7.3,2.0077845806258336,1,19,Thursday,August,0,2010
6.1,1.1702260897384213,2,9,Tuesday,March,0,2012
10.0,3.9493155588543485,1,0,Saturday,June,1,2013
12.9,3.213205809713203,1,9,Saturday,May,1,2010
7.0,1.4411139602982572,3,15,Saturday,August,1,2013
10.9,6.654894782356922,6,15,Saturday,June,1,2012
5.7,3.147640741744425,1,2,Friday,September,0,2010
52.0,20.55988526039598,1,13,Saturday,July,1,2014
60.6,9.663219270607005,1,21,Wednesday,December,0,2010
7.5,1.501553822300231,2,23,Thursday,October,0,2013
9.7,1.9582155292838137,1,13,Monday,August,0,2009
5.0,1.449112513415426,2,11,Sunday,March,1,2014
15.7,6.251867509607416,3,0,Saturday,June,1,2012
6.5,1.3365892161067994,1,21,Tuesday,January,0,2012
6.0,1.677929750728422,3,15,Tuesday,May,0,2014
11.7,3.9063843332382637,3,8,Friday,January,0,2011
14.5,1.9968231296514194,1,12,Saturday,July,1,2011
4.9,0.9721901516305641,2,22,Sunday,May,1,2011
11.0,2.3325605789071733,1,21,Tuesday,April,0,2015
4.9,0.5453340340463131,1,14,Friday,October,0,2011
7.3,1.743876980729429,1,12,Tuesday,January,0,2011
3.3,0.7096980859481395,2,12,Saturday,September,1,2009
30.5,9.727150688568322,6,0,Saturday,March,1,2014
16.0,4.17335850487678,1,14,Saturday,November,1,2013
22.1,12.346517558465212,1,22,Tuesday,September,0,2009
7.3,2.586787076765891,2,22,Friday,December,0,2011
5.5,0.9965081432852463,1,18,Monday,March,0,2013
26.5,9.775449327972472,1,21,Tuesday,September,0,2013
8.5,1.7047703987778118,1,1,Saturday,December,1,2012
4.1,0.930263863771406,5,12,Monday,June,0,2011
14.5,5.57201095941513,1,15,Saturday,June,1,2014
24.5,8.028743258327193,1,19,Thursday,January,0,2013
8.5,2.0311317086765253,1,4,Wednesday,January,0,2013
7.0,1.1406073108722794,1,20,Monday,September,0,2014
7.5,1.1617923584617034,2,10,Thursday,July,0,2014
11.0,3.123511896056734,1,3,Saturday,November,1,2014
5.3,1.3506639498636932,5,18,Saturday,July,1,2010
7.7,2.0633217892856988,1,15,Saturday,March,1,2009
6.9,2.2515975834995756,1,16,Thursday,September,0,2009
8.0,1.8876105895256206,1,8,Saturday,April,1,2013
8.5,4.2991379716580775,1,12,Tuesday,October,0,2009
4.1,0.9113600313638527,5,19,Friday,February,0,2009
9.7,1.6191238915420547,1,13,Sunday,September,1,2012
12.9,5.024408851254491,1,19,Thursday,November,0,2011
12.0,4.184723110952944,2,0,Saturday,April,1,2014
20.9,9.067027070574131,1,0,Sunday,July,1,2012
8.5,4.139117715131832,1,1,Sunday,December,1,2014
15.0,3.182578649918325,1,13,Wednesday,May,0,2013
6.9,1.330960379460864,1,13,Tuesday,January,0,2009
8.5,2.6077183369195,1,8,Wednesday,January,0,2010
4.9,0.6621892660116797,1,13,Tuesday,March,0,2011
7.5,1.0846629162058024,1,19,Wednesday,April,0,2014
8.5,0.7836073862506139,1,16,Wednesday,September,0,2013
5.5,0.797729075217569,1,2,Wednesday,October,0,2012
4.1,0.9237471253883088,2,21,Tuesday,January,0,2010
10.1,3.7363377124958115,5,22,Thursday,March,0,2012
10.1,2.9106376355080417,1,19,Thursday,November,0,2010
5.3,2.129572616085893,1,21,Tuesday,October,0,2010
23.7,5.747180293638824,1,17,Thursday,October,0,2009
21.0,7.868733594797904,5,17,Thursday,October,0,2012
7.5,1.4364281606647455,1,16,Monday,June,0,2014
10.0,2.1182527286701878,1,18,Tuesday,September,0,2012
34.33,11.223395612343602,1,6,Thursday,February,0,2015
11.7,3.018797955802723,1,16,Monday,December,0,2011
10.9,3.738109157909776,2,17,Friday,September,0,2009
7.0,1.333168267085771,4,19,Monday,December,0,2013
5.0,1.233732304328856,5,3,Monday,September,0,2012
17.0,5.865378450538005,1,18,Friday,November,0,2014
12.5,4.612556132600855,3,19,Thursday,August,0,2010
5.3,1.1439168241035502,5,13,Tuesday,March,0,2010
9.3,2.324703328543176,2,23,Saturday,July,1,2010
8.1,1.4845701074065716,2,18,Thursday,June,0,2012
43.47,10.070692450364389,1,17,Wednesday,October,0,2010
12.5,3.0549089526727995,1,7,Tuesday,September,0,2011
6.9,1.3956845534755782,1,7,Thursday,September,0,2010
8.0,1.2455473025450103,1,11,Friday,April,0,2015
7.0,1.3125818868680867,1,18,Saturday,December,1,2012
9.5,3.1699272037573754,2,23,Friday,December,0,2013
11.7,3.7910475986263403,2,11,Tuesday,October,0,2011
4.0,0.8875964399444424,1,19,Monday,April,0,2013
6.9,1.998374176072446,1,21,Tuesday,September,0,2009
9.0,2.537304058168158,1,21,Wednesday,May,0,2015
8.5,2.0654432388122546,1,10,Wednesday,May,0,2012
6.1,2.361904167157047,3,17,Wednesday,July,0,2011
6.5,1.3719062758272864,1,20,Wednesday,January,0,2013
11.7,1.4681583602306054,1,22,Tuesday,December,0,2010
8.9,3.962511261083126,1,5,Tuesday,February,0,2010
4.9,1.3131661905678005,1,21,Tuesday,November,0,2009
6.0,0.6140862124263136,2,20,Friday,January,0,2014
20.9,0.11329204530722475,1,0,Saturday,June,1,2010
4.5,0.47117302670791,2,10,Wednesday,December,0,2013
9.0,1.7470217695799557,3,18,Tuesday,March,0,2013
8.5,3.0063246810632624,5,7,Friday,May,0,2015
11.0,2.4059463909248824,2,21,Thursday,June,0,2013
4.5,1.2476255201784519,2,1,Friday,March,0,2010
10.9,4.206698073908738,5,14,Saturday,October,1,2010
7.5,1.5290300523365807,1,9,Friday,January,0,2013
8.9,3.8108120873412554,2,15,Wednesday,February,0,2012
20.5,9.289652139243197,1,2,Saturday,February,1,2012
17.3,4.9884969450697705,5,13,Wednesday,September,0,2011
7.3,2.27964673575129,1,6,Monday,November,0,2009
6.5,1.9201467269390116,1,18,Saturday,September,1,2009
6.1,1.534535197150748,1,12,Sunday,January,1,2011
11.7,5.315150671440101,2,21,Wednesday,January,0,2009
6.5,0.5982507859913023,1,17,Thursday,December,0,2010
9.0,2.4137395799138894,2,22,Tuesday,March,0,2014
10.0,3.027212551817073,1,20,Saturday,September,1,2014
12.9,4.125018388335185,1,12,Saturday,December,1,2009
4.5,1.4629269905975806,5,21,Tuesday,April,0,2012
8.5,2.9576766670918846,4,4,Saturday,November,1,2011
11.0,2.4442895226219123,1,19,Monday,June,0,2015
22.9,10.579948988907313,2,10,Saturday,June,1,2011
8.1,1.4440789589338106,1,12,Monday,December,0,2011
43.7,13.148408699154025,1,8,Tuesday,January,0,2011
8.5,3.7028367867311283,1,17,Saturday,March,1,2012
8.1,3.0465986075603255,2,10,Tuesday,August,0,2010
4.1,0.6276778477634734,1,14,Thursday,November,0,2011
19.5,5.285768486112363,1,9,Monday,February,0,2015
8.5,2.695514479840968,1,12,Tuesday,December,0,2012
9.5,2.4628277103673963,4,20,Thursday,October,0,2012
6.9,2.5640900035547984,1,6,Thursday,March,0,2011
4.9,0.7745653230250732,1,18,Sunday,July,1,2012
16.9,9.213003431984637,4,0,Friday,December,0,2010
6.9,0.6143485818347609,2,15,Thursday,July,0,2010
3.7,0.582888863015203,2,21,Wednesday,May,0,2009
3.7,0.9652039593237224,2,16,Tuesday,August,0,2011
4.0,0.8672204069093392,1,16,Saturday,February,1,2013
21.5,7.751746314277662,1,1,Wednesday,April,0,2014
6.5,0.8227329642400201,1,17,Friday,November,0,2013
14.6,5.5663365843370585,1,1,Friday,March,0,2009
5.7,1.7912222919148943,1,19,Monday,November,0,2010
5.7,1.7466754300617489,5,21,Friday,July,0,2010
22.5,10.872066768388752,1,8,Friday,March,0,2011
17.5,3.039718601673791,1,13,Tuesday,July,0,2013
4.5,0.793335926197785,1,7,Saturday,April,1,2014
8.5,2.8972685556719693,1,9,Tuesday,January,0,2009
6.5,1.4641307839521653,5,22,Saturday,January,1,2015
13.7,5.0454699243130054,1,15,Saturday,September,1,2009
6.5,1.5960751240794027,1,11,Wednesday,March,0,2011
31.5,14.946058692186934,6,13,Saturday,July,1,2013
8.5,0.998703489024636,1,1,Sunday,August,1,2014
22.0,6.38703426837365,1,11,Saturday,May,1,2013
5.7,1.1321725605932798,1,0,Tuesday,November,0,2010
5.0,0.9635297611191036,5,12,Thursday,April,0,2015
18.5,7.059357351957534,1,9,Friday,March,0,2013
6.1,1.7987038062486957,1,21,Monday,March,0,2012
13.7,3.025526452779012,1,23,Wednesday,August,0,2012
8.0,1.9594302381743172,1,18,Wednesday,January,0,2013
2.5,0.030318879426627348,2,15,Saturday,November,1,2013
5.3,1.2559057901564514,1,1,Saturday,June,1,2012
9.5,3.259318990554768,1,22,Tuesday,May,0,2014
18.5,7.024118834825957,1,5,Saturday,June,1,2015
10.0,1.9396306806827786,1,18,Thursday,March,0,2015
45.0,18.815094012867043,5,18,Tuesday,December,0,2010
18.5,6.357466115163191,2,9,Thursday,November,0,2009
5.0,0.897124829089205,1,12,Friday,March,0,2015
8.0,1.2390901654283335,1,20,Tuesday,October,0,2012
7.7,2.7179246059395457,3,21,Sunday,October,1,2011
4.5,0.6405474986334064,1,19,Thursday,June,0,2013
26.1,11.254148301798287,1,21,Friday,November,0,2009
4.9,1.0770253681089603,5,10,Tuesday,May,0,2011
12.0,2.4675958994592206,1,13,Tuesday,September,0,2014
10.0,1.682925800610539,6,9,Saturday,August,1,2014
9.3,3.4445150198282364,1,21,Thursday,January,0,2011
7.5,1.387145002765986,6,20,Saturday,June,1,2014
5.0,0.9659156339383763,1,7,Tuesday,April,0,2014
9.0,2.2207096687533405,1,7,Thursday,October,0,2013
6.5,2.3993866016059755,1,8,Friday,June,0,2011
4.9,1.551169612284501,1,22,Saturday,July,1,2010
8.1,2.323543978216209,1,19,Monday,March,0,2011
2.5,0.14910415838834348,1,14,Wednesday,June,0,2014
9.3,2.8614580270768597,1,17,Friday,June,0,2012
3.7,0.7765281708468681,5,2,Monday,March,0,2009
13.7,4.111966186592839,1,17,Saturday,April,1,2012
5.5,1.7486604890980812,1,8,Tuesday,December,0,2014
10.0,4.119282715557247,1,17,Thursday,March,0,2014
5.5,1.061366756077349,2,10,Monday,May,0,2013
4.9,1.2083217208721175,2,21,Sunday,November,1,2010
23.7,13.708366247914483,1,1,Saturday,January,1,2012
16.0,2.7124175441402487,2,14,Tuesday,October,0,2013
5.5,0.9855235077489426,6,7,Tuesday,February,0,2014
8.0,2.652714711249798,1,8,Saturday,February,1,2013
7.0,0.731255228637621,1,23,Tuesday,August,0,2014
6.1,1.675032027683916,2,23,Tuesday,April,0,2010
12.1,5.240722038581117,1,2,Friday,November,0,2009
7.0,0.3816773460873122,1,13,Wednesday,April,0,2014
10.9,2.7744976026378563,2,11,Friday,December,0,2010
5.7,1.491972708710607,1,20,Tuesday,September,0,2010
3.3,0.7061204079518817,1,17,Saturday,January,1,2010
14.0,3.9629874691423357,1,18,Thursday,February,0,2015
4.1,0.9794701855594605,1,7,Friday,May,0,2009
5.5,0.743023233072149,6,16,Friday,January,0,2015
5.3,1.5606258847082237,5,22,Friday,November,0,2009
17.3,5.867958391634681,1,12,Thursday,March,0,2009
10.5,1.7992945995374594,1,10,Tuesday,September,0,2014
8.5,3.771311115226292,1,7,Wednesday,September,0,2009
9.0,1.7018257545341846,1,16,Monday,April,0,2014
6.9,1.1278233040453645,1,21,Friday,August,0,2012
4.9,1.1431465342743985,2,7,Tuesday,May,0,2011
9.7,2.7794516569959744,5,11,Monday,May,0,2010
7.5,1.8066972689363645,1,14,Wednesday,April,0,2015
10.0,2.5229126491651384,2,0,Friday,December,0,2012
6.5,1.0753605051526878,1,10,Thursday,July,0,2013
32.5,10.89478014798722,1,20,Friday,February,0,2014
9.5,0.8986783791766503,1,5,Monday,November,0,2013
6.5,1.984366852153139,1,5,Monday,October,0,2014
5.4,0.8842121720647829,2,20,Sunday,March,1,2009
12.0,3.8122317445814224,1,9,Monday,June,0,2014
9.0,2.4396134664511253,1,9,Wednesday,March,0,2014
6.5,1.7032031861953498,1,16,Thursday,April,0,2014
5.3,0.841838157859831,1,19,Friday,April,0,2012
6.5,1.4145271003222004,1,8,Friday,November,0,2009
7.0,1.2722112397293917,1,13,Friday,January,0,2013
6.9,1.2646940733230922,1,14,Sunday,July,1,2010
6.0,1.4673636322265462,3,21,Saturday,August,1,2013
4.1,0.1955982405570622,2,21,Friday,August,0,2012
40.5,13.48391929360567,1,5,Friday,June,0,2013
5.0,0.6826160409262444,1,12,Monday,June,0,2013
4.1,1.0151807378248612,2,16,Saturday,November,1,2010
9.5,2.204358325846892,1,0,Saturday,October,1,2012
17.0,6.185535649750079,5,2,Sunday,March,1,2015
4.1,0.7249147947041127,1,9,Friday,April,0,2011
11.5,1.8963638736213237,3,13,Sunday,October,1,2013
10.1,4.247171597512053,2,22,Thursday,July,0,2010
12.5,2.7129904043322175,2,19,Sunday,April,1,2012
5.7,1.1048953705220155,5,12,Sunday,February,1,2011
9.3,2.8050825373798194,5,8,Friday,April,0,2012
11.5,3.5370800093115804,2,15,Sunday,May,1,2013
9.0,1.814414586349651,1,9,Friday,December,0,2014
7.5,1.9712810939516217,2,20,Monday,March,0,2014
28.0,9.952805893812586,1,0,Tuesday,April,0,2013
5.5,0.7978785097793317,1,18,Sunday,March,1,2014
10.5,2.654512571303612,1,9,Friday,March,0,2013
19.0,7.358080168127355,1,6,Thursday,March,0,2014
12.0,1.122877892207586,1,14,Friday,January,0,2014
14.5,4.233593520547022,1,9,Wednesday,May,0,2012
11.7,3.088733787218163,2,18,Friday,August,0,2012
8.1,2.5544212354582316,1,22,Wednesday,February,0,2012
7.7,3.060555958580889,1,17,Monday,October,0,2009
35.83,9.706678298223572,3,12,Sunday,April,1,2014
30.8,9.212052515070082,2,11,Monday,October,0,2012
6.5,0.8766246929266884,1,11,Sunday,December,1,2012
5.3,0.5644866256733101,1,19,Tuesday,September,0,2009
6.0,1.5055622650714855,1,11,Monday,April,0,2013
6.9,1.4189181799115231,1,15,Tuesday,November,0,2009
4.0,0.4403820647773428,2,8,Monday,December,0,2013
26.5,15.839750914069462,1,15,Thursday,May,0,2009
6.0,0.6571702312177925,1,23,Thursday,March,0,2013
5.7,0.7917648269345385,1,13,Friday,July,0,2011
2.5,0.06210067808468795,1,2,Saturday,October,1,2012
13.3,7.298270423999057,2,22,Wednesday,May,0,2011
10.1,4.012634966137861,1,21,Monday,December,0,2010
7.4,1.199966111821075,1,20,Tuesday,March,0,2009
7.7,1.8780112312373445,1,17,Wednesday,October,0,2009
14.0,1.941058366209151,1,11,Friday,March,0,2015
13.7,2.735153629853641,1,13,Wednesday,April,0,2012
8.5,2.2533962754543158,1,20,Monday,November,0,2010
7.3,2.639512450233899,1,17,Saturday,May,1,2012
4.5,0.5305731407611363,2,21,Monday,May,0,2010
5.7,1.9195025293334327,2,22,Tuesday,June,0,2011
7.0,1.4803072144919112,1,19,Monday,March,0,2015
12.1,3.3332561495113557,1,23,Saturday,May,1,2009
4.1,0.6388813011744875,2,12,Tuesday,March,0,2009
7.5,0.3866709984359459,1,21,Thursday,April,0,2013
8.5,2.6075604620432338,1,5,Wednesday,July,0,2011
5.5,0.8636024076180092,1,18,Thursday,June,0,2014
4.5,0.9161839010029563,2,4,Saturday,May,1,2010
11.0,3.666678316942866,1,20,Thursday,December,0,2013
9.7,2.87269653200474,1,13,Thursday,September,0,2011
3.7,0.8643276289097842,3,22,Saturday,June,1,2012
8.0,1.3231246765848825,4,14,Saturday,April,1,2013
7.3,1.903212509733068,1,16,Sunday,December,1,2010
5.8,0.8318814960038932,1,3,Tuesday,February,0,2009
6.9,1.271405567144184,2,20,Thursday,December,0,2009
10.0,2.5613114309575313,1,15,Monday,February,0,2014
7.5,2.219764173449286,1,22,Tuesday,October,0,2014
11.0,3.1009231826707904,5,23,Wednesday,May,0,2015
11.0,2.8011887632003614,1,23,Sunday,December,1,2014
4.5,1.2540298705130752,1,6,Friday,January,0,2013
9.5,2.856012045960496,1,22,Wednesday,October,0,2012
6.5,2.0079735837495836,1,20,Monday,November,0,2009
29.07,90.06146493837471,2,13,Sunday,August,1,2009
21.0,7.065360804978134,2,14,Sunday,May,1,2013
8.5,1.6416030858362793,1,21,Friday,September,0,2013
28.1,11.316360927104391,1,11,Sunday,December,1,2010
6.9,2.053628156133517,1,0,Sunday,November,1,2009
3.3,0.37361557409144625,1,7,Thursday,September,0,2009
16.5,3.043737539290082,1,19,Friday,August,0,2014
45.5,16.799481918027176,1,16,Tuesday,January,0,2015
4.9,1.9250397297148973,1,20,Monday,April,0,2010
8.0,2.1168446300590533,2,9,Sunday,November,1,2014
9.3,3.4206040670696565,1,0,Friday,July,0,2012
6.9,1.5332801313077513,1,19,Tuesday,August,0,2012
3.7,1.0989039300033765,1,2,Sunday,December,1,2010
35.33,9.707038128928035,1,19,Monday,November,0,2013
5.3,0.8793999841524861,1,8,Tuesday,February,0,2009
9.3,2.6497853604767223,5,17,Friday,January,0,2009
4.0,0.7665886290296411,1,18,Thursday,January,0,2015
3.7,0.1157795560140567,1,9,Saturday,August,1,2010
15.3,8.305434132522363,1,22,Monday,November,0,2009
12.1,1.7133432380410314,1,23,Saturday,September,1,2011
11.0,2.861552586800471,1,11,Wednesday,June,0,2015
7.5,2.6643794014055127,5,22,Monday,May,0,2014
4.5,1.3709220606507937,1,14,Monday,October,0,2009
24.9,8.699606174898072,1,0,Saturday,September,1,2011
11.5,2.289744116014243,1,20,Saturday,November,1,2012
4.0,0.4526232667416371,1,23,Saturday,March,1,2014
4.1,0.8099979107895293,1,19,Tuesday,December,0,2009
21.5,5.821633116939155,1,14,Monday,August,0,2013
20.0,3.3039874023915945,1,15,Sunday,April,1,2014
6.5,1.520769852870114,1,15,Saturday,September,1,2013
6.5,0.999374411411428,1,17,Tuesday,July,0,2010
4.5,1.0058596713959858,4,10,Wednesday,January,0,2014
9.5,2.578534733917184,1,1,Monday,May,0,2014
3.7,0.5357470509021881,2,12,Friday,April,0,2010
8.5,1.577988239871356,1,18,Thursday,March,0,2014
4.9,1.4741301604006003,6,16,Monday,August,0,2010
4.1,0.7751381055925363,1,20,Friday,April,0,2011
4.9,1.30863925846717,1,16,Sunday,March,1,2012
57.33,21.042755486857384,1,13,Sunday,October,1,2013
7.3,1.8888508594044249,1,1,Friday,December,0,2011
16.0,5.451749178650911,1,19,Monday,October,0,2012
14.5,3.048342616825884,1,14,Thursday,July,0,2012
5.5,1.0238369248320889,1,6,Thursday,May,0,2014
12.5,5.725055772512099,1,14,Saturday,March,1,2012
12.5,5.837238793277174,3,18,Saturday,January,1,2009
8.1,2.4245208375829694,1,20,Thursday,November,0,2009
6.0,0.7168925347321435,2,5,Sunday,December,1,2013
10.5,4.353937126484213,1,2,Saturday,May,1,2009
8.5,1.8173084338323577,1,18,Monday,September,0,2014
12.0,3.3589510612177618,1,17,Thursday,December,0,2012
24.0,5.695805997602306,1,14,Wednesday,April,0,2014
7.7,1.1754422789189976,1,11,Friday,October,0,2009
6.1,1.1254106656342469,5,10,Tuesday,September,0,2011
4.0,0.807456441608439,1,23,Saturday,October,1,2013
4.5,0.8400430779997566,1,17,Friday,September,0,2013
6.5,0.8959497054015746,1,17,Monday,July,0,2009
7.7,1.4224048411928534,1,8,Thursday,April,0,2009
8.1,2.241901430022656,1,16,Monday,July,0,2009
4.5,0.8102314558652429,1,9,Wednesday,June,0,2010
6.5,1.9441245569087815,1,20,Monday,February,0,2010
15.3,6.457415336326795,1,22,Monday,September,0,2012
3.5,0.707837160046356,4,14,Saturday,August,1,2014
7.5,0.6766583974290301,1,17,Thursday,November,0,2013
10.5,5.45839248523688,1,22,Friday,August,0,2009
12.9,1.7707435007889112,1,13,Thursday,May,0,2012
10.9,1.9993162518540866,1,17,Wednesday,September,0,2009
6.1,1.4608023320524848,1,23,Wednesday,July,0,2010
12.1,6.0083362489712835,1,18,Sunday,April,1,2012
7.3,2.069179952556344,1,22,Saturday,March,1,2009
9.3,2.570310581463823,1,8,Wednesday,March,0,2010
3.7,1.0513489352395993,3,21,Friday,May,0,2010
9.7,3.6022823791694014,1,21,Monday,March,0,2011
10.9,2.9064627277547923,2,22,Monday,March,0,2012
13.5,5.146680197306565,1,16,Saturday,December,1,2012
6.5,1.7099618574483335,2,14,Saturday,November,1,2012
9.0,1.95565476932297,1,18,Thursday,January,0,2015
8.0,3.0945741535172555,1,21,Tuesday,August,0,2013
42.83,11.389584498652242,1,14,Monday,March,0,2015
7.3,1.2596713243457442,1,12,Friday,March,0,2012
19.0,6.001352532154728,1,6,Thursday,April,0,2013
5.7,1.0992660507726761,1,9,Wednesday,March,0,2010
6.0,1.3352662348840094,1,15,Sunday,June,1,2014
19.5,4.146618213146783,1,13,Monday,April,0,2014
9.1,1.7389063586737703,1,16,Friday,January,0,2009
29.450000000000006,9.647958129349758,1,11,Sunday,June,1,2009
12.0,3.2874842364358643,6,18,Sunday,February,1,2013
6.9,1.22414347379254,1,14,Thursday,February,0,2010
8.1,2.9060970785655487,5,19,Monday,June,0,2009
6.5,1.1524335729252457,5,3,Saturday,March,1,2011
6.5,1.9926489452493887,1,22,Monday,December,0,2014
8.5,4.308286597701055,1,19,Thursday,June,0,2009
5.7,0.9708702807426339,2,13,Friday,December,0,2010
5.5,1.5739669759184993,3,7,Saturday,March,1,2015
16.0,3.4786070623370047,1,12,Friday,February,0,2013
5.3,1.047268815862315,2,20,Sunday,September,1,2010
4.1,0.8522793315948193,1,11,Saturday,February,1,2010
5.7,1.351624743743681,1,11,Saturday,May,1,2009
4.9,1.3017121958158049,5,7,Saturday,April,1,2012
4.5,1.390511873470285,1,14,Tuesday,January,0,2011
7.7,3.079106681550659,1,9,Tuesday,December,0,2009
6.5,0.9203063543825523,1,23,Friday,May,0,2015
8.9,2.889117312428186,1,7,Thursday,January,0,2012
4.5,0.6826088357752752,1,9,Tuesday,January,0,2010
7.3,2.285691698251207,1,9,Thursday,January,0,2010
7.7,1.2592329990323587,1,16,Saturday,August,1,2009
6.1,0.7732497429090986,4,22,Wednesday,July,0,2009
19.5,7.177626838865346,1,7,Saturday,March,1,2014
8.0,0.9753411023226394,1,11,Monday,May,0,2014
5.5,1.2746223510760106,2,11,Saturday,October,1,2013
7.7,3.332904125612946,1,18,Tuesday,September,0,2009
6.9,0.7270276026278658,5,17,Friday,May,0,2009
5.0,0.8572643027643164,1,14,Saturday,December,1,2012
4.1,0.6007846263690008,1,9,Thursday,April,0,2012
4.9,0.2632521066248254,2,11,Tuesday,December,0,2011
4.5,1.1380828665720968,1,8,Saturday,February,1,2012
5.3,1.1377707414805516,1,15,Friday,December,0,2009
4.1,0.6212140316253141,1,13,Friday,February,0,2010
4.0,0.48435823705642117,1,14,Sunday,October,1,2012
6.0,0.8772421323278563,1,13,Tuesday,January,0,2015
11.7,4.320293251802564,1,7,Thursday,May,0,2012
7.5,1.8820705059983405,1,18,Friday,August,0,2013
31.5,9.588247494224918,2,9,Saturday,January,1,2013
10.0,1.7273048118282937,6,15,Tuesday,March,0,2014
57.33,20.678942555786236,2,20,Monday,July,0,2014
13.7,5.870741372184956,1,12,Friday,March,0,2011
12.1,5.5225134430085845,1,12,Sunday,May,1,2011
6.5,1.6357237685618746,1,18,Friday,February,0,2014
22.0,6.620217222686722,1,23,Friday,March,0,2015
5.5,0.7179225041876168,1,13,Thursday,May,0,2013
17.5,5.645776378788415,1,21,Friday,November,0,2014
30.3,10.80581805383317,1,0,Thursday,December,0,2012
8.9,1.9115860736413741,1,12,Tuesday,April,0,2011
19.3,10.426898600093441,1,20,Tuesday,December,0,2011
9.3,2.6359446714719748,1,0,Friday,October,0,2009
12.5,3.987362699174741,1,18,Monday,April,0,2013
9.7,3.7774174566214995,2,21,Wednesday,January,0,2010
8.9,3.5918502919903914,5,23,Monday,October,0,2011
6.5,1.6065033233410642,2,18,Thursday,May,0,2010
10.0,0.6103315174430951,3,11,Wednesday,April,0,2014
10.5,2.880244672408576,1,12,Monday,January,0,2015
4.9,0.5563382238137473,1,8,Tuesday,October,0,2011
13.0,4.166996978233967,2,22,Wednesday,December,0,2013
29.7,11.993908113804608,3,22,Monday,October,0,2011
10.5,2.255716765161423,1,10,Tuesday,September,0,2009
9.3,2.3537211600547243,1,18,Tuesday,May,0,2009
12.5,1.2362870219002187,5,17,Thursday,April,0,2014
7.0,1.6050317352998436,2,17,Monday,February,0,2014
6.9,2.944210972411788,3,22,Monday,June,0,2010
7.0,1.943335375734388,4,10,Tuesday,May,0,2014
5.7,2.306774295115303,1,7,Wednesday,September,0,2009
15.0,3.9727278749812704,1,0,Saturday,November,1,2014
9.0,1.0203682704602466,1,23,Saturday,September,1,2014
10.5,2.0070778972229593,5,19,Friday,May,0,2012
4.5,0.6742371901403665,2,20,Friday,August,0,2012
6.5,2.263575736518069,3,20,Tuesday,April,0,2010
6.1,2.8179583320458113,1,19,Monday,October,0,2011
4.1,1.213835011445128,1,14,Sunday,November,1,2011
23.3,8.773198914929285,1,13,Sunday,March,1,2012
8.1,2.6523362749735426,1,20,Tuesday,December,0,2009
6.5,0.6813844460356661,2,21,Friday,May,0,2014
7.3,1.294079014169699,1,10,Friday,November,0,2009
5.0,0.9939447552638935,1,17,Wednesday,March,0,2013
4.9,1.360956208414492,1,2,Friday,July,0,2012
9.1,2.615340888105978,1,18,Wednesday,February,0,2009
13.0,2.158576962260564,1,11,Thursday,November,0,2012
9.3,3.44693350243658,1,22,Thursday,May,0,2012
6.5,0.9446291466408874,2,11,Monday,December,0,2011
9.3,3.5000205638859736,1,22,Saturday,November,1,2010
11.3,4.8019272125184855,2,10,Wednesday,July,0,2010
6.1,1.5816110222780018,1,1,Sunday,June,1,2010
6.5,1.4279598972540004,1,8,Monday,February,0,2012
26.0,8.54816258021573,6,20,Tuesday,March,0,2013
18.5,4.657944894215675,1,14,Tuesday,February,0,2014
17.5,4.900966857770785,1,19,Friday,January,0,2014
12.1,2.4672267200982945,1,17,Thursday,December,0,2009
13.7,6.4631817771799005,1,22,Tuesday,November,0,2011
15.0,6.45192460868381,1,18,Monday,February,0,2014
4.9,1.159727691523206,2,16,Saturday,November,1,2009
16.5,6.558235826115997,2,16,Saturday,July,1,2014
57.33,20.22092411932638,1,13,Friday,February,0,2014
20.0,8.079186580537144,1,22,Wednesday,April,0,2015
12.0,5.598862903671337,1,20,Saturday,April,1,2014
40.83,10.909000170622505,1,8,Friday,July,0,2013
11.7,3.1591216877383563,1,23,Saturday,May,1,2009
7.3,1.0618451112355969,1,9,Friday,December,0,2009
12.5,2.489299912629645,1,18,Tuesday,April,0,2014
7.5,1.2406044558860745,1,8,Tuesday,December,0,2013
6.9,1.2811494386801372,5,19,Friday,May,0,2009
7.7,2.6882891821119617,1,18,Wednesday,October,0,2011
18.5,1.6873988285973582,1,12,Tuesday,September,0,2009
6.5,2.0386382359081336,1,14,Tuesday,March,0,2010
5.7,1.6982789888974557,1,9,Sunday,May,1,2010
28.5,9.061487947001108,5,20,Wednesday,February,0,2015
9.0,2.1131618990004193,1,10,Thursday,October,0,2012
6.9,2.1938544354088934,2,22,Saturday,May,1,2009
7.0,1.4404586041439962,2,21,Friday,January,0,2015
10.5,5.73738816245629,1,19,Tuesday,October,0,2009
6.5,1.3027458703181365,1,22,Friday,May,0,2014
26.5,5.804880125089374,2,21,Friday,May,0,2012
7.7,1.0738976333072092,1,18,Wednesday,August,0,2012
7.7,1.4089216789619357,1,10,Saturday,September,1,2011
8.5,1.663945463260848,6,20,Friday,November,0,2012
4.1,0.589239463879315,3,18,Sunday,September,1,2009
14.5,3.5498405427816944,1,10,Thursday,November,0,2012
8.3,2.266680225963478,1,18,Wednesday,March,0,2009
5.0,1.5279591970836675,2,21,Tuesday,December,0,2012
4.9,0.6738264517446713,1,11,Wednesday,September,0,2009
9.0,1.8953485492778543,1,13,Monday,March,0,2014
11.7,4.597027930664971,1,13,Thursday,August,0,2010
15.7,4.8566102331971175,2,19,Saturday,January,1,2012
15.7,8.850836931881005,1,22,Monday,March,0,2011
10.9,3.973058432505919,3,19,Thursday,September,0,2011
5.0,0.6099812930144994,1,9,Tuesday,February,0,2015
5.7,1.449786579234913,1,13,Saturday,May,1,2010
9.0,2.011722913802454,1,18,Sunday,November,1,2012
3.7,0.8675271603731494,1,3,Sunday,May,1,2012
4.5,1.1696091067884113,1,17,Friday,May,0,2015
19.0,5.305165258859461,1,15,Sunday,January,1,2015
6.5,1.3878934960886342,1,16,Monday,February,0,2015
9.0,2.2503149149345085,1,16,Friday,December,0,2014
4.5,0.5005488824610053,1,9,Thursday,May,0,2012
7.7,2.3372099048841406,1,7,Wednesday,May,0,2012
10.5,3.7731824809757124,1,15,Thursday,November,0,2011
8.5,1.7972768523749925,1,19,Sunday,October,1,2014
6.0,1.0285269766394503,1,18,Friday,August,0,2013
42.9,17.179911229004976,1,6,Tuesday,November,0,2011
9.5,2.914033898611097,1,23,Thursday,June,0,2014
12.0,2.899994912340206,5,3,Sunday,January,1,2013
6.5,1.6344819968893731,1,19,Thursday,December,0,2014
5.0,0.9217759290613821,1,21,Tuesday,December,0,2013
14.5,7.589251388640927,1,6,Wednesday,April,0,2010
6.5,1.9186993429189108,1,0,Sunday,October,1,2013
9.0,1.5364629389037114,4,15,Tuesday,July,0,2014
24.0,6.83044260649713,1,19,Friday,September,0,2013
9.0,2.3933770502566976,1,22,Monday,April,0,2014
8.5,1.840295155601788,6,11,Saturday,May,1,2012
44.5,13.481345988843875,6,8,Saturday,March,1,2015
14.9,5.894487615341795,1,0,Saturday,May,1,2010
10.1,0.8185121490065845,1,14,Friday,September,0,2010
6.9,1.185142355794751,1,11,Wednesday,February,0,2012
8.0,1.923113053309174,1,7,Sunday,August,1,2013
9.0,1.4813741993573566,1,9,Wednesday,August,0,2013
10.9,2.258870907746443,4,13,Tuesday,June,0,2009
7.3,1.474660144131528,1,2,Sunday,February,1,2012
16.0,2.879320105210605,1,10,Tuesday,September,0,2012
6.5,1.3321135404823812,1,18,Saturday,May,1,2011
4.5,0.9908196186971603,2,7,Monday,June,0,2010
14.0,2.3761757490910353,2,13,Wednesday,May,0,2014
9.0,1.1265973099960438,1,14,Saturday,March,1,2014
3.7,1.2343138919869026,1,22,Sunday,January,1,2009
6.9,1.9835712766031108,1,21,Tuesday,August,0,2012
20.5,4.51565833895361,1,13,Thursday,November,0,2012
5.3,1.2589156715682701,3,7,Thursday,February,0,2010
5.3,1.7693801241417797,1,9,Wednesday,October,0,2010
10.1,1.23714898841626,1,8,Friday,September,0,2009
23.3,10.202347957945518,3,8,Sunday,July,1,2011
6.1,1.5667854593742698,1,1,Sunday,June,1,2012
5.7,0.8856642343454708,1,1,Friday,June,0,2012
19.5,6.751372670833072,1,0,Saturday,February,1,2013
9.0,1.835810676140621,1,17,Thursday,November,0,2012
8.5,1.7332980716881847,1,1,Sunday,October,1,2010
4.5,1.3048723729220901,1,7,Thursday,March,0,2010
6.0,1.841998745359864,4,14,Saturday,November,1,2014
4.1,0.6668353841595446,1,14,Wednesday,May,0,2011
3.7,0.6381814595364386,1,11,Thursday,February,0,2011
4.5,0.8266168943421762,1,7,Sunday,March,1,2009
4.5,0.6526017140826061,1,10,Monday,October,0,2011
5.7,1.0796737641092338,5,19,Thursday,November,0,2010
9.7,1.4576453392830329,1,16,Friday,April,0,2010
4.0,0.9914097049144052,3,19,Thursday,September,0,2012
5.5,1.061787893395219,2,23,Tuesday,January,0,2013
11.0,3.5019185997067623,2,9,Friday,January,0,2013
5.3,0.8592414262093995,1,14,Wednesday,April,0,2012
7.3,1.2233955601563111,1,12,Friday,December,0,2010
4.9,0.8473668278562271,1,8,Monday,April,0,2010
5.9,0.8629980846892832,1,19,Wednesday,January,0,2009
5.3,1.3329475567550884,1,7,Wednesday,July,0,2009
11.7,3.0069298896614147,1,19,Friday,June,0,2012
5.3,1.400139675282214,2,18,Saturday,November,1,2009
7.5,1.8847498312045066,1,6,Thursday,March,0,2014
12.5,2.22376254176388,2,13,Friday,April,0,2015
5.5,1.2843459424718096,1,20,Tuesday,December,0,2013
17.7,5.314924027242594,5,23,Friday,March,0,2012
8.9,2.3016625162586903,2,2,Sunday,May,1,2012
9.5,2.7999826319754146,1,9,Wednesday,December,0,2012
4.5,1.3864402077045772,1,8,Wednesday,August,0,2011
8.5,2.196351505625929,1,22,Thursday,May,0,2015
50.33,17.32074196260299,1,10,Thursday,March,0,2013
16.0,5.758015467483803,1,6,Thursday,February,0,2013
15.5,4.782218566472275,1,21,Wednesday,July,0,2013
7.3,1.982293665562876,5,19,Monday,May,0,2012
9.0,2.366551304200478,2,0,Tuesday,August,0,2013
9.0,3.0841458593378905,1,15,Wednesday,July,0,2014
8.1,2.7898341352469442,1,2,Friday,March,0,2010
23.5,7.376985122289492,1,13,Friday,January,0,2013
15.0,3.522025924934633,3,4,Monday,November,0,2013
9.7,3.6158771264809686,1,11,Saturday,August,1,2011
8.0,2.9674606803783337,1,19,Sunday,October,1,2013
6.5,2.2634464318045353,1,13,Thursday,January,0,2011
8.0,1.8536767701091723,1,9,Monday,May,0,2013
20.5,5.924229610374367,1,21,Thursday,September,0,2012
23.5,8.43030641878478,1,9,Friday,March,0,2015
3.7,0.3272963858716485,3,14,Saturday,February,1,2010
5.7,1.8678077160168574,1,22,Tuesday,August,0,2011
13.0,2.4030139314765586,1,8,Tuesday,January,0,2015
11.7,3.3544711520726245,5,21,Saturday,April,1,2010
6.0,1.803003732361395,1,3,Thursday,October,0,2013
8.1,3.803999295022673,1,6,Wednesday,April,0,2009
6.0,1.0967425306674816,1,15,Saturday,November,1,2012
7.0,1.9770175144508797,1,14,Sunday,November,1,2012
7.3,1.1729328464491195,1,19,Thursday,September,0,2010
4.5,1.2339166591040391,5,12,Monday,September,0,2009
4.5,1.1951138988364127,5,0,Monday,November,0,2011
10.1,1.1822730984368008,5,17,Tuesday,January,0,2010
23.3,7.593855535864328,1,1,Monday,February,0,2012
3.0,0.13543895978589432,1,5,Wednesday,October,0,2012
7.7,1.9395106558404096,1,18,Thursday,March,0,2011
13.3,4.824620341917668,4,14,Thursday,May,0,2011
14.9,6.1623850136342995,1,14,Tuesday,July,0,2012
10.5,3.52655501098387,1,2,Sunday,November,1,2012
5.0,1.1586746439030617,2,12,Sunday,April,1,2015
5.3,0.8778416738820503,2,16,Sunday,February,1,2009
5.0,1.0898790605953674,1,6,Saturday,August,1,2013
10.1,2.417759285165967,1,8,Monday,November,0,2010
20.0,5.292069545271729,4,11,Saturday,May,1,2014
19.87,8.0017225508892,1,1,Saturday,October,1,2010
7.5,1.1940660119003281,1,21,Saturday,October,1,2012
10.1,3.1915395654378886,2,8,Wednesday,February,0,2010
13.3,2.952793286191568,1,22,Saturday,November,1,2009
17.3,7.030423856447857,2,22,Tuesday,November,0,2010
25.3,8.972425071382474,1,4,Monday,June,0,2011
8.5,3.659701102584152,1,7,Thursday,July,0,2010
17.0,4.3942588824945785,5,11,Monday,June,0,2013
6.1,0.312954836433254,1,9,Tuesday,February,0,2009
46.84,20.998530074279618,1,1,Friday,January,0,2010
7.5,0.998432677297703,1,6,Monday,May,0,2013
9.3,2.9380214976982835,1,22,Saturday,September,1,2010
11.5,2.817154862331685,1,15,Friday,January,0,2014
19.0,4.419878437645478,5,15,Tuesday,March,0,2013
8.5,3.4477773820096806,2,21,Friday,November,0,2009
5.3,1.0870018848687322,3,20,Thursday,May,0,2009
22.5,8.895097194450326,1,1,Sunday,September,1,2010
9.3,2.421118893179925,1,12,Tuesday,July,0,2009
3.3,0.07971481802504005,1,20,Friday,April,0,2011
17.0,4.7527577896450826,1,23,Friday,August,0,2013
6.5,2.217377948819527,1,6,Monday,February,0,2011
52.0,8.424911866184299e-05,1,3,Saturday,January,1,2014
21.7,7.741822676189514,1,14,Tuesday,October,0,2009
57.33,20.697626128364522,1,16,Monday,May,0,2013
7.0,1.9305415015732825,1,15,Wednesday,July,0,2013
4.1,0.5840177854222143,1,8,Tuesday,April,0,2012
4.1,0.9011856544802472,5,13,Thursday,May,0,2011
6.5,1.9756406577924017,3,12,Saturday,February,1,2011
8.5,1.8905851416756223,1,14,Friday,September,0,2013
7.0,1.3120990684521086,1,8,Friday,November,0,2012
4.1,0.6795293552536229,1,17,Sunday,February,1,2012
36.5,16.761957654889105,5,21,Saturday,December,1,2013
6.0,2.030554183749053,1,20,Wednesday,December,0,2013
6.9,1.2486421869679076,1,16,Tuesday,November,0,2011
8.5,3.531920190698826,5,19,Thursday,December,0,2011
5.7,2.057255780659499,1,19,Saturday,November,1,2011
10.9,3.771894563220643,1,12,Sunday,January,1,2009
5.0,0.8247377094976873,1,17,Saturday,May,1,2015
4.0,0.469190668695412,2,18,Tuesday,August,0,2014
8.1,1.9803393839535566,1,13,Sunday,May,1,2010
4.0,0.5886410016225928,1,20,Thursday,June,0,2013
8.9,1.5659476416197655,1,12,Friday,July,0,2012
9.0,2.1011744517764406,1,11,Thursday,February,0,2015
22.5,6.674370826492028,1,22,Wednesday,October,0,2014
5.0,0.788352021870209,1,21,Thursday,December,0,2012
6.1,1.593139741504907,5,13,Thursday,September,0,2011
5.0,1.0254072986277167,5,19,Thursday,December,0,2012
4.1,0.6204022066496478,1,11,Sunday,July,1,2009
4.9,0.8487737872965712,1,10,Wednesday,June,0,2009
10.0,2.190391063247404,1,2,Monday,May,0,2013
5.5,1.7131938278056018,1,22,Monday,August,0,2013
8.5,1.5409879846625836,1,11,Friday,January,0,2010
3.3,0.7045646809892722,1,0,Wednesday,March,0,2010
12.9,6.075847540804802,1,21,Saturday,February,1,2009
12.5,4.036926608805415,2,23,Tuesday,September,0,2014
8.9,2.5907520031581357,1,19,Tuesday,March,0,2011
8.5,2.020484456876105,1,18,Wednesday,March,0,2013
18.5,4.896241313013359,2,6,Thursday,February,0,2013
12.0,3.8042873552001613,1,22,Saturday,May,1,2013
52.0,19.360851825593397,2,20,Thursday,November,0,2012
10.9,4.2558397539809905,1,19,Friday,June,0,2012
5.7,1.486052152384338,1,17,Friday,February,0,2012
7.7,1.7249088424874572,1,19,Tuesday,November,0,2011
4.1,0.9249541317901224,1,13,Tuesday,November,0,2011
5.3,1.5579223534423925,1,20,Sunday,June,1,2012
5.5,0.8880141557590691,1,12,Wednesday,November,0,2014
6.5,0.5595613080167974,1,20,Monday,March,0,2010
6.9,2.011544906002124,1,9,Sunday,August,1,2010
6.5,1.468925760863806,1,16,Monday,November,0,2013
3.7,1.0473022612034342,1,22,Sunday,August,1,2010
17.0,3.170166097074667,1,8,Thursday,March,0,2014
4.9,0.5935118631711532,1,19,Thursday,August,0,2010
3.7,0.929423966887208,1,14,Saturday,November,1,2011
8.9,1.2422072308536105,2,17,Friday,May,0,2009
80.25,17.536460879186983,1,6,Friday,February,0,2013
11.7,6.1697411600246985,1,23,Tuesday,June,0,2009
10.9,0.810293387013615,2,12,Wednesday,May,0,2011
2.5,0.009034116492620065,6,23,Monday,October,0,2012
5.7,1.8158095091002544,1,10,Saturday,January,1,2009
5.0,2.4084206059757403,1,12,Sunday,March,1,2013
4.9,1.0434559305491606,1,18,Tuesday,April,0,2011
5.3,1.2490565585884084,1,20,Tuesday,January,0,2012
4.9,1.7683393387679842,1,20,Monday,August,0,2012
16.5,5.071006585602311,1,15,Saturday,October,1,2012
5.3,0.9641705735487195,2,15,Sunday,June,1,2012
13.0,6.0754548604501775,1,0,Tuesday,November,0,2013
7.3,2.850024382057373,2,6,Tuesday,August,0,2009
21.7,8.712085001645962,1,22,Wednesday,March,0,2011
6.1,2.2886625064895676,1,6,Wednesday,September,0,2009
20.9,9.014961802838512,1,10,Tuesday,December,0,2011
3.7,0.8619244624652024,5,8,Friday,December,0,2009
8.1,2.001607747624175,1,12,Friday,April,0,2012
4.5,0.49659152826541353,1,15,Tuesday,December,0,2009
9.0,1.460305169061979,4,14,Tuesday,October,0,2012
5.7,1.8340199116917675,1,19,Saturday,April,1,2011
5.3,0.8604855424685058,5,11,Friday,November,0,2011
5.0,1.241682024480461,1,14,Wednesday,November,0,2013
7.0,2.431925405879954,1,7,Tuesday,September,0,2012
8.5,1.8760683827858182,5,13,Thursday,October,0,2011
9.3,3.1850387389130637,1,18,Sunday,June,1,2011
5.3,1.3494781733830925,5,7,Friday,October,0,2011
10.5,4.318895831032518,1,7,Thursday,January,0,2009
5.0,0.698408524730517,6,21,Friday,May,0,2014
8.1,2.6003591234418777,3,4,Friday,December,0,2010
5.7,1.2666067934524756,1,20,Wednesday,August,0,2012
22.5,6.5638505729396925,1,20,Saturday,September,1,2014
4.9,1.0377883914152777,1,17,Monday,February,0,2010
8.0,1.921582009335816,1,8,Tuesday,September,0,2013
12.0,2.771297193734247,1,17,Tuesday,June,0,2015
23.3,13.19454346887898,2,23,Thursday,October,0,2010
7.0,0.8765834155914358,1,22,Saturday,April,1,2015
6.0,1.4440651758515313,1,15,Wednesday,September,0,2012
4.5,0.6065869787831598,1,17,Monday,January,0,2015
4.9,1.0243026589312216,1,7,Friday,November,0,2010
8.5,2.688658992002144,1,17,Saturday,March,1,2011
4.1,0.661785808613219,1,6,Wednesday,May,0,2011
8.9,2.7172745380632017,1,10,Thursday,December,0,2011
4.9,1.198694897159682,1,10,Sunday,October,1,2011
7.7,0.5268675665662129,5,9,Monday,September,0,2011
13.0,3.4102912216003065,3,13,Wednesday,July,0,2014
6.1,2.0697829186215646,1,19,Monday,September,0,2011
12.0,4.691460942524832,1,7,Friday,May,0,2013
9.7,2.4351996823218216,5,14,Thursday,April,0,2012
45.0,20.2448866013593,1,6,Wednesday,February,0,2009
6.5,2.651786860959823,1,18,Sunday,September,1,2010
10.0,0.6668168909089045,6,10,Tuesday,September,0,2013
7.5,0.9528442519983467,1,23,Friday,November,0,2014
8.5,1.5578103195795798,1,10,Thursday,March,0,2014
5.0,0.44422470395385016,6,22,Saturday,February,1,2014
5.0,0.8175773532752075,2,23,Friday,October,0,2012
6.5,1.7849528913321813,3,2,Sunday,May,1,2013
10.5,2.647837765913736,1,19,Sunday,August,1,2009
17.0,5.845250853410223,2,3,Saturday,December,1,2013
25.07,9.22111778203564,1,11,Wednesday,December,0,2010
10.9,3.9926631387933535,1,0,Sunday,July,1,2009
10.9,4.6222324137209005,1,0,Wednesday,August,0,2009
6.0,1.6407418413270447,1,19,Wednesday,July,0,2014
5.7,1.353607902072606,1,11,Sunday,January,1,2009
10.1,3.6073830188892257,1,15,Friday,July,0,2012
8.1,2.843849269033978,1,23,Friday,February,0,2009
15.0,4.1875264187529915,1,4,Sunday,November,1,2014
10.9,2.7058622273092308,1,7,Wednesday,August,0,2012
6.9,1.6715135991082906,1,20,Friday,January,0,2012
6.9,2.061006728187264,1,20,Tuesday,March,0,2009
17.0,5.504718460434247,2,22,Sunday,March,1,2009
8.9,1.619958646759498,1,10,Friday,August,0,2009
5.5,1.0821649049514463,1,9,Wednesday,November,0,2014
9.0,2.2747762040523964,2,19,Monday,March,0,2015
10.0,3.2635935420466096,1,17,Friday,October,0,2014
8.0,1.7440527305005908,1,14,Monday,January,0,2014
7.3,2.776080394632985,1,23,Friday,May,0,2010
9.3,1.6655419212182898,1,9,Monday,May,0,2009
10.9,4.517444779186249,1,15,Friday,October,0,2011
16.0,4.32835572293784,3,12,Wednesday,September,0,2013
18.5,4.995505032337838,1,10,Tuesday,September,0,2012
34.27,14.638796440423553,2,20,Tuesday,June,0,2010
6.9,2.2127313076916457,1,16,Sunday,January,1,2009
16.0,1.9958538928083829,1,20,Tuesday,March,0,2014
16.5,6.582965627030562,6,6,Tuesday,January,0,2013
3.7,1.1631656381520752,1,13,Thursday,January,0,2010
17.0,6.07164198864977,1,19,Friday,January,0,2015
6.0,1.1441713337073287,1,10,Sunday,November,1,2014
19.0,5.296621474006159,2,19,Sunday,January,1,2014
10.0,1.664949656032281,2,15,Saturday,November,1,2013
4.5,0.3480374195604887,2,22,Tuesday,June,0,2015
4.1,0.8211455053212777,1,2,Tuesday,February,0,2010
5.5,0.6741273398065565,1,12,Monday,April,0,2015
9.5,3.671521315209012,1,20,Sunday,January,1,2015
18.0,3.5766445616227984,1,17,Tuesday,November,0,2012
7.3,1.8521983532889237,1,19,Saturday,January,1,2009
8.5,3.119112838558734,2,20,Thursday,April,0,2009
12.5,5.036150110733687,1,22,Wednesday,August,0,2014
10.5,2.276038804531942,1,11,Saturday,February,1,2009
15.3,7.758203945894487,1,0,Tuesday,July,0,2009
22.0,8.394353000494975,1,9,Friday,September,0,2014
12.9,4.23900458502134,1,13,Wednesday,March,0,2009
16.5,2.312579267182597,4,10,Wednesday,October,0,2013
6.9,3.525030333496191,1,23,Wednesday,August,0,2012
9.7,3.470381566851683,1,3,Wednesday,August,0,2011
10.1,4.952848409210247,1,19,Sunday,January,1,2012
5.3,0.8366907382297349,1,11,Thursday,June,0,2011
14.5,4.368882391340951,1,21,Wednesday,January,0,2013
15.7,4.159488304802322,1,14,Tuesday,May,0,2009
6.1,1.8626899531012673,3,8,Thursday,February,0,2011
9.7,2.788520581102267,1,15,Monday,September,0,2011
9.7,1.3021541932788336,1,12,Wednesday,October,0,2011
8.9,1.4871687321957563,1,13,Sunday,January,1,2011
10.5,2.3865969331484123,1,8,Tuesday,August,0,2010
8.5,1.6663708792736476,2,20,Thursday,April,0,2015
16.0,4.98594767354891,1,23,Saturday,November,1,2012
9.3,2.4875319875616575,2,14,Wednesday,March,0,2009
21.0,7.437164119495386,1,13,Saturday,December,1,2012
8.9,3.7271190158145715,1,23,Friday,July,0,2011
9.5,3.475779253298599,5,14,Thursday,November,0,2013
16.0,4.717176450274199,1,2,Sunday,October,1,2013
7.5,1.4368957989284123,1,15,Monday,November,0,2014
8.5,1.8793359659866855,5,8,Friday,May,0,2015
9.0,2.1536255394583272,2,21,Friday,October,0,2014
6.5,1.5684298344893217,1,17,Wednesday,May,0,2012
7.7,1.8151874814994184,2,16,Friday,June,0,2009
7.0,1.7986293468940122,3,23,Tuesday,June,0,2013
7.5,1.5878154372466988,1,21,Wednesday,October,0,2013
5.0,1.171549299344907,1,20,Monday,December,0,2014
3.7,1.0626048125728014,1,9,Tuesday,February,0,2010
8.9,2.870312246829776,1,2,Sunday,April,1,2009
13.3,5.322020386770612,1,21,Wednesday,August,0,2012
9.5,2.7085251375986323,1,13,Thursday,April,0,2015
15.0,4.3534612055328115,1,19,Friday,May,0,2013
9.7,4.211516528163406,1,17,Monday,October,0,2010
10.5,2.9598786208445924,1,12,Wednesday,August,0,2013
28.5,12.102460482988066,1,23,Saturday,July,1,2009
8.0,0.9080266532552053,1,14,Wednesday,July,0,2014
7.7,3.080500529272769,1,14,Monday,September,0,2009
7.7,1.9372617700620292,1,18,Thursday,July,0,2012
13.0,2.166388614326541,1,10,Thursday,February,0,2015
6.5,2.247816840153039,1,12,Tuesday,February,0,2010
4.9,1.1884260824546977,2,10,Friday,May,0,2009
10.9,3.182770040948407,1,14,Sunday,October,1,2009
5.7,1.500993989732591,1,21,Tuesday,February,0,2012
7.3,1.6229697494631141,1,18,Friday,August,0,2009
5.7,1.2567767660029743,3,1,Friday,October,0,2011
17.3,3.4124762319790403,4,17,Wednesday,December,0,2010
7.5,2.458801020702607,1,17,Monday,September,0,2013
5.5,0.8640920350828707,1,18,Tuesday,November,0,2013
6.5,0.8677888472130905,1,12,Monday,March,0,2011
8.1,2.112107484305302,5,14,Saturday,June,1,2012
4.5,0.7756756080843107,1,1,Saturday,September,1,2011
10.5,2.983811010140562,1,10,Monday,August,0,2012
11.0,1.6262763953374677,1,10,Thursday,November,0,2013
6.0,1.6527886895853696,1,21,Saturday,November,1,2014
21.7,8.681822684190166,1,9,Wednesday,February,0,2011
11.0,3.384934525614129,1,21,Wednesday,October,0,2013
8.1,1.8622681293060823,1,17,Tuesday,October,0,2010
4.5,0.8017659840725326,1,18,Saturday,June,1,2013
15.0,3.8865551374410217,1,23,Saturday,November,1,2012
12.0,4.357543639326429,2,19,Sunday,February,1,2013
4.9,1.0955777979325247,5,17,Thursday,April,0,2009
5.7,1.2356087498612212,5,21,Monday,November,0,2009
16.5,3.946691597010778,1,9,Thursday,May,0,2015
12.9,4.324342704548946,1,12,Thursday,July,0,2009
3.7,0.4647969539547085,1,23,Tuesday,May,0,2009
8.5,1.653307902260662,2,13,Friday,July,0,2011
16.9,5.276806664101098,5,14,Saturday,October,1,2011
16.5,2.8963197636422824,1,17,Sunday,March,1,2013
17.0,4.723039237922596,3,13,Tuesday,February,0,2013
8.1,2.0648655507095963,1,17,Saturday,September,1,2009
4.5,0.7848480047060797,1,0,Monday,September,0,2014
8.1,2.831831540372435,1,21,Thursday,January,0,2010
7.5,1.7912093752606528,5,17,Wednesday,July,0,2014
11.0,2.857173226261674,1,13,Wednesday,April,0,2013
11.3,3.076286009458853,2,17,Monday,January,0,2009
8.1,3.0382514556928815,6,19,Saturday,November,1,2009
5.3,0.9438072578372417,1,19,Wednesday,July,0,2012
7.3,3.0540725756474574,1,7,Tuesday,October,0,2010
3.3,0.7576609202510463,1,17,Friday,December,0,2009
9.3,3.0858499781378113,1,7,Friday,November,0,2011
24.9,9.640205480311735,1,12,Sunday,June,1,2012
5.5,1.454645924117937,1,23,Friday,September,0,2013
8.5,1.7495308075078373,1,18,Tuesday,October,0,2014
8.9,2.0100408124983393,2,10,Wednesday,February,0,2012
4.5,0.36038061365642804,1,1,Friday,June,0,2009
8.9,2.5091167956897302,1,21,Tuesday,April,0,2009
6.5,1.9172849324095678,1,23,Wednesday,June,0,2013
7.3,1.8086353009125586,2,15,Friday,June,0,2012
11.5,4.526032831846707,1,2,Sunday,February,1,2015
5.0,1.2132688137715797,1,10,Sunday,February,1,2015
9.3,3.1597377687897885,1,20,Sunday,May,1,2010
8.1,3.1978745685830083,1,15,Friday,August,0,2009
7.5,2.9636250651866582,1,9,Saturday,May,1,2014
7.5,1.683486661643628,1,10,Wednesday,April,0,2014
11.3,4.032248668592192,1,22,Tuesday,April,0,2011
11.3,3.5196516116922147,3,20,Thursday,September,0,2009
3.7,0.7797461626278076,1,20,Wednesday,August,0,2010
14.5,3.7235225160333276,1,0,Sunday,November,1,2014
9.3,2.7799270161689336,1,18,Sunday,January,1,2011
5.3,1.4196185776544514,1,3,Saturday,January,1,2010
7.7,2.253610790734484,3,21,Tuesday,May,0,2010
7.0,0.33643223909204323,5,8,Wednesday,March,0,2014
7.3,2.8348888799234864,1,1,Friday,November,0,2011
5.5,1.1813491608229933,1,9,Monday,October,0,2012
7.7,2.0448570917484408,2,18,Sunday,November,1,2009
11.5,3.3708460522049393,1,0,Wednesday,August,0,2013
3.5,0.8799752257822852,1,15,Sunday,February,1,2015
36.9,9.36115661090365,1,16,Tuesday,May,0,2011
5.5,0.9437236993371637,1,8,Tuesday,March,0,2013
12.5,1.047025270798279,1,13,Wednesday,August,0,2013
12.0,3.564901541574298,5,22,Saturday,June,1,2013
4.9,0.7242751459746878,1,12,Wednesday,January,0,2012
3.3,0.8119551844569292,1,10,Thursday,September,0,2011
4.1,0.33996245774423933,1,11,Monday,April,0,2010
7.5,2.419562760515257,3,0,Saturday,June,1,2013
6.9,1.2339709503805942,1,15,Tuesday,May,0,2009
4.1,0.6573047478142089,1,6,Thursday,September,0,2011
13.0,5.889372335669751,1,0,Friday,March,0,2009
16.5,8.401422225884797,5,21,Friday,March,0,2010
49.57,19.74052837883,1,15,Tuesday,June,0,2010
11.7,3.0238479672291936,1,9,Monday,February,0,2010
3.7,0.718495609059844,1,19,Wednesday,June,0,2011
16.5,2.283312945118961,1,16,Thursday,June,0,2015
36.9,14.287968573440148,1,16,Tuesday,January,0,2011
4.5,0.7851369879410783,1,18,Wednesday,March,0,2013
4.1,0.5638695416310605,1,22,Thursday,July,0,2011
7.7,2.9206661883489757,1,12,Sunday,September,1,2010
5.0,0.9682473097015639,1,13,Sunday,December,1,2012
6.1,1.9229543185040066,2,15,Monday,August,0,2011
7.5,1.0303836629325378,1,19,Tuesday,August,0,2014
16.5,5.837876122271046,2,16,Tuesday,April,0,2011
3.7,0.823261904378686,1,13,Wednesday,October,0,2010
10.1,1.8745113943004603,1,18,Monday,May,0,2011
6.1,2.2992380977341567,1,4,Saturday,March,1,2010
8.0,1.7009627799212164,2,15,Monday,April,0,2013
22.5,8.374773649285155,1,8,Wednesday,May,0,2014
9.5,1.9246797926969614,1,16,Wednesday,October,0,2013
17.5,5.26058016759403,2,11,Saturday,February,1,2015
4.9,1.081963314586503,1,17,Friday,September,0,2011
10.0,3.6310571891164947,2,23,Tuesday,November,0,2014
10.9,2.430449716470683,1,17,Friday,February,0,2010
5.3,1.5171402106281224,2,21,Saturday,September,1,2011
7.3,2.1092321822678355,1,11,Friday,January,0,2010
8.5,1.674968093937405,2,16,Sunday,April,1,2014
4.9,1.4895599986751353,1,22,Tuesday,May,0,2009
8.9,3.0268781624367684,1,20,Sunday,November,1,2010
5.7,1.9808024273351348,5,20,Wednesday,September,0,2009
6.5,1.1635757731168006,1,15,Monday,December,0,2013
17.83,2.214581780716337,2,20,Tuesday,April,0,2014
11.5,2.38290208597908,1,16,Tuesday,January,0,2015
15.0,4.65947163428994,1,22,Friday,December,0,2012
9.1,2.509536629802993,1,17,Friday,April,0,2009
8.0,1.6502120854863935,1,13,Wednesday,September,0,2013
4.1,0.3902191261850339,1,20,Monday,May,0,2011
11.0,3.396232498303263,1,7,Thursday,May,0,2013
8.9,1.341760362136317,1,9,Wednesday,June,0,2011
24.1,9.642139919070779,1,19,Sunday,October,1,2011
11.5,0.6147813927546371,1,16,Sunday,February,1,2014
9.3,3.9752634083776637,2,21,Thursday,July,0,2010
12.5,2.9538178870260396,1,0,Saturday,March,1,2015
4.9,0.9306103203981727,1,10,Monday,October,0,2011
18.5,4.75060430031509,1,18,Thursday,March,0,2014
10.5,2.4722404182614777,6,14,Sunday,April,1,2015
6.5,1.7603706524075808,5,13,Friday,September,0,2011
10.0,0.7562097848182109,1,6,Friday,January,0,2012
4.9,1.2933778239589695,2,6,Wednesday,April,0,2009
6.5,2.254066463399204,3,9,Saturday,October,1,2011
21.5,9.0421471217517,2,19,Saturday,January,1,2015
10.1,2.9133549976739346,3,19,Thursday,August,0,2011
14.1,5.732852107948377,2,7,Friday,September,0,2011
7.5,1.2026152182767598,1,8,Friday,April,0,2013
4.5,0.7581291789403091,1,22,Wednesday,May,0,2009
3.3,0.46654160404202294,3,12,Saturday,November,1,2010
20.5,1.2942213729340946,1,23,Saturday,July,1,2011
3.5,0.1966577574297845,1,20,Friday,June,0,2015
11.0,3.3915563500116868,4,20,Thursday,May,0,2013
8.9,2.316201268849366,1,13,Sunday,December,1,2011
4.9,0.8953029064922347,2,14,Thursday,May,0,2009
3.7,0.9231859845604091,1,9,Wednesday,April,0,2011
14.5,3.026234662743998,5,14,Monday,August,0,2013
14.0,2.02368102489587,1,12,Friday,August,0,2014
10.9,2.7042960141272268,1,20,Saturday,June,1,2012
14.9,4.8786915374359925,1,13,Thursday,June,0,2009
4.1,0.9273587787721121,4,13,Thursday,June,0,2012
12.0,2.328741196209162,1,19,Wednesday,April,0,2013
6.1,2.3394256575103705,1,23,Saturday,August,1,2009
4.9,1.2495275040416314,1,19,Wednesday,June,0,2010
8.9,2.6568138153864984,1,17,Wednesday,February,0,2011
13.3,6.165721587692965,1,4,Wednesday,March,0,2010
11.7,5.891993151283967,1,23,Wednesday,September,0,2009
45.0,20.621252459121113,1,12,Monday,September,0,2009
20.1,8.184195154786527,1,7,Tuesday,January,0,2010
32.83,10.214502266867097,1,0,Saturday,September,1,2014
17.3,7.636518787379597,1,13,Monday,November,0,2009
6.5,1.5064146344641882,1,22,Thursday,October,0,2013
7.0,1.5137814578111564,1,21,Sunday,November,1,2014
10.5,4.107658404607198,1,22,Friday,April,0,2012
15.5,4.408679953675577,1,15,Sunday,November,1,2014
5.7,1.4743334808729083,5,8,Friday,September,0,2009
21.5,0.4073335158564943,1,18,Friday,March,0,2013
6.0,1.7907162522122595,1,16,Monday,March,0,2014
27.0,10.792537892713627,1,21,Monday,December,0,2014
10.5,2.733430037246169,1,13,Wednesday,September,0,2011
8.9,3.6794647053769745,1,20,Wednesday,July,0,2012
8.1,1.8058417628640842,2,12,Tuesday,July,0,2009
35.33,9.341284589706682,1,8,Monday,April,0,2014
4.1,0.7294408641238511,1,22,Sunday,February,1,2011
10.5,2.3142172905126053,1,12,Friday,July,0,2009
6.5,2.5032314278546903,1,15,Tuesday,April,0,2009
6.5,1.3215198100495522,2,18,Saturday,July,1,2011
8.9,3.1744955083206325,1,6,Tuesday,July,0,2012
23.0,5.894127467262122,5,19,Saturday,December,1,2014
10.1,2.0437944186333934,1,16,Saturday,November,1,2009
7.0,1.2239779065898049,3,17,Monday,September,0,2014
8.5,1.4863600691371606,2,12,Friday,May,0,2015
14.5,4.721296775028937,1,22,Monday,December,0,2012
6.1,2.170202661347907,1,8,Friday,June,0,2012
7.5,0.3714244956613002,1,10,Monday,May,0,2015
11.5,2.8252041188977004,2,22,Saturday,March,1,2014
7.5,1.5857238524668629,1,20,Wednesday,June,0,2013
5.5,1.68277712082398,1,19,Thursday,May,0,2013
5.3,1.2031431996383335,1,16,Tuesday,November,0,2011
10.5,2.235685452772594,2,14,Wednesday,June,0,2010
6.1,1.7067583880497494,1,13,Friday,January,0,2010
12.9,4.721698588913582,1,21,Tuesday,July,0,2011
8.5,2.2726750298246676,2,0,Thursday,June,0,2014
35.0,8.417510762718166,1,14,Thursday,May,0,2013
8.5,2.7009588240285862,1,21,Friday,August,0,2011
10.5,2.04951660144035,1,12,Thursday,October,0,2013
22.5,4.240023172153298,1,20,Thursday,January,0,2013
6.0,1.706064983875724,1,20,Wednesday,July,0,2014
5.7,0.8276171134119271,4,23,Saturday,November,1,2010
10.5,2.7831859529614364,1,11,Wednesday,February,0,2012
4.1,1.3092160380933064,5,14,Saturday,August,1,2010
10.0,2.1362652421580703,1,19,Wednesday,March,0,2015
11.0,3.4109860256653284,1,1,Tuesday,November,0,2012
13.5,3.806413905710735,1,19,Wednesday,September,0,2014
5.3,1.3128216077715043,1,13,Tuesday,December,0,2009
6.5,1.6220602595911349,2,18,Saturday,June,1,2014
19.0,4.46738793852913,1,19,Tuesday,August,0,2014
5.7,1.6607007505991473,1,10,Sunday,September,1,2010
6.5,2.264089175124431,1,18,Saturday,August,1,2009
12.5,4.034521840831083,1,22,Wednesday,June,0,2013
14.9,5.355130270820909,1,23,Wednesday,September,0,2011
3.3,0.3475424724633479,2,18,Saturday,February,1,2009
7.3,2.753692684594826,2,21,Tuesday,March,0,2009
10.9,3.6912361574084986,1,8,Friday,January,0,2010
9.5,2.636541210220655,1,5,Monday,March,0,2013
7.7,3.176375641371019,1,6,Tuesday,January,0,2010
7.3,2.17105104230674,1,19,Wednesday,September,0,2009
9.5,2.184291223884544,2,23,Saturday,February,1,2013
5.3,1.3432741813540106,1,21,Wednesday,August,0,2012
20.0,1.9845422256732652,1,14,Tuesday,March,0,2014
10.0,2.3212712066989503,1,15,Tuesday,August,0,2013
8.5,0.8531825196089411,1,10,Thursday,October,0,2014
16.1,6.730508616208729,6,7,Monday,June,0,2009
32.67,10.336638225512724,1,21,Tuesday,December,0,2010
16.0,4.589681885688076,1,0,Sunday,November,1,2014
6.1,1.1338877247880188,3,11,Thursday,April,0,2012
9.5,1.7560262029681197,3,19,Thursday,November,0,2012
16.5,5.716601689846171,1,10,Friday,January,0,2012
6.5,1.5389719637766417,1,14,Saturday,March,1,2012
8.1,1.6993257417718313,1,3,Saturday,March,1,2009
13.7,5.534612238200505,1,15,Tuesday,August,0,2010
9.5,3.138513581695502,1,11,Saturday,April,1,2015
5.7,1.3477099919424,1,15,Friday,December,0,2011
13.3,5.886071261157674,1,0,Tuesday,July,0,2009
10.1,3.0968184649038513,2,21,Thursday,May,0,2010
4.9,0.7655010868527308,1,13,Tuesday,November,0,2010
5.7,2.0124628172377554,1,19,Wednesday,March,0,2010
19.7,6.238758298763173,1,12,Saturday,May,1,2009
10.0,1.679421958244709,1,20,Tuesday,May,0,2014
11.7,4.5697029796878414,1,1,Sunday,June,1,2012
7.3,0.38385527534326136,1,23,Monday,May,0,2012
3.7,0.9810379000318977,5,22,Saturday,September,1,2009
16.1,5.0636922057604306,1,13,Tuesday,May,0,2012
30.0,8.081693168423227,1,7,Tuesday,September,0,2014
9.3,3.0215820581325428,2,19,Saturday,January,1,2011
8.1,2.5585494258633483,4,15,Friday,November,0,2009
25.3,6.200564237274999,1,16,Friday,August,0,2011
4.5,0.14608243964596968,5,14,Thursday,April,0,2014
7.3,2.724351733898857,1,9,Sunday,January,1,2009
27.0,3.084697671663197,1,18,Saturday,March,1,2013
8.0,1.855503410804919,1,10,Wednesday,October,0,2013
9.7,0.08410081675684782,1,6,Wednesday,August,0,2012
5.5,1.238400371273566,1,8,Wednesday,September,0,2012
5.0,1.0047228317969041,1,13,Wednesday,November,0,2013
4.9,1.6196539259160874,1,19,Tuesday,October,0,2010
4.5,1.0434686906140236,1,17,Wednesday,April,0,2010
36.0,13.2905504029583,5,13,Sunday,June,1,2013
13.3,3.768200991639578,1,18,Wednesday,June,0,2010
4.9,1.589749642769169,1,11,Thursday,April,0,2010
4.0,0.6152600232941475,2,13,Wednesday,February,0,2014
10.0,1.5660707722770835,6,9,Friday,April,0,2013
10.5,3.0525279228610573,5,17,Monday,January,0,2009
5.3,1.380591022805743,1,7,Thursday,June,0,2010
4.9,1.6216396422818253,5,17,Saturday,August,1,2009
15.0,6.245750773572824,1,20,Sunday,October,1,2014
4.5,0.9513662509031949,1,18,Saturday,February,1,2012
5.3,1.4075268149955653,1,14,Wednesday,February,0,2012
8.0,2.1038017523940353,1,6,Wednesday,July,0,2014
9.7,4.386565965512997,1,10,Wednesday,March,0,2012
4.5,1.2427709371250528,1,7,Thursday,August,0,2012
12.5,2.3303557434479734,2,13,Tuesday,December,0,2010
5.3,1.5372969694213197,5,15,Saturday,May,1,2009
6.5,2.91728763031017,1,5,Sunday,July,1,2010
9.0,1.7596620372207643,3,14,Saturday,March,1,2014
6.9,0.9125319097323603,1,20,Saturday,May,1,2010
12.5,3.030874430365225,1,19,Tuesday,May,0,2013
7.0,0.899477810388235,1,11,Thursday,April,0,2015
5.7,0.20539053363111962,1,10,Friday,April,0,2010
12.9,6.3891100834988235,5,19,Friday,October,0,2011
7.3,1.968370411075482,1,14,Friday,September,0,2009
2.5,0.043875958200463944,1,13,Monday,November,0,2010
4.9,1.024157128106602,1,20,Wednesday,June,0,2012
9.0,3.0720419789342617,1,16,Saturday,May,1,2015
15.3,5.386128780938162,2,20,Saturday,December,1,2009
8.1,3.190336184007311,1,20,Wednesday,February,0,2012
28.5,10.166089979579162,1,23,Friday,February,0,2013
7.5,1.5120213157758304,1,17,Friday,November,0,2013
10.5,1.778761434644727,5,17,Monday,June,0,2015
6.0,1.10030680469967,1,23,Thursday,April,0,2014
40.5,14.245499933104954,1,14,Sunday,April,1,2012
8.9,3.932265610431414,1,20,Friday,July,0,2010
6.9,1.847343823669493,1,10,Wednesday,July,0,2010
5.7,2.621742435402125,1,8,Sunday,September,1,2009
7.5,2.1828374328872893,1,9,Sunday,October,1,2013
7.7,1.9837991288761339,1,21,Tuesday,June,0,2012
6.5,1.6931579763815725,1,16,Wednesday,September,0,2014
11.0,4.61166616282736,3,21,Saturday,September,1,2014
9.3,3.023320324942413,1,6,Tuesday,March,0,2010
7.0,1.1993687897333356,1,14,Saturday,November,1,2014
23.0,4.434832526364355,6,13,Monday,December,0,2014
18.5,5.841310094857358,1,1,Friday,March,0,2012
14.1,5.354246316213055,5,1,Sunday,March,1,2009
8.5,1.4514674123491151,1,2,Friday,May,0,2015
6.9,2.69253240486747,1,15,Friday,May,0,2009
6.5,2.355400770922562,1,7,Monday,January,0,2011
7.5,1.2262383747369519,1,22,Thursday,December,0,2013
16.5,2.0092663325448425,1,20,Monday,December,0,2012
20.1,9.778295115877897,1,21,Wednesday,April,0,2009
8.5,3.9127948194190325,1,23,Monday,July,0,2011
16.1,7.008397753229551,5,12,Monday,October,0,2009
8.1,2.774667791048352,1,14,Wednesday,October,0,2011
11.7,2.609868938792455,1,14,Wednesday,May,0,2011
23.5,9.964576423208845,1,19,Sunday,June,1,2014
6.1,1.579250413855987,2,10,Sunday,March,1,2012
10.5,1.9987158444771695,2,22,Saturday,December,1,2012
6.5,1.4880464264231754,1,2,Sunday,June,1,2014
9.3,2.4986781856102986,1,20,Thursday,August,0,2009
6.5,2.734332801634425,1,18,Monday,August,0,2012
6.0,1.2451674835756383,1,18,Sunday,September,1,2012
5.3,1.3788496752124046,1,23,Friday,November,0,2010
17.7,2.7604309927552726,1,8,Tuesday,October,0,2011
6.0,1.2170943285728304,1,22,Monday,June,0,2015
7.0,2.2110979234120993,6,12,Monday,October,0,2012
6.1,1.1842011169590825,1,22,Friday,September,0,2011
14.9,5.667965376135113,2,7,Tuesday,January,0,2011
4.0,0.5336554160402,3,8,Monday,January,0,2014
9.7,2.340803674727232,1,14,Sunday,May,1,2009
6.9,1.709934293649178,1,0,Thursday,April,0,2009
5.7,1.8728652536633752,3,0,Saturday,March,1,2011
15.5,6.357650124515245,1,6,Wednesday,September,0,2014
6.5,1.1156559024269257,3,10,Tuesday,November,0,2013
4.5,0.9411859553635019,1,12,Wednesday,March,0,2012
10.1,2.2224837080936335,1,14,Saturday,August,1,2009
4.9,0.912533978804735,2,12,Wednesday,October,0,2009
3.7,0.4876432160506563,1,18,Friday,February,0,2012
10.0,2.1234393838593477,2,16,Friday,June,0,2015
17.5,7.229967516767064,2,0,Sunday,December,1,2014
8.5,0.6639700698833773,1,7,Wednesday,April,0,2015
23.3,13.884106990421326,1,2,Saturday,December,1,2010
17.5,6.724727714712933,1,22,Saturday,January,1,2014
7.7,2.520443286854017,1,22,Tuesday,March,0,2010
5.0,1.203176336218744,1,5,Thursday,January,0,2013
13.7,3.2510844361055593,2,17,Sunday,October,1,2009
5.0,1.2901680720539497,1,21,Tuesday,March,0,2009
6.5,2.1990656807909965,1,18,Tuesday,June,0,2009
16.0,1.74733111611042,1,17,Wednesday,April,0,2014
17.5,2.8443387735367898,2,20,Friday,May,0,2013
3.7,0.7893658759112716,3,23,Sunday,January,1,2011
15.0,3.6477188093356165,4,21,Saturday,September,1,2014
6.0,0.36765173650406613,6,8,Tuesday,October,0,2012
8.1,1.5935113168613646,1,21,Saturday,September,1,2009
7.5,1.7729628734799683,1,1,Saturday,February,1,2013
8.5,1.8861072395293472,1,20,Friday,May,0,2013
13.7,4.222108388689556,1,11,Wednesday,February,0,2011
6.1,1.9556180992860321,3,21,Monday,September,0,2012
12.0,0.0027068716534655785,1,9,Monday,June,0,2015
4.1,0.5795154123060997,4,0,Sunday,June,1,2011
4.5,0.488798961582019,2,8,Thursday,May,0,2011
7.0,1.3610135840135995,1,22,Wednesday,June,0,2013
5.5,0.7906347181076668,5,8,Wednesday,November,0,2013
5.0,1.0065808691674538,1,19,Tuesday,April,0,2014
16.0,6.512640407690495,1,13,Saturday,January,1,2015
7.3,2.448226381094257,1,9,Thursday,December,0,2011
9.3,4.323837094210199,1,3,Saturday,October,1,2011
10.5,2.8570598321944174,1,17,Sunday,August,1,2009
7.7,1.9512841127176703,1,14,Saturday,September,1,2009
4.5,1.0274438435689826,3,6,Saturday,December,1,2011
8.5,2.1119927142749844,1,11,Sunday,January,1,2013
4.5,0.902843858373657,1,22,Tuesday,February,0,2012
6.0,1.0534820132982219,1,6,Tuesday,April,0,2014
8.1,2.8978817565310253,3,11,Sunday,February,1,2012
16.5,3.3678238123270985,1,16,Friday,June,0,2014
5.5,0.3863323352143444,1,13,Monday,February,0,2015
14.9,6.056011737273998,1,7,Saturday,December,1,2011
4.5,1.3154319827394916,1,0,Tuesday,December,0,2011
4.1,1.373180149210138,1,7,Tuesday,September,0,2009
8.5,1.8751514932301636,4,10,Wednesday,December,0,2009
3.7,1.15742634785876,1,4,Friday,September,0,2009
8.5,2.1216030675945117,5,19,Sunday,June,1,2014
8.0,2.2785753611578308,1,6,Friday,November,0,2014
4.5,1.010742203536536,5,8,Friday,December,0,2011
10.5,2.103005481965913,5,17,Saturday,May,1,2009
5.5,0.7090499844762672,1,11,Monday,March,0,2013
3.5,0.6387848492190632,1,8,Wednesday,October,0,2013
8.5,2.6860981432613174,1,11,Tuesday,February,0,2010
31.87,10.876085724797726,1,16,Tuesday,November,0,2010
53.7,28.411025789858847,2,0,Thursday,February,0,2011
30.9,16.356510819393275,2,14,Saturday,February,1,2011
13.0,2.2095511644493206,1,8,Saturday,August,1,2014
6.1,1.5685215434438546,1,7,Tuesday,February,0,2009
7.7,2.3035937743660306,2,20,Friday,October,0,2011
5.7,1.973839613312208,1,0,Sunday,July,1,2010
6.1,1.7803377351391287,1,17,Thursday,September,0,2011
4.9,1.0733931773094267,1,12,Saturday,April,1,2010
4.0,0.724244660481622,1,22,Monday,September,0,2014
10.5,2.2136658550303756,1,15,Saturday,September,1,2011
10.9,3.5428657474955614,1,14,Thursday,July,0,2012
3.7,0.4220824942414042,1,15,Thursday,April,0,2011
10.1,3.258260484125464,1,20,Saturday,August,1,2011
6.0,1.6433233047036406,1,11,Wednesday,December,0,2014
17.3,3.8112758265009297,1,0,Saturday,June,1,2011
5.0,0.6602820626511887,1,9,Tuesday,December,0,2013
3.7,0.6159697118439158,2,15,Monday,July,0,2010
11.0,3.501998239007716,5,20,Thursday,May,0,2013
17.7,7.430882428502857,1,22,Wednesday,March,0,2012
7.5,1.6630884126057677,1,23,Friday,March,0,2013
12.5,3.814026503740081,1,1,Saturday,October,1,2014
12.9,3.4688433043464526,1,16,Monday,March,0,2010
4.9,0.5912708996005734,4,23,Monday,December,0,2011
17.0,4.181177401352273,1,12,Tuesday,August,0,2013
8.9,2.7505063318616845,1,9,Tuesday,April,0,2011
10.0,3.4756066122426037,1,1,Wednesday,August,0,2013
34.33,6.738684893117206,1,15,Tuesday,October,0,2014
7.3,1.8410632227348696,1,12,Thursday,December,0,2009
10.0,2.9747211533406115,3,14,Friday,August,0,2013
3.7,0.7113241470915581,1,11,Wednesday,July,0,2009
6.1,1.4041491775500325,1,20,Thursday,July,0,2010
12.1,3.990398850752789,1,16,Tuesday,April,0,2012
9.3,3.0632221660691448,1,7,Friday,January,0,2009
8.0,1.5330641965018492,1,6,Thursday,April,0,2015
46.33,11.711737858392848,2,17,Friday,July,0,2013
10.1,3.5294436052093543,2,15,Saturday,May,1,2011
2.9,0.5141065596839955,4,1,Sunday,February,1,2010
8.1,3.2604089786020056,1,22,Saturday,July,1,2010
8.9,4.192450967158221,1,7,Wednesday,March,0,2010
62.83,10.503515673302289,6,13,Tuesday,March,0,2014
16.5,5.790353352991098,1,14,Monday,August,0,2009
6.5,1.4317465640654918,1,13,Friday,January,0,2013
5.3,1.522245051259863,1,12,Sunday,February,1,2010
6.1,1.5447893832740176,1,20,Thursday,March,0,2011
26.5,11.246685452077907,5,22,Saturday,February,1,2009
6.1,1.0655703099565588,1,10,Sunday,October,1,2010
12.0,2.0720034412099504,6,18,Thursday,June,0,2015
15.3,5.389901998186099,3,14,Monday,March,0,2009
11.5,2.856034887446265,1,18,Wednesday,January,0,2013
11.3,3.9580221984780635,2,19,Monday,September,0,2010
6.1,2.2666817081904758,1,15,Sunday,May,1,2012
4.1,3.689208838263936,1,20,Thursday,September,0,2010
8.5,2.473106185785365,2,11,Friday,April,0,2014
8.1,3.0109851226630977,3,8,Friday,August,0,2011
23.5,5.63357642868529,5,1,Tuesday,January,0,2013
10.5,2.753443369270843,3,11,Tuesday,September,0,2014
10.1,3.1118501936544183,2,20,Friday,November,0,2010
5.0,1.2460451211459733,1,1,Monday,December,0,2013
22.5,5.286178503696315,1,23,Thursday,May,0,2015
10.5,3.6260934970098297,1,18,Friday,February,0,2013
9.0,1.6970548193188437,1,20,Thursday,April,0,2013
8.0,1.872864859971827,1,22,Saturday,January,1,2013
7.7,1.313926524676935,1,13,Tuesday,September,0,2010
8.9,2.283395177790684,1,12,Wednesday,June,0,2009
7.3,2.086644958726864,1,0,Sunday,May,1,2009
9.5,2.0949014612362236,1,15,Monday,December,0,2014
19.0,4.358579195255661,1,0,Sunday,February,1,2013
8.9,2.913712487676445,1,20,Friday,April,0,2010
4.5,1.0380358305836725,2,13,Saturday,June,1,2012
13.0,2.3189207985124334,1,12,Thursday,October,0,2012
8.1,1.9206909001834,1,17,Tuesday,June,0,2010
6.9,1.338630081638526,1,14,Thursday,April,0,2009
12.0,3.4907371650469616,1,23,Sunday,November,1,2013
9.0,2.507891546843636,1,18,Thursday,July,0,2013
6.9,1.8016061144005124,1,13,Tuesday,September,0,2009
4.1,0.661446279978881,1,23,Sunday,June,1,2012
43.7,11.932331554195656,1,8,Tuesday,January,0,2012
16.1,8.4596686387839,1,4,Saturday,June,1,2010
11.7,3.8683273001797622,5,18,Tuesday,October,0,2010
10.1,3.532246513367096,1,16,Saturday,July,1,2011
10.5,4.7472689812363855,1,7,Friday,September,0,2011
8.9,3.2070441486715455,1,3,Sunday,March,1,2012
6.5,1.9646078838411642,1,20,Monday,June,0,2011
13.0,4.183027842608293,1,0,Thursday,April,0,2014
5.7,1.681814665161072,1,9,Thursday,August,0,2012
20.0,6.45099269935369,1,22,Thursday,December,0,2014
8.1,3.511398630093399,3,18,Saturday,October,1,2011
6.1,1.1913492172676008,1,12,Sunday,February,1,2011
10.5,1.271154310372002,2,18,Friday,January,0,2015
9.3,0.3514518181155035,1,14,Monday,February,0,2009
11.5,3.1133308883810162,4,0,Thursday,July,0,2014
24.0,7.735275610576955,1,14,Friday,February,0,2015
6.5,0.9565423939133872,1,17,Thursday,July,0,2011
5.7,1.3587973074490283,1,18,Thursday,May,0,2011
11.0,0.8832223007310656,2,10,Tuesday,April,0,2014
8.5,1.4794566184793685,1,14,Sunday,February,1,2014
11.5,3.2790506392981014,2,23,Sunday,September,1,2012
8.1,5.1088411104040095,1,20,Tuesday,October,0,2011
4.5,1.1964449841551494,1,10,Sunday,October,1,2013
6.5,1.9228886124715516,1,6,Tuesday,October,0,2011
6.5,1.788154531150293,2,18,Wednesday,July,0,2009
5.3,1.0861959825262706,2,13,Friday,January,0,2012
6.1,1.6863207970636522,1,15,Saturday,July,1,2011
45.0,0.0033608357478970476,1,10,Tuesday,December,0,2009
25.0,10.605042908336479,1,23,Friday,February,0,2014
9.5,1.9999297681568722,1,13,Sunday,November,1,2013
12.5,5.720390478208716,1,23,Wednesday,May,0,2009
9.3,1.4278948085908816,2,17,Friday,April,0,2011
6.5,2.3609843020490446,1,16,Wednesday,May,0,2010
7.0,1.1679094882909538,1,14,Monday,December,0,2013
18.5,9.352717752279888,2,21,Friday,October,0,2009
8.9,2.844391568067046,1,11,Thursday,May,0,2010
6.0,0.8171660311041998,5,19,Tuesday,April,0,2013
14.9,6.651339415200435,2,16,Thursday,July,0,2011
4.5,1.20968108031939,1,8,Saturday,September,1,2011
8.5,1.2684811122598287,1,14,Thursday,October,0,2014
6.1,1.9495827492522586,1,19,Monday,October,0,2009
9.7,3.739129121914384,1,9,Saturday,April,1,2012
12.5,3.3387177018051104,1,21,Thursday,December,0,2011
6.5,0.895537145609496,1,16,Friday,April,0,2009
3.3,0.26632545331029484,1,20,Monday,August,0,2010
22.1,10.001698927486379,1,11,Saturday,July,1,2012
5.0,0.833465252808942,1,22,Friday,February,0,2013
8.1,2.9097082656206403,1,9,Wednesday,March,0,2009
7.5,1.185589969393798,1,14,Thursday,October,0,2013
8.5,2.1152711526108665,1,19,Monday,July,0,2014
25.0,6.867204753686933,1,18,Tuesday,October,0,2013
5.0,0.8894901443167171,1,14,Friday,November,0,2014
4.1,0.4340865600933254,1,15,Sunday,December,1,2010
8.0,1.6387706402839477,3,1,Sunday,May,1,2013
11.7,3.1665074748430784,3,15,Saturday,December,1,2009
38.9,16.109082583971617,1,17,Saturday,September,1,2012
5.0,1.335112943649881,5,15,Friday,December,0,2012
36.5,8.86941111270295,1,12,Monday,May,0,2014
4.5,1.028720837011721,1,5,Thursday,July,0,2009
7.0,1.167158290338174,1,11,Wednesday,April,0,2013
36.04,9.72371645418275,1,21,Thursday,May,0,2015
7.5,1.003830879351879,1,9,Wednesday,September,0,2013
13.3,4.198428153504646,1,3,Sunday,February,1,2010
9.7,1.7162774216521643,2,9,Tuesday,February,0,2012
11.3,3.2825163713025303,1,19,Friday,March,0,2011
6.5,1.7055441774245417,1,21,Monday,April,0,2010
5.5,1.2955309268763582,2,8,Monday,August,0,2014
14.5,2.8817413926665405,1,21,Tuesday,February,0,2013
7.0,1.3092513554493028,1,13,Sunday,November,1,2012
54.5,4.10806678408366,1,22,Thursday,July,0,2012
6.0,1.5695660476914353,1,8,Monday,November,0,2013
5.3,1.4773741304099117,5,15,Thursday,October,0,2009
6.5,0.5423774045538905,1,12,Wednesday,June,0,2012
6.5,1.6242158964400006,5,15,Saturday,December,1,2012
13.7,3.7793631770042264,5,19,Friday,September,0,2011
8.5,2.437046860513549,5,0,Friday,June,0,2012
6.0,1.0824646642476183,2,20,Friday,November,0,2013
22.5,4.042746224525655,1,8,Tuesday,June,0,2013
5.5,1.1037565795422786,4,13,Saturday,December,1,2014
5.0,0.9964131486708168,1,6,Sunday,February,1,2014
3.5,0.4268011885571271,1,14,Monday,June,0,2013
5.7,0.9635276630891639,1,15,Monday,October,0,2011
9.3,2.156609435513906,1,21,Tuesday,April,0,2010
6.5,1.394199591230122,1,22,Monday,July,0,2014
17.7,7.99820321353273,1,4,Friday,April,0,2011
9.3,3.109623758719031,1,18,Monday,December,0,2011
18.9,2.3088749289734722,2,18,Sunday,October,1,2010
10.0,3.9572736006056557,2,0,Wednesday,January,0,2014
4.1,0.8800223293051322,1,21,Friday,April,0,2012
4.9,1.281670496034518,1,13,Tuesday,June,0,2009
6.5,0.9739121185293407,1,9,Thursday,December,0,2010
12.1,5.79741058837674,1,22,Thursday,October,0,2010
3.7,0.9514425556980732,1,11,Tuesday,October,0,2010
6.0,2.2032769660254323,3,17,Friday,July,0,2014
24.5,9.918014238385501,1,20,Saturday,December,1,2011
14.0,4.453362409734417,2,20,Saturday,May,1,2014
6.1,1.3506102089619045,5,22,Friday,June,0,2009
31.7,9.480330072427867,1,13,Monday,February,0,2012
5.0,0.790848020178982,1,3,Sunday,December,1,2014
6.1,2.5838146540453,3,20,Friday,April,0,2011
15.7,6.194825219715239,1,12,Tuesday,August,0,2010
37.5,15.748007160929854,1,23,Monday,April,0,2013
24.27,3.0467768086143687,1,16,Wednesday,September,0,2010
49.57,20.677241429457943,3,12,Monday,August,0,2009
4.9,1.7100149302331908,1,17,Monday,February,0,2009
57.33,19.5681657862225,3,20,Friday,May,0,2014
9.0,1.08348302236674,6,12,Monday,May,0,2013
5.7,1.407389789338001,5,11,Friday,September,0,2009
4.5,0.38404950059365905,1,15,Monday,May,0,2010
79.0,18.53225607855232,1,13,Wednesday,April,0,2010
8.5,4.599561600605528,4,13,Tuesday,January,0,2014
11.5,2.722142763465142,1,14,Thursday,February,0,2013
5.7,1.1750287526678374,2,21,Saturday,May,1,2009
8.5,2.3232536596867606,1,10,Wednesday,December,0,2010
21.0,6.828542852869814,1,18,Saturday,November,1,2012
12.9,3.9876721901274355,3,13,Tuesday,October,0,2010
23.3,0.7496985795228164,1,10,Monday,June,0,2011
9.3,2.205594680187059,1,19,Friday,March,0,2009
7.0,1.4176548926692714,1,13,Friday,May,0,2014
8.9,3.382216972058673,1,23,Tuesday,August,0,2012
12.1,4.359105328816633,1,17,Wednesday,January,0,2011
5.0,1.20525488927731,2,17,Saturday,November,1,2014
7.7,2.7078115613223193,1,7,Saturday,February,1,2010
6.1,1.9763408834616878,1,21,Sunday,November,1,2010
4.5,0.5776220800250373,2,11,Friday,December,0,2011
7.5,2.0081161511343355,2,2,Sunday,June,1,2013
15.3,6.155895170217899,1,11,Saturday,February,1,2012
6.5,1.1719015359802831,1,18,Thursday,June,0,2013
6.0,1.1262152273790125,1,7,Thursday,December,0,2012
6.1,1.8409820134254509,1,23,Tuesday,June,0,2011
6.0,1.6822654821629304,1,22,Sunday,June,1,2013
10.9,2.832812243246267,2,18,Monday,June,0,2011
5.0,0.6941964007378747,1,12,Friday,May,0,2015
6.1,1.8653728212673117,1,19,Sunday,November,1,2011
4.0,0.38791443287318844,1,18,Friday,May,0,2013
4.5,0.8894178622882261,2,11,Wednesday,February,0,2011
4.9,1.1138621772241488,1,23,Friday,February,0,2011
5.5,0.8584389497497367,1,16,Saturday,April,1,2015
6.5,1.0443734021343691,1,16,Saturday,August,1,2014
9.7,2.8711954342852466,1,19,Saturday,June,1,2012
4.0,0.5121414116490132,1,23,Sunday,May,1,2013
4.5,1.224890869551975,1,17,Wednesday,February,0,2009
10.9,4.22063473252091,1,6,Wednesday,November,0,2009
28.5,9.640764859327545,2,0,Wednesday,November,0,2013
57.54,22.915683314830357,2,21,Wednesday,March,0,2015
15.7,6.069181465932735,1,14,Saturday,March,1,2009
12.5,3.441061136389699,1,6,Friday,March,0,2013
8.5,2.4258275772633318,1,9,Saturday,March,1,2015
5.7,1.0995369044602978,1,13,Sunday,June,1,2009
10.1,3.023170219334989,3,17,Saturday,April,1,2009
14.5,5.8053612921433775,5,19,Friday,October,0,2012
6.1,1.2928321310751312,2,1,Saturday,February,1,2012
6.0,1.6414719889890854,1,19,Thursday,September,0,2013
4.5,0.9147150339792715,2,19,Saturday,December,1,2014
49.8,19.646116420034257,1,7,Monday,April,0,2011
7.3,2.910514598256092,1,18,Sunday,August,1,2010
12.0,2.7210662155787655,1,18,Friday,April,0,2014
14.5,3.4845332336256627,1,9,Wednesday,July,0,2012
7.0,1.3337554239203782,1,13,Sunday,November,1,2012
10.5,3.1783003026225036,1,19,Friday,January,0,2014
5.5,1.4420648390627777,1,10,Saturday,January,1,2015
7.0,1.5173349608950575,1,9,Sunday,March,1,2014
10.1,3.048116436035056,1,15,Thursday,March,0,2011
17.5,6.454163484299741,2,13,Wednesday,November,0,2012
6.0,1.176366340141613,5,2,Thursday,March,0,2013
3.3,0.4686552100149146,1,12,Sunday,January,1,2012
5.3,0.8286617747720515,1,9,Friday,July,0,2011
10.1,3.6660624673755775,1,17,Saturday,May,1,2009
7.0,1.1529119381996258,1,7,Tuesday,April,0,2013
6.9,1.5310960762610903,1,9,Sunday,December,1,2011
7.5,1.642877540974085,1,21,Friday,October,0,2012
8.9,4.0566262408848415,1,3,Thursday,April,0,2009
5.7,2.0501075598143212,2,21,Sunday,September,1,2010
7.7,1.9157245515081422,1,0,Saturday,August,1,2009
10.1,4.618494545778619,2,22,Friday,June,0,2011
4.1,0.49045858071759985,1,12,Monday,January,0,2011
9.7,3.513851289624745,1,7,Monday,May,0,2010
8.0,1.1458443122859001,1,18,Tuesday,March,0,2015
3.5,0.6353576795168264,1,9,Monday,December,0,2014
28.0,11.294467325122552,2,10,Tuesday,September,0,2013
17.0,6.75866840578764,6,3,Sunday,December,1,2012
34.8,9.130444526061627,5,19,Friday,September,0,2012
7.3,2.6331806895991927,1,22,Saturday,April,1,2012
18.5,4.5117772460600545,1,15,Thursday,February,0,2015
6.1,1.8638767302125265,1,19,Tuesday,March,0,2011
7.3,1.5043691627362006,2,11,Thursday,July,0,2012
11.0,0.027176631703194728,1,10,Wednesday,August,0,2014
6.1,1.1262728603071024,2,20,Sunday,November,1,2009
6.5,2.557612455306539,1,22,Friday,September,0,2014
9.0,1.5396001140195692,1,14,Sunday,April,1,2015
28.9,11.388542856641068,1,20,Tuesday,July,0,2011
11.5,3.9443032184996185,1,22,Tuesday,December,0,2014
6.9,2.9969480243067497,1,1,Sunday,July,1,2011
4.9,1.1029675296338632,1,20,Sunday,January,1,2009
9.7,4.252407860546461,2,0,Monday,April,0,2012
10.0,3.332342330988631,1,16,Friday,November,0,2013
11.0,3.1164684341079116,2,1,Friday,August,0,2014
33.7,18.08790105109596,1,0,Friday,January,0,2010
8.5,1.2481975435030053,1,9,Tuesday,July,0,2013
10.5,2.4999678150930067,1,14,Wednesday,March,0,2014
17.5,6.0260296490367065,1,10,Sunday,December,1,2012
17.0,1.0006702510424752,4,20,Thursday,July,0,2014
13.5,3.629315115256567,1,19,Thursday,August,0,2013
6.5,2.2669382504173323,5,3,Wednesday,August,0,2009
5.7,1.5280175028024487,1,6,Thursday,July,0,2010
7.0,1.2389964631713855,6,19,Saturday,June,1,2013
13.3,2.9166314656005126,2,15,Saturday,February,1,2011
12.5,3.2009797398706383,1,10,Saturday,October,1,2013
14.6,6.384893341212609,1,2,Saturday,March,1,2009
8.5,4.526004900514566,1,0,Thursday,July,0,2009
5.7,1.9701328762678127,1,12,Sunday,August,1,2011
10.0,2.7875214625257136,1,14,Tuesday,April,0,2013
22.04,5.839601761632841,1,21,Wednesday,March,0,2015
3.0,0.13124808130767185,1,10,Saturday,March,1,2013
26.9,2.4319300260853236,3,21,Sunday,January,1,2010
7.3,2.9109037638212016,1,8,Wednesday,August,0,2012
7.1,1.3469841722472193,1,17,Monday,March,0,2009
11.0,3.4471863724868137,1,4,Saturday,October,1,2014
11.7,5.274511047765036,2,11,Sunday,April,1,2011
6.0,0.826207173832284,1,14,Wednesday,July,0,2013
10.1,4.008651534388458,1,7,Monday,February,0,2009
4.0,1.0064609960654953,1,20,Saturday,December,1,2013
6.1,1.708031420097461,1,23,Monday,May,0,2010
38.33,19.478408267774046,1,12,Saturday,March,1,2014
12.1,5.585625985062137,1,17,Thursday,March,0,2009
4.9,1.1023098906125626,1,11,Wednesday,December,0,2011
4.1,0.5166308697030109,1,0,Friday,January,0,2011
8.0,1.328084434301303,1,19,Thursday,March,0,2014
5.0,0.9005246097723868,1,2,Friday,September,0,2014
6.1,1.1496354258033619,3,13,Thursday,April,0,2012
8.5,2.277135605471066,1,23,Tuesday,May,0,2014
4.9,0.979486719530408,1,12,Tuesday,November,0,2010
4.5,0.5834743596561921,1,10,Monday,April,0,2012
23.7,9.12721775293155,2,18,Saturday,March,1,2012
16.9,7.649960273614838,5,18,Wednesday,June,0,2011
7.5,1.7522070745141243,1,3,Sunday,August,1,2014
9.5,1.960866947097314,1,22,Thursday,February,0,2013
7.5,1.8244055302240874,1,21,Wednesday,November,0,2014
5.0,1.5217868404951744,1,22,Wednesday,March,0,2009
34.83,8.752521479116337,1,16,Tuesday,August,0,2014
14.5,6.357529500377388,1,21,Saturday,November,1,2009
8.5,0.9949739398036654,1,15,Sunday,November,1,2012
14.0,4.020446315645165,1,22,Friday,May,0,2015
6.1,1.682033431688256,1,20,Thursday,December,0,2009
11.7,2.970992196460018,1,10,Wednesday,October,0,2011
12.9,4.205354790872616,1,22,Wednesday,December,0,2009
3.7,0.47851561818391514,1,0,Wednesday,August,0,2011
4.5,1.075057303143781,1,22,Tuesday,February,0,2010
5.3,1.548140961563753,1,18,Tuesday,August,0,2011
14.5,4.6017299324555605,2,15,Monday,March,0,2015
11.0,2.7124791360891987,2,23,Saturday,December,1,2014
15.0,5.401529594413119,1,7,Saturday,December,1,2012
5.0,0.958116808437683,1,19,Tuesday,January,0,2013
5.3,1.0114635757174268,1,11,Friday,December,0,2010
16.1,6.479059318980402,5,21,Tuesday,February,0,2010
10.5,2.9159645048746414,6,20,Tuesday,December,0,2013
21.3,7.5802887406130255,1,5,Friday,August,0,2011
11.7,4.841520051941846,2,22,Saturday,May,1,2011
7.5,1.6369830734735507,6,18,Monday,March,0,2015
7.3,2.127660252894738,1,23,Thursday,June,0,2011
3.7,0.7861200863711295,1,18,Thursday,December,0,2009
6.9,1.6351072760093581,1,14,Wednesday,March,0,2012
12.9,3.560147796536578,5,2,Tuesday,April,0,2011
8.5,2.208082340662342,5,19,Sunday,October,1,2011
5.3,0.9540775952893267,2,17,Monday,August,0,2012
8.9,1.7727083378251096,1,11,Monday,October,0,2011
16.1,6.681084635499135,2,22,Tuesday,September,0,2011
16.0,4.074070976403009,1,21,Tuesday,March,0,2013
5.7,1.4793038063414945,1,13,Friday,April,0,2010
17.7,6.9926215811009005,1,11,Sunday,February,1,2010
10.0,2.5000867654092978,1,9,Friday,December,0,2012
5.3,1.4630047589194828,2,0,Wednesday,March,0,2011
7.0,1.772025249472468,1,7,Saturday,September,1,2014
9.7,2.2035027852211875,5,15,Tuesday,January,0,2011
36.5,2.7431376612174456,4,17,Friday,February,0,2015
5.0,0.8072336004428842,2,22,Wednesday,March,0,2014
10.5,2.223159562857127,2,17,Monday,October,0,2014
8.0,1.0017384235642277,1,12,Thursday,October,0,2012
4.9,1.3003122031246055,1,17,Sunday,January,1,2012
4.0,0.2668875492557009,1,19,Sunday,November,1,2013
4.9,0.5312041421908258,1,18,Wednesday,April,0,2012
16.0,4.1068283669568855,1,22,Tuesday,April,0,2013
25.5,9.331420956629348,1,13,Thursday,June,0,2013
4.5,1.1937455636257972,5,16,Thursday,January,0,2009
7.3,1.069004629505222,1,20,Saturday,May,1,2010
4.5,0.04601572359766369,1,16,Monday,October,0,2009
10.5,1.3203079696766302,4,18,Monday,November,0,2009
6.1,1.773061611685523,2,11,Sunday,January,1,2010
8.1,0.17695592060841148,1,21,Sunday,December,1,2010
12.5,4.213635216935089,1,2,Saturday,May,1,2010
15.0,4.518956307902681,1,17,Friday,February,0,2014
9.0,2.036009117174126,1,15,Wednesday,February,0,2013
7.0,1.3441654084508328,1,21,Thursday,September,0,2013
4.5,0.5509320005275009,1,23,Friday,April,0,2010
9.0,2.123399150624694,1,15,Tuesday,March,0,2014
52.0,19.797667905126538,1,6,Thursday,June,0,2015
28.1,9.40894405956243,1,12,Thursday,May,0,2010
11.3,3.4426539489668526,1,13,Thursday,June,0,2012
6.0,1.4183754688632517,4,15,Thursday,September,0,2013
35.87000000000001,9.959510541162055,2,20,Sunday,January,1,2010
8.1,2.716947747315054,2,21,Saturday,February,1,2011
4.1,0.7954591134709615,1,2,Monday,June,0,2009
14.5,2.022508196114825,1,11,Friday,May,0,2013
9.5,3.4844941174831656,1,22,Monday,April,0,2015
10.0,2.0113333020994326,2,15,Monday,March,0,2014
28.25,8.924599724376876,1,15,Wednesday,April,0,2009
8.1,2.067979514762139,2,16,Saturday,May,1,2011
5.0,1.5833082380504242,1,21,Thursday,September,0,2012
8.5,3.8477937537945492,2,7,Saturday,August,1,2010
8.0,1.8092681585190509,2,9,Monday,February,0,2015
6.5,0.9826385842596019,1,9,Tuesday,May,0,2013
10.0,1.9755967951933189,1,20,Saturday,March,1,2013
28.1,15.24485725594721,1,23,Sunday,October,1,2011
11.3,3.5591328392629924,1,16,Tuesday,May,0,2011
9.0,2.5847578276585854,1,16,Sunday,January,1,2014
8.1,1.7962636535735292,1,7,Wednesday,June,0,2010
10.0,2.0255282729546207,1,23,Friday,January,0,2015
8.1,2.123645229469685,5,19,Wednesday,April,0,2009
4.0,0.6540287514010686,1,0,Sunday,May,1,2014
7.3,1.8603178923017378,1,19,Friday,July,0,2012
13.5,5.277785204958919,1,0,Monday,June,0,2015
8.9,0.7308667356231466,1,17,Wednesday,September,0,2010
9.5,2.088211676811827,1,7,Thursday,October,0,2014
6.9,2.4857638202775973,1,20,Sunday,July,1,2012
33.83,7.836211847779017,6,0,Saturday,January,1,2014
6.5,1.217697783178156,1,0,Tuesday,September,0,2013
24.5,7.476551255525649,1,4,Monday,October,0,2011
20.5,6.385423192875393,2,13,Tuesday,June,0,2011
7.0,0.8992257993590234,1,0,Sunday,December,1,2012
7.0,2.13828433383975,1,16,Tuesday,July,0,2013
8.5,1.7360577144749663,1,9,Tuesday,May,0,2012
7.3,1.5463644716949545,5,1,Friday,June,0,2011
6.5,1.9421361233799805,2,20,Friday,June,0,2011
11.3,5.424399024391171,5,10,Sunday,March,1,2010
23.3,6.069947548525743,5,15,Sunday,March,1,2011
10.5,3.2400840486112066,5,21,Thursday,November,0,2013
10.1,2.463237960705342,2,9,Tuesday,September,0,2012
8.5,3.3512950255772664,1,14,Wednesday,September,0,2009
5.0,1.64033653318186,1,20,Wednesday,June,0,2014
11.5,1.8199612471459476,1,17,Saturday,July,1,2013
4.9,1.299206624165584,5,11,Wednesday,July,0,2010
13.3,5.264185934837949,5,11,Thursday,December,0,2010
14.0,4.125775635199191,1,22,Saturday,October,1,2012
7.3,1.2658860550172664,5,14,Tuesday,February,0,2009
11.0,3.1354914022355342,1,14,Friday,February,0,2013
12.5,4.839293059158157,1,17,Tuesday,February,0,2014
9.0,2.0685757293169256,6,8,Monday,July,0,2014
15.0,3.3598890863802193,1,15,Tuesday,February,0,2013
11.3,2.9988709619192178,4,13,Thursday,April,0,2009
41.7,10.36909155422496,1,9,Thursday,December,0,2011
4.5,0.7987030520898313,1,15,Monday,March,0,2011
15.3,5.331747278448038,2,7,Sunday,February,1,2012
6.5,1.3766820782620572,1,19,Monday,December,0,2009
23.5,3.25630696454518,1,16,Sunday,April,1,2013
6.1,0.934510569589289,1,19,Saturday,January,1,2009
6.9,1.928869448949953,2,9,Thursday,March,0,2012
10.1,1.7218457612298876,1,13,Wednesday,October,0,2011
8.5,1.4015801361701254,1,9,Friday,January,0,2013
7.0,1.6735208064540341,1,8,Saturday,December,1,2014
6.0,1.3124957225976914,1,15,Thursday,January,0,2015
25.3,10.103787577723438,1,14,Saturday,May,1,2011
4.5,1.0704105544133928,1,12,Thursday,May,0,2012
5.3,1.052713020441304,1,13,Saturday,April,1,2009
18.0,8.466090475023154,1,1,Tuesday,March,0,2014
19.7,7.888945144532553,4,19,Saturday,August,1,2010
12.9,4.008034577850801,2,22,Saturday,August,1,2010
7.5,1.5661786675128675,1,10,Thursday,May,0,2013
6.5,2.0474165385315652,1,18,Monday,October,0,2012
6.9,2.4554669961641866,1,1,Sunday,July,1,2009
9.7,3.7965423761231265,1,23,Friday,January,0,2012
8.9,2.7406478314334235,3,15,Friday,March,0,2012
9.5,1.9167789203073309,1,8,Monday,October,0,2013
6.5,1.460335372966029,1,22,Wednesday,October,0,2011
52.0,22.373671061868567,1,5,Thursday,February,0,2013
6.5,0.5260085151332846,1,2,Sunday,June,1,2015
9.7,1.507311144827524,2,9,Friday,April,0,2012
14.9,6.243446436195547,1,15,Monday,July,0,2011
14.5,5.690835913100486,2,13,Monday,March,0,2012
6.1,1.0559310005377516,2,14,Saturday,October,1,2011
8.1,1.2755404723309107,1,13,Saturday,March,1,2012
15.5,4.854505536404377,1,20,Thursday,February,0,2014
10.5,2.3406408545479613,1,22,Thursday,September,0,2013
9.5,2.3559757592058976,1,11,Sunday,March,1,2014
41.5,15.325173782524859,2,14,Sunday,July,1,2013
7.5,1.3548450152493312,5,12,Saturday,May,1,2013
57.33,19.31883606241836,3,15,Wednesday,September,0,2013
6.1,1.2409076973936863,5,10,Wednesday,January,0,2009
6.5,0.8989022715968712,1,13,Wednesday,June,0,2013
3.3,0.7970066474307705,1,10,Saturday,June,1,2010
8.5,2.5254378821113512,1,11,Tuesday,September,0,2009
9.5,2.434224814482521,5,10,Sunday,December,1,2012
4.9,0.7232707283799986,4,21,Friday,January,0,2011
6.5,1.644775901484208,1,16,Wednesday,February,0,2012
23.0,7.3269095482968645,3,23,Saturday,February,1,2014
14.5,5.112799813913162,1,21,Saturday,March,1,2014
6.1,1.8905505750261418,1,19,Wednesday,January,0,2010
8.0,1.8926931551920505,1,10,Monday,December,0,2013
9.7,2.3500991125336887,1,22,Sunday,July,1,2011
8.0,1.0017477161477313,1,12,Wednesday,February,0,2014
9.0,2.1902097540304806,1,22,Wednesday,July,0,2014
6.9,2.0111725007173202,1,17,Thursday,October,0,2009
11.5,2.3815926056015155,3,15,Monday,June,0,2015
12.1,2.8919943171876223,1,8,Wednesday,November,0,2010
7.5,1.3075121587325125,4,21,Saturday,February,1,2015
7.0,1.9691699796806037,2,6,Sunday,November,1,2012
8.5,1.8040051218971682,1,12,Sunday,October,1,2011
3.7,0.7819453511340745,1,22,Sunday,March,1,2011
5.7,1.6548303965579958,1,0,Friday,June,0,2012
49.8,20.75319789128468,3,18,Monday,April,0,2011
6.1,1.191817481644538,1,14,Tuesday,December,0,2010
9.3,3.0881488490384283,5,22,Thursday,July,0,2009
8.1,1.7785716269201617,1,20,Thursday,May,0,2012
10.9,3.2284903999212635,1,10,Monday,January,0,2009
9.5,6.246908054849839,6,7,Thursday,March,0,2014
6.5,1.846103491658798,1,22,Thursday,September,0,2014
4.1,0.6260624439780246,1,15,Monday,July,0,2012
7.0,1.2984373858619838,1,2,Friday,November,0,2013
8.5,3.598860854245428,3,3,Sunday,December,1,2010
15.0,1.7475572378618909,1,17,Monday,October,0,2012
11.7,2.8431961119187554,1,10,Tuesday,December,0,2010
4.9,1.1030866632043972,2,17,Friday,March,0,2012
8.1,2.082619211753601,1,14,Thursday,February,0,2009
14.0,2.9951528584130918,2,18,Saturday,March,1,2013
13.7,6.75098755757717,1,11,Sunday,March,1,2012
5.5,1.2445622934649188,1,22,Saturday,February,1,2013
35.7,12.533953620611777,2,13,Sunday,August,1,2012
14.1,4.456654651227212,1,9,Wednesday,October,0,2011
9.0,2.6671590024920167,1,6,Wednesday,October,0,2014
10.9,4.584819314571801,1,17,Tuesday,March,0,2011
4.9,0.7178253339661312,5,15,Friday,August,0,2010
37.0,13.271793334397152,2,12,Monday,March,0,2015
8.5,3.2079390582569705,5,20,Saturday,June,1,2011
8.0,1.7461935402711841,6,18,Sunday,April,1,2014
7.3,0.5202137379653845,2,12,Thursday,August,0,2011
13.0,2.336205848064753,5,0,Thursday,July,0,2013
15.4,5.952156645042336,3,20,Friday,January,0,2009
5.0,1.1168396646885033,1,1,Sunday,August,1,2013
11.3,4.749809249174919,1,13,Wednesday,April,0,2010
4.9,1.7377736405790976,2,2,Friday,March,0,2010
4.9,1.5094321788677851,2,14,Monday,November,0,2010
7.3,1.4115304367047379,1,11,Tuesday,February,0,2009
16.0,4.9509002213995865,1,18,Monday,June,0,2013
9.7,2.5309405393779127,1,16,Wednesday,May,0,2009
7.0,1.622135233128466,1,18,Tuesday,December,0,2014
4.0,0.5295809777673184,1,7,Wednesday,May,0,2014
10.5,3.682349588340219,2,20,Thursday,March,0,2011
19.5,4.66977331241127,1,14,Tuesday,May,0,2014
8.5,1.9170325104065968,1,14,Sunday,November,1,2014
8.1,1.6418549128487576,2,0,Saturday,January,1,2012
7.3,3.2052361124302298,1,10,Sunday,September,1,2009
9.5,2.0579643271007106,1,21,Friday,November,0,2012
17.3,7.355666175727756,1,12,Monday,April,0,2010
3.7,0.5433316251365743,2,20,Wednesday,March,0,2012
7.0,1.207860394374135,1,5,Sunday,December,1,2012
12.1,3.3056020203216794,5,16,Thursday,June,0,2010
5.5,1.1739879606894204,6,10,Saturday,February,1,2013
6.9,2.130386483910566,1,23,Monday,January,0,2011
10.5,4.886913096760298,1,22,Friday,July,0,2012
6.5,1.4773080454244913,2,9,Tuesday,July,0,2011
8.5,1.7111137984644376,1,18,Saturday,January,1,2015
26.5,11.655173297118955,3,3,Saturday,December,1,2012
4.1,1.201061150029869,1,13,Tuesday,March,0,2010
5.5,1.0459691466799466,1,12,Friday,May,0,2013
8.1,2.7191788342492482,1,7,Tuesday,May,0,2012
4.0,0.5087289146526004,1,19,Tuesday,December,0,2013
5.7,1.7032444260505286,1,15,Thursday,December,0,2011
9.3,3.042927352074385,1,15,Thursday,September,0,2009
13.5,3.991824584455168,5,13,Monday,March,0,2015
40.0,11.461347327074744,1,12,Monday,August,0,2014
6.5,2.791645306756726,1,0,Thursday,June,0,2010
8.5,2.7810660637976494,1,3,Sunday,May,1,2011
12.9,4.898114999680207,1,10,Sunday,November,1,2009
14.5,1.1139018656807695,3,18,Friday,May,0,2010
7.3,2.224627292652314,1,5,Thursday,April,0,2012
7.7,2.2951001188735365,2,9,Wednesday,May,0,2010
57.33,22.59013394410182,1,6,Friday,April,0,2014
7.5,1.5686282116507453,5,6,Wednesday,November,0,2013
7.3,3.0909713388633393,1,21,Wednesday,April,0,2009
3.3,0.38987416604087993,4,3,Sunday,July,1,2009
13.0,4.988998317254764,1,0,Tuesday,October,0,2012
10.9,4.429105348789117,1,18,Friday,August,0,2012
14.1,5.791236269232932,2,22,Saturday,July,1,2009
21.3,5.835137588171055,1,12,Wednesday,October,0,2009
6.5,1.1866627692535414,1,3,Wednesday,May,0,2014
10.5,3.116452112549393,1,19,Saturday,June,1,2011
7.3,1.8868617392842588,2,18,Saturday,October,1,2009
10.5,3.1599692889113262,1,18,Monday,October,0,2012
10.5,2.778911454222946,1,10,Tuesday,March,0,2010
4.9,1.155741246387732,2,1,Friday,July,0,2012
13.0,3.896345748761025,1,0,Friday,February,0,2013
13.7,3.9804278653576524,1,19,Friday,July,0,2011
6.0,1.2194728838542752,1,19,Monday,July,0,2013
3.3,0.42653356736666626,2,18,Monday,July,0,2012
18.9,7.545130074396708,6,23,Saturday,October,1,2011
10.9,4.264998060597906,1,23,Saturday,February,1,2012
57.33,21.362269123339374,2,17,Friday,March,0,2014
3.7,0.5882170511682439,1,6,Tuesday,February,0,2012
25.87,7.76662296668682,1,23,Thursday,October,0,2010
8.0,1.7248617158913737,2,13,Friday,November,0,2013
7.0,1.6857124729730169,6,23,Friday,October,0,2012
6.1,4.420947709883414,1,22,Wednesday,July,0,2009
7.5,1.3470921331373489,5,14,Tuesday,September,0,2013
12.0,4.07392756076228,6,18,Tuesday,April,0,2015
6.0,1.689361872083714,1,21,Wednesday,March,0,2015
26.5,5.224657582747197,5,11,Saturday,June,1,2013
26.5,13.534495840224306,1,9,Sunday,May,1,2009
3.7,0.4872445728310087,1,14,Saturday,July,1,2012
4.5,1.2901520699471885,1,17,Friday,December,0,2009
6.9,2.061838447933304,1,17,Sunday,February,1,2012
27.0,1.7509946472846551,2,23,Saturday,April,1,2014
4.5,1.2500082462388522,1,4,Sunday,June,1,2012
6.1,1.5218425667231523,1,8,Thursday,June,0,2012
18.0,5.1785930717395114,2,14,Saturday,December,1,2012
32.5,13.187638175911335,1,6,Wednesday,September,0,2012
7.7,3.154909318185374,1,7,Tuesday,October,0,2010
9.5,3.822639664769872,1,21,Sunday,February,1,2013
4.5,1.0807399847080175,1,15,Saturday,October,1,2012
6.5,1.327453295819852,1,18,Wednesday,August,0,2013
18.5,7.371587172795753,2,1,Sunday,November,1,2013
9.7,4.948558020314583,2,2,Saturday,February,1,2011
15.3,7.844447528380393,3,21,Wednesday,May,0,2010
11.0,2.151375788065361,1,20,Friday,April,0,2015
10.5,2.63168596953367,1,15,Tuesday,November,0,2013
13.7,5.619869589363523,1,23,Wednesday,July,0,2010
9.7,3.667480252056923,1,18,Tuesday,January,0,2009
4.9,1.290632887967865,2,21,Tuesday,April,0,2010
15.0,3.7503179985713317,1,8,Tuesday,December,0,2012
5.0,1.207196388078492,1,23,Saturday,July,1,2013
8.1,2.2612242404495264,1,14,Tuesday,April,0,2012
9.5,1.481174109201391,1,12,Sunday,September,1,2013
10.1,4.414885566161029,3,18,Wednesday,January,0,2012
9.4,2.182772132388187,2,1,Sunday,January,1,2009
4.0,0.6982861687872154,1,2,Monday,May,0,2015
9.7,4.458826180457129,1,0,Friday,May,0,2012
11.7,3.6652611078432393,5,14,Sunday,May,1,2012
6.1,1.7797252186727563,2,2,Sunday,March,1,2011
6.1,1.2800262038816146,1,14,Friday,July,0,2011
4.1,2.041424611506,5,20,Tuesday,September,0,2010
8.1,2.546996672696604,2,15,Sunday,August,1,2011
10.5,2.451122919421651,4,20,Saturday,May,1,2013
8.5,3.653294202332855,1,0,Wednesday,January,0,2012
6.5,1.0864593913742993,3,19,Saturday,September,1,2012
5.7,1.6217783636535106,1,19,Wednesday,August,0,2010
9.3,2.9038259893907137,5,2,Saturday,February,1,2011
3.5,0.7164497000111463,1,11,Saturday,December,1,2012
7.0,1.5593895188636153,1,13,Monday,January,0,2014
37.0,11.30276405582403,1,22,Friday,November,0,2014
3.3,0.8055065703320583,3,23,Saturday,November,1,2009
6.1,2.1706867717356078,1,14,Saturday,February,1,2011
17.3,5.39845626163906,2,15,Thursday,June,0,2009
15.7,5.388267037713747,1,17,Thursday,May,0,2012
5.3,1.06360268185034,1,10,Saturday,May,1,2009
45.0,19.169374425431393,2,16,Sunday,October,1,2009
3.7,0.6711215087204163,1,11,Tuesday,February,0,2009
10.9,4.459604941721333,1,21,Wednesday,October,0,2009
20.5,4.647705869188329,2,15,Friday,July,0,2012
2.9,0.41666361489873627,1,16,Wednesday,August,0,2012
4.9,7.759945154935436,1,16,Friday,January,0,2010
13.0,3.549472879509384,1,9,Monday,March,0,2015
4.1,0.5674284890002382,1,15,Thursday,January,0,2011
8.5,1.9223220807906787,2,22,Thursday,September,0,2012
7.3,1.2369236869420082,1,17,Tuesday,September,0,2011
6.0,0.7734763853965096,1,8,Wednesday,April,0,2014
10.0,2.386631048688748,3,23,Thursday,December,0,2012
8.1,1.535002773398705,1,16,Thursday,February,0,2011
11.0,2.449324825432325,1,12,Tuesday,September,0,2012
7.0,1.7562968161377306,1,22,Wednesday,January,0,2013
8.0,2.276152150166107,1,22,Tuesday,December,0,2014
8.1,3.5794321480515277,1,17,Saturday,July,1,2011
8.0,2.4475093555510123,1,3,Sunday,March,1,2015
4.9,0.9055524868528648,2,0,Friday,April,0,2010
5.3,2.545162748449963,1,16,Saturday,July,1,2010
4.5,1.288599283935828,1,7,Wednesday,March,0,2015
12.9,5.100568858092124,3,23,Saturday,October,1,2011
14.5,3.313640084093286,2,4,Saturday,June,1,2009
6.5,1.6365304295553125,1,11,Saturday,February,1,2014
8.1,2.0546925562512244,1,0,Sunday,February,1,2009
7.0,0.9844792415623104,5,14,Friday,July,0,2014
16.5,6.303316394895744,5,22,Tuesday,January,0,2012
8.1,1.931585487034098,1,10,Tuesday,December,0,2009
49.8,19.856074569591456,1,10,Wednesday,June,0,2011
9.7,3.068357394741502,1,21,Tuesday,January,0,2010
10.9,2.905322481921788,1,22,Wednesday,March,0,2011
27.5,10.460484788383631,4,19,Sunday,January,1,2013
6.1,1.344675513206404,5,1,Saturday,August,1,2011
6.0,0.9942604211906596,2,23,Thursday,March,0,2015
13.3,4.514614974385345,1,9,Saturday,December,1,2009
5.7,1.364753758824167,2,23,Friday,June,0,2009
14.5,6.715907546625735,5,22,Wednesday,April,0,2012
7.0,1.182538023266614,1,8,Friday,January,0,2014
10.0,2.781093307968213,3,20,Monday,January,0,2014
6.0,1.499186116905159,1,15,Tuesday,September,0,2012
9.7,3.2415210341908782,1,23,Tuesday,July,0,2011
7.0,1.6167169288647996,1,14,Thursday,January,0,2014
9.0,1.5840385123039404,1,20,Saturday,October,1,2014
22.9,7.250940441722116,1,15,Tuesday,October,0,2010
9.7,3.2533604825576394,1,9,Sunday,January,1,2010
9.0,2.348437977028352,1,8,Monday,April,0,2013
4.9,1.3219620890900128,1,21,Thursday,March,0,2011
5.7,1.2139684987206734,1,9,Tuesday,December,0,2009
6.9,2.173969061763533,2,0,Sunday,November,1,2009
10.1,1.6890772271261134,1,20,Thursday,January,0,2010
4.1,1.214197257915965,1,15,Tuesday,June,0,2011
5.3,1.2492254422307252,2,22,Friday,August,0,2011
35.3,16.78081248747694,5,4,Saturday,December,1,2011
4.1,0.7118385187274093,5,13,Tuesday,January,0,2009
8.6,2.677104775714078,1,23,Wednesday,January,0,2009
8.9,1.9283271331220686,1,6,Friday,April,0,2010
57.33,19.372981154822188,1,21,Wednesday,September,0,2013
17.3,5.7949318229729005,1,19,Tuesday,June,0,2011
6.1,1.0632294347408946,1,18,Friday,October,0,2010
28.0,7.381919036278066,1,19,Wednesday,November,0,2013
8.1,1.8365962403613405,1,15,Monday,April,0,2010
4.1,1.0934307352064478,1,13,Sunday,January,1,2010
8.5,1.9361277154742154,3,9,Wednesday,December,0,2012
8.1,2.0652432457429173,3,16,Sunday,January,1,2010
20.5,4.76812962042309,1,22,Saturday,May,1,2013
4.9,1.216223879716683,1,13,Thursday,September,0,2010
10.5,1.6137180888895628,1,20,Thursday,June,0,2014
5.5,0.8939031965198374,3,19,Friday,October,0,2013
5.3,1.3795446679282746,1,18,Tuesday,December,0,2011
5.5,1.3244020834875343,6,13,Wednesday,December,0,2014
6.9,2.2554629099203725,1,20,Monday,August,0,2009
4.5,1.1376944987111637,1,7,Thursday,July,0,2010
9.0,2.547883137980317,1,17,Tuesday,October,0,2013
7.7,2.5636231290918547,1,4,Sunday,January,1,2010
4.9,0.8432667767684228,1,6,Friday,May,0,2009
57.54,18.758936032277767,1,23,Sunday,June,1,2015
4.9,1.4521771751731587,3,14,Saturday,August,1,2010
3.5,0.5470455832906692,2,19,Friday,January,0,2014
7.0,2.4674383048469903,1,3,Thursday,December,0,2014
49.57,20.36844417696049,2,15,Friday,January,0,2010
10.1,0.6330445102663719,2,17,Thursday,September,0,2010
11.0,4.000289274416637,1,2,Saturday,March,1,2013
5.3,0.8764259537174468,1,8,Friday,May,0,2010
73.0,18.69206687188822,1,18,Sunday,August,1,2014
18.5,6.477738094065654,1,17,Thursday,March,0,2010
4.0,0.9294288829412727,1,9,Thursday,June,0,2013
8.0,1.7283354394176471,1,16,Tuesday,November,0,2014
8.1,1.2355263572968596,1,12,Monday,February,0,2009
34.33,10.753274980324548,1,12,Thursday,July,0,2014
11.5,1.0860216530365114,1,20,Monday,December,0,2014
10.5,2.5456852439993343,1,1,Thursday,October,0,2014
5.7,1.6031293490662037,1,15,Monday,January,0,2012
2.5,2.5310750229007426,1,9,Monday,June,0,2014
6.1,1.235715227743253,3,0,Sunday,September,1,2011
6.5,1.4427889511664245,4,21,Tuesday,September,0,2010
6.1,1.4330210626121582,1,6,Wednesday,March,0,2012
6.0,1.4887596144597106,1,21,Friday,November,0,2013
4.5,0.8645099822155975,1,21,Monday,March,0,2015
5.7,1.6237949800214047,1,20,Monday,October,0,2011
14.1,6.332370518021944,1,13,Friday,July,0,2012
4.5,0.6406377299697372,1,17,Friday,August,0,2009
8.0,1.8256684452909144,2,6,Friday,November,0,2013
8.1,2.688865462341791,3,16,Monday,May,0,2011
7.7,2.176368194441099,5,21,Saturday,July,1,2009
4.9,0.9780915042811,3,23,Saturday,July,1,2009
6.0,1.9102542550292363,1,20,Wednesday,September,0,2012
8.5,2.061226140859,4,11,Monday,October,0,2012
5.7,1.3501122706148077,1,15,Monday,July,0,2012
5.7,1.6468001270016026,1,8,Thursday,April,0,2010
13.3,5.242225908690057,1,7,Friday,September,0,2010
12.5,3.6062525873234494,2,9,Monday,November,0,2014
8.1,1.739386858499054,6,17,Friday,March,0,2012
11.0,2.1164621963664563,1,8,Thursday,February,0,2014
4.5,1.2400019279476862,3,7,Friday,April,0,2012
4.5,0.7605250959466184,5,21,Sunday,March,1,2011
5.3,1.5763309321701555,1,4,Wednesday,September,0,2009
7.7,1.8429740441680604,1,7,Monday,April,0,2009
10.9,5.520850280069336,1,3,Sunday,November,1,2009
10.5,3.48923467334707,1,1,Sunday,January,1,2012
9.5,0.44662163671149874,1,9,Monday,August,0,2013
4.9,1.3267441559496371,1,3,Wednesday,December,0,2010
16.9,7.451333101263935,1,19,Friday,July,0,2009
7.3,2.2470976339954545,1,8,Tuesday,October,0,2009
9.5,3.659587253796151,5,20,Tuesday,March,0,2013
14.0,4.401795231497316,2,18,Wednesday,June,0,2013
9.0,2.386234120135611,1,5,Friday,November,0,2013
5.0,0.7786307372554945,1,20,Sunday,August,1,2013
5.0,1.1394057698794229,1,16,Monday,April,0,2013
8.1,2.213846436021191,3,3,Sunday,November,1,2010
10.5,4.335525542729793,1,20,Saturday,February,1,2009
20.5,8.214647834306128,1,20,Saturday,May,1,2009
7.0,1.9677734040670265,1,16,Saturday,August,1,2014
13.3,6.072039456169197,1,10,Sunday,October,1,2011
14.1,5.747816650106209,1,8,Friday,August,0,2011
9.7,3.228357554684764,1,9,Tuesday,June,0,2010
7.0,1.6662886390913125,1,22,Friday,February,0,2015
11.7,3.3550184573093444,1,20,Tuesday,September,0,2011
8.5,2.0850241833468877,5,9,Thursday,August,0,2009
11.5,2.1094381670524944,1,14,Friday,April,0,2014
15.0,4.604159815878558,1,23,Saturday,December,1,2014
4.5,1.1609027481796508,4,10,Monday,January,0,2015
8.5,2.310954903706512,1,18,Thursday,February,0,2013
17.0,6.570704523512928,1,10,Monday,June,0,2013
33.3,10.4466279728266,1,20,Wednesday,January,0,2013
8.1,1.9688053952618643,1,11,Monday,September,0,2010
39.83,10.093567836625835,6,10,Friday,April,0,2013
7.3,2.1418091117360065,1,2,Sunday,May,1,2011
7.5,1.992848130402667,2,20,Wednesday,May,0,2015
11.0,2.569378672990084,6,0,Sunday,June,1,2013
5.7,0.9686674435901879,2,12,Friday,September,0,2009
4.1,0.8451436471400487,4,18,Tuesday,June,0,2010
49.8,21.446049192038757,1,13,Sunday,January,1,2011
4.1,0.735566584719519,1,9,Thursday,January,0,2011
6.9,2.313415468500133,1,12,Friday,April,0,2010
29.3,7.072926701061616,1,6,Tuesday,November,0,2012
6.5,1.8638175713342287,6,14,Friday,May,0,2014
4.1,1.0359551615298748,1,16,Tuesday,June,0,2011
31.3,7.650028005688798,1,22,Monday,October,0,2012
6.1,1.4684674490988245,1,12,Saturday,June,1,2009
44.83,9.804326901436596,1,9,Wednesday,June,0,2013
20.9,0.0765557123442959,2,13,Saturday,March,1,2011
17.0,2.5316303943635603,1,7,Sunday,March,1,2014
29.3,10.7861526270039,1,15,Thursday,August,0,2011
10.5,2.5295967888631448,1,7,Thursday,November,0,2014
4.5,1.1799810349598179,5,10,Sunday,May,1,2011
10.9,3.4691710703011007,1,12,Thursday,April,0,2011
37.83,9.57355903948409,1,12,Saturday,October,1,2014
31.7,12.008004919999122,1,23,Friday,December,0,2011
11.3,3.1562724460009353,1,20,Thursday,September,0,2010
20.5,5.478731265378598,1,18,Sunday,May,1,2012
5.0,1.0535282086001225,1,22,Wednesday,December,0,2012
10.1,2.810025782324817,1,0,Sunday,January,1,2011
6.1,1.4752736379796894,2,13,Saturday,March,1,2009
11.0,2.0501170135091256,1,14,Monday,April,0,2013
9.3,3.067248666602897,2,6,Monday,March,0,2011
5.0,0.8835490057151768,1,11,Monday,January,0,2013
18.1,7.491853736811517,2,12,Thursday,February,0,2011
3.7,1.057910817758617,2,20,Saturday,April,1,2009
29.7,13.227221861977707,2,1,Friday,July,0,2011
15.7,19.52916460058461,1,21,Tuesday,August,0,2010
4.5,0.7449532200403655,1,9,Monday,August,0,2014
13.0,2.3450876328775165,2,14,Monday,September,0,2014
18.1,8.095012194019903,1,6,Friday,October,0,2009
8.5,2.8806161301004405,1,7,Friday,March,0,2014
9.0,0.8288244959850755,2,15,Friday,June,0,2015
4.9,1.207645490960332,1,16,Sunday,December,1,2010
14.0,4.76787853614955,1,23,Tuesday,February,0,2014
10.9,2.057635966770432,1,12,Sunday,December,1,2010
7.7,2.4495148157212636,2,1,Sunday,July,1,2011
3.3,0.41874963112476454,2,7,Friday,October,0,2009
9.0,2.0951115247580328,3,0,Saturday,April,1,2015
8.1,1.5264203024773535,2,22,Thursday,June,0,2010
7.5,3.127636420740498,4,2,Tuesday,December,0,2012
16.0,5.478650066644683,1,11,Monday,December,0,2013
17.0,5.950283019778798,1,19,Monday,May,0,2013
24.0,9.697360744956752,1,14,Sunday,June,1,2014
11.0,3.5330224452970906,1,7,Friday,September,0,2012
9.0,2.097714757215245,1,21,Wednesday,June,0,2015
4.5,0.935520154637481,1,22,Friday,February,0,2015
17.4,6.76880018914396,2,1,Friday,March,0,2009
10.6,0.8806429213629664,3,22,Saturday,February,1,2009
6.5,1.7796301295775123,1,16,Wednesday,January,0,2015
8.1,0.9741996525774714,1,0,Tuesday,March,0,2012
3.7,0.9035798118275973,5,4,Saturday,March,1,2009
15.3,3.2984492893485853,2,18,Saturday,April,1,2012
4.5,0.8254133190612333,2,16,Saturday,August,1,2009
8.5,1.61385493558213,1,18,Wednesday,December,0,2010
10.1,2.692616616070546,1,8,Friday,December,0,2009
6.6,1.2883575372054343,2,20,Friday,March,0,2009
10.9,4.855798363066262,1,20,Thursday,January,0,2011
16.5,4.367171477189285,2,18,Saturday,December,1,2012
15.5,3.422153018456244,2,13,Thursday,December,0,2013
10.6,2.6275632954444257,1,0,Wednesday,February,0,2009
6.9,0.864891713391724,1,10,Tuesday,December,0,2009
4.9,1.4869404761636955,1,5,Saturday,January,1,2010
8.1,2.978319434354321,1,13,Saturday,December,1,2011
4.0,1.2042834029574323,2,14,Monday,November,0,2014
13.0,4.828044620048247,2,9,Saturday,October,1,2013
17.0,4.203757758589057,1,21,Wednesday,February,0,2015
12.5,4.347891917372542,1,14,Sunday,September,1,2011
7.3,1.0712351952711356,1,15,Wednesday,December,0,2009
10.9,4.763244421203552,1,21,Thursday,February,0,2009
11.5,2.829313650124379,6,9,Tuesday,June,0,2013
5.3,1.0215385466167324,1,15,Tuesday,October,0,2010
4.5,1.124614522167469,1,2,Sunday,July,1,2011
27.3,10.252036330512333,2,21,Friday,May,0,2012
6.5,1.0052394893664165,5,8,Wednesday,November,0,2014
6.9,2.033618178276286,5,14,Monday,December,0,2011
9.5,1.945199122055941,1,23,Saturday,December,1,2012
6.9,1.5768203215262129,1,8,Tuesday,March,0,2010
14.9,3.5641854858367203,1,13,Wednesday,June,0,2012
6.9,2.6251262164102767,4,21,Saturday,January,1,2010
14.0,6.024552219453803,1,21,Friday,October,0,2014
5.7,1.1236912839068207,1,7,Friday,April,0,2010
9.7,2.4232044922170237,1,21,Saturday,January,1,2009
7.3,0.8595929529090147,1,15,Monday,July,0,2011
26.5,9.86837864643478,5,4,Saturday,July,1,2012
9.3,3.3636539556596476,1,21,Thursday,November,0,2011
3.7,0.6487593741512745,3,4,Saturday,September,1,2012
8.5,2.3733433229499936,1,14,Thursday,September,0,2010
4.5,1.3034120030543532,1,7,Sunday,June,1,2013
4.5,0.9009601338534984,1,10,Thursday,April,0,2010
9.0,1.9650497343335849,6,12,Wednesday,February,0,2014
15.7,5.164092834303841,1,1,Tuesday,November,0,2011
5.3,1.7007943040185147,1,19,Monday,October,0,2009
4.9,1.2848032022270628,1,6,Thursday,November,0,2011
8.5,1.1097672253499717,2,18,Wednesday,December,0,2012
7.0,1.5598038902317084,5,11,Sunday,October,1,2013
63.0,15.55919485929699,1,13,Sunday,March,1,2014
4.9,1.5252508199220813,5,9,Sunday,April,1,2010
16.0,5.734463111038917,1,19,Saturday,February,1,2013
4.5,0.6916125668284858,5,20,Monday,July,0,2010
14.9,7.150724710790792,1,10,Sunday,September,1,2011
6.1,2.305201765372569,1,16,Sunday,September,1,2012
8.5,2.575372015186177,1,0,Sunday,October,1,2011
8.5,2.958088891652654,1,1,Saturday,December,1,2013
8.9,3.1319813684759183,1,11,Monday,October,0,2010
6.9,1.8795299597081727,1,11,Monday,October,0,2009
7.3,2.2721500002738146,1,15,Friday,June,0,2009
6.9,2.8426720651093604,1,21,Saturday,January,1,2010
4.9,0.7708682980288594,1,20,Saturday,January,1,2010
13.0,3.5627278952396924,1,22,Tuesday,October,0,2012
6.9,1.945202569459645,5,23,Tuesday,November,0,2011
14.8,1.8696908752307853,1,22,Wednesday,February,0,2013
29.3,7.353854323079055,1,6,Saturday,December,1,2012
9.0,1.5557015316720353,2,14,Wednesday,July,0,2013
6.1,1.4718234686967735,2,14,Friday,May,0,2010
8.0,1.9489732662220072,1,11,Monday,April,0,2013
8.9,2.081463492875735,1,13,Tuesday,February,0,2010
6.1,0.9917713435190095,2,1,Saturday,June,1,2012
6.5,1.3646119734343074,1,21,Wednesday,April,0,2011
7.5,1.1228167879988131,1,14,Monday,February,0,2013
13.5,3.4469383457266836,5,16,Saturday,February,1,2013
4.9,1.052137736362776,2,1,Saturday,January,1,2009
13.0,4.089862962636265,1,23,Friday,March,0,2014
8.9,2.211269667519955,2,0,Friday,June,0,2012
5.3,1.0979001335144836,1,11,Thursday,August,0,2012
17.5,5.904029301119031,1,2,Saturday,February,1,2015
6.5,1.6932496787514262,1,10,Friday,February,0,2009
6.9,1.7320053018070798,1,20,Friday,April,0,2009
36.0,8.314027463793945,1,15,Wednesday,August,0,2014
50.5,14.796646231629678,1,21,Saturday,September,1,2014
12.1,3.3677715045395487,1,12,Wednesday,November,0,2009
4.9,0.8108023139637289,2,10,Wednesday,March,0,2011
31.83,9.010520042473049,1,22,Thursday,July,0,2014
4.9,1.2866462759441748,1,18,Wednesday,June,0,2009
4.5,2.64703470484462,1,18,Sunday,December,1,2010
12.5,1.8575171721016837,1,9,Friday,February,0,2013
5.0,1.0342700054874883,1,16,Wednesday,February,0,2015
9.7,2.8751173744655683,1,23,Saturday,April,1,2012
7.5,1.7024813477474543,1,23,Thursday,January,0,2014
6.5,2.0046540612573516,1,12,Friday,December,0,2010
7.0,1.5721572767427054,1,23,Wednesday,September,0,2013
5.3,1.2586892512872705,1,22,Sunday,July,1,2011
6.1,1.6349511875886527,1,20,Friday,August,0,2011
7.3,1.5818438758585485,2,18,Saturday,April,1,2010
2.5,0.0029624106648881332,1,11,Sunday,June,1,2012
4.5,0.9896432365104838,1,11,Friday,September,0,2011
6.5,1.5134197638721256,1,23,Sunday,June,1,2010
2.9,0.3806554448711207,1,23,Wednesday,December,0,2010
9.7,2.1601553160738396,6,14,Wednesday,August,0,2012
8.0,2.7644109489948856,1,10,Friday,November,0,2012
5.5,0.8222002935658345,1,13,Sunday,August,1,2014
24.5,9.089828196715384,1,11,Thursday,June,0,2011
16.1,7.8686342763536175,1,22,Tuesday,January,0,2009
6.5,1.7988426691891852,1,12,Wednesday,September,0,2009
8.0,1.9440044150134574,1,22,Thursday,July,0,2014
49.8,20.513535145369307,5,15,Wednesday,April,0,2012
23.5,6.037872605292649,1,18,Thursday,September,0,2012
7.3,2.173437682039613,2,12,Thursday,August,0,2012
19.3,9.557046428464263,2,4,Sunday,May,1,2011
6.1,0.5377265755170695,5,11,Friday,March,0,2012
14.3,0.002182548999882391,1,1,Sunday,November,1,2009
24.1,11.03240596098717,1,1,Friday,April,0,2012
8.9,3.724569328913756,2,7,Sunday,January,1,2011
4.5,0.9349467208675103,2,6,Friday,December,0,2011
7.0,2.026189543423973,5,0,Friday,November,0,2013
6.5,1.3084581471162444,2,14,Monday,January,0,2012
6.0,1.434793799339059,3,0,Monday,December,0,2014
4.1,0.6748500072706196,1,21,Friday,May,0,2011
15.7,6.633255427948072,1,23,Saturday,March,1,2012
18.9,2.82661978222409,2,9,Friday,October,0,2009
15.5,2.353780048005264,1,10,Wednesday,October,0,2013
8.5,1.8039299544631808,2,16,Wednesday,September,0,2013
9.3,1.7409114482687706,3,10,Monday,November,0,2010
21.7,8.397203616308285,4,14,Friday,October,0,2011
13.7,3.3721389497417977,1,22,Friday,July,0,2010
10.1,1.4473327210250406,1,8,Wednesday,July,0,2012
16.5,1.6984476609194417,1,15,Friday,June,0,2014
6.9,2.0338268605903203,1,18,Saturday,June,1,2011
8.0,1.7794519416819385,5,21,Friday,October,0,2013
4.1,0.581702783868259,2,1,Saturday,August,1,2010
20.1,11.14932666459704,1,14,Saturday,July,1,2010
12.9,5.572858981920634,1,21,Saturday,June,1,2012
7.7,1.5448176126145547,2,18,Thursday,March,0,2012
8.1,2.354382975943452,2,21,Friday,July,0,2011
8.9,4.050660038201011,1,21,Wednesday,February,0,2011
4.5,0.8595079431185294,1,14,Friday,March,0,2009
12.5,1.6131019898391004,1,17,Monday,September,0,2013
9.0,2.15521816394385,1,21,Saturday,January,1,2014
12.1,3.2587906806312206,2,10,Thursday,February,0,2012
6.1,2.3262350416775366,2,20,Wednesday,January,0,2009
6.9,3.053641614807041,5,5,Saturday,March,1,2009
45.0,18.146041575163608,1,16,Tuesday,November,0,2009
14.5,20.71263266528665,1,10,Monday,September,0,2010
18.5,7.726552294814595,2,23,Sunday,March,1,2011
18.0,5.455725811324123,1,7,Monday,March,0,2014
72.7,18.449346705957637,2,8,Tuesday,October,0,2010
8.0,2.1276829651889515,1,7,Wednesday,March,0,2013
4.1,0.6709488765142728,1,6,Wednesday,November,0,2009
10.9,3.3731431927652262,2,19,Thursday,May,0,2010
35.0,14.16429104163497,4,1,Friday,September,0,2013
11.3,2.611856156737231,1,8,Wednesday,November,0,2011
4.5,1.5443181384912061,1,20,Saturday,February,1,2009
4.0,0.8737900187449992,1,16,Thursday,September,0,2014
6.0,1.2393366978708895,1,17,Friday,August,0,2014
10.9,3.9826466124155293,4,1,Saturday,October,1,2010
6.5,1.2261226672784424,1,1,Wednesday,April,0,2015
6.1,1.2592313886988462,1,17,Friday,January,0,2010
6.0,1.2084762862071088,3,15,Friday,February,0,2015
44.0,16.22078640343327,2,23,Saturday,March,1,2014
11.5,4.786857097345386,2,10,Sunday,October,1,2014
6.0,1.4362202618930389,1,12,Saturday,August,1,2014
9.5,3.079310169634091,1,12,Saturday,February,1,2014
7.7,2.0390271095895853,1,22,Sunday,February,1,2012
8.9,2.232598941918078,1,15,Saturday,June,1,2010
6.1,2.015964655378477,1,6,Friday,January,0,2009
7.5,1.1646920253677562,1,11,Wednesday,March,0,2015
8.5,1.4580307871359401,1,12,Wednesday,September,0,2011
6.5,0.5438184856477369,2,17,Friday,January,0,2011
29.07,11.709027583673098,1,12,Tuesday,March,0,2010
4.5,0.5708950250909316,1,15,Tuesday,June,0,2014
5.7,1.354586963730064,1,13,Saturday,February,1,2011
13.3,4.786116776863902,1,0,Wednesday,December,0,2010
16.9,6.713205293751942,1,10,Tuesday,January,0,2009
11.7,3.4316747920663953,1,16,Saturday,August,1,2009
9.5,2.837850975522633,1,1,Saturday,May,1,2013
6.1,1.5204054426269518,1,20,Sunday,July,1,2009
8.1,3.125072687063355,5,18,Tuesday,January,0,2010
7.0,1.7159895070078823,1,22,Wednesday,September,0,2014
3.5,0.17553717750065562,2,23,Friday,December,0,2012
6.5,2.6212496741558318,5,19,Tuesday,September,0,2009
12.9,7.804885981968121,1,15,Wednesday,January,0,2011
7.0,1.660062972909768,1,9,Monday,March,0,2013
6.1,0.9500179518889644,5,12,Saturday,January,1,2009
5.5,1.8396208439403339,2,18,Wednesday,April,0,2013
18.5,8.001695975530987,1,15,Friday,July,0,2012
8.9,3.4776538946304467,2,19,Wednesday,February,0,2011
22.5,5.592482563099789,3,0,Saturday,August,1,2012
6.1,1.0070641171244807,1,8,Monday,May,0,2011
11.0,4.128007619677931,2,10,Sunday,June,1,2014
8.1,1.2399182780699687,1,14,Wednesday,August,0,2012
8.5,1.0747443603949869,1,12,Thursday,June,0,2012
4.1,1.101247456476736,1,7,Tuesday,January,0,2012
10.9,2.698978732693381,1,15,Friday,April,0,2010
4.5,1.2779404621217838,1,10,Monday,August,0,2009
6.9,3.225448242759294,1,22,Monday,August,0,2011
15.5,2.1240778453954086,2,18,Sunday,August,1,2014
28.5,11.791543647988565,2,20,Tuesday,January,0,2013
10.5,3.019095163730802,6,16,Wednesday,November,0,2012
7.7,2.192335347875912,1,10,Tuesday,April,0,2011
4.5,0.8511021645686849,5,1,Sunday,May,1,2013
13.0,3.397709173345664,2,20,Tuesday,July,0,2014
6.9,1.1711674400288188,4,21,Tuesday,August,0,2009
10.5,3.121816469407717,2,20,Monday,November,0,2014
9.5,2.7005931717118057,1,6,Monday,February,0,2015
5.7,1.2649375103802563,1,11,Saturday,March,1,2010
9.5,2.6891769189612273,2,1,Monday,November,0,2013
5.5,1.0117850548065062,1,16,Tuesday,March,0,2015
4.0,0.5186886141235355,1,20,Thursday,May,0,2014
11.3,4.090629822401438,1,21,Thursday,November,0,2009
7.7,2.055252352320145,1,2,Saturday,May,1,2010
4.1,1.1947848606478726,2,21,Saturday,April,1,2010
8.1,2.804243932735019,2,22,Thursday,May,0,2010
20.9,8.972779144880702,1,6,Monday,January,0,2012
22.0,7.28755368392724,1,7,Monday,December,0,2012
4.1,0.36722268388802265,1,13,Saturday,April,1,2009
6.5,2.206200586116638,2,14,Thursday,September,0,2011
18.5,5.851256862020376,1,16,Tuesday,February,0,2014
2.9,0.25466549139326516,1,10,Wednesday,May,0,2009
6.1,1.9883996515856555,1,14,Thursday,March,0,2011
18.3,6.620967408688225,1,18,Wednesday,February,0,2009
12.9,6.1653389205456905,1,0,Wednesday,October,0,2011
11.0,3.3236161571605436,2,22,Wednesday,May,0,2014
3.3,0.20701961365478574,5,22,Sunday,October,1,2011
9.3,3.7412499557931285,1,17,Wednesday,May,0,2010
12.5,1.9937401534790395,5,12,Wednesday,December,0,2012
5.7,1.0346144634525059,5,21,Friday,April,0,2011
6.5,2.133021560512808,1,8,Monday,November,0,2010
10.5,2.401529115358618,1,22,Friday,June,0,2014
5.7,1.3925673734032935,6,22,Monday,March,0,2012
23.0,8.494134576333915,1,0,Thursday,August,0,2013
6.5,1.3379017898083478,1,7,Friday,April,0,2011
9.0,1.9206560580276093,2,19,Friday,January,0,2013
4.9,1.6364893912024843,1,16,Saturday,August,1,2011
3.5,0.750612808530518,1,11,Tuesday,January,0,2014
6.5,2.052771238399011,1,10,Saturday,May,1,2012
10.9,4.500129882535466,1,19,Wednesday,February,0,2009
4.1,1.0241431712559892,1,2,Tuesday,December,0,2009
6.1,1.691178640565716,1,21,Monday,March,0,2011
5.3,1.2581706673736195,1,19,Friday,July,0,2012
49.57,19.491483690812277,3,14,Thursday,June,0,2010
12.5,4.063286081287497,2,13,Wednesday,December,0,2012
9.5,2.67442862870433,1,17,Monday,April,0,2015
9.7,3.3466773139276977,1,1,Friday,November,0,2011
5.0,0.44439662354526743,1,12,Monday,March,0,2014
6.9,1.0630629920167458,5,13,Tuesday,October,0,2010
11.5,4.441867027358343,1,4,Wednesday,June,0,2014
8.5,1.5276224634795288,1,8,Wednesday,January,0,2015
9.3,3.4110643716251623,4,21,Wednesday,December,0,2009
24.67,7.367764355999009,1,16,Thursday,February,0,2010
6.1,1.8604287990360098,1,2,Saturday,January,1,2012
26.0,8.956835676023614,5,9,Wednesday,November,0,2013
32.0,12.6700173912156,1,12,Sunday,October,1,2012
10.1,0.04143403372182764,1,20,Thursday,May,0,2009
4.9,1.0105776436199967,1,9,Wednesday,September,0,2009
14.0,4.302774233210404,2,22,Monday,October,0,2014
6.9,1.8515620756902702,1,21,Saturday,January,1,2010
16.1,7.102426785805873,2,22,Thursday,March,0,2009
5.5,1.0442781718112129,1,18,Wednesday,June,0,2015
15.83,3.59269098613539,2,1,Sunday,October,1,2014
11.5,2.9913938318815703,1,20,Tuesday,July,0,2013
13.0,1.918477927221471,1,15,Monday,November,0,2014
5.7,0.6963901380281273,1,12,Friday,January,0,2009
2.5,0.26355125344448427,2,10,Saturday,May,1,2010
7.5,1.247853491015371,1,2,Sunday,September,1,2012
5.0,1.076093545501551,1,21,Thursday,October,0,2013
7.7,1.231684585466615,1,19,Thursday,December,0,2011
5.7,1.2410134331300722,2,9,Tuesday,July,0,2012
4.5,0.5459474122325161,1,1,Sunday,June,1,2015
6.9,1.538906789816817,1,15,Friday,May,0,2012
6.9,1.7948451680792183,1,23,Friday,July,0,2009
57.54,18.823659391872745,2,17,Sunday,June,1,2015
10.5,3.0914913178654135,2,14,Monday,December,0,2009
7.5,1.3126597830344346,2,21,Tuesday,June,0,2015
28.1,13.456013790764002,1,2,Wednesday,May,0,2010
5.5,0.8566535128727026,1,13,Thursday,September,0,2012
6.5,2.2472193671142455,5,20,Monday,February,0,2010
14.5,2.9099523862541328,1,14,Friday,June,0,2010
12.5,4.098440801657077,1,22,Thursday,December,0,2012
9.0,0.9334515526071933,1,17,Sunday,June,1,2013
9.7,2.592326605411866,1,8,Thursday,December,0,2009
20.0,9.208957897686862,1,22,Sunday,June,1,2015
59.5,22.99131329722769,1,19,Friday,May,0,2015
12.5,2.347040913565109,1,18,Saturday,November,1,2014
49.8,19.072122842229486,1,15,Sunday,April,1,2012
12.5,3.5663904636379655,1,0,Sunday,August,1,2014
4.1,0.6933847492839367,1,12,Sunday,January,1,2012
11.3,4.636215459148526,1,16,Wednesday,November,0,2011
25.7,10.771163319730666,1,22,Wednesday,February,0,2010
16.5,5.467867061221086,1,20,Friday,January,0,2015
5.3,1.4440095912761008,1,18,Friday,March,0,2011
11.3,4.053652866221239,1,7,Saturday,August,1,2012
4.1,0.7507898591005424,1,23,Monday,October,0,2009
10.5,2.9807551999517092,1,15,Monday,September,0,2011
14.1,5.203715642834152,1,11,Thursday,September,0,2009
8.5,2.4049266373094813,3,1,Sunday,December,1,2012
11.0,2.1546143229558297,1,6,Wednesday,April,0,2013
5.5,1.2822762010244142,1,10,Friday,July,0,2014
4.1,0.8459910023850621,1,23,Tuesday,November,0,2009
8.5,2.535044139082827,1,19,Saturday,November,1,2013
11.3,3.875361350150633,1,18,Thursday,December,0,2011
5.3,1.3360008934391452,1,11,Monday,September,0,2011
49.15,19.393208164606737,2,14,Friday,June,0,2009
10.0,4.229970155225297,1,1,Friday,November,0,2013
26.5,5.362562663941355,1,15,Tuesday,November,0,2013
5.3,1.2758744494018046,1,15,Friday,March,0,2012
7.7,2.417662263049093,1,0,Sunday,May,1,2011
12.5,5.598661895101643,2,6,Saturday,April,1,2013
6.1,1.8058119730146411,1,22,Wednesday,February,0,2010
4.5,1.0340431333975106,2,17,Friday,December,0,2012
10.1,2.969763675791424,1,13,Friday,February,0,2009
30.0,7.934171451045548,1,0,Thursday,May,0,2015
10.1,4.924068926926288,1,21,Wednesday,August,0,2009
7.5,1.8277227989781393,1,10,Thursday,October,0,2012
6.9,1.725850087194922,1,9,Tuesday,November,0,2011
5.7,0.8408267998538896,6,15,Sunday,February,1,2010
17.7,5.878369359614056,1,10,Thursday,May,0,2011
6.1,1.3584293875614262,1,2,Thursday,January,0,2009
31.33,8.732040573306106,1,18,Friday,November,0,2013
8.9,2.415475929101872,1,7,Wednesday,June,0,2011
44.0,9.617913501366836,1,18,Sunday,March,1,2014
52.0,0.026987468099140394,1,18,Monday,August,0,2014
10.7,1.3978081105493936,1,17,Monday,January,0,2009
6.5,1.543283100231811,4,0,Saturday,October,1,2013
30.83,8.747302300742424,1,18,Thursday,December,0,2014
17.3,8.442612498127797,1,1,Friday,May,0,2011
6.5,0.148030902575091,1,21,Wednesday,February,0,2013
11.5,3.001053671693347,6,18,Tuesday,May,0,2014
4.1,0.5374269190197168,1,17,Sunday,May,1,2010
38.5,0.15929278995358023,1,14,Tuesday,October,0,2010
6.5,1.8354237790225223,1,17,Sunday,April,1,2012
5.3,1.2488622582068014,2,20,Wednesday,October,0,2009
13.0,1.7402274463820424,1,7,Thursday,November,0,2012
11.5,3.1977389264296154,2,22,Tuesday,May,0,2013
6.5,1.2740648128339673,1,12,Tuesday,April,0,2013
7.5,0.9474871869486264,1,18,Monday,February,0,2013
10.9,3.417805867172773,1,16,Monday,November,0,2011
10.5,3.2163450994152316,1,23,Friday,May,0,2009
4.5,0.9843016701184766,1,13,Thursday,March,0,2010
9.0,4.046390856592166,2,3,Sunday,November,1,2013
4.9,1.546217976755827,1,21,Thursday,May,0,2010
13.5,2.335042742132929,1,20,Friday,February,0,2014
6.9,0.33827064032433724,1,13,Wednesday,August,0,2011
14.5,4.133004625331126,1,22,Sunday,June,1,2013
11.0,4.0151940262414465,6,12,Wednesday,October,0,2013
9.5,1.2525957495825684,1,9,Thursday,December,0,2014
12.5,1.1118548718688464,1,11,Wednesday,April,0,2015
13.7,5.424958076447822,1,1,Sunday,June,1,2010
3.7,0.6474478182354625,1,18,Wednesday,January,0,2010
9.0,1.7622593665858342,1,20,Friday,November,0,2013
8.1,2.2845449075005853,2,7,Saturday,April,1,2009
8.1,2.8838759554188584,1,11,Sunday,July,1,2011
12.0,3.7766652105519567,1,18,Saturday,February,1,2014
7.3,2.5875415484877813,2,22,Saturday,June,1,2009
11.7,4.284906779502538,2,20,Saturday,October,1,2011
8.5,1.5977349788310307,6,12,Sunday,September,1,2013
7.3,1.840308505036181,1,10,Thursday,May,0,2009
7.7,2.5281842656993803,1,13,Monday,January,0,2012
10.0,1.6903077966985518,1,0,Sunday,April,1,2014
24.5,7.686614516453553,1,17,Tuesday,October,0,2014
4.5,0.7232220721395382,1,2,Tuesday,August,0,2012
19.0,4.891905442880142,1,18,Wednesday,October,0,2014
7.3,2.254018323930482,1,1,Sunday,February,1,2009
8.5,3.8745663803190795,1,17,Saturday,January,1,2010
7.3,6.608951646849735,2,22,Tuesday,July,0,2012
11.7,1.111451598287048,5,20,Thursday,December,0,2009
4.0,0.694031948379802,1,1,Saturday,January,1,2014
17.3,6.739161223012734,1,15,Sunday,March,1,2011
4.9,0.5777784395229998,2,15,Sunday,May,1,2009
10.5,2.8836631229836227,1,8,Wednesday,April,0,2009
5.7,1.0894610027496363,2,6,Thursday,October,0,2010
8.9,2.9406902503033043,1,21,Tuesday,April,0,2011
6.5,1.335061566085647,1,16,Tuesday,May,0,2013
8.0,1.7741609423714315,5,13,Saturday,April,1,2014
7.5,1.5875370398100632,1,22,Friday,January,0,2015
17.0,4.82899048433886,1,10,Wednesday,December,0,2014
6.5,1.4873513434421255,2,20,Saturday,March,1,2013
3.3,1.3873480939797165,2,13,Saturday,September,1,2010
5.3,1.7364784510564657,1,19,Tuesday,November,0,2010
12.5,2.687504764137732,2,22,Friday,May,0,2015
23.3,7.3746545468491735,1,7,Friday,April,0,2010
4.5,0.7680166399300467,2,15,Thursday,May,0,2014
16.9,6.373382268574924,1,10,Thursday,July,0,2010
5.0,0.8047076226313729,1,23,Monday,September,0,2014
6.5,1.3988244916788015,5,22,Monday,October,0,2012
7.7,2.8947186180179045,1,17,Tuesday,April,0,2011
13.7,3.8952355376590133,2,8,Thursday,November,0,2011
12.5,1.1211624928050405,3,16,Saturday,February,1,2013
12.0,3.7902151583777965,2,17,Tuesday,August,0,2014
8.5,2.3946762699945046,1,9,Thursday,June,0,2010
10.5,4.235337185504784,1,16,Thursday,October,0,2011
10.1,2.176945855124968,1,18,Thursday,May,0,2010
19.0,5.9724716563814715,1,20,Saturday,March,1,2013
4.0,0.6595828507789494,1,21,Saturday,April,1,2013
20.5,9.631786481706046,1,1,Sunday,April,1,2012
3.7,1.1157379313526463,2,18,Saturday,August,1,2009
183.0,0.058804448350387645,1,20,Wednesday,February,0,2014
9.3,0.28873601364089,1,4,Sunday,May,1,2010
4.5,0.9264910093795891,1,17,Tuesday,September,0,2012
17.3,6.520312944728321,5,18,Tuesday,February,0,2012
30.67,11.873157723668283,1,10,Sunday,February,1,2010
7.3,2.6107068391111388,1,21,Wednesday,July,0,2009
9.5,2.2989874479128796,1,18,Monday,May,0,2014
7.5,1.3246022406450269,1,13,Saturday,June,1,2013
4.5,0.77264264064698,2,17,Saturday,January,1,2014
14.9,7.604683127513527,1,7,Friday,June,0,2009
10.5,1.9596122431248724,1,19,Friday,October,0,2013
4.9,0.651780843497096,2,13,Wednesday,May,0,2012
7.7,1.176810498314851,1,8,Friday,April,0,2011
11.5,2.9827437827090604,1,8,Monday,January,0,2015
4.1,0.8265540619302106,1,21,Wednesday,April,0,2010
11.5,0.9781426544907341,1,15,Thursday,June,0,2014
4.5,1.390248909527581,4,0,Sunday,February,1,2009
14.5,2.1446393923316793,5,17,Thursday,September,0,2009
5.5,0.8896635831282255,5,20,Friday,January,0,2014
7.0,0.6167418823137575,3,17,Monday,September,0,2012
4.0,0.8704604642662586,1,10,Sunday,October,1,2012
17.3,6.597933972962365,1,15,Wednesday,October,0,2009
10.1,3.733465358316313,1,13,Saturday,January,1,2011
10.9,3.01520067786042,5,9,Tuesday,August,0,2009
9.0,1.449120680365936,1,13,Wednesday,March,0,2015
18.0,2.264903197873319,1,18,Wednesday,November,0,2014
16.1,8.551587586648411,1,16,Monday,October,0,2010
11.3,5.593245122351995,1,9,Sunday,November,1,2009
5.7,0.9882912914534687,1,19,Thursday,October,0,2009
5.8,1.1528694593145803,2,1,Saturday,January,1,2009
6.1,1.4635313110509558,1,2,Wednesday,February,0,2011
15.0,3.0802606990327503,1,16,Thursday,November,0,2014
6.9,0.993697132728597,3,22,Saturday,March,1,2010
7.5,2.0027786102624994,1,2,Saturday,March,1,2014
6.5,1.9789205480952203,1,16,Sunday,March,1,2010
9.3,3.449734526709783,1,7,Friday,March,0,2009
4.9,0.732952668975227,6,22,Sunday,December,1,2009
13.0,4.397596044033916,1,5,Monday,January,0,2014
57.54,20.26957451724946,1,23,Thursday,June,0,2015
28.8,6.200773305606972,1,17,Thursday,October,0,2012
12.5,2.8398547350440917,1,12,Wednesday,August,0,2013
10.0,2.8184464677434664,1,20,Thursday,December,0,2012
10.0,1.5894957299286216,2,15,Wednesday,March,0,2015
10.0,2.7248334583783507,1,10,Sunday,August,1,2014
10.5,2.309176279963113,1,17,Monday,April,0,2009
8.5,0.607982211558596,1,11,Wednesday,November,0,2011
22.5,5.393353514812655,1,13,Sunday,June,1,2013
7.0,1.4552900835897755,1,9,Tuesday,November,0,2012
6.9,1.3121737444780468,1,10,Thursday,December,0,2011
15.7,3.991065725509462,5,12,Monday,June,0,2012
9.5,1.4381998086279775,1,15,Tuesday,February,0,2014
4.1,0.5032485685859795,2,19,Friday,May,0,2009
5.3,1.2123198451310546,1,1,Friday,July,0,2009
25.0,7.587840579494622,1,14,Tuesday,June,0,2015
8.9,2.551948408517321,2,16,Tuesday,November,0,2011
4.1,0.95802111970957,2,20,Tuesday,May,0,2009
14.0,0.7948493701061665,1,9,Monday,March,0,2014
11.7,4.954274599757928,5,23,Wednesday,August,0,2009
26.5,12.630503487111142,2,9,Friday,May,0,2014
4.5,0.7156590454172473,2,9,Friday,May,0,2010
5.7,0.4986676897254122,5,12,Sunday,August,1,2010
8.5,2.162280750889538,1,9,Saturday,May,1,2015
5.3,1.3633598934551443,1,19,Friday,May,0,2010
9.0,2.6520221565920847,1,20,Friday,January,0,2013
10.5,1.188373373618787,5,12,Thursday,January,0,2009
6.1,1.565299944209816,1,6,Tuesday,July,0,2011
6.5,2.407687697173566,1,2,Sunday,November,1,2013
10.1,4.556559966723956,5,19,Wednesday,January,0,2012
10.5,1.6909268614470876,1,9,Friday,June,0,2012
5.3,0.8731019402793687,1,18,Tuesday,November,0,2010
8.1,1.6610810624567938,1,12,Saturday,June,1,2012
11.7,5.168775141692782,1,8,Monday,July,0,2011
15.5,4.2368359059652665,2,11,Sunday,November,1,2012
3.3,0.43773201235695,1,3,Friday,July,0,2009
5.3,1.1593078171803908,1,23,Saturday,July,1,2010
9.3,3.4094722107131887,1,1,Friday,August,0,2011
5.5,0.5576602396010538,5,10,Monday,February,0,2014
4.5,0.4602561427909583,1,11,Monday,October,0,2014
15.3,5.0426956049247105,2,14,Saturday,May,1,2011
7.3,2.387694795188375,1,17,Friday,October,0,2010
18.5,5.415809828437509,1,22,Sunday,May,1,2014
14.0,2.342331621615308,1,9,Tuesday,February,0,2014
8.1,1.7195643398776204,1,17,Friday,July,0,2011
7.7,2.347102293312228,1,3,Friday,February,0,2010
12.9,4.42405214877891,1,10,Monday,April,0,2012
9.5,1.5922314240774698,5,16,Tuesday,May,0,2014
14.0,3.8929119107524386,3,21,Saturday,May,1,2014
4.1,0.6922180656007023,6,0,Wednesday,May,0,2012
46.5,1.2334931806828688,6,14,Saturday,July,1,2013
4.1,0.5247874384767568,1,12,Saturday,June,1,2009
5.0,1.0750252832572373,2,12,Tuesday,June,0,2015
12.0,2.411803117146328,5,16,Wednesday,May,0,2015
11.5,3.3251356889540387,1,21,Tuesday,July,0,2013
6.5,1.2844107435662475,1,20,Saturday,April,1,2013
6.5,2.155269956416061,2,19,Thursday,February,0,2012
13.5,3.050801503960246,1,15,Thursday,May,0,2013
10.5,4.060051404063234,1,1,Sunday,April,1,2009
57.33,21.14755284589194,6,19,Tuesday,December,0,2014
45.0,22.41545574730613,2,17,Wednesday,June,0,2012
16.1,7.7521246151448,1,22,Friday,May,0,2009
10.5,3.0288290788818597,1,2,Wednesday,June,0,2014
4.5,0.8546400460856359,1,12,Monday,February,0,2012
6.5,1.2384197879975694,1,15,Friday,October,0,2013
11.0,2.6708452567958467,1,12,Saturday,June,1,2015
8.0,2.4152726739714176,2,3,Sunday,February,1,2014
30.35,9.72789001133185,2,5,Wednesday,March,0,2009
4.5,0.5105098649653059,1,8,Wednesday,August,0,2009
26.27,9.680061379459561,1,13,Thursday,March,0,2010
13.5,0.8035118290621849,2,15,Wednesday,May,0,2014
3.3,0.4594106510610932,1,23,Monday,December,0,2009
10.9,3.470863499469417,1,18,Friday,March,0,2012
14.9,3.5594950352865955,1,14,Monday,December,0,2011
10.1,3.1362289874010023,5,11,Wednesday,October,0,2011
10.5,2.4683277325778343,6,19,Saturday,April,1,2015
5.5,1.2465509032330655,1,14,Monday,January,0,2013
18.0,4.390090129343663,1,18,Sunday,July,1,2014
18.0,4.357046117567711,1,8,Friday,January,0,2015
5.7,1.2372059221975131,1,13,Tuesday,March,0,2010
11.5,2.1033315373451673,6,17,Thursday,August,0,2013
6.5,1.4889888798592223,2,18,Thursday,April,0,2015
11.0,2.4597258444796983,1,22,Wednesday,January,0,2015
37.0,14.24984764945401,2,11,Friday,July,0,2014
10.5,2.2827551243249347,1,15,Wednesday,December,0,2012
35.33,7.834346232420204,1,7,Monday,November,0,2014
5.0,1.0735164593248618,5,22,Friday,April,0,2013
3.3,0.8041867580680173,1,22,Monday,January,0,2012
16.5,7.561301455054838,1,7,Tuesday,May,0,2011
32.1,9.823850776929598,1,16,Wednesday,January,0,2011
16.5,5.976358531766785,2,21,Wednesday,March,0,2010
4.1,1.0875439601458678,1,17,Sunday,June,1,2011
11.7,4.200872535995812,1,0,Saturday,July,1,2011
6.1,1.5873176093048804,1,19,Wednesday,May,0,2010
8.9,2.15232276415144,1,15,Friday,September,0,2011
26.0,3.0233274769869998,1,18,Sunday,May,1,2015
39.3,14.090334490152616,1,20,Monday,February,0,2012
3.7,0.6547221907570747,1,16,Monday,June,0,2010
12.5,4.418882064101776,1,21,Tuesday,July,0,2014
11.0,2.0223062956313846,2,19,Thursday,January,0,2014
8.0,1.545156209391992,1,0,Saturday,April,1,2015
7.5,1.8065768142702885,2,19,Saturday,August,1,2013
6.9,1.5907802079506685,1,17,Monday,February,0,2010
7.3,1.9085168023008077,1,15,Saturday,February,1,2009
6.0,1.162558278242779,2,17,Sunday,August,1,2014
9.7,4.491421505616906,1,13,Sunday,March,1,2012
7.3,1.9159035837026768,1,23,Friday,July,0,2009
22.0,6.770178298477818,6,21,Thursday,June,0,2013
25.5,6.376497538752321,1,13,Friday,July,0,2013
9.0,2.4600935759784264,1,2,Thursday,January,0,2015
16.5,5.782675978230202,1,2,Tuesday,August,0,2014
13.7,5.406431682343226,3,10,Friday,July,0,2010
15.0,4.618004848611885,2,3,Saturday,June,1,2013
5.7,2.2334259754468606,1,19,Tuesday,July,0,2010
24.83,6.058320248305725,1,10,Thursday,July,0,2013
15.3,5.035595540713288,5,22,Wednesday,June,0,2010
6.5,1.302981675252889,2,2,Sunday,July,1,2013
4.9,1.729280079005826,5,8,Monday,January,0,2009
45.0,21.085317497032147,1,22,Monday,August,0,2011
4.9,1.040623674267871,1,21,Wednesday,January,0,2012
8.5,2.6806186562247394,1,19,Tuesday,March,0,2015
4.5,0.7287266575916029,1,18,Monday,March,0,2014
4.5,0.9236975085774886,5,21,Monday,July,0,2011
4.5,1.3287932228590114,1,23,Wednesday,January,0,2012
5.5,1.0131133999739956,6,13,Friday,July,0,2013
6.5,1.74043769784524,1,3,Tuesday,May,0,2009
5.5,1.1679485308382562,1,11,Saturday,January,1,2015
5.7,1.3270397068705533,1,17,Thursday,December,0,2011
20.9,7.253644961914113,1,0,Friday,May,0,2011
78.75,18.186760312077617,3,18,Wednesday,March,0,2015
9.3,3.6602163724021426,1,16,Saturday,August,1,2011
10.0,1.6282011639981122,2,0,Sunday,April,1,2013
10.0,2.5991420415574646,1,8,Wednesday,June,0,2014
6.9,1.4101879584257064,1,23,Friday,May,0,2010
20.0,8.617999810927287,1,8,Friday,May,0,2015
8.9,2.6982441866408027,2,22,Sunday,June,1,2012
7.3,2.473574308981302,5,10,Tuesday,June,0,2010
45.0,20.478049985278478,2,10,Monday,August,0,2011
7.7,1.922745580593444,1,19,Thursday,April,0,2009
4.1,1.077718009191254,1,10,Friday,March,0,2012
6.0,0.911532240514765,1,19,Saturday,May,1,2015
11.0,2.779817370372839,1,12,Wednesday,October,0,2014
6.9,4.041546729716175,1,12,Saturday,December,1,2011
7.5,1.222211246226902,1,8,Thursday,November,0,2012
14.1,7.034746347228978,1,21,Thursday,September,0,2010
11.0,3.0867045540978753,3,21,Thursday,December,0,2014
6.1,0.9771829577000115,1,9,Wednesday,February,0,2012
8.5,2.753652107582464,1,11,Sunday,July,1,2011
5.3,1.2071870981955353,2,15,Saturday,July,1,2012
19.3,7.057423457204612,4,14,Monday,November,0,2009
7.3,2.603234352604685,1,23,Wednesday,May,0,2009
12.1,5.214339117561535,2,15,Monday,November,0,2010
5.5,0.9190860520197345,6,20,Wednesday,September,0,2014
52.0,20.714120164418485,1,6,Friday,March,0,2014
13.0,3.046468781212506,1,18,Friday,April,0,2015
12.5,5.64127748112152,1,2,Thursday,February,0,2011
8.1,7.942423677622361,2,15,Thursday,September,0,2010
2.5,0.035484936748357634,1,19,Tuesday,April,0,2010
9.7,3.4494160040692505,3,22,Wednesday,August,0,2012
8.5,2.788139288584371,2,17,Monday,December,0,2009
7.7,1.9757360240558743,4,20,Tuesday,August,0,2011
12.0,4.95113712600756,1,17,Saturday,December,1,2012
8.9,2.5889734248781395,1,12,Saturday,December,1,2009
8.5,1.7737031390303108,1,22,Friday,June,0,2015
8.5,1.448858635408396,1,10,Thursday,October,0,2012
16.5,5.589650790413328,1,7,Thursday,November,0,2012
6.1,1.413454981664374,1,22,Thursday,July,0,2010
9.5,3.788643135780476,1,22,Monday,December,0,2014
6.5,1.2833722413772322,1,15,Tuesday,May,0,2014
37.83,9.027830332521445,5,15,Friday,February,0,2014
13.5,6.619502704252822,4,15,Friday,November,0,2013
7.5,2.0650319324306707,1,14,Tuesday,November,0,2012
14.0,2.917835333205689,6,8,Monday,July,0,2013
10.1,3.9709407167567212,1,15,Tuesday,July,0,2011
5.0,0.7614552020056751,1,10,Wednesday,April,0,2014
8.1,1.5199952305325557,1,23,Friday,August,0,2012
5.5,1.1996589918028955,1,22,Sunday,March,1,2013
5.0,1.3944603994758265,1,18,Wednesday,April,0,2013
14.0,3.0116106321994263,1,14,Sunday,November,1,2014
9.3,3.470859081990765,1,12,Monday,May,0,2012
5.3,2.1364492720658275,1,9,Monday,April,0,2010
8.1,1.0963382976123364,2,21,Wednesday,July,0,2012
4.6,0.8591784238792174,1,23,Thursday,March,0,2009
6.9,1.7612776320028987,1,16,Wednesday,July,0,2009
84.5,21.70604613207328,2,12,Thursday,January,0,2013
43.3,13.746826979038115,1,14,Friday,January,0,2013
7.7,1.4240533668441566,1,12,Friday,March,0,2012
12.5,3.298042518543286,1,20,Wednesday,April,0,2010
12.33,1.7201358153653707,1,17,Saturday,August,1,2014
6.9,2.130887707082471,1,10,Sunday,February,1,2012
12.1,4.833586527545866,1,23,Thursday,March,0,2011
5.3,1.0525332955556077,1,10,Thursday,November,0,2009
8.5,1.1351658583768016,2,11,Sunday,October,1,2014
14.0,3.4662851880011343,1,20,Wednesday,May,0,2014
14.0,2.9783428399840455,2,15,Friday,October,0,2014
15.5,2.4847830866068095,2,20,Thursday,June,0,2013
7.7,3.0997810017490504,1,19,Wednesday,July,0,2009
12.1,2.4554499457860635,1,16,Tuesday,March,0,2009
4.5,1.145332271155515,1,10,Sunday,November,1,2011
13.7,5.114412260458539,4,13,Saturday,November,1,2009
6.9,2.419784561653712,1,1,Sunday,January,1,2010
4.1,0.655239668289926,1,14,Wednesday,March,0,2011
4.0,0.6193276793572643,1,17,Monday,October,0,2012
4.1,0.8534247548389895,1,23,Tuesday,October,0,2009
5.0,0.8680639061330165,1,7,Tuesday,November,0,2012
10.0,3.207041835129455,1,22,Sunday,April,1,2014
22.5,8.678241508447403,5,7,Thursday,January,0,2013
11.5,3.2093516584558746,2,19,Saturday,October,1,2014
8.5,2.2399603128729346,1,21,Friday,May,0,2009
10.5,2.876718683092793,6,19,Sunday,December,1,2013
13.0,4.233418343841036,1,20,Saturday,May,1,2015
9.5,2.091742422214845,1,14,Saturday,June,1,2014
6.5,2.256962696132089,1,16,Monday,December,0,2013
6.5,1.8814266889029538,1,1,Wednesday,May,0,2009
6.5,0.9812291507756967,1,17,Thursday,January,0,2009
13.0,3.439328775262691,1,15,Friday,April,0,2015
12.0,2.724080825164636,1,16,Sunday,March,1,2015
16.5,6.259235710028399,5,23,Saturday,May,1,2010
7.3,2.2265279189475047,1,17,Monday,August,0,2011
10.9,4.238997264857204,1,0,Monday,March,0,2011
4.9,1.2315101486384403,1,11,Monday,June,0,2009
7.5,0.48266927485271244,2,12,Tuesday,December,0,2014
9.3,2.3076380903873943,1,9,Saturday,November,1,2011
7.5,1.6620420898043406,1,2,Sunday,May,1,2015
9.7,3.804869711598432,4,1,Sunday,July,1,2010
10.1,3.994940397294123,1,14,Wednesday,June,0,2012
8.1,1.7182771034564999,1,11,Saturday,March,1,2012
6.5,1.979263549236351,2,19,Friday,December,0,2010
21.0,7.660717586225028,1,11,Wednesday,August,0,2014
2.9,0.4402677304419853,1,7,Tuesday,July,0,2010
8.0,2.9596628720167737,4,22,Sunday,January,1,2013
9.5,1.2192603580977244,3,13,Sunday,January,1,2015
6.2,1.5197870253992705,1,22,Monday,January,0,2009
4.9,1.5827283871704962,1,7,Tuesday,October,0,2009
10.5,2.3456061794616336,1,11,Thursday,February,0,2014
12.0,3.4626103119616136,4,3,Sunday,July,1,2014
9.5,2.015944454579214,1,17,Friday,September,0,2012
4.5,1.4632442903116738,1,10,Monday,February,0,2009
9.7,2.4513292880075546,5,17,Tuesday,March,0,2011
8.9,1.870400845088585,1,23,Saturday,March,1,2011
6.5,2.2280648536795766,1,11,Wednesday,January,0,2010
7.7,2.1313709489054644,1,12,Sunday,February,1,2010
6.5,1.525003546770209,1,19,Saturday,May,1,2015
6.5,1.4904971689639348,1,21,Sunday,June,1,2010
8.5,2.535728666019644,1,18,Tuesday,June,0,2009
8.5,2.232714623477226,1,10,Tuesday,August,0,2009
9.0,1.5968923440522234,1,7,Friday,November,0,2014
6.5,2.537055102125539,1,3,Saturday,November,1,2011
27.47,7.5195472820912554,1,19,Monday,November,0,2010
5.0,1.2193070405296171,1,2,Saturday,October,1,2012
57.33,20.923897491537712,4,19,Thursday,March,0,2014
55.0,12.960553752092194,2,12,Monday,March,0,2015
10.5,2.824917119801994,2,17,Saturday,June,1,2014
8.5,3.812499445945157,1,23,Friday,January,0,2010
8.9,2.1973067784819453,1,14,Saturday,September,1,2010
4.5,1.215823463488008,1,17,Monday,September,0,2010
6.5,1.1367011072271118,1,12,Wednesday,December,0,2014
57.33,19.309586031016586,1,18,Saturday,November,1,2014
10.5,2.692513005641167,1,18,Monday,December,0,2013
7.3,1.5089030029163837,1,13,Thursday,March,0,2012
9.0,0.9664011813808631,1,12,Wednesday,January,0,2013
40.0,18.268295525843133,1,0,Saturday,March,1,2015
6.1,1.9012485103601322,1,14,Sunday,July,1,2012
9.5,3.715045707482338,1,21,Friday,January,0,2015
8.9,4.571619650028021,2,17,Sunday,August,1,2009
11.5,4.613103421981659,4,21,Monday,September,0,2013
5.5,0.7965029855286241,1,7,Monday,July,0,2013
11.0,3.7376700404789687,1,7,Monday,May,0,2013
19.5,5.837274795903901,3,21,Sunday,August,1,2014
10.1,3.622569585447635,1,11,Thursday,August,0,2012
10.0,2.2219991027285886,1,13,Wednesday,February,0,2014
4.9,1.2994355055828732,1,2,Monday,March,0,2011
7.3,2.1415788316999786,1,4,Saturday,July,1,2009
11.3,2.7906635476329766,1,22,Thursday,April,0,2011
7.7,2.9643797406709846,1,11,Tuesday,February,0,2011
14.5,3.347192397179266,4,10,Wednesday,July,0,2013
7.5,2.237656639942197,1,12,Friday,September,0,2014
15.8,4.189397620852526,1,3,Monday,March,0,2009
14.5,6.586154844403092,1,21,Friday,May,0,2011
8.9,2.7975361744225453,2,1,Saturday,November,1,2009
4.9,1.658421262389611,1,10,Sunday,June,1,2012
17.3,7.548146864750639,1,21,Sunday,February,1,2011
40.3,9.024391912833122,2,23,Sunday,December,1,2012
4.5,1.142833557059181,2,11,Thursday,January,0,2010
5.7,0.1811881297858572,1,4,Saturday,April,1,2011
9.0,3.0101517458497327,1,14,Saturday,July,1,2014
13.5,3.6583725225760637,5,18,Wednesday,October,0,2012
10.5,2.5104557656235604,6,15,Thursday,June,0,2013
7.7,2.1016278532301755,1,20,Friday,January,0,2012
7.7,2.3892368516069578,1,13,Sunday,October,1,2011
3.7,0.7086449189350477,3,23,Tuesday,December,0,2010
3.7,1.0230468905792496,2,8,Tuesday,December,0,2010
8.5,2.76894935196355,1,13,Tuesday,June,0,2010
16.9,8.105770772505316,1,8,Thursday,July,0,2009
5.3,1.27708510999177,5,14,Tuesday,April,0,2011
3.0,0.24779946240077771,1,17,Monday,October,0,2014
9.7,2.482332813792863,1,4,Sunday,March,1,2012
22.83,6.714015198183439,1,23,Thursday,January,0,2015
6.5,1.76991906931934,1,8,Monday,March,0,2012
4.5,0.7605796666545636,1,12,Monday,May,0,2009
6.5,2.669073159604729,1,16,Friday,July,0,2009
11.3,3.8202047989506402,1,8,Monday,February,0,2009
10.1,3.9811294715037127,1,20,Saturday,December,1,2010
8.5,2.68140694428669,1,19,Wednesday,March,0,2014
4.0,0.6470373802591114,1,1,Wednesday,December,0,2012
7.7,2.0114352716761994,1,18,Thursday,July,0,2010
21.5,7.1817630525953575,3,0,Thursday,November,0,2013
22.5,8.077096120838226,1,20,Saturday,March,1,2010
6.9,2.332852054332606,1,20,Thursday,August,0,2010
8.9,2.4281413726720458,1,14,Thursday,January,0,2010
6.0,0.7632750801175593,1,15,Friday,March,0,2014
8.0,1.3443900566821074,1,10,Tuesday,June,0,2014
2.5,0.010085731739557647,1,23,Wednesday,May,0,2011
38.9,17.551908754581053,1,8,Friday,August,0,2009
6.0,1.2333283615722923,1,15,Tuesday,October,0,2013
8.1,2.4673459229455195,1,14,Saturday,June,1,2011
11.0,4.872043856485563,1,8,Sunday,May,1,2013
8.9,2.4336496596080197,1,18,Thursday,September,0,2009
7.3,2.372455828377493,5,1,Tuesday,November,0,2010
14.5,5.3687741281971855,1,17,Thursday,October,0,2010
7.0,1.9422074058158132,5,11,Monday,October,0,2013
5.0,0.6643780062937606,1,11,Monday,March,0,2013
4.5,0.8594960016057831,1,10,Thursday,March,0,2009
6.9,2.5559312123271067,1,22,Saturday,January,1,2011
23.7,10.656061882363288,1,16,Saturday,November,1,2009
7.3,2.7707485374073775,1,15,Wednesday,March,0,2010
52.0,21.453762474270533,1,13,Friday,June,0,2015
6.5,1.23463533450692,1,15,Saturday,January,1,2013
5.7,2.3055156601805464,1,18,Sunday,March,1,2010
6.5,1.5185781931061448,1,6,Sunday,March,1,2011
28.67,11.526248293856598,1,16,Saturday,November,1,2010
5.0,1.1844439365207973,1,11,Sunday,June,1,2013
12.9,5.167035121484047,1,12,Thursday,March,0,2010
8.0,1.6127968500821457,1,1,Friday,October,0,2013
7.7,1.679498792580662,1,8,Wednesday,June,0,2009
4.5,0.5877808946081052,3,15,Saturday,February,1,2010
19.0,7.74042056865911,5,11,Sunday,January,1,2013
6.5,2.000781439949251,1,22,Friday,April,0,2015
9.5,2.99432901126458,2,0,Sunday,January,1,2015
14.1,3.05675839683338,1,0,Thursday,July,0,2010
6.5,1.0982930675050815,1,13,Friday,November,0,2014
6.5,0.885631291824445,1,18,Friday,September,0,2013
6.1,2.2191566090754526,1,22,Wednesday,April,0,2010
10.1,3.323717041535787,1,22,Thursday,October,0,2009
5.0,0.6611369960543779,1,0,Sunday,September,1,2012
6.5,1.2768370774088844,1,19,Tuesday,April,0,2014
4.1,0.6160036707796316,1,12,Monday,May,0,2010
3.7,0.9333046426950873,1,10,Sunday,September,1,2009
14.9,3.757900576331041,1,18,Tuesday,May,0,2011
20.1,10.12472325488554,2,20,Sunday,January,1,2010
49.57,3.89506196701889,1,15,Tuesday,September,0,2010
10.5,4.285107044163111,2,0,Thursday,April,0,2012
19.0,6.12579031060171,1,9,Tuesday,February,0,2014
8.5,0.8807248120763208,1,17,Wednesday,February,0,2013
6.0,1.2284529828859427,1,15,Saturday,July,1,2013
18.0,4.105261863215834,4,14,Tuesday,July,0,2014
42.0,14.849968771423162,1,14,Wednesday,August,0,2013
6.0,1.938128066833089,1,8,Saturday,February,1,2013
9.5,1.7686283706551897,1,12,Thursday,November,0,2012
9.3,4.44672084250032,1,6,Monday,October,0,2010
5.3,1.409130077740966,1,20,Friday,July,0,2009
45.0,18.947553759140984,1,11,Thursday,July,0,2014
7.5,1.0121570460170677,1,20,Thursday,October,0,2014
4.9,0.7344550131278867,1,12,Saturday,January,1,2009
11.7,3.7704234731799073,3,8,Tuesday,August,0,2012
7.7,1.3556089444729116,3,12,Tuesday,May,0,2012
6.5,1.6377719129360422,3,23,Thursday,January,0,2014
7.3,1.2320587219162995,1,7,Thursday,December,0,2010
4.5,1.1509694284086651,1,7,Saturday,August,1,2014
7.7,0.9117769649998202,1,9,Tuesday,July,0,2012
5.7,1.6834260145522009,3,19,Monday,February,0,2012
10.1,1.3141410232960484,1,17,Wednesday,September,0,2010
9.3,2.3777336126075226,2,18,Monday,June,0,2011
7.0,2.25734093264502,2,2,Thursday,June,0,2013
21.0,8.857405575254022,1,3,Tuesday,August,0,2013
9.7,3.71230534623952,2,14,Saturday,March,1,2012
5.5,1.0739504771130124,1,1,Saturday,September,1,2013
5.5,1.6511872072055156,2,14,Sunday,November,1,2012
10.9,4.497273620465045,2,15,Saturday,October,1,2009
5.5,0.8112362502349634,1,8,Monday,February,0,2015
8.0,0.9250568393307813,1,16,Tuesday,November,0,2013
26.67,1.0911380133297741,1,10,Monday,April,0,2010
13.0,2.1099145489732627,1,11,Monday,April,0,2013
30.67,8.77677515812061,1,11,Monday,April,0,2010
8.5,2.4208963346286048,2,10,Friday,January,0,2009
10.5,1.3553987954151274,5,8,Tuesday,September,0,2013
6.5,1.391239528787416,1,9,Wednesday,February,0,2009
5.5,0.8097355271680262,1,19,Tuesday,January,0,2014
3.5,0.6509590349613946,1,0,Monday,March,0,2015
7.0,1.567082045504372,1,23,Friday,April,0,2013
9.7,3.5310226866883023,1,14,Friday,March,0,2012
5.3,1.3595708903690413,1,9,Sunday,March,1,2009
12.5,4.663944867785122,1,18,Sunday,March,1,2009
19.0,4.454127654709988,6,20,Monday,May,0,2013
24.0,9.6787639377844,1,4,Sunday,November,1,2013
3.7,0.851784200719559,1,17,Wednesday,April,0,2012
12.1,3.7547904729135415,1,20,Saturday,January,1,2010
6.1,2.121052919274211,1,7,Wednesday,March,0,2012
7.3,2.6841643001035935,5,19,Wednesday,August,0,2011
4.5,0.950566987272084,1,14,Saturday,December,1,2011
17.7,10.058499983357567,1,17,Monday,October,0,2011
10.0,2.777561069818458,1,23,Tuesday,December,0,2013
6.9,1.061716780629834,4,12,Thursday,August,0,2009
10.5,2.490020395334431,1,9,Friday,October,0,2012
6.9,2.625375851886788,1,20,Monday,November,0,2010
12.1,4.325334669608131,1,9,Tuesday,June,0,2009
9.3,2.7079379011100126,1,0,Sunday,May,1,2011
12.0,2.1022394982483217,2,17,Saturday,November,1,2014
11.5,2.171991404772634,1,11,Monday,April,0,2015
4.1,1.2420496866096555,1,11,Friday,October,0,2011
16.0,3.770700589071269,1,16,Monday,November,0,2014
9.0,2.9278342575066496,1,19,Thursday,March,0,2015
5.7,1.346215744713941,3,20,Thursday,October,0,2011
7.7,1.686019606828057,3,14,Wednesday,April,0,2009
6.9,2.5253625232326677,1,5,Wednesday,May,0,2012
4.9,1.235921557910945,1,8,Sunday,April,1,2011
15.0,4.9216979049511735,1,21,Wednesday,November,0,2012
4.0,0.6849627045429686,1,10,Monday,September,0,2014
4.5,1.313579774405824,2,14,Thursday,June,0,2012
8.1,2.766898517261425,4,21,Friday,November,0,2009
4.5,0.5950639555929735,1,12,Sunday,February,1,2009
6.1,1.7833910460502613,1,19,Thursday,May,0,2010
10.5,3.707288626955541,5,7,Thursday,April,0,2009
8.0,0.35985524539641894,1,9,Monday,April,0,2015
3.7,0.46551531869418855,1,20,Wednesday,April,0,2012
21.5,6.246698475876929,1,23,Saturday,May,1,2015
5.0,0.8438219530098893,1,7,Monday,April,0,2013
6.9,3.0020726839182608,1,11,Sunday,January,1,2009
8.5,2.2498339487913612,1,3,Sunday,February,1,2014
9.7,3.873832567281517,1,15,Tuesday,September,0,2009
5.7,1.552460662041545,1,20,Monday,November,0,2010
7.3,0.45408699465837926,3,19,Friday,November,0,2011
49.57,20.03347532822828,2,8,Sunday,May,1,2010
5.3,1.5694442391575933,5,22,Sunday,May,1,2010
6.1,2.4385044197496355,1,12,Saturday,April,1,2011
9.3,2.4719953677120032,2,2,Friday,March,0,2011
5.7,1.0909150943325117,2,12,Saturday,August,1,2011
36.83,9.877467246610852,2,6,Saturday,June,1,2013
5.7,1.1253422462640126,1,8,Tuesday,February,0,2009
7.7,2.5320376227240167,5,13,Wednesday,August,0,2010
6.5,0.5488660745821847,3,21,Saturday,March,1,2015
5.3,1.2114010827207473,1,16,Monday,November,0,2011
5.0,1.3575871565606166,1,17,Thursday,December,0,2013
6.5,1.649820631515349,1,12,Thursday,March,0,2009
11.5,3.2441248297071232,1,17,Monday,November,0,2012
16.0,5.098096434824003,1,11,Friday,May,0,2015
7.7,1.9969795311547514,1,16,Monday,May,0,2011
7.5,1.637709383835973,5,17,Sunday,July,1,2013
5.3,1.0108060901164866,1,0,Saturday,March,1,2011
4.1,0.9105833076332174,1,19,Wednesday,March,0,2012
6.5,1.2747723172613201,1,7,Friday,March,0,2013
5.0,1.1118683892246808,1,14,Monday,February,0,2014
8.5,1.5329090274325246,1,14,Thursday,October,0,2014
7.5,0.972703302393058,1,1,Friday,January,0,2015
4.5,0.7387152312719795,1,11,Wednesday,April,0,2015
10.0,1.2805833377112956,2,13,Tuesday,January,0,2014
9.5,1.8273691547668292,1,15,Friday,October,0,2012
7.7,1.0380908119140064,1,17,Wednesday,August,0,2012
3.7,0.8524687264481617,2,16,Sunday,January,1,2012
4.0,0.9478334295895477,1,10,Thursday,August,0,2013
9.5,1.3109863508469786,1,16,Saturday,June,1,2015
5.3,0.7681986279091608,1,9,Wednesday,October,0,2011
5.7,1.877849523053456,3,15,Friday,March,0,2011
13.3,3.234063220691027,1,17,Wednesday,June,0,2010
3.7,1.1775430721586242,1,18,Thursday,March,0,2011
5.3,0.8756865034890582,5,19,Monday,August,0,2011
36.5,12.824833281694616,6,12,Monday,April,0,2013
7.0,1.2131161091304483,1,22,Thursday,September,0,2012
5.0,0.7469124061715113,1,18,Wednesday,July,0,2013
10.1,2.5777059200351014,1,15,Tuesday,July,0,2009
7.3,1.8377362492551812,5,7,Tuesday,November,0,2009
8.9,2.414135487371265,1,22,Thursday,July,0,2012
6.0,1.7209400943870579,1,9,Monday,September,0,2012
3.7,0.5267776587214997,1,16,Friday,March,0,2010
8.0,1.9534318753087594,1,13,Friday,September,0,2013
9.3,1.7495315600990866,1,16,Saturday,May,1,2012
9.5,1.5710038026202517,1,13,Tuesday,January,0,2015
11.0,3.8041476121620126,1,23,Monday,March,0,2014
19.0,2.3800017553455923,1,9,Thursday,October,0,2014
13.0,2.7764865740413085,2,20,Friday,September,0,2012
16.5,4.667200528008194,1,21,Tuesday,August,0,2010
8.5,3.2493365144073745,1,7,Thursday,November,0,2014
6.9,1.2825521721498137,1,7,Friday,February,0,2009
11.7,4.00628989778696,5,19,Wednesday,March,0,2010
9.0,1.4367829524868827,1,19,Friday,December,0,2012
10.5,0.5186267105311915,2,14,Sunday,July,1,2012
10.1,2.999464812688369,3,15,Wednesday,July,0,2010
7.0,2.2596766217598576,1,6,Thursday,March,0,2015
20.1,9.285088563863738,1,22,Wednesday,August,0,2009
18.0,5.657676607605302,1,3,Sunday,December,1,2012
9.3,2.995881272915667,5,20,Monday,July,0,2011
7.0,1.6083181999999652,2,17,Wednesday,September,0,2013
5.5,1.385677893655868,3,7,Thursday,March,0,2015
6.9,2.6510524172911154,6,1,Saturday,May,1,2012
4.5,1.2442458548992408,2,17,Saturday,April,1,2011
7.5,1.049287200461359,2,21,Friday,May,0,2013
7.3,0.2208203392997024,1,13,Friday,October,0,2009
11.3,3.457236293365749,1,12,Tuesday,March,0,2012
3.7,0.7704452755330481,1,22,Friday,April,0,2011
4.5,0.9621008219378036,1,11,Monday,November,0,2013
4.1,0.5965580040672388,2,20,Tuesday,February,0,2011
5.3,1.2835460853960434,5,12,Thursday,August,0,2011
12.0,3.492335824060771,1,21,Wednesday,November,0,2012
4.1,1.3314307415656252,2,22,Saturday,June,1,2009
8.5,2.501217788437825,1,20,Saturday,October,1,2013
2.9,0.5292145089487397,2,18,Tuesday,May,0,2011
17.0,6.124170781556148,1,22,Thursday,May,0,2014
6.1,1.7829967264840043,1,14,Tuesday,March,0,2009
50.5,21.234103455554827,1,16,Tuesday,March,0,2010
10.1,4.31682983132211,5,21,Thursday,August,0,2010
9.3,2.4782662796875408,1,8,Friday,February,0,2011
12.5,4.3084336592216355,1,21,Thursday,June,0,2012
42.83,10.104279154871557,1,16,Monday,April,0,2013
4.5,1.1127173877330314,1,7,Thursday,February,0,2010
6.0,1.0810929950241577,4,20,Monday,January,0,2015
11.5,3.5970901392446515,1,0,Friday,December,0,2013
8.5,1.9101935171869346,1,10,Wednesday,June,0,2013
8.9,2.1887071306646213,1,14,Thursday,November,0,2011
5.7,1.4074561689065548,1,12,Saturday,April,1,2011
10.5,2.3876248192529856,1,17,Sunday,November,1,2012
10.0,2.696200533617326,5,19,Friday,May,0,2013
5.5,1.0921977187072949,1,11,Monday,August,0,2014
10.1,4.164733258050301,2,1,Monday,October,0,2011
6.5,1.2722461161311536,1,2,Saturday,March,1,2015
7.5,1.7401083809070694,1,19,Tuesday,March,0,2015
4.9,0.9189956939664562,1,0,Friday,February,0,2011
17.83,3.560143893027981,1,0,Saturday,January,1,2014
8.2,2.623308030156113,2,23,Tuesday,January,0,2009
25.0,6.224975675798829,1,19,Saturday,June,1,2014
5.7,1.3511771795181742,1,18,Thursday,April,0,2009
5.3,1.1302512673897847,1,6,Friday,April,0,2010
4.9,0.9843846370394868,1,17,Sunday,December,1,2010
13.7,5.094748952190666,2,18,Sunday,July,1,2012
10.1,4.306291789754468,2,19,Sunday,August,1,2009
5.3,0.7153399527540106,1,22,Thursday,July,0,2009
16.5,5.868158098305382,1,1,Thursday,June,0,2009
20.0,6.07629903360673,2,13,Friday,December,0,2014
6.5,2.1716619399094372,1,23,Tuesday,September,0,2011
14.0,5.473696543597466,1,1,Friday,June,0,2014
18.5,6.392993273937859,1,23,Friday,September,0,2012
4.5,0.9358711313151978,1,22,Thursday,April,0,2012
16.5,6.1312947620621845,5,20,Wednesday,July,0,2012
9.0,2.2526091308103453,5,11,Monday,December,0,2012
9.0,3.0372179741141307,2,22,Monday,September,0,2012
9.3,3.0337238640975754,6,7,Wednesday,August,0,2009
27.5,6.662541509145649,1,18,Thursday,May,0,2013
8.0,1.6434905570150837,1,10,Sunday,April,1,2013
7.3,1.7072548050447323,5,21,Tuesday,December,0,2009
4.5,0.48114107300152065,1,16,Wednesday,September,0,2014
42.33,13.71848132551974,1,21,Thursday,December,0,2013
6.0,0.7388972852777554,1,15,Saturday,March,1,2014
5.5,0.7276029880496389,1,14,Monday,November,0,2012
8.0,1.983561240129719,1,13,Monday,February,0,2013
10.9,3.6973517676538052,1,18,Wednesday,August,0,2009
12.0,3.5259629089720135,1,22,Tuesday,May,0,2015
18.5,6.029193562383411,3,19,Wednesday,March,0,2013
7.7,1.02261761519367,2,0,Friday,September,0,2011
12.5,3.6189214200374002,1,17,Friday,December,0,2010
7.5,1.5748081886543213,1,15,Thursday,January,0,2014
15.0,4.774347280193824,1,19,Sunday,January,1,2014
6.5,1.0479516300525729,1,19,Friday,January,0,2014
12.1,1.2854118190834904,1,17,Wednesday,August,0,2011
4.9,1.4939390463704743,1,1,Wednesday,November,0,2009
6.1,1.1000941450741617,1,19,Thursday,August,0,2012
7.3,1.6194779216474622,3,22,Wednesday,September,0,2010
19.0,6.113523714076526,2,2,Monday,August,0,2014
6.0,1.8404481665182586,1,19,Thursday,February,0,2013
8.1,2.248769678917989,2,0,Sunday,June,1,2011
11.5,1.6706465523672165,1,21,Thursday,March,0,2013
6.9,1.875621371138983,1,19,Wednesday,March,0,2010
6.1,1.6779058248176117,1,21,Sunday,January,1,2010
6.0,0.6610690256370139,1,18,Tuesday,January,0,2013
7.0,1.4235197197401173,1,16,Monday,September,0,2013
7.3,0.9401477207349928,1,11,Tuesday,November,0,2010
8.1,1.8747143993677344,1,15,Friday,April,0,2012
13.7,6.383578513063857,1,3,Sunday,March,1,2011
7.7,2.0857950815031985,1,13,Monday,January,0,2010
6.5,1.617704868546328,1,17,Saturday,September,1,2011
13.7,7.001961058789437,1,6,Wednesday,February,0,2012
4.5,1.0107348615252096,1,15,Wednesday,December,0,2013
8.3,2.1293751734844255,1,16,Friday,April,0,2009
17.3,7.848048273470167,1,4,Monday,May,0,2012
18.5,7.008398269529346,1,9,Tuesday,December,0,2013
9.5,2.0129450877886934,2,16,Friday,October,0,2014
7.0,1.664031641863123,2,0,Saturday,November,1,2014
5.7,0.8273032195323172,2,11,Tuesday,July,0,2010
17.5,6.401613140742524,1,19,Monday,September,0,2012
42.83,9.259823320785001,1,7,Thursday,September,0,2014
8.5,3.736245660649075,1,8,Wednesday,June,0,2009
7.7,2.140446085924628,4,16,Tuesday,May,0,2010
10.1,2.486152441637763,1,7,Thursday,November,0,2010
7.0,1.3150294588809577,1,4,Friday,January,0,2014
12.9,4.624860683972641,6,11,Wednesday,August,0,2012
3.3,0.9571044217783066,1,20,Thursday,May,0,2012
9.0,2.038708907830379,1,13,Monday,September,0,2014
6.5,1.5056098185123221,1,11,Saturday,April,1,2011
10.0,1.4499953321912564,1,14,Saturday,November,1,2014
7.5,1.389737456230789,1,21,Tuesday,February,0,2014
18.9,7.153757918635517,4,13,Sunday,July,1,2009
5.7,0.7689619438235766,1,14,Thursday,October,0,2009
9.7,2.752628964014384,1,8,Tuesday,August,0,2009
12.5,4.20617656516606,1,1,Saturday,December,1,2009
19.0,5.619673166415305,1,21,Thursday,September,0,2013
12.0,1.74739968478845,1,8,Friday,June,0,2014
5.3,0.9094520255080755,1,14,Friday,March,0,2011
4.0,1.089636875196044,2,23,Sunday,March,1,2013
8.5,3.716883206345835,1,0,Monday,May,0,2009
49.15,10.643254211175051,1,16,Thursday,May,0,2009
2.5,0.02267215657685501,1,19,Friday,July,0,2014
7.5,1.1299644261403414,5,19,Sunday,September,1,2012
12.5,3.6065798710347265,1,11,Sunday,May,1,2013
12.9,4.0299772197916255,1,14,Tuesday,March,0,2009
17.7,7.5651681941299795,1,20,Monday,September,0,2011
9.0,2.9996760708144268,1,18,Monday,October,0,2014
10.1,3.456043772917809,1,19,Wednesday,July,0,2012
9.5,1.6993862773638566,1,13,Thursday,May,0,2014
12.0,4.056073717471253,1,21,Thursday,February,0,2013
7.3,1.4521004048474027,1,3,Saturday,November,1,2011
6.9,2.1846205459982078,2,9,Wednesday,August,0,2009
11.3,3.8118828280378136,1,8,Monday,February,0,2011
4.5,0.8473659758734087,1,20,Friday,May,0,2013
10.5,3.474695599681581,1,15,Friday,January,0,2013
4.9,0.8748602330998856,1,10,Monday,May,0,2010
9.5,2.8232912189188037,1,13,Sunday,February,1,2015
8.5,2.506838637947937,2,22,Monday,May,0,2010
9.3,2.9717363141675115,1,12,Wednesday,July,0,2012
22.5,4.963191686716497,2,8,Thursday,July,0,2013
20.9,8.541745950636852,1,19,Friday,May,0,2009
17.5,0.022474383490765897,4,3,Thursday,November,0,2012
13.7,4.626348224118967,2,2,Sunday,October,1,2011
5.7,1.5531470194252874,1,11,Monday,February,0,2012
10.0,2.9580569396593703,1,22,Thursday,September,0,2012
15.0,3.352732592833618,1,10,Monday,February,0,2014
6.5,1.6279108469828003,1,11,Saturday,October,1,2009
8.1,1.946055225452759,2,8,Thursday,April,0,2010
11.7,5.026557830895333,1,7,Friday,February,0,2012
7.7,3.662139024856054,1,20,Monday,November,0,2011
8.0,1.906452242619264,2,22,Tuesday,September,0,2012
9.0,1.73878460954664,2,22,Wednesday,February,0,2013
6.5,2.6276578864449665,1,20,Thursday,January,0,2010
4.5,1.2002184901174726,4,12,Sunday,February,1,2010
12.0,6.938183006339802,1,18,Sunday,November,1,2014
32.54,8.924969594065281,1,9,Thursday,June,0,2015
22.0,2.1953025698783146,1,12,Friday,April,0,2014
20.0,5.791698981591593,3,15,Friday,December,0,2013
12.1,4.113034847024602,1,20,Friday,September,0,2010
57.33,19.8187338857773,1,14,Wednesday,March,0,2013
9.0,3.124413932511071,5,10,Saturday,March,1,2013
9.3,1.8994780768687536,1,16,Friday,September,0,2011
11.0,3.5083266239572866,1,7,Monday,May,0,2013
17.3,2.497715488708862,1,14,Thursday,April,0,2012
7.5,1.4777156163168164,1,0,Saturday,September,1,2013
8.1,1.6461617158127968,2,8,Monday,September,0,2011
12.5,5.29701757840209,4,21,Friday,July,0,2011
7.7,2.0113821562769982,2,18,Saturday,February,1,2011
6.5,1.9681620930390564,3,18,Wednesday,December,0,2009
6.5,1.993325506590532,1,7,Sunday,April,1,2012
4.0,0.6000734620057637,1,10,Thursday,October,0,2014
8.9,3.365025185081879,5,7,Tuesday,April,0,2012
18.0,0.1150203741581184,1,9,Wednesday,February,0,2012
15.7,6.059560719887276,1,21,Friday,October,0,2011
5.7,1.0321334870870928,2,11,Saturday,January,1,2010
7.3,1.779848191534677,1,3,Tuesday,October,0,2009
4.5,0.9668185943642558,1,20,Thursday,April,0,2010
7.3,1.6841430614950046,1,9,Thursday,July,0,2010
12.5,3.3957229369972612,1,16,Wednesday,February,0,2011
12.1,2.732206739349795,1,11,Tuesday,August,0,2012
6.5,1.6927723392220966,1,16,Sunday,February,1,2011
8.0,2.6013131829011815,3,15,Monday,June,0,2013
30.0,10.902706236971147,1,17,Sunday,July,1,2009
14.9,5.889266855432094,1,15,Friday,July,0,2009
6.0,1.418759964014461,1,17,Monday,November,0,2014
36.33,10.707344202482195,3,10,Tuesday,July,0,2013
14.5,5.196879744971257,2,6,Friday,October,0,2012
28.5,10.605626423922384,2,0,Friday,June,0,2014
4.1,0.9808982541091352,3,2,Saturday,March,1,2011
6.9,0.911875342584407,1,8,Monday,March,0,2011
4.2,0.8828047858763745,1,0,Monday,January,0,2009
10.5,3.7841745136325944,1,1,Sunday,October,1,2012
7.0,1.2002936413828478,6,9,Saturday,December,1,2013
9.5,2.5025242075319203,1,17,Wednesday,March,0,2009
8.0,2.456000650966145,2,23,Friday,April,0,2014
11.3,2.1179045022013963,1,20,Friday,May,0,2012
6.9,1.740074283987722,3,19,Friday,February,0,2011
9.7,3.4715187666462652,2,12,Saturday,January,1,2011
6.1,1.182841707580238,5,11,Friday,August,0,2009
5.3,0.8713387278457163,1,19,Sunday,April,1,2010
6.5,1.3271565445286613,1,14,Saturday,January,1,2013
7.3,2.269610823030974,2,15,Tuesday,December,0,2010
5.7,1.1200153130024124,1,20,Wednesday,April,0,2009
4.5,0.9551527944401997,1,15,Monday,June,0,2011
5.0,1.5419944267007042,1,1,Sunday,April,1,2014
10.9,5.752493936567876,1,3,Saturday,December,1,2011
3.7,0.7644429598905228,1,7,Saturday,April,1,2009
4.5,1.0524443335643698,1,8,Saturday,January,1,2011
8.0,1.5067050036753482,5,15,Saturday,December,1,2014
4.5,1.1371211817462754,5,13,Sunday,July,1,2009
5.7,1.6052563600791496,2,23,Tuesday,March,0,2010
5.5,0.5939452977154465,5,17,Friday,November,0,2014
5.7,1.9277503652566703,1,19,Tuesday,August,0,2009
8.9,0.5446703075045999,5,16,Monday,August,0,2009
5.3,0.7478418417974861,2,19,Thursday,May,0,2011
15.0,4.463235688368332,1,3,Sunday,October,1,2014
5.3,1.7650860419884649,1,21,Wednesday,August,0,2012
7.3,2.0263995181498746,1,0,Monday,June,0,2009
11.7,4.212520696223091,1,11,Monday,September,0,2010
5.7,1.6293809768199798,1,6,Thursday,July,0,2010
37.3,10.028905508659461,1,13,Monday,September,0,2012
15.5,6.2704754072617765,1,6,Thursday,October,0,2013
7.3,1.8457323546259818,1,14,Tuesday,January,0,2009
57.33,19.590158079733975,2,17,Saturday,November,1,2014
10.1,4.4511249332760485,1,21,Sunday,September,1,2012
9.0,2.2078642315443266,6,17,Saturday,May,1,2014
4.5,0.5756196168594588,2,10,Friday,November,0,2010
12.5,3.7798129502746396,1,10,Friday,January,0,2012
12.5,2.3723953618892213,1,13,Saturday,June,1,2014
4.1,0.8415382622224434,1,4,Saturday,January,1,2010
6.5,1.197072114543457,1,20,Monday,April,0,2014
57.33,0.10780873856310824,1,7,Friday,February,0,2015
6.1,2.0976892261764752,1,20,Friday,May,0,2011
4.5,0.7633814046475891,5,16,Friday,July,0,2010
11.3,4.442944910772878,2,4,Monday,July,0,2010
5.0,0.7902070612923313,1,12,Thursday,April,0,2014
8.5,3.7813789743287796,1,6,Sunday,July,1,2011
4.5,0.8257076257596759,1,11,Wednesday,January,0,2011
8.5,2.3308677242265134,1,20,Wednesday,January,0,2014
8.5,1.5289859673615462,1,14,Sunday,November,1,2010
3.7,0.1474843913356316,1,14,Thursday,December,0,2009
10.5,3.11163938984782,2,14,Saturday,January,1,2009
11.0,2.7785414337761716,2,20,Friday,April,0,2013
8.9,3.649279624548615,1,0,Tuesday,August,0,2010
40.5,12.62398467671986,1,16,Friday,March,0,2013
10.0,2.590901661703908,1,21,Thursday,October,0,2012
4.9,1.2038518059019812,3,14,Monday,August,0,2012
8.1,1.561220253089442,5,11,Wednesday,November,0,2010
6.0,0.7292014716750279,1,13,Friday,October,0,2013
6.1,1.8541787924428645,1,0,Friday,June,0,2011
9.3,2.2882964153403296,2,23,Thursday,August,0,2009
7.5,1.1245724953320217,2,10,Wednesday,November,0,2014
6.5,1.3403995216640168,4,18,Monday,December,0,2013
10.9,4.106147173374491,3,2,Sunday,October,1,2010
12.5,3.616519835279636,2,18,Friday,June,0,2009
6.9,1.6571968432492676,1,10,Friday,June,0,2011
5.3,1.1871290207095757,1,23,Monday,September,0,2011
9.3,2.064552607143648,1,17,Sunday,July,1,2012
28.5,10.172207909684248,1,10,Wednesday,December,0,2011
26.9,13.321471456143149,1,13,Wednesday,January,0,2011
6.5,1.1946450664286896,1,14,Thursday,August,0,2012
21.0,8.059147272132577,2,4,Monday,December,0,2013
8.5,1.3296782180842872,1,12,Thursday,September,0,2012
11.0,5.1424478353568865,1,20,Thursday,January,0,2009
4.9,1.0326615315993053,1,13,Thursday,September,0,2010
11.5,2.472186728143723,1,21,Sunday,December,1,2014
10.0,2.015987386575986,1,14,Friday,September,0,2012
10.5,3.545526858278222,1,6,Monday,July,0,2014
10.5,4.456449927082859,2,11,Sunday,March,1,2013
45.0,0.042599109377143125,1,14,Thursday,August,0,2010
18.5,6.600992155909449,1,3,Saturday,September,1,2012
6.0,0.7774395107098286,1,0,Friday,November,0,2013
6.1,1.7487585620486148,1,8,Friday,July,0,2010
25.7,12.570624080754028,1,8,Thursday,July,0,2010
11.5,2.6155531421389275,1,19,Tuesday,October,0,2014
5.5,1.4610089757640965,6,23,Friday,June,0,2014
15.3,4.917296367407005,1,12,Friday,May,0,2011
11.0,2.3033044636096975,2,15,Wednesday,June,0,2014
8.0,1.9597830249640837,1,3,Saturday,August,1,2014
5.0,1.2392873138836284,1,17,Monday,October,0,2013
6.1,1.5448609775209088,1,18,Tuesday,February,0,2012
15.0,3.9933902767139364,3,10,Tuesday,July,0,2014
11.3,3.129692144182301,5,14,Tuesday,September,0,2011
5.3,1.8184429577667571,5,8,Thursday,August,0,2010
24.0,7.073625895931801,1,15,Wednesday,September,0,2014
5.3,1.2790855192256878,1,13,Saturday,January,1,2011
7.3,3.4314961783318974,1,23,Monday,July,0,2012
19.0,6.4374560240409595,1,1,Friday,August,0,2014
7.5,1.7423344631733253,1,21,Wednesday,November,0,2013
6.5,1.5597814355007202,2,20,Saturday,April,1,2012
8.9,2.7069285925827438,1,9,Sunday,March,1,2012
7.7,1.6543774955158406,1,15,Tuesday,August,0,2012
8.5,3.5699797417888077,4,8,Monday,May,0,2011
16.0,4.796181368748848,1,4,Sunday,November,1,2012
5.3,1.2644464738335108,1,10,Tuesday,April,0,2009
4.5,0.8573114604266652,1,0,Friday,May,0,2014
16.0,3.233657250336313,1,8,Sunday,March,1,2015
10.5,6.375118681538297,1,3,Wednesday,October,0,2010
6.1,1.736884903877182,1,23,Tuesday,September,0,2010
7.5,1.447481614417061,2,15,Tuesday,October,0,2014
9.7,2.3745239526554034,5,12,Thursday,October,0,2010
4.1,0.8399425635136653,2,9,Monday,January,0,2009
4.5,0.7912181279159739,4,14,Saturday,March,1,2014
12.1,3.358538016104876,1,20,Tuesday,May,0,2010
6.5,1.0466035943234822,5,22,Friday,December,0,2013
14.1,6.182050274973199,1,8,Wednesday,November,0,2009
5.5,0.8451806057754818,1,19,Sunday,February,1,2013
16.0,6.469287340867331,1,1,Friday,February,0,2014
6.9,2.682965547072957,1,9,Thursday,April,0,2009
4.1,1.1343711745985943,1,20,Sunday,December,1,2010
6.9,2.6125351091332543,2,22,Tuesday,December,0,2009
4.9,0.6101531787858675,1,20,Wednesday,February,0,2009
15.0,3.6571210499237776,1,0,Tuesday,May,0,2015
7.0,0.9183145856984245,1,16,Thursday,March,0,2014
13.7,1.8935977519865699,5,22,Tuesday,October,0,2010
8.9,4.000907950503326,4,0,Wednesday,November,0,2011
19.5,5.990863370998131,1,16,Wednesday,June,0,2013
15.5,4.619582009661962,1,2,Sunday,December,1,2012
9.5,4.118798497176072,5,22,Friday,November,0,2012
8.5,1.883734489902353,2,17,Friday,September,0,2013
3.5,0.1902905263987585,1,13,Friday,September,0,2013
6.0,1.1117337796497953,1,19,Wednesday,September,0,2014
8.5,1.7156710004451432,1,20,Wednesday,March,0,2015
3.7,1.039888702853601,2,15,Monday,September,0,2010
30.1,14.073434688872045,1,7,Tuesday,June,0,2011
6.5,1.2886215760558553,1,18,Wednesday,April,0,2010
17.7,1.6489937646951356,2,17,Sunday,August,1,2010
8.0,0.994495559191052,2,14,Wednesday,June,0,2014
42.83,13.16165449449073,6,8,Thursday,May,0,2013
12.0,2.1978777117186277,1,22,Wednesday,June,0,2014
4.5,1.2353614234674184,5,21,Thursday,April,0,2011
4.1,0.287636993226452,3,23,Saturday,August,1,2009
10.1,3.5466123554051645,1,14,Monday,May,0,2012
29.7,7.762216373817713,1,4,Wednesday,April,0,2009
10.1,2.277988524205078,4,14,Monday,October,0,2009
12.5,4.208895472953996,1,19,Friday,July,0,2014
5.5,2.143089250344225,2,12,Friday,May,0,2013
6.1,2.4635647741367843,2,20,Friday,August,0,2011
6.5,1.404837548308591,1,14,Saturday,August,1,2012
6.1,1.5013890162588652,2,20,Friday,May,0,2009
5.7,1.6748651930599714,1,18,Saturday,April,1,2010
36.33,11.37459649592232,1,16,Saturday,November,1,2013
8.5,2.268360111344276,3,12,Thursday,February,0,2009
14.1,6.341630119717831,1,17,Friday,May,0,2012
6.5,1.5831384754130307,1,14,Monday,May,0,2014
9.0,2.5157055930612415,2,17,Wednesday,October,0,2012
16.9,5.336643292346998,3,21,Sunday,July,1,2012
17.5,3.1852901575677905,4,19,Friday,August,0,2013
8.5,3.7663591127227654,5,2,Saturday,December,1,2009
6.5,1.4457560460528982,1,10,Tuesday,August,0,2010
6.5,2.2838257537082898,1,20,Thursday,January,0,2011
30.27,9.370486597402142,1,16,Tuesday,October,0,2010
9.0,1.3153927741909583,1,14,Friday,December,0,2014
6.5,1.3424142571008189,3,21,Sunday,May,1,2013
14.0,1.6929964524066814,1,19,Wednesday,December,0,2012
30.1,7.203143784099192,1,17,Thursday,May,0,2011
12.1,3.4437003838849165,1,2,Saturday,July,1,2009
4.5,0.9891975728432969,2,22,Tuesday,December,0,2010
6.5,2.396013745289986,2,15,Saturday,May,1,2010
5.3,1.7486529026164017,3,21,Sunday,May,1,2010
5.7,1.3721550567676537,1,18,Monday,July,0,2010
6.5,1.2612275161422875,1,15,Tuesday,July,0,2013
40.33,9.778520235168928,4,17,Friday,May,0,2013
11.3,3.8973622386111795,1,19,Saturday,March,1,2011
13.7,3.1186407362039277,1,14,Friday,July,0,2011
7.0,2.3423808983551666,1,23,Tuesday,March,0,2013
18.1,7.818013261565387,1,22,Wednesday,January,0,2009
7.0,1.607582813001529,2,16,Friday,April,0,2014
4.1,1.356743167649374,1,21,Tuesday,October,0,2009
40.04,10.112305551316958,1,11,Tuesday,June,0,2015
5.5,1.2303557283493607,6,22,Friday,January,0,2015
8.9,3.2300695300707,1,21,Thursday,February,0,2012
21.7,6.640794749109499,1,10,Wednesday,July,0,2009
5.3,1.4292011439985974,1,9,Sunday,November,1,2011
16.5,7.20519384832777,2,18,Friday,November,0,2009
5.7,1.784157173669977,1,19,Friday,June,0,2012
6.9,2.299468958903335,1,21,Friday,October,0,2009
5.0,1.538898379961199,1,12,Friday,April,0,2014
40.33,8.74648630016896,2,11,Tuesday,June,0,2014
10.9,2.491056667874646,1,8,Friday,February,0,2009
4.0,0.7484607802198527,1,18,Wednesday,July,0,2013
8.0,1.5823336127042418,1,10,Tuesday,September,0,2013
4.5,0.2922535005246401,1,10,Sunday,September,1,2009
16.6,5.662348875516043,2,21,Friday,March,0,2009
5.3,0.7177940818796789,2,13,Sunday,November,1,2009
16.0,6.980977579315487,1,6,Sunday,December,1,2013
8.1,2.1729637423914743,2,20,Thursday,May,0,2009
19.7,5.3043100600460145,2,20,Tuesday,October,0,2011
3.3,0.696519448512383,1,13,Friday,July,0,2012
7.7,1.9029521825210343,1,17,Tuesday,June,0,2009
9.7,2.2290315200483617,2,20,Monday,January,0,2010
4.5,0.653314474259283,3,17,Saturday,May,1,2009
6.0,0.8671386906941997,2,23,Tuesday,May,0,2015
6.5,1.3033279017842172,1,12,Tuesday,April,0,2011
10.1,3.0422931508096362,1,10,Tuesday,October,0,2010
8.0,1.6680498061298092,5,12,Saturday,September,1,2013
5.5,1.2937357178661695,1,11,Sunday,January,1,2014
5.3,1.1343352074048507,1,23,Monday,February,0,2011
8.0,1.82126083377467,2,19,Sunday,August,1,2014
10.9,3.0601935879091813,1,0,Sunday,January,1,2010
10.0,2.4114270661932116,1,12,Wednesday,May,0,2014
10.0,2.7363560943940155,6,22,Monday,November,0,2012
10.9,3.1832180873351614,1,17,Tuesday,November,0,2011
19.7,7.39052673518724,1,1,Sunday,July,1,2011
8.1,1.6843246833282268,1,15,Friday,June,0,2011
4.9,0.8236760799115919,1,14,Monday,May,0,2011
9.5,2.5149864091845466,5,10,Thursday,June,0,2015
8.1,2.309628675231051,2,7,Tuesday,January,0,2011
7.3,1.569263995137389,1,13,Monday,December,0,2010
14.0,2.857040202999884,1,20,Wednesday,August,0,2013
6.5,1.0844154688517431,1,22,Monday,December,0,2014
10.0,1.9781750677565257,1,10,Tuesday,October,0,2012
15.0,2.1494997187812888,1,9,Monday,July,0,2013
52.0,20.856290910071095,1,5,Friday,October,0,2012
6.0,1.2386664789959891,1,18,Saturday,December,1,2013
5.7,1.3674476267426758,1,20,Friday,November,0,2010
14.5,5.139467671737726,1,17,Thursday,May,0,2009
4.0,1.0822602692609087,2,3,Sunday,October,1,2013
12.1,1.491751106349946,1,14,Friday,October,0,2011
5.3,0.5144849460371158,1,18,Thursday,December,0,2011
6.5,2.024895602519847,1,10,Monday,January,0,2012
5.0,0.6429312967669432,1,8,Saturday,June,1,2015
9.3,3.2644693645519443,1,9,Thursday,January,0,2011
16.1,5.603845288922817,1,14,Sunday,May,1,2010
5.5,1.4474832349600926,1,7,Wednesday,November,0,2012
25.5,5.992827960129207,1,20,Thursday,January,0,2014
9.5,1.320619137972788,2,11,Thursday,February,0,2014
4.1,0.8407100965442731,5,22,Tuesday,March,0,2011
4.9,1.4511970732436261,5,10,Sunday,April,1,2012
14.0,4.926346070612861,2,0,Saturday,July,1,2013
17.0,6.018861815937211,2,1,Thursday,August,0,2013
19.3,8.61961034258828,1,8,Tuesday,January,0,2012
19.5,5.145476198582682,1,15,Wednesday,October,0,2012
7.5,1.8206664783743405,1,20,Thursday,January,0,2015
16.5,8.770712743710765,1,20,Saturday,May,1,2012
11.7,2.523956686834501,1,11,Friday,June,0,2009
4.5,0.7402966012580678,1,2,Friday,August,0,2012
13.7,5.726077074084812,1,0,Sunday,February,1,2012
4.5,1.114166961737754,1,14,Saturday,March,1,2012
7.3,2.414326138546088,1,20,Friday,March,0,2012
8.1,2.4935640135052015,1,21,Monday,July,0,2010
18.5,7.222225932866891,5,15,Sunday,February,1,2010
17.3,7.13727097930706,1,1,Friday,March,0,2012
12.0,2.2973181114109424,5,9,Sunday,August,1,2014
10.5,2.311765230506926,1,14,Tuesday,August,0,2011
8.0,1.8018070725726785,2,14,Wednesday,January,0,2014
7.7,3.6023253202101113,1,20,Sunday,July,1,2009
11.3,3.519384154492358,1,9,Thursday,November,0,2010
11.7,3.626902309614152,1,10,Tuesday,July,0,2009
10.5,2.681925883358356,1,14,Thursday,May,0,2009
4.0,1.1366520820075343,1,13,Sunday,November,1,2012
16.5,5.4407996538417,5,22,Tuesday,April,0,2013
3.7,0.2365397104712573,1,9,Monday,March,0,2012
13.3,7.281767457335721,1,23,Tuesday,October,0,2010
11.0,4.348304190388732,1,22,Thursday,December,0,2013
5.3,1.1019070141889513,5,12,Tuesday,December,0,2010
4.1,0.5538974905218371,1,10,Thursday,January,0,2012
8.9,3.568707806648895,1,21,Wednesday,June,0,2010
7.5,1.8224160140063417,6,8,Thursday,May,0,2013
43.83,16.46186334024177,1,9,Saturday,August,1,2014
4.9,1.3904190267192718,1,13,Saturday,September,1,2012
18.0,3.4995505453335616,2,2,Saturday,March,1,2013
9.5,0.969528810425475,3,11,Tuesday,July,0,2013
7.7,1.740023236180114,3,16,Tuesday,July,0,2012
13.5,3.135839344711008,1,14,Sunday,July,1,2013
10.0,1.92747736030926,2,18,Sunday,March,1,2015
8.1,3.8643939084907615,2,17,Wednesday,April,0,2010
6.5,0.957049593127908,3,17,Wednesday,December,0,2010
6.0,1.4886299911476926,1,10,Thursday,January,0,2013
6.9,2.5812184936704963,2,20,Friday,May,0,2011
13.3,3.982319801510111,3,15,Friday,January,0,2009
5.5,1.1052138365234452,4,2,Saturday,September,1,2013
29.0,13.517144280540807,1,15,Monday,April,0,2013
4.1,0.7542631788018199,1,8,Wednesday,May,0,2012
2.5,0.0004763142534218175,1,16,Monday,February,0,2012
4.5,1.0378856378193135,3,20,Tuesday,May,0,2014
5.0,1.0298890928247904,1,20,Wednesday,January,0,2014
6.0,0.8688500435023316,6,3,Thursday,January,0,2015
4.9,1.0038742451368639,2,11,Saturday,May,1,2009
8.5,2.288811684471978,1,7,Monday,September,0,2012
9.0,2.6551781399562735,1,13,Sunday,September,1,2012
56.54,11.82552077454956,6,16,Wednesday,April,0,2015
12.5,3.7026158117926258,5,19,Thursday,August,0,2011
11.0,3.8918815497391024,2,6,Thursday,May,0,2014
6.1,0.9289335358818055,5,20,Monday,October,0,2010
12.5,4.03267729301085,2,21,Thursday,April,0,2014
29.0,12.964527964869983,1,12,Tuesday,May,0,2013
8.0,0.3744234343428811,1,21,Thursday,November,0,2012
8.9,2.347150940123052,1,10,Monday,April,0,2010
9.3,4.105451850777533,1,23,Monday,August,0,2010
4.9,1.974911828843526,2,20,Thursday,March,0,2010
13.3,5.609872586993066,1,22,Saturday,October,1,2009
14.0,4.640134794413944,2,11,Saturday,November,1,2012
7.0,1.7507458291996019,5,20,Thursday,April,0,2014
11.0,1.0931890293816577,1,18,Saturday,February,1,2013
16.9,6.97274844080649,1,23,Sunday,November,1,2009
5.0,0.86936342611897,1,10,Saturday,April,1,2015
8.5,1.9884497477606982,2,0,Saturday,January,1,2011
16.5,2.495486896202054,5,14,Monday,May,0,2013
22.5,6.874241716696935,2,12,Wednesday,June,0,2015
7.0,1.6772987647692186,2,17,Sunday,March,1,2015
17.5,4.041366592244054,6,13,Wednesday,February,0,2015
10.1,1.9192971710663282,1,20,Wednesday,June,0,2012
15.0,3.1521634914284613,1,12,Friday,June,0,2015
6.1,2.466477658789668,2,18,Tuesday,September,0,2010
8.9,2.5166224003021336,1,11,Tuesday,January,0,2011
49.57,19.16195235565298,1,16,Thursday,June,0,2010
6.0,1.26426172553009,2,19,Friday,January,0,2014
8.0,2.8937403977099914,1,0,Saturday,September,1,2013
8.9,1.4337781135619199,1,9,Wednesday,April,0,2010
8.5,2.9886203825275226,1,0,Wednesday,November,0,2012
4.0,0.6195456779604743,2,7,Friday,June,0,2013
11.0,3.5966971138444874,1,6,Monday,March,0,2014
6.9,0.7340349210276204,1,18,Friday,April,0,2012
5.3,1.204455248571655,1,20,Sunday,July,1,2010
32.1,14.928397438835777,2,8,Sunday,April,1,2012
6.5,1.3659675395727322,2,10,Monday,October,0,2010
6.5,1.5191826399125312,2,18,Tuesday,March,0,2014
12.5,3.8884688246116235,1,11,Friday,October,0,2012
8.1,2.4872822278146045,2,21,Friday,July,0,2009
5.5,1.9782071122643665,1,7,Monday,April,0,2013
13.5,5.509035405017991,5,3,Sunday,February,1,2013
7.5,1.4151893877515642,1,18,Wednesday,March,0,2015
6.0,0.8529409294913147,1,9,Saturday,May,1,2013
8.6,3.3322008361803808,4,21,Saturday,March,1,2009
18.0,3.793959455327693,1,20,Saturday,January,1,2015
4.0,0.7867547748549191,1,19,Sunday,December,1,2012
6.0,0.6897695774851691,3,19,Friday,December,0,2014
13.0,4.739949074459933,1,7,Thursday,April,0,2014
6.0,1.1242877805339355,1,19,Saturday,January,1,2014
11.5,3.1549399162718164,6,1,Sunday,December,1,2012
23.0,6.4701344264147576,1,10,Friday,November,0,2013
5.7,1.2087014866021295,1,19,Wednesday,February,0,2010
6.5,0.798614845553602,1,8,Tuesday,July,0,2011
7.7,2.62338364037005,1,20,Tuesday,June,0,2011
6.1,1.1894562809812141,1,23,Wednesday,October,0,2011
10.5,2.3613341081289954,1,9,Sunday,October,1,2012
5.0,0.8110847479670757,1,20,Tuesday,August,0,2013
4.5,1.2429951970374171,1,16,Monday,July,0,2012
12.5,2.8193537396593875,1,22,Thursday,February,0,2010
6.9,2.3869517872860846,1,19,Sunday,March,1,2012
22.0,8.719452833734474,1,19,Sunday,December,1,2012
7.0,1.405133214276896,1,23,Tuesday,April,0,2014
10.5,2.2951213752015955,1,12,Thursday,March,0,2014
12.5,2.027201533655498,1,18,Wednesday,February,0,2014
11.5,3.3594531441080617,1,6,Tuesday,November,0,2013
9.5,3.1629417681692806,1,12,Sunday,July,1,2013
14.5,3.2414263087015285,1,11,Monday,April,0,2014
8.1,2.800308144450277,2,20,Tuesday,June,0,2010
10.0,3.011542451142672,1,19,Monday,April,0,2015
10.5,2.212178344156135,1,8,Tuesday,September,0,2012
6.5,2.5592387504148064,4,13,Wednesday,July,0,2012
6.0,1.2403057532145298,1,22,Saturday,July,1,2013
7.0,1.202386407759778,6,19,Wednesday,June,0,2015
5.0,1.2539793980322445,1,13,Monday,October,0,2012
6.5,1.6767994452271373,1,20,Wednesday,February,0,2011
8.5,1.5052219573495433,1,17,Monday,March,0,2012
6.1,1.6689305941649857,1,19,Saturday,July,1,2012
3.0,0.4893599855394058,1,19,Monday,May,0,2013
6.9,2.517105931213853,1,21,Wednesday,May,0,2012
7.7,3.514699805940345,1,2,Sunday,October,1,2011
3.7,1.0783651577243605,1,22,Friday,June,0,2012
9.0,2.1420241489956435,1,22,Tuesday,November,0,2012
7.3,0.12664902396274308,1,17,Sunday,October,1,2009
5.3,0.8804025133263941,2,1,Sunday,February,1,2010
39.5,15.757462734608547,1,3,Sunday,November,1,2013
9.5,3.549431264467871,1,9,Sunday,December,1,2014
6.0,1.5926825751518938,1,14,Friday,January,0,2015
4.9,0.9301536300345477,1,8,Friday,December,0,2009
4.1,0.60561223142538,5,18,Sunday,January,1,2011
8.5,1.3758785186997926,1,10,Tuesday,October,0,2009
7.0,1.7133185951557848,1,7,Thursday,May,0,2013
12.5,2.7460902979916963,1,18,Saturday,March,1,2012
4.5,1.1665044523803085,1,17,Sunday,August,1,2014
10.0,2.182160619815506,1,19,Saturday,November,1,2014
6.9,1.903578121212856,4,15,Thursday,October,0,2010
7.3,2.757407269151728,1,10,Tuesday,August,0,2009
11.3,3.991225663262576,1,13,Saturday,April,1,2011
9.0,1.4044193203880226,1,19,Thursday,December,0,2014
5.5,1.0003438412782595,1,8,Wednesday,October,0,2013
5.5,1.3271838045214202,1,9,Saturday,July,1,2013
7.5,2.1377027871858694,1,13,Friday,September,0,2014
7.3,2.3474307353067725,1,9,Saturday,February,1,2010
6.1,1.0926174697301418,5,15,Tuesday,February,0,2011
8.5,2.8751040841057467,1,21,Wednesday,August,0,2014
49.15,21.012686275443315,1,15,Thursday,January,0,2009
7.7,2.7245697048097988,1,12,Wednesday,June,0,2011
5.7,1.2809737819948521,1,21,Monday,October,0,2009
5.5,1.1839689741427288,1,23,Saturday,April,1,2015
8.9,3.1770673257975446,1,18,Monday,April,0,2009
13.5,2.9730896122745714,1,16,Friday,September,0,2012
20.0,5.759005569995166,6,8,Thursday,August,0,2013
14.5,2.919186586388051,1,8,Tuesday,November,0,2013
7.5,1.8060245468141585,1,9,Saturday,May,1,2013
9.4,3.655032140037756,3,20,Sunday,January,1,2009
6.5,1.6329349535334938,4,20,Monday,March,0,2014
6.0,2.024283025659273,1,20,Sunday,January,1,2015
9.3,3.2673440653861205,2,0,Saturday,January,1,2012
7.0,1.9098304417323952,1,19,Friday,October,0,2013
5.5,1.5089331869105016,1,18,Thursday,August,0,2013
22.0,8.097547894307874,1,19,Tuesday,December,0,2014
10.5,3.5739561434809604,1,16,Friday,September,0,2010
20.0,4.706137511773765,5,8,Wednesday,January,0,2013
10.1,5.140060590603715,1,7,Tuesday,August,0,2010
26.5,9.687557522055512,2,10,Thursday,August,0,2011
27.7,9.308899552456548,1,8,Tuesday,April,0,2011
36.83,9.516014232194065,1,5,Thursday,October,0,2014
5.0,1.1451283688613278,1,10,Sunday,March,1,2014
13.5,1.1676513218580498,1,14,Wednesday,June,0,2015
3.7,1.148199657867376,1,0,Friday,September,0,2011
17.0,4.394773430531869,1,21,Wednesday,November,0,2014
41.33,9.273103210352499,6,15,Thursday,May,0,2013
12.5,2.943237674565079,1,13,Saturday,June,1,2014
14.5,3.2993269412630037,1,7,Tuesday,September,0,2013
13.0,2.3169724829897436,1,14,Tuesday,February,0,2015
7.0,2.1566667874441396,2,20,Friday,February,0,2009
10.0,3.840668839445178,1,22,Saturday,December,1,2012
13.7,4.997419559922385,1,20,Saturday,December,1,2011
9.3,2.0413166120347195,2,8,Wednesday,July,0,2011
49.8,20.592929564574025,1,12,Monday,June,0,2011
49.57,20.52158977774199,1,9,Thursday,February,0,2010
7.3,1.5160624477478812,1,13,Tuesday,April,0,2010
15.7,6.141923238174996,1,15,Thursday,October,0,2011
13.3,6.070947419271599,1,1,Thursday,April,0,2010
4.5,0.7603897357834526,1,13,Saturday,January,1,2010
4.5,0.9003936773566685,1,5,Tuesday,January,0,2012
11.5,4.185455121240707,1,7,Friday,April,0,2015
15.3,7.8971679292658115,5,1,Saturday,August,1,2011
8.9,2.0604368709419423,2,16,Thursday,March,0,2011
15.5,4.5725778845997,1,23,Saturday,September,1,2013
6.0,2.0957801471019617,1,2,Saturday,March,1,2014
5.3,1.3807856821426825,4,4,Sunday,August,1,2012
6.0,1.0450420363966437,1,13,Friday,January,0,2014
9.7,3.1002300266894793,1,14,Saturday,October,1,2010
5.3,2.2898120543308464,1,3,Saturday,February,1,2012
9.5,3.232038504422811,1,7,Friday,May,0,2014
4.1,0.479866823984203,1,10,Wednesday,February,0,2010
4.0,0.6782891593449255,1,20,Saturday,December,1,2014
8.1,2.6631361770278446,4,12,Sunday,January,1,2009
7.0,1.4294680412958891,1,10,Sunday,April,1,2015
5.3,1.5841018828287972,2,23,Friday,February,0,2010
63.0,5.611443771309673,1,21,Tuesday,May,0,2009
29.0,11.175083571855069,1,1,Saturday,July,1,2013
8.1,1.6466524795969255,1,18,Sunday,January,1,2010
13.7,7.4353527106951365,1,21,Wednesday,October,0,2010
7.3,2.530496742616254,2,2,Friday,February,0,2009
8.1,2.430445670890571,1,10,Thursday,January,0,2012
10.5,2.7536031035739814,4,17,Thursday,October,0,2013
4.9,0.8920327494822018,4,13,Sunday,July,1,2012
5.3,1.0233805419603212,1,11,Tuesday,March,0,2012
7.3,2.03804485146656,1,10,Wednesday,February,0,2010
14.0,2.6848891868150075,1,11,Thursday,June,0,2013
11.5,2.1568626824119286,1,10,Thursday,May,0,2015
8.5,2.729491398785738,6,9,Saturday,January,1,2014
21.0,10.332426019878742,2,0,Saturday,April,1,2013
19.0,3.2168997916095585,5,8,Tuesday,April,0,2015
15.3,2.850033321265594,1,16,Friday,September,0,2011
4.5,1.1930136905040938,1,19,Saturday,February,1,2009
8.5,2.1016841158515285,1,1,Saturday,March,1,2015
8.9,3.009535189737475,1,19,Sunday,March,1,2009
4.5,0.9021684141910601,1,0,Thursday,January,0,2010
9.7,2.8838314813934804,1,19,Thursday,March,0,2010
15.0,4.944443265376867,2,15,Saturday,December,1,2012
22.0,5.061117083155718,1,8,Friday,November,0,2012
4.5,0.9386342345253759,1,6,Friday,January,0,2009
15.7,2.71402413136106,1,9,Friday,June,0,2012
7.7,1.940651610808269,1,10,Sunday,February,1,2011
7.7,2.5041954221849028,1,11,Wednesday,December,0,2010
5.7,0.7672056877197336,5,20,Sunday,September,1,2009
15.5,4.115413117775223,1,17,Wednesday,July,0,2013
7.0,2.4959283527688507,1,7,Sunday,June,1,2014
6.9,2.6562742590314374,2,20,Wednesday,August,0,2012
6.0,1.0096316975540782,1,13,Monday,January,0,2013
17.3,6.833247835662177,5,11,Thursday,August,0,2010
10.5,1.2784443660148455,1,17,Monday,March,0,2015
4.9,0.9024757405954076,1,9,Monday,July,0,2010
4.9,1.0219983841997453,2,13,Wednesday,March,0,2011
8.9,2.996440216676157,3,2,Sunday,May,1,2009
9.5,1.8686382635816055,1,11,Saturday,July,1,2013
16.5,4.064230984490335,1,16,Thursday,April,0,2010
7.3,3.2812005090117387,2,15,Sunday,January,1,2012
7.3,1.984754483949901,1,16,Sunday,January,1,2011
8.9,2.8452512423999936,2,20,Saturday,September,1,2010
17.5,5.404212212222944,1,0,Thursday,December,0,2014
16.5,5.839100767274553,1,0,Wednesday,August,0,2011
9.7,4.431386933785541,3,1,Thursday,April,0,2012
41.83,8.28682984052931,1,14,Thursday,May,0,2013
13.0,3.006947770230972,1,20,Tuesday,July,0,2013
20.9,12.28438499651146,1,5,Sunday,January,1,2010
10.1,3.663854283390229,1,0,Friday,May,0,2009
7.5,1.491292010173422,1,15,Friday,May,0,2014
7.5,2.3645291642433945,2,9,Saturday,February,1,2015
12.5,3.006512019733247,2,9,Tuesday,October,0,2010
15.0,3.2738921228000053,2,2,Saturday,September,1,2014
4.1,0.6054841826806585,2,12,Thursday,January,0,2010
15.7,7.126835238342214,1,0,Thursday,March,0,2011
3.5,0.020943391801901586,1,21,Saturday,November,1,2012
10.5,1.1777931350957582,1,11,Sunday,June,1,2011
15.7,6.311643838494137,2,6,Saturday,July,1,2009
4.9,0.6322679154218713,1,11,Monday,August,0,2009
17.0,3.865158325325012,1,17,Tuesday,January,0,2014
8.5,2.656416035017452,1,3,Sunday,May,1,2009
9.0,2.15003000062547,1,4,Thursday,November,0,2014
9.3,2.946554646381095,2,5,Wednesday,August,0,2012
13.5,2.0544912970413636,3,14,Monday,October,0,2014
4.1,1.2245543403267873,1,22,Thursday,October,0,2010
18.5,4.457154938032964,1,23,Friday,March,0,2012
11.0,2.729146647266241,1,9,Thursday,November,0,2014
34.5,9.860923421227318,2,12,Sunday,March,1,2015
9.3,3.5946590119583344,1,16,Monday,April,0,2012
4.5,0.7800550455109082,1,12,Sunday,February,1,2013
19.5,5.07655293286705,1,16,Sunday,September,1,2014
12.0,1.4502968108391743,1,9,Monday,January,0,2015
22.9,8.696708171035892,5,13,Saturday,October,1,2011
15.0,3.281210654986152,5,14,Sunday,December,1,2013
6.9,2.574293952859496,1,18,Friday,August,0,2011
5.0,1.2166178938093168,1,21,Tuesday,November,0,2013
5.3,0.8774174936700675,1,4,Sunday,May,1,2010
6.9,1.5348435650138352,1,9,Friday,October,0,2011
20.9,8.666181011476665,1,6,Friday,November,0,2011
6.9,2.9683381073943167,1,6,Tuesday,August,0,2010
56.8,23.258240636551033,3,5,Tuesday,November,0,2012
12.0,2.4370655573303153,1,11,Thursday,August,0,2013
4.9,0.8859230698341747,1,20,Tuesday,February,0,2010
7.0,1.6673128971114106,1,13,Monday,October,0,2012
13.7,5.665842804887168,2,1,Sunday,March,1,2009
9.0,1.569065558716736,1,18,Saturday,June,1,2015
4.1,0.8019546238198061,1,21,Sunday,October,1,2011
5.3,1.3712636306166441,3,21,Thursday,May,0,2011
14.0,3.4753415922371835,1,20,Thursday,December,0,2014
6.1,1.470626967536508,2,10,Monday,May,0,2009
6.5,1.6113263518625938,1,8,Tuesday,February,0,2014
15.0,4.255682914770568,1,18,Friday,April,0,2015
8.0,8.106643662713763,1,20,Thursday,December,0,2012
5.5,0.858120276766908,1,19,Tuesday,May,0,2013
19.7,9.564152407024652,1,22,Wednesday,September,0,2009
13.0,3.914794962517223,2,7,Tuesday,July,0,2014
9.4,3.737193379856334,2,0,Friday,January,0,2009
28.5,11.407186349307771,1,4,Sunday,March,1,2009
4.9,1.0132888210982915,5,10,Monday,November,0,2010
4.9,1.3017037999394703,1,22,Saturday,March,1,2012
5.7,1.293106488660571,1,8,Saturday,October,1,2010
37.5,14.001649142519295,2,6,Sunday,January,1,2015
7.0,0.8402785536697371,3,10,Tuesday,September,0,2013
10.5,4.120178793175757,1,15,Monday,March,0,2012
7.4,2.576916409793388,1,1,Friday,March,0,2009
17.7,7.674506495653114,1,1,Friday,September,0,2011
6.5,1.1771788081801793,1,10,Friday,December,0,2009
48.33,10.280794887067872,1,9,Monday,September,0,2013
7.7,2.229408640229228,1,12,Sunday,January,1,2010
9.3,2.4619419815960613,1,11,Friday,December,0,2010
7.5,3.1285313231445278,1,6,Saturday,February,1,2013
15.0,5.192767503902491,4,0,Sunday,November,1,2013
7.0,1.954358503944181,5,1,Friday,May,0,2014
11.5,3.5167126107334146,1,8,Wednesday,March,0,2015
9.0,2.458156865019004,2,20,Thursday,June,0,2014
6.5,2.14106672611144,1,4,Wednesday,July,0,2013
11.5,3.0395323776546608,1,18,Friday,December,0,2014
5.5,1.4095673517110228,1,20,Monday,May,0,2013
8.0,2.888018882393669,1,3,Sunday,March,1,2015
10.5,2.3203370533612127,2,17,Friday,June,0,2013
8.9,2.8876052500472436,1,11,Thursday,April,0,2011
8.9,3.3272092965489306,1,17,Wednesday,June,0,2012
10.1,2.5196237443916685,1,3,Saturday,February,1,2010
6.9,1.9972101364653725,2,10,Thursday,December,0,2009
69.5,16.80655373911372,1,13,Sunday,February,1,2015
9.5,1.4520952054196732,1,14,Monday,June,0,2013
3.3,0.34503769047096755,1,20,Friday,September,0,2011
3.5,0.4261216904488551,3,4,Sunday,August,1,2014
10.1,2.573385347814011,6,15,Thursday,April,0,2012
14.5,6.2018407883248114,1,5,Sunday,January,1,2010
31.0,8.08622943709837,1,21,Tuesday,December,0,2013
5.5,0.9100380803821123,1,14,Wednesday,March,0,2014
7.5,0.9996713038377205,2,0,Saturday,June,1,2015
15.7,7.54043478961058,2,19,Saturday,July,1,2010
8.9,3.1470253297980855,1,11,Monday,September,0,2010
4.0,0.5517052138510078,1,9,Friday,October,0,2014
14.5,4.779122808141672,3,7,Saturday,May,1,2014
10.1,2.913591876819614,5,11,Sunday,October,1,2011
9.7,2.172486646467649,1,11,Saturday,September,1,2011
17.5,3.645891294132022,1,13,Saturday,October,1,2014
4.9,1.6279283280093648,1,6,Wednesday,September,0,2010
5.7,1.2402129851509367,1,11,Sunday,September,1,2010
7.7,1.8146077822827877,1,13,Sunday,August,1,2010
26.0,7.51635735233861,1,2,Saturday,February,1,2014
4.5,0.7265699672864321,1,17,Wednesday,March,0,2010
8.1,1.8201607702188858,2,13,Saturday,August,1,2009
6.9,1.710725193593189,1,9,Wednesday,August,0,2010
6.1,1.6891949016087906,1,17,Sunday,January,1,2010
17.5,5.171042656055142,1,8,Thursday,October,0,2012
10.1,4.44020602213404,1,3,Sunday,November,1,2011
5.3,1.4608639961648804,1,17,Monday,May,0,2009
5.7,1.7843011570562852,2,22,Wednesday,July,0,2012
12.9,5.445197576920201,1,22,Wednesday,April,0,2009
16.5,6.0427002111349015,1,22,Tuesday,December,0,2014
10.0,2.3635825616487582,5,9,Sunday,June,1,2015
12.1,4.5300453739779165,1,22,Friday,March,0,2012
13.3,3.0736437480969014,5,22,Sunday,March,1,2012
4.9,0.772295416558309,1,17,Tuesday,June,0,2009
4.9,1.1656942171105722,1,18,Friday,December,0,2010
10.5,0.7951629353485823,1,16,Wednesday,February,0,2014
16.1,6.322413544361792,1,3,Sunday,August,1,2009
9.7,2.115071818869882,1,9,Saturday,November,1,2009
11.3,4.790109114814871,1,8,Thursday,April,0,2010
12.5,3.1808823346813035,1,0,Friday,April,0,2010
16.9,5.510822094475002,1,17,Sunday,October,1,2010
12.1,5.210994391858744,2,18,Monday,February,0,2010
6.9,1.475343608393732,1,9,Friday,April,0,2010
32.25,8.566386735061405,1,14,Thursday,March,0,2009
2.5,0.003340102445506764,1,19,Friday,October,0,2012
23.5,9.23431332989325,1,22,Friday,February,0,2015
6.1,2.0151709993839693,2,17,Monday,June,0,2012
3.7,0.9168094536591141,4,22,Tuesday,July,0,2011
3.5,0.5500538942980253,1,2,Tuesday,July,0,2014
6.1,1.3893418741050003,1,7,Wednesday,May,0,2011
8.5,2.5665749678435987,2,23,Friday,October,0,2011
4.1,0.8766102945933811,1,8,Monday,February,0,2011
8.9,3.1607260192517486,1,21,Wednesday,October,0,2011
7.0,1.14725814539398,1,11,Wednesday,January,0,2014
8.5,3.085886460698509,1,21,Saturday,April,1,2010
28.9,14.079221084856135,6,3,Saturday,January,1,2012
7.7,2.763170676368657,2,15,Sunday,March,1,2009
6.9,1.7546383841451398,1,12,Monday,June,0,2009
40.1,14.55058274404197,1,4,Saturday,September,1,2010
9.5,2.6269056242472635,2,14,Friday,November,0,2012
12.5,1.9083258080987913,1,8,Monday,February,0,2014
8.9,3.8759320518081317,1,18,Monday,July,0,2009
6.0,2.029826116920878,2,20,Monday,November,0,2012
28.1,12.236240738407465,2,10,Friday,May,0,2012
9.5,1.5831021672848973,1,12,Monday,November,0,2014
4.1,0.830909458698732,1,0,Thursday,June,0,2010
7.7,2.0388891750445026,1,22,Sunday,November,1,2010
10.5,3.3631514736314827,1,21,Monday,December,0,2014
6.5,1.3894369752363769,6,8,Saturday,January,1,2015
7.3,2.111207017896304,2,20,Monday,January,0,2012
15.7,5.012435588683754,1,15,Friday,December,0,2009
7.5,2.0589768894405807,1,11,Wednesday,January,0,2013
8.5,2.7476791653688806,1,21,Wednesday,September,0,2012
12.1,5.9053810694444335,2,8,Wednesday,February,0,2011
10.5,0.14852579681080266,1,18,Monday,January,0,2011
57.33,18.751745078831032,1,5,Wednesday,January,0,2015
20.0,0.1551104860121194,6,10,Wednesday,April,0,2015
5.3,1.2114092922674862,1,0,Wednesday,May,0,2009
8.1,3.2110041583298443,3,0,Friday,January,0,2010
7.5,1.5560171273615253,1,18,Wednesday,January,0,2015
5.5,1.3132999911007681,2,23,Saturday,October,1,2012
6.0,1.1302351973997227,1,6,Monday,August,0,2014
10.5,4.0903703405697955,1,15,Sunday,November,1,2010
30.0,9.831500304759766,2,17,Sunday,June,1,2013
13.0,3.6682434489316504,5,17,Monday,May,0,2013
4.0,0.3912357682324072,1,16,Thursday,June,0,2014
5.7,1.08806010459411,1,0,Saturday,April,1,2011
9.0,1.1697522290605078,1,18,Tuesday,September,0,2012
8.0,2.7682962330715952,1,20,Thursday,March,0,2013
7.3,2.6171365040512296,1,9,Saturday,July,1,2010
6.0,1.3446166201467744,1,2,Wednesday,January,0,2015
14.5,6.798104528306843,1,22,Tuesday,October,0,2012
13.7,4.731733671673491,1,8,Monday,June,0,2009
4.9,0.8449102312785215,1,13,Friday,March,0,2012
6.0,1.4555707037289904,1,2,Sunday,September,1,2013
8.9,3.30936562247859,1,19,Tuesday,November,0,2011
9.5,3.265512808318337,1,21,Monday,August,0,2014
6.0,1.044179111984484,1,13,Monday,June,0,2013
15.5,5.120089694243759,1,21,Friday,February,0,2014
4.5,1.4170792613667895,1,16,Tuesday,May,0,2011
14.1,6.368770983520743,1,21,Tuesday,March,0,2011
4.9,1.604925620017099,1,17,Monday,October,0,2011
20.1,9.509767853479719,2,4,Wednesday,June,0,2011
9.0,3.3928998157639856,1,12,Saturday,July,1,2013
4.5,1.3622028809051823,1,17,Sunday,March,1,2012
4.1,0.6018336633361362,3,18,Sunday,June,1,2011
8.9,2.7556351946295474,1,16,Thursday,May,0,2011
13.3,7.091152517306963,1,4,Saturday,July,1,2009
7.0,1.0836847340985107,1,0,Friday,September,0,2014
10.5,3.9733595644266697,1,21,Tuesday,November,0,2010
5.5,1.2009441493545676,2,9,Sunday,January,1,2015
20.9,6.066322603938541,1,6,Monday,February,0,2012
3.5,0.561525700482732,1,18,Monday,September,0,2013
15.7,6.487179582754524,1,21,Saturday,December,1,2009
5.0,0.517557587270171,1,16,Thursday,July,0,2014
4.5,0.70317389976859,5,7,Thursday,December,0,2011
18.5,7.151992464624418,1,9,Monday,May,0,2009
8.0,2.0972771931383085,3,21,Friday,August,0,2013
10.0,1.1928576400194606,3,12,Wednesday,February,0,2015
7.5,1.7476107808246057,1,20,Wednesday,April,0,2013
9.5,2.344709391466265,5,13,Friday,September,0,2012
4.5,1.1212169831976444,1,12,Thursday,September,0,2010
10.5,3.1796332525100444,5,20,Friday,May,0,2013
28.1,10.164097201724923,3,0,Sunday,May,1,2010
6.9,1.6854439775802161,2,10,Monday,January,0,2012
5.7,1.1443740008595293,1,21,Saturday,March,1,2012
56.8,0.2347208332444587,1,6,Monday,February,0,2013
4.5,0.7694064457885236,1,22,Monday,March,0,2013
27.7,12.735748984434894,1,20,Monday,April,0,2010
4.5,0.9697504529621075,1,17,Wednesday,February,0,2010
4.5,1.1529863051006213,1,23,Monday,March,0,2015
6.9,0.9095233178959234,1,10,Tuesday,December,0,2009
27.3,13.139897656932417,1,0,Saturday,May,1,2009
6.9,2.1316346756035016,5,9,Friday,April,0,2011
8.0,2.2036504607941714,1,7,Thursday,October,0,2012
6.0,1.3777258221898219,1,5,Wednesday,February,0,2015
7.5,0.6460978563499589,2,16,Friday,December,0,2014
4.1,0.9301890152646123,1,11,Thursday,April,0,2012
9.5,2.4347527028184746,1,23,Wednesday,September,0,2013
5.0,1.1715542840379791,5,14,Tuesday,December,0,2014
9.5,1.8168380463112959,1,17,Sunday,April,1,2013
6.5,2.022472932066062,1,12,Wednesday,September,0,2011
5.0,1.1500613363318086,1,18,Wednesday,April,0,2015
12.6,3.6852447934948254,2,3,Saturday,January,1,2009
9.5,3.3257865957350567,1,3,Friday,November,0,2013
3.7,0.8272138062551306,1,15,Wednesday,April,0,2011
7.5,1.8289222811417698,1,20,Sunday,February,1,2014
4.5,0.6331205049828211,1,2,Sunday,October,1,2014
5.5,0.8352726047194545,5,0,Thursday,November,0,2012
12.1,2.182510123894328,1,14,Tuesday,September,0,2009
6.1,1.4928272213973273,2,22,Tuesday,February,0,2009
3.3,0.7743755657670357,1,16,Saturday,September,1,2011
20.9,7.605633809386312,1,15,Sunday,June,1,2011
52.0,19.854130227949614,1,1,Thursday,April,0,2015
12.1,4.475800118348886,2,15,Saturday,October,1,2010
8.0,1.740449625490945,1,9,Monday,September,0,2012
9.3,3.268977659142519,1,6,Wednesday,July,0,2012
43.0,16.448142489815464,3,8,Monday,July,0,2014
6.1,2.006883772903892,4,16,Friday,January,0,2010
9.3,1.5941585049533609,5,19,Tuesday,August,0,2009
23.0,5.474337710451883,1,15,Thursday,October,0,2014
33.44,15.50258009553961,2,19,Thursday,November,0,2013
11.5,3.1867424196057166,2,10,Friday,August,0,2013
5.3,1.5340714995268263,1,8,Wednesday,August,0,2009
8.5,2.5209148518059745,1,22,Sunday,March,1,2012
6.0,1.2425200954018907,1,20,Tuesday,June,0,2013
8.5,3.77545619600979,1,16,Saturday,August,1,2012
5.0,0.7288957239280476,1,21,Thursday,June,0,2015
14.0,1.449651987215818,3,18,Friday,July,0,2013
12.5,5.098040527156569,4,22,Thursday,October,0,2011
34.33,8.3688524008228,1,21,Friday,September,0,2014
8.9,2.6288512986515986,2,14,Tuesday,January,0,2009
10.0,3.7285437558093832,1,16,Friday,April,0,2013
19.5,6.501779034907005,1,10,Sunday,October,1,2014
7.0,2.3303808308952214,2,20,Saturday,July,1,2014
12.9,3.7830538251455317,1,10,Wednesday,November,0,2011
13.7,3.7047113183567535,4,12,Wednesday,June,0,2010
24.5,2.3111923556565506,3,14,Friday,June,0,2014
6.5,1.880385972231155,5,7,Thursday,June,0,2014
8.1,2.536763685357665,3,19,Wednesday,October,0,2009
5.3,1.0071449330975664,1,7,Wednesday,May,0,2009
5.7,1.182257380801193,1,21,Friday,May,0,2010
11.7,4.433891512164056,1,12,Tuesday,March,0,2011
16.5,5.738665677321329,1,23,Friday,April,0,2014
5.0,0.5804134644100131,1,12,Thursday,December,0,2012
11.0,2.406078749232611,1,10,Saturday,January,1,2015
9.7,3.583048962564225,2,21,Tuesday,June,0,2011
4.9,1.2375226776756867,1,16,Friday,March,0,2012
7.7,2.6929893964110145,3,3,Saturday,November,1,2010
6.9,2.497955246666182,1,20,Monday,May,0,2009
16.1,7.29125975679687,1,19,Thursday,May,0,2011
3.7,0.5011142498317429,5,16,Tuesday,March,0,2009
16.0,3.581498899908714,1,12,Tuesday,November,0,2014
5.5,1.0158221774060991,1,22,Thursday,October,0,2014
27.7,12.618451111396904,1,18,Friday,July,0,2011
11.5,2.4273820109925373,1,11,Thursday,December,0,2012
3.3,0.6384321029482607,1,19,Tuesday,March,0,2011
8.5,1.9722437182951074,2,10,Wednesday,November,0,2014
6.5,1.2587355996191967,1,8,Tuesday,November,0,2010
4.1,0.4257135332667661,1,22,Tuesday,March,0,2011
8.1,2.074873459211231,1,12,Tuesday,September,0,2011
8.5,3.007024519471298,1,16,Sunday,January,1,2012
9.5,3.3481140089966557,1,23,Wednesday,May,0,2013
8.5,1.754957223363236,1,8,Monday,June,0,2012
8.9,2.837623115979477,1,8,Tuesday,June,0,2009
8.5,1.7183370732098988,1,18,Thursday,May,0,2011
18.5,6.9510016851804215,1,10,Wednesday,September,0,2011
10.1,2.9915114408613084,6,8,Thursday,August,0,2012
7.0,1.612155190751487,1,22,Sunday,June,1,2013
9.5,2.4813846026558912,1,23,Wednesday,February,0,2014
16.5,1.9476361284207058,1,14,Wednesday,February,0,2014
9.0,1.5763572284322749,2,19,Thursday,February,0,2015
3.5,0.45212790568745376,1,11,Sunday,December,1,2013
9.5,2.7159901739663312,1,20,Saturday,February,1,2014
6.5,1.5421302815089761,1,2,Thursday,October,0,2013
7.0,0.9012629192728383,1,10,Wednesday,June,0,2013
6.5,1.7206228957624248,1,21,Sunday,October,1,2011
6.5,0.06614537234392628,1,21,Thursday,August,0,2009
8.9,2.1431520240049045,1,7,Friday,January,0,2012
7.7,2.796675349815679,1,21,Monday,August,0,2009
6.9,0.9696127014455629,1,12,Thursday,August,0,2012
15.7,6.717807005673951,1,14,Saturday,June,1,2010
9.3,2.7112713882752635,2,9,Tuesday,November,0,2011
5.3,1.0294129744987315,1,11,Saturday,January,1,2010
24.9,9.503439025875442,1,22,Friday,August,0,2012
8.1,2.7719977196110723,1,12,Wednesday,February,0,2010
8.0,2.9448803331569087,1,1,Friday,July,0,2014
15.3,6.134190572121551,5,12,Friday,April,0,2011
9.7,3.779996868532871,5,21,Tuesday,March,0,2009
4.9,1.155725227166813,1,14,Monday,July,0,2010
8.5,2.134638135450749,2,9,Saturday,September,1,2012
4.1,1.0313722878886724,5,12,Wednesday,September,0,2009
18.0,4.5759454874225325,1,15,Thursday,May,0,2014
18.1,5.860463774242717,1,0,Saturday,July,1,2011
6.1,1.6805236849518181,1,20,Friday,February,0,2011
45.0,20.775752309804798,2,19,Tuesday,August,0,2009
14.7,4.38605229409523,1,19,Friday,February,0,2009
6.5,0.7938728094269276,1,18,Saturday,January,1,2014
4.9,1.0635701081406435,1,13,Monday,May,0,2010
7.3,2.6108452822332424,1,22,Wednesday,June,0,2012
3.3,0.4358734106157374,1,3,Tuesday,February,0,2012
11.7,5.866022354066498,1,23,Sunday,February,1,2011
9.7,3.765363897000817,1,20,Sunday,March,1,2011
4.9,0.7398427931831819,1,4,Saturday,October,1,2011
3.7,0.49698607824291213,1,7,Wednesday,July,0,2010
49.0,13.822250926643731,1,10,Tuesday,September,0,2014
4.1,0.7850830066742787,1,14,Tuesday,November,0,2009
8.5,2.8554457382848737,5,2,Sunday,September,1,2010
10.1,3.1280640168238683,2,23,Saturday,September,1,2011
4.1,0.8862098628536291,1,8,Tuesday,October,0,2009
6.5,1.107567402887119,1,13,Wednesday,September,0,2010
4.1,0.8242444074813445,1,18,Friday,August,0,2012
14.5,3.688103653349142,6,15,Thursday,May,0,2012
7.0,1.776610965812342,1,6,Thursday,May,0,2015
8.0,1.2688756402972647,1,18,Thursday,March,0,2014
6.0,0.7309901848743723,1,7,Thursday,September,0,2014
10.5,2.4180895945863936,1,18,Monday,January,0,2014
29.0,6.719868020892023,2,23,Saturday,May,1,2014
4.9,1.1888488071060626,5,7,Tuesday,January,0,2009
6.1,1.5856331596380402,1,19,Wednesday,August,0,2009
10.0,1.6134462228394968,1,14,Saturday,March,1,2013
5.5,1.3674097549755244,1,1,Wednesday,January,0,2014
12.0,4.616837838625422,1,1,Saturday,December,1,2014
15.5,3.8221203184293318,1,20,Thursday,September,0,2012
5.3,1.1050266770519472,1,19,Tuesday,December,0,2010
6.1,1.689763442107213,1,15,Saturday,May,1,2012
8.5,2.6312568103809895,1,13,Tuesday,April,0,2009
12.5,1.1625998088710081,1,8,Wednesday,October,0,2014
9.3,4.217654379942309,5,20,Monday,August,0,2009
8.1,2.5376148728881653,5,0,Friday,December,0,2009
9.5,0.717824644619209,1,10,Wednesday,October,0,2013
32.9,16.735915180254448,1,21,Monday,December,0,2011
5.3,1.3800431624393372,2,0,Thursday,May,0,2010
4.5,0.9410426679660338,1,17,Tuesday,June,0,2014
13.0,4.187230187245625,5,21,Tuesday,December,0,2013
7.7,2.7350440215305265,1,19,Tuesday,December,0,2010
6.5,1.450873198132918,5,19,Thursday,March,0,2011
12.1,4.996163388674053,1,13,Monday,July,0,2011
4.1,1.2060093519880504,1,23,Friday,February,0,2012
7.0,1.3954036655190964,1,18,Wednesday,December,0,2013
5.3,1.267027346204995,1,15,Sunday,March,1,2012
12.0,2.162348831978861,1,12,Wednesday,November,0,2012
6.1,2.162238640042895,1,21,Sunday,January,1,2011
4.5,0.45911154749096816,1,18,Friday,January,0,2013
6.0,0.8679076221449992,1,17,Thursday,February,0,2013
7.5,1.5043508476658565,1,22,Tuesday,August,0,2013
3.3,0.9078174585983333,1,18,Thursday,September,0,2009
5.5,1.1930209059365031,1,18,Tuesday,February,0,2013
4.0,0.6471488863832153,4,1,Sunday,May,1,2013
9.7,2.677717928921084,5,16,Tuesday,July,0,2011
10.1,3.925016178100024,5,10,Saturday,February,1,2009
45.0,20.821364032615623,2,14,Sunday,December,1,2009
12.9,4.131334853669472,1,13,Friday,July,0,2011
39.3,9.444966548973957,1,20,Saturday,February,1,2013
9.3,4.708108065009216,1,22,Friday,April,0,2010
17.7,7.351608269403167,1,8,Friday,July,0,2012
24.1,10.300409948387044,1,23,Thursday,August,0,2012
6.0,1.3833700734093948,6,22,Friday,February,0,2013
7.5,1.156035235751303,1,21,Friday,April,0,2014
10.5,3.5491944764863153,1,20,Thursday,January,0,2013
11.7,5.75276086927265,1,9,Wednesday,July,0,2012
5.3,1.2653727802024823,3,4,Friday,April,0,2012
8.0,1.1483094365108695,1,21,Wednesday,December,0,2012
5.0,0.5355814237683268,3,15,Friday,July,0,2013
8.1,1.2267718831640126,1,17,Tuesday,November,0,2010
57.33,20.84181271989553,2,14,Wednesday,June,0,2013
7.3,2.2484665806626136,1,9,Sunday,October,1,2010
6.5,2.4618200343214256,1,14,Sunday,October,1,2009
5.3,1.1731137597317913,1,8,Sunday,September,1,2011
5.3,1.539352002144733,1,10,Wednesday,February,0,2009
13.3,4.5534269025919025,1,9,Thursday,January,0,2010
8.1,1.7508451224940094,5,18,Thursday,January,0,2009
16.5,5.475164899267774,1,10,Monday,August,0,2014
8.0,3.252277623529338,5,8,Tuesday,November,0,2012
12.5,4.796730864956688,1,0,Friday,December,0,2009
3.3,0.40585141640291106,1,22,Friday,March,0,2012
13.5,4.937911970064504,1,0,Saturday,March,1,2014
6.1,1.3816437501404177,1,14,Saturday,March,1,2010
6.9,1.9902043832628542,1,11,Sunday,May,1,2011
5.0,1.3840406756892574,6,18,Tuesday,September,0,2012
49.83,12.776622900453571,1,10,Wednesday,July,0,2013
19.0,2.4636682222387463,1,10,Thursday,May,0,2015
10.5,1.3446134204221964,1,14,Monday,December,0,2009
40.5,15.652129413571833,1,3,Friday,April,0,2014
44.83,9.834537087051983,2,9,Thursday,March,0,2015
15.0,5.412973042753334,1,23,Thursday,July,0,2013
28.33,7.887161445660695,1,13,Wednesday,June,0,2014
16.1,6.800847200998808,1,15,Sunday,May,1,2010
40.33,9.409943709940704,1,11,Thursday,October,0,2014
11.5,2.0338004501862157,2,19,Tuesday,October,0,2014
26.0,11.270049150294048,1,9,Monday,May,0,2013
7.0,1.8271877154462857,1,10,Monday,December,0,2014
8.1,1.8952966642227296,1,12,Monday,July,0,2009
7.0,0.8701360043878427,2,11,Tuesday,May,0,2015
10.1,3.31764550931397,2,19,Sunday,February,1,2010
6.1,3.095924649781886,1,11,Tuesday,September,0,2010
13.3,6.552500253613834,4,1,Sunday,July,1,2011
4.5,1.5201261047794803,1,11,Saturday,December,1,2011
9.5,1.2258795200452632,1,13,Monday,March,0,2014
6.9,1.2159935875541295,1,15,Wednesday,March,0,2011
14.5,5.1829697279117735,1,4,Saturday,September,1,2012
8.5,2.1050698617900316,1,21,Saturday,July,1,2010
7.5,1.8199250648166054,1,9,Sunday,March,1,2013
5.7,1.5895957859811072,1,19,Saturday,January,1,2011
4.5,0.9963406528947811,1,14,Monday,August,0,2014
12.0,1.231015881563317,1,11,Thursday,May,0,2013
8.0,2.261185167928097,5,11,Friday,November,0,2013
17.0,7.1803116104777756,1,18,Wednesday,December,0,2012
4.5,1.3641810723517571,4,1,Thursday,June,0,2012
6.1,1.7253150765725231,1,13,Thursday,July,0,2012
8.1,2.1484008916754074,1,13,Sunday,January,1,2009
20.1,9.283031588667924,1,18,Wednesday,June,0,2009
8.9,3.5579540328171775,5,23,Monday,September,0,2011
7.0,1.410399971146165,1,19,Wednesday,September,0,2014
5.3,1.3038085766907732,2,23,Saturday,January,1,2011
12.5,4.938617811576993,3,23,Saturday,January,1,2013
14.5,6.580246391767019,1,0,Tuesday,May,0,2011
9.3,3.9998623717930197,1,20,Wednesday,November,0,2011
29.0,9.95122267488583,6,1,Wednesday,July,0,2014
23.0,8.458113129991428,2,23,Wednesday,January,0,2015
5.3,1.239213438947495,1,20,Thursday,July,0,2010
8.5,4.199850322573637,1,3,Saturday,June,1,2012
5.7,0.7291145677364452,1,12,Tuesday,December,0,2010
4.5,1.5284684455106639,1,20,Wednesday,March,0,2010
12.1,3.628268096616361,1,19,Monday,June,0,2011
10.1,2.66940802784716,1,14,Sunday,June,1,2009
4.0,0.49554936581139414,1,10,Saturday,May,1,2013
5.3,1.2420610644125043,1,15,Saturday,December,1,2011
9.0,1.7783367647807538,3,9,Tuesday,October,0,2012
6.0,1.1902720027435103,1,21,Monday,September,0,2013
15.7,6.150592466450196,1,9,Tuesday,March,0,2011
8.1,1.397391410151159,1,12,Tuesday,May,0,2012
12.5,2.7231762606237577,1,14,Tuesday,November,0,2011
6.5,1.4227217553560856,2,20,Monday,April,0,2015
6.5,0.973263588007981,1,1,Saturday,June,1,2015
6.5,2.3349775483672808,6,4,Monday,February,0,2015
8.5,3.6117375751163245,1,22,Monday,February,0,2010
14.1,6.1231623406130335,3,1,Sunday,November,1,2011
4.5,0.5147537390116979,1,2,Saturday,August,1,2009
11.7,2.683450210584098,1,1,Sunday,February,1,2012
10.9,4.423121192194523,1,20,Friday,November,0,2011
8.5,2.176969691996757,3,19,Thursday,February,0,2010
5.3,0.9076427035713581,1,8,Tuesday,May,0,2009
15.7,7.1786945024880735,1,19,Tuesday,March,0,2011
2.5,0.3204566864101284,1,13,Thursday,December,0,2009
8.5,3.8107385587320306,1,18,Monday,November,0,2009
20.5,9.235353422624927,1,15,Sunday,April,1,2015
9.3,4.3171528504564485,1,22,Monday,December,0,2009
12.5,3.4647492587547744,2,20,Thursday,June,0,2014
7.7,0.5889686203123911,1,14,Sunday,July,1,2010
7.3,1.1741982793803054,1,22,Friday,March,0,2010
4.5,0.6379495246512383,1,4,Saturday,March,1,2010
6.0,1.4618960207583511,1,19,Monday,November,0,2014
6.5,1.2414943210337357,1,19,Sunday,February,1,2015
6.5,2.7876585838927888,1,23,Saturday,March,1,2015
6.9,2.4738038646189695,1,10,Sunday,August,1,2010
8.0,1.0225943719988184,1,12,Monday,October,0,2014
11.3,5.950923412304026,2,19,Wednesday,October,0,2010
6.5,1.4563169724064415,1,14,Saturday,May,1,2013
12.5,3.924225949934814,1,15,Thursday,June,0,2012
4.5,0.9459615841071266,2,23,Saturday,June,1,2014
11.7,4.432304514592279,1,22,Tuesday,April,0,2011
3.7,1.2871128265564162,1,19,Monday,June,0,2012
27.0,8.798362901280807,4,22,Monday,December,0,2014
12.5,6.092226327211245,2,22,Friday,December,0,2009
9.7,3.4360150067290136,1,4,Saturday,September,1,2010
5.0,1.079511168580623,1,15,Friday,September,0,2012
6.0,0.5386676921406901,1,19,Thursday,September,0,2012
7.7,2.493188939488824,1,17,Thursday,February,0,2010
4.0,0.23826780675867135,4,1,Friday,March,0,2013
24.5,4.52973289995121,1,11,Tuesday,November,0,2012
7.3,3.578027613326274,2,12,Sunday,March,1,2011
6.0,1.5061974239032883,3,17,Wednesday,August,0,2014
4.5,0.3750653696167231,1,0,Saturday,March,1,2009
5.7,1.0100078958780792,3,10,Wednesday,May,0,2011
13.0,2.7375185044050716,1,19,Tuesday,October,0,2014
11.0,1.6133404885572613,1,9,Monday,December,0,2014
10.1,2.9242054957299355,3,21,Friday,June,0,2011
13.0,3.0540968628949843,1,14,Monday,December,0,2013
9.3,1.7617474585875361,4,16,Monday,April,0,2012
7.3,1.857539704207217,1,11,Friday,March,0,2011
10.5,3.5071640961296753,2,19,Sunday,May,1,2010
9.3,1.798457360523818,2,15,Wednesday,September,0,2010
6.0,1.0278159199951191,2,19,Saturday,May,1,2014
14.5,5.098074768041189,1,21,Wednesday,July,0,2014
10.0,2.2579774147318488,2,23,Sunday,October,1,2012
4.9,1.820090268611295,1,22,Saturday,May,1,2010
4.0,0.5966836003594596,1,12,Saturday,April,1,2015
57.33,21.31578281085554,2,16,Saturday,March,1,2014
6.5,0.22729693817220528,2,15,Thursday,October,0,2010
9.7,3.6005050861733436,5,9,Monday,May,0,2012
8.1,1.9212270472775421,1,19,Wednesday,January,0,2012
8.9,3.5936857985082455,1,3,Friday,December,0,2010
5.7,1.6944183759120592,1,0,Friday,May,0,2011
5.5,0.6532298930553057,1,6,Wednesday,October,0,2014
6.9,1.5605603677219224,1,13,Monday,May,0,2010
12.5,3.7712199440496796,1,0,Tuesday,November,0,2011
8.1,3.2502746139225045,1,14,Friday,April,0,2012
7.7,1.7036174767385155,1,8,Friday,May,0,2009
5.7,1.5969409746838357,1,19,Tuesday,April,0,2012
5.5,1.6981181225690114,1,14,Monday,November,0,2013
5.7,0.864232160132461,1,20,Wednesday,June,0,2012
4.5,0.1915535613808575,1,2,Saturday,September,1,2014
7.7,2.4818372916704416,1,13,Sunday,August,1,2012
4.9,0.8206591586728709,1,15,Sunday,February,1,2012
28.9,10.56900478244025,1,17,Wednesday,December,0,2011
14.5,0.001303571569410198,1,0,Sunday,January,1,2014
4.9,1.3594502427428203,2,4,Sunday,November,1,2009
17.3,8.898585206672392,1,6,Tuesday,May,0,2012
5.7,1.8806069206795926,1,20,Wednesday,June,0,2010
4.0,1.0153235991440905,1,9,Saturday,October,1,2013
3.0,0.011418690432927347,1,19,Thursday,April,0,2013
6.0,1.45084181637288,1,22,Thursday,June,0,2015
7.7,3.051606330764399,2,18,Wednesday,November,0,2009
5.0,0.7433711759500063,1,16,Friday,December,0,2014
8.1,3.307479424879424,1,15,Sunday,July,1,2009
11.7,4.40698856711608,1,22,Wednesday,January,0,2011
5.7,1.3442676212137363,1,11,Thursday,April,0,2010
8.9,3.6386854619463787,1,2,Sunday,October,1,2009
16.0,3.8419072378550307,1,14,Wednesday,November,0,2012
20.1,7.00666933756954,1,10,Friday,April,0,2012
34.5,7.289048822854392,1,14,Friday,September,0,2012
20.9,6.091817915761234,1,12,Wednesday,January,0,2012
9.5,2.942030991607565,5,7,Tuesday,February,0,2013
20.0,6.420676750665757,1,19,Sunday,April,1,2015
12.5,4.101445759203024,1,16,Wednesday,December,0,2010
10.9,4.737239111855236,1,1,Saturday,September,1,2011
6.5,1.315274368630455,1,13,Monday,November,0,2009
10.1,2.372822129718984,1,8,Friday,December,0,2009
11.0,2.8664312514979153,4,10,Tuesday,April,0,2014
17.0,5.2948067437748385,1,7,Thursday,May,0,2015
6.0,1.1580853829969022,1,7,Friday,March,0,2014
9.5,2.7623444123550454,1,13,Sunday,September,1,2012
10.5,0.0006107322097020179,1,0,Sunday,February,1,2014
5.5,1.498224336145018,2,0,Friday,September,0,2012
7.5,1.9997603239022104,1,0,Thursday,July,0,2014
5.0,0.697913210340924,1,11,Sunday,April,1,2013
13.3,6.420478227992546,2,21,Friday,September,0,2009
6.5,1.3064518511354617,2,9,Sunday,January,1,2015
26.1,11.445529633722431,1,8,Thursday,May,0,2012
5.3,1.1457916605385663,1,10,Friday,November,0,2011
6.0,1.4225665086736314,1,19,Friday,August,0,2013
7.0,2.142498986059566,1,23,Friday,June,0,2013
40.5,13.5928878121292,6,10,Saturday,April,1,2013
12.5,3.781042809217027,1,21,Tuesday,January,0,2010
8.9,3.8119022218689294,2,18,Tuesday,April,0,2010
22.0,8.299913345198167,5,13,Sunday,December,1,2014
7.3,2.2535778783425733,1,0,Thursday,October,0,2011
14.5,2.5578468128191347,1,0,Wednesday,April,0,2013
33.0,9.886733066149645,6,11,Sunday,March,1,2013
8.5,1.7264734216181858,2,2,Wednesday,January,0,2014
7.7,2.0752347802284454,1,2,Saturday,August,1,2012
4.5,0.7346828034628312,1,21,Thursday,November,0,2013
10.5,3.452350744333295,2,9,Thursday,June,0,2011
8.5,2.514871416016346,2,10,Saturday,November,1,2010
7.5,1.7161047111412921,1,15,Thursday,October,0,2013
42.5,18.380368636010207,1,19,Wednesday,August,0,2013
